market,rank,domain,storefront,shop_markers,product_markers,fetched
UK,233,bbc.co.uk,False,1,0,True
UK,309,www.gov.uk,False,0,0,True
UK,340,amazon.co.uk,False,2,0,True
UK,629,telegraph.co.uk,False,0,0,False
UK,666,service.gov.uk,False,0,0,True
UK,712,dailymail.co.uk,False,1,0,True
UK,736,independent.co.uk,False,0,0,True
UK,765,google.co.uk,False,0,0,True
UK,870,ebay.co.uk,False,0,0,False
UK,1022,ox.ac.uk,False,0,0,False
UK,1225,rightmove.co.uk,False,0,0,True
UK,1278,argos.co.uk,False,2,0,True
UK,1510,cam.ac.uk,False,0,0,True
UK,1556,autotrader.co.uk,False,0,0,False
UK,1724,ico.org.uk,False,0,0,True
UK,2011,www.nhs.uk,False,0,0,True
UK,2194,thesun.co.uk,False,0,0,True
UK,2239,livedns.co.uk,False,0,0,False
UK,2265,mirror.co.uk,False,0,0,True
UK,2460,guardian.co.uk,True,2,1,True
UK,2546,nic.uk,False,0,0,False
UK,2583,express.co.uk,False,1,0,True
UK,2604,ucl.ac.uk,False,0,0,False
UK,3018,thetimes.co.uk,False,1,0,True
UK,3125,ed.ac.uk,False,0,0,True
UK,3253,metro.co.uk,False,2,0,True
UK,3329,tripadvisor.co.uk,False,0,0,False
UK,3397,bbci.co.uk,False,0,0,False
UK,3436,eventbrite.co.uk,False,1,0,True
UK,3505,legislation.gov.uk,False,0,0,True
UK,3523,lse.ac.uk,False,0,0,True
UK,3534,blogspot.co.uk,False,0,0,True
UK,3630,standard.co.uk,False,0,0,True
UK,3940,next.co.uk,False,2,0,True
UK,4062,tfl.gov.uk,False,0,0,False
UK,4274,nationalarchives.gov.uk,False,0,0,True
UK,4550,vinted.co.uk,False,1,0,True
UK,4691,theregister.co.uk,False,0,0,True
UK,4956,manchester.ac.uk,False,0,0,True
UK,5135,gla.ac.uk,False,0,0,False
UK,5180,just-eat.co.uk,False,0,0,False
UK,5230,ons.gov.uk,False,0,0,True
UK,5308,greenend.org.uk,False,0,0,True
UK,5402,imperial.ac.uk,False,0,0,True
UK,5526,warwick.ac.uk,False,0,0,True
UK,5530,kcl.ac.uk,False,0,0,True
UK,5678,lloydsbank.co.uk,False,0,0,True
UK,5717,zoopla.co.uk,False,0,0,False
UK,5904,pinterest.co.uk,False,0,0,True
UK,5937,leeds.ac.uk,False,0,0,True
UK,5964,homeoffice.gov.uk,False,0,0,False
UK,6014,currys.co.uk,False,0,0,False
UK,6145,demon.co.uk,False,0,0,False
UK,6253,mod.uk,False,0,0,False
UK,6415,tate.org.uk,False,1,0,True
UK,6442,core.ac.uk,False,0,0,True
UK,6462,huffingtonpost.co.uk,False,0,0,True
UK,6617,thomsonreuters.co.uk,False,0,0,False
UK,6674,awsdns-12.co.uk,False,0,0,False
UK,6737,very.co.uk,False,0,0,False
UK,6748,wired.co.uk,False,0,0,True
UK,6905,tui.co.uk,False,0,2,True
UK,6958,ancestry.co.uk,False,0,0,False
UK,6981,nice.org.uk,False,0,0,True
UK,7042,newsnow.co.uk,False,1,0,True
UK,7107,york.ac.uk,False,0,0,True
UK,7117,ncl.ac.uk,False,0,0,True
UK,7191,fca.org.uk,False,0,0,True
UK,7418,awsdns-43.co.uk,False,0,0,False
UK,7436,bl.uk,False,0,0,True
UK,7443,manchestereveningnews.co.uk,False,0,0,True
UK,7550,timesonline.co.uk,False,0,0,False
UK,7573,awsdns-09.co.uk,False,0,0,False
UK,7616,metoffice.gov.uk,False,0,0,True
UK,7649,spareroom.co.uk,False,1,0,True
UK,7803,awsdns-45.co.uk,False,0,0,False
UK,7804,therange.co.uk,False,0,0,False
UK,7860,sainsburys.co.uk,False,1,0,True
UK,7942,awsdns-55.co.uk,False,0,0,False
UK,7963,awsdns-60.co.uk,False,0,0,False
UK,8033,awsdns-30.co.uk,False,0,0,False
UK,8082,oxfordmail.co.uk,False,1,0,True
UK,8188,awsdns-39.co.uk,False,0,0,False
UK,8245,awsdns-22.co.uk,False,0,0,False
UK,8307,awsdns-16.co.uk,False,0,0,False
UK,8350,awsdns-35.co.uk,False,0,0,False
UK,8388,awsdns-47.co.uk,False,0,0,False
UK,8411,awsdns-41.co.uk,False,0,0,False
UK,8414,awsdns-34.co.uk,False,0,0,False
UK,8422,awsdns-10.co.uk,False,0,0,False
UK,8469,walesonline.co.uk,False,0,0,True
UK,8490,nominetdns.uk,False,0,0,False
UK,8561,st-andrews.ac.uk,False,0,0,True
UK,8563,awsdns-33.co.uk,False,0,0,False
UK,8619,awsdns-15.co.uk,False,0,0,False
UK,8632,awsdns-08.co.uk,False,0,0,False
UK,8677,gamblingcommission.gov.uk,False,0,0,True
UK,8710,nottingham.ac.uk,False,0,0,True
UK,8713,awsdns-25.co.uk,False,0,0,False
UK,8877,account.gov.uk,False,0,0,True
UK,8917,roman.co.uk,False,0,0,False
UK,8938,awsdns-11.co.uk,False,0,0,False
UK,8953,parliament.uk,False,0,0,False
UK,8956,ic.ac.uk,False,0,0,True
UK,8967,awsdns-20.co.uk,False,0,0,False
UK,9018,awsdns-56.co.uk,False,0,0,False
UK,9089,vivastreet.co.uk,False,0,0,True
UK,9115,awsdns-49.co.uk,False,0,0,False
UK,9147,gamcare.org.uk,False,0,0,False
UK,9163,awsdns-05.co.uk,False,0,0,False
UK,9200,awsdns-44.co.uk,False,0,0,False
UK,9324,awsdns-02.co.uk,False,0,0,False
UK,9356,soton.ac.uk,False,0,0,True
UK,9380,hse.gov.uk,False,0,0,True
UK,9384,tiscali.co.uk,False,0,0,False
UK,9418,awsdns-14.co.uk,False,0,0,False
UK,9479,awsdns-53.co.uk,False,0,0,False
UK,9554,awsdns-36.co.uk,False,0,0,False
UK,9571,awsdns-07.co.uk,False,0,0,False
UK,9626,mangabuddy1.co.uk,False,0,0,True
UK,9798,awsdns-40.co.uk,False,0,0,False
UK,9837,awsdns-18.co.uk,False,0,0,False
UK,9841,awsdns-46.co.uk,False,0,0,False
UK,9882,awsdns-51.co.uk,False,0,0,False
UK,9929,awsdns-03.co.uk,False,0,0,False
UK,9951,pinayflix.uk,False,0,0,True
UK,10057,javhd.co.uk,False,0,0,False
UK,10089,airbnb.co.uk,False,2,0,True
UK,10196,awsdns-23.co.uk,False,0,0,False
UK,10210,awsdns-48.co.uk,False,0,0,False
UK,10334,awsdns-50.co.uk,False,0,0,False
UK,10336,awsdns-00.co.uk,False,0,0,False
UK,10365,santander.co.uk,False,0,0,True
UK,10378,awsdns-21.co.uk,False,0,0,False
UK,10379,awsdns-52.co.uk,False,0,0,False
UK,10397,ibtimes.co.uk,False,0,0,True
UK,10438,awsdns-19.co.uk,False,0,0,False
UK,10441,awsdns-29.co.uk,False,0,0,False
UK,10453,awsdns-01.co.uk,False,0,0,False
UK,10465,awsdns-42.co.uk,False,0,0,False
UK,10485,awsdns-13.co.uk,False,0,0,False
UK,10488,vam.ac.uk,True,2,2,True
UK,10504,awsdns-28.co.uk,False,0,0,False
UK,10533,awsdns-54.co.uk,False,0,0,False
UK,10553,ebi.ac.uk,False,0,0,True
UK,10686,videyox.uk,False,0,0,False
UK,10728,citizensadvice.org.uk,False,0,0,True
UK,10788,awsdns-38.co.uk,False,0,0,False
UK,10797,awsdns-27.co.uk,False,0,0,False
UK,10803,awsdns-58.co.uk,False,0,0,False
UK,10813,awsdns-26.co.uk,False,0,0,False
UK,10849,awsdns-06.co.uk,False,0,0,False
UK,10851,inews.co.uk,False,0,0,True
UK,10902,nhm.ac.uk,False,0,0,True
UK,10914,awsdns-37.co.uk,False,0,0,False
UK,10917,awsdns-31.co.uk,False,0,0,False
UK,10968,nationaltrust.org.uk,False,0,0,True
UK,10976,awsdns-24.co.uk,False,0,0,False
UK,10990,open.ac.uk,False,0,0,False
UK,11037,liverpoolecho.co.uk,False,0,0,True
UK,11065,dailystar.co.uk,False,0,0,True
UK,11130,olxtoto.uk,False,0,0,True
UK,11196,awsdns-17.co.uk,False,0,0,False
UK,11222,which.co.uk,False,1,0,True
UK,11244,awsdns-61.co.uk,False,0,0,False
UK,11263,awsdns-62.co.uk,False,0,0,False
UK,11276,awsdns-04.co.uk,False,0,0,False
UK,11284,curryscloudbackup.co.uk,False,0,0,True
UK,11302,awsdns-57.co.uk,False,0,0,False
UK,11305,awsdns-32.co.uk,False,0,0,False
UK,11398,awsdns-59.co.uk,False,0,0,False
UK,11471,southampton.ac.uk,False,0,0,True
UK,11493,fasthosts.co.uk,True,1,1,True
UK,11532,exeter.ac.uk,False,0,0,True
UK,11568,data.gov.uk,False,0,0,True
UK,11648,vogue.co.uk,True,2,1,True
UK,11653,bankofengland.co.uk,False,0,0,True
UK,11702,abebooks.co.uk,False,2,0,True
UK,11785,bath.ac.uk,False,0,0,True
UK,11835,awsdns-63.co.uk,False,0,0,False
UK,12002,bris.ac.uk,False,0,0,True
UK,12097,coral.co.uk,False,0,0,True
UK,12250,qmul.ac.uk,False,0,0,False
UK,12281,ncsc.gov.uk,False,0,0,True
UK,12360,sheffield.ac.uk,False,0,0,True
UK,12403,bristol.ac.uk,False,0,0,True
UK,12441,dailyrecord.co.uk,False,0,0,True
UK,12482,surrey.ac.uk,False,0,0,True
UK,12709,mod.gov.uk,False,0,0,False
UK,12798,birmingham.ac.uk,False,0,0,True
UK,12841,ee.co.uk,False,0,1,True
UK,12878,rhs.org.uk,False,0,0,True
UK,13119,audible.co.uk,False,0,0,True
UK,13144,penguin.co.uk,False,0,0,True
UK,13145,ticketmaster.co.uk,False,3,0,True
UK,13274,barclays.co.uk,False,0,0,True
UK,13292,le.ac.uk,False,0,0,False
UK,13297,mind.org.uk,False,0,0,False
UK,13387,england.nhs.uk,False,0,0,True
UK,13394,shef.ac.uk,False,0,0,True
UK,13437,bfi.org.uk,False,0,0,True
UK,13535,foodnetwork.co.uk,False,0,0,True
UK,13810,shein.co.uk,True,1,1,True
UK,13970,gq-magazine.co.uk,False,0,1,True
UK,14042,english-heritage.org.uk,False,2,0,True
UK,14073,faroutmagazine.co.uk,False,0,0,False
UK,14156,abdn.ac.uk,False,0,0,True
UK,14166,spectator.co.uk,False,2,0,True
UK,14185,bham.ac.uk,False,0,0,True
UK,14218,qub.ac.uk,False,0,0,False
UK,14274,mcldns.co.uk,False,0,0,False
UK,14288,dur.ac.uk,False,0,0,True
UK,14399,nintendo.co.uk,False,0,0,True
UK,14414,ofcom.org.uk,False,0,0,False
UK,14434,ionos.co.uk,False,4,0,True
UK,14474,blog.gov.uk,False,0,0,True
UK,14529,strath.ac.uk,False,0,0,True
UK,14647,pclead.co.uk,False,0,0,False
UK,14649,lse.co.uk,False,0,0,False
UK,14660,bhf.org.uk,False,1,0,True
UK,14672,offshor.co.uk,False,0,0,False
UK,14743,lovetrue.co.uk,False,0,0,False
UK,14767,noskomnadzor.co.uk,False,0,0,False
UK,14770,cakeisalie.co.uk,False,0,0,False
UK,14786,belfasttelegraph.co.uk,False,0,0,False
UK,14798,aol.co.uk,False,0,0,True
UK,15390,birminghammail.co.uk,False,0,0,True
UK,15522,guim.co.uk,False,0,0,True
UK,15526,sportsmole.co.uk,False,1,0,True
UK,15542,reading.ac.uk,False,0,0,True
UK,15554,sussex.ac.uk,False,0,0,True
UK,15567,kent.ac.uk,False,0,0,True
UK,15570,uea.ac.uk,False,0,0,True
UK,15625,london.gov.uk,False,1,0,True
UK,15651,espn.co.uk,False,1,0,True
UK,15728,iwm.org.uk,False,0,0,False
UK,15764,liverpool.ac.uk,False,0,0,True
UK,15869,glassdoor.co.uk,False,0,0,False
UK,15945,vodafone.co.uk,False,1,0,True
UK,15986,zen.co.uk,False,0,1,True
UK,16231,decathlon.co.uk,False,0,0,False
UK,16312,national-lottery.co.uk,False,0,0,True
UK,16314,nationalrail.co.uk,False,0,0,True
UK,16330,gettyimages.co.uk,False,0,0,False
UK,16357,nothingthere.co.uk,False,0,0,False
UK,16429,cardiff.ac.uk,False,0,0,False
UK,16465,lrb.co.uk,False,0,0,True
UK,16499,sorokodin.co.uk,False,0,0,False
UK,16545,stopblocking.co.uk,False,0,0,False
UK,16561,wickes.co.uk,True,3,1,True
UK,16604,pyatdesyatodin.co.uk,False,0,0,False
UK,16615,sorokdva.co.uk,False,0,0,False
UK,16709,pyatdesyatdva.co.uk,False,0,0,False
UK,16733,kartoshka.co.uk,False,0,0,False
UK,16744,thisismoney.co.uk,False,0,0,True
UK,16753,flashscore.co.uk,False,2,0,True
UK,16782,notelega.co.uk,False,0,0,False
UK,16795,nebally.co.uk,False,0,0,False
UK,16808,pomogite.co.uk,False,0,0,False
UK,16825,mentalhealth.org.uk,False,0,0,True
UK,16831,screamingfrog.co.uk,False,1,0,True
UK,16841,havegreatday.co.uk,False,0,0,False
UK,16885,jisc.ac.uk,False,0,0,False
UK,16920,reed.co.uk,False,0,0,True
UK,17006,essex.ac.uk,False,0,0,True
UK,17040,brunel.ac.uk,False,0,0,True
UK,17280,sch.uk,False,0,0,False
UK,17405,britishgas.co.uk,False,1,0,True
UK,17457,o2.co.uk,False,1,0,True
UK,17533,juno.co.uk,False,0,0,False
UK,17561,mobileslotsite.co.uk,False,0,0,True
UK,17603,hl.co.uk,False,0,0,True
UK,17635,bangor.ac.uk,False,1,0,True
UK,17666,ebally.co.uk,False,0,0,False
UK,17852,sadnews.co.uk,False,0,0,False
UK,17864,matalan.co.uk,True,3,2,True
UK,17865,onedaychamp.co.uk,False,0,0,False
UK,17926,lancs.ac.uk,False,0,0,True
UK,17975,lboro.ac.uk,False,0,0,True
UK,17981,dpdgroup.co.uk,False,0,0,True
UK,18071,autocar.co.uk,False,0,0,True
UK,18125,halifax-online.co.uk,False,0,0,True
UK,18168,amzndns.co.uk,False,0,0,False
UK,18169,easynet.co.uk,False,0,0,False
UK,18213,nationalgallery.org.uk,False,2,0,True
UK,18256,openrent.co.uk,False,0,0,True
UK,18437,nominet.uk,False,0,0,False
UK,18470,food.gov.uk,False,0,0,True
UK,18526,hsbc.co.uk,False,0,0,True
UK,18551,freeserve.co.uk,False,0,0,False
UK,18614,city.ac.uk,False,0,0,False
UK,18728,gamer-network.uk,False,0,0,False
UK,18847,rmg.co.uk,False,0,0,True
UK,18960,gooutdoors.co.uk,True,5,2,True
UK,19207,lidl.co.uk,False,1,0,True
UK,19224,funeral-notices.co.uk,False,0,0,True
UK,19228,fixtelega.co.uk,False,0,0,False
UK,19288,arts.ac.uk,False,0,0,False
UK,19306,jobs.nhs.uk,False,0,0,True
UK,19472,bonusprint.co.uk,True,3,1,True
UK,19578,freeads.co.uk,False,0,0,False
UK,19595,port.ac.uk,False,0,0,True
UK,19626,manomano.co.uk,False,0,0,False
UK,19805,jobsatamazon.co.uk,False,0,0,False
UK,19808,zerodepositcasino.co.uk,False,0,0,True
UK,19828,autoexpress.co.uk,False,0,0,True
UK,19917,direct.gov.uk,False,0,0,True
UK,19943,reviews.co.uk,False,0,0,True
UK,20074,ukcod.org.uk,False,0,0,True
UK,20243,visualsoft.co.uk,False,0,0,True
UK,20441,bps.org.uk,False,0,0,True
UK,20531,gold.ac.uk,False,0,0,True
UK,20585,lancaster.ac.uk,False,0,0,True
UK,20711,yougov.co.uk,False,0,0,True
UK,20791,dundee.ac.uk,False,0,0,False
UK,20795,chroniclelive.co.uk,False,1,0,True
UK,20824,blueyonder.co.uk,False,0,0,False
UK,21153,johnpyeauctions.co.uk,False,0,0,False
UK,21254,dost-self.co.uk,False,0,0,False
UK,21389,deliveroo.co.uk,False,3,0,True
UK,21397,expedia.co.uk,False,0,0,False
UK,21819,hw.ac.uk,False,0,0,True
UK,22154,campaignlive.co.uk,False,0,0,True
UK,22162,realtimetrains.co.uk,False,0,0,True
UK,22233,rspb.org.uk,False,0,0,True
UK,22269,49s.co.uk,False,0,0,True
UK,22599,lbc.co.uk,False,0,0,True
UK,22673,nsns.uk,False,0,0,True
UK,22846,sciencemuseum.org.uk,False,0,0,True
UK,22966,royal.uk,False,0,0,True
UK,23066,companieshouse.gov.uk,False,0,0,True
UK,23175,defra.gov.uk,False,0,0,False
UK,23220,fco.gov.uk,False,0,0,False
UK,23282,geograph.org.uk,False,0,0,True
UK,23329,rac.co.uk,False,0,0,True
UK,23593,scot.nhs.uk,False,0,0,True
UK,23813,twinkl.co.uk,False,0,0,True
UK,23870,alzheimers.org.uk,False,0,0,True
UK,23876,anm.co.uk,False,0,0,False
UK,23918,host-it.co.uk,False,0,0,True
UK,24040,st-and.ac.uk,False,0,0,False
UK,24096,marketo.co.uk,False,0,0,False
UK,24253,thescottishsun.co.uk,False,0,0,True
UK,24305,macmillan.org.uk,False,0,0,True
UK,24378,virginmediao2.co.uk,True,1,1,True
UK,24534,featurespace.co.uk,False,1,0,True
UK,24547,rspca.org.uk,False,0,0,True
UK,24898,gameassists.co.uk,False,0,0,False
UK,25043,shu.ac.uk,False,0,0,True
UK,25052,ageuk.org.uk,False,0,0,True
UK,25165,weatheronline.co.uk,False,0,0,True
UK,25476,oxfam.org.uk,False,0,0,True
UK,25483,bytemark.co.uk,False,2,0,True
UK,25499,glamourmagazine.co.uk,True,2,1,True
UK,25527,nidirect.gov.uk,False,0,0,True
UK,25578,npg.org.uk,False,0,0,False
UK,25653,wwf.org.uk,False,1,0,True
UK,25669,herts.ac.uk,False,0,0,False
UK,25673,historicengland.org.uk,False,0,0,False
UK,25687,stir.ac.uk,False,0,0,True
UK,25729,nspcc.org.uk,False,0,0,False
UK,25837,cqc.org.uk,False,0,0,True
UK,25948,dmu.ac.uk,False,0,0,True
UK,25989,blackwells.co.uk,False,0,0,False
UK,26017,bristolpost.co.uk,False,0,0,True
UK,26063,yorkshirepost.co.uk,False,0,0,False
UK,26138,ophan.co.uk,False,0,0,False
UK,26184,myzen.co.uk,False,0,0,False
UK,26207,cf.ac.uk,False,0,0,False
UK,26208,hmrc.gov.uk,False,0,0,True
UK,26361,mergesigma.uk,False,0,0,True
UK,26495,moneyhelper.org.uk,False,0,0,False
UK,26595,liv.ac.uk,False,0,0,True
UK,26743,sony.co.uk,True,2,0,True
UK,26769,gre.ac.uk,False,0,0,True
UK,26775,transfermarkt.co.uk,False,0,0,True
UK,26802,sega.co.uk,False,0,0,False
UK,26861,tts-group.co.uk,True,4,0,True
UK,26940,123-reg.co.uk,True,1,1,True
UK,27171,tntsports.co.uk,False,0,0,True
UK,27231,cv-library.co.uk,False,0,0,True
UK,27239,dan.me.uk,False,0,0,True
UK,27631,bnc-gt.co.uk,False,0,0,False
UK,27734,mmu.ac.uk,False,0,0,True
UK,27805,ultradns.co.uk,False,0,0,False
UK,27934,man.ac.uk,False,0,0,False
UK,27944,hoseasons.co.uk,False,0,0,True
UK,28009,goooalir.co.uk,False,0,0,False
UK,28018,met.police.uk,False,0,0,False
UK,28121,nihr.ac.uk,False,0,0,False
UK,28169,elite.uk,False,0,0,True
UK,28204,education.gov.uk,False,0,0,True
UK,28226,pwc.co.uk,False,0,0,True
UK,28234,aston.ac.uk,False,0,0,True
UK,28383,foltmeingop.co.uk,False,0,0,False
UK,28484,dpd.co.uk,False,0,0,True
UK,28749,surveymonkey.co.uk,False,0,0,True
UK,28787,interdns.co.uk,False,0,0,False
UK,28973,digital.nhs.uk,False,0,0,False
UK,29140,nationwide.co.uk,False,0,0,True
UK,29174,liquidlight.uk,False,0,0,False
UK,29180,ntu.ac.uk,False,0,0,False
UK,29346,experian.co.uk,False,0,0,True
UK,29650,accountingweb.co.uk,False,0,0,False
UK,29716,bupa.co.uk,False,0,0,False
UK,29888,caa.co.uk,False,0,0,True
UK,29952,plymouth.ac.uk,False,0,0,True
UK,30080,cargurus.co.uk,False,1,0,True
UK,30140,bbk.ac.uk,False,0,0,True
UK,30161,uwe.ac.uk,False,0,0,True
UK,30369,soas.ac.uk,False,0,0,True
UK,30391,diabetes.org.uk,False,0,0,True
UK,30518,cranfield.ac.uk,False,0,0,True
UK,30543,postoffice.co.uk,False,0,0,True
UK,30548,huqindustries.co.uk,False,0,0,False
UK,30770,lshtm.ac.uk,False,0,0,False
UK,30909,northumbria.ac.uk,False,0,0,True
UK,31071,jdsports.co.uk,False,2,0,True
UK,31094,kayak.co.uk,False,1,0,True
UK,31128,kingston.ac.uk,False,0,0,False
UK,31205,amnesty.org.uk,False,0,0,True
UK,31273,kentonline.co.uk,False,0,0,True
UK,31276,hrp.org.uk,False,0,0,False
UK,31280,refinitiv.co.uk,False,0,0,False
UK,31320,idealhome.co.uk,False,1,0,True
UK,31492,coventry.ac.uk,False,0,0,True
UK,31510,aber.ac.uk,False,0,0,True
UK,31603,swan.ac.uk,False,0,0,True
UK,31690,edp24.co.uk,False,1,0,True
UK,31769,zalando.co.uk,True,6,1,True
UK,32014,theargus.co.uk,False,1,0,True
UK,32121,etherealvpn.uk,False,0,0,True
UK,32155,financial-ombudsman.org.uk,False,0,0,True
UK,32205,barbican.org.uk,False,1,0,True
UK,32217,thenorthernecho.co.uk,False,1,0,True
UK,32389,three.co.uk,False,1,0,True
UK,32400,travelodge.co.uk,False,2,0,True
UK,32452,hull.ac.uk,False,0,0,True
UK,32503,observer.co.uk,False,1,0,True
UK,32640,houseoffraser.co.uk,True,3,2,True
UK,32657,adidas.co.uk,False,0,0,False
UK,32690,yelp.co.uk,False,0,2,True
UK,32767,crowdfunder.co.uk,False,0,0,False
UK,32768,campaign.gov.uk,False,0,0,True
UK,32829,wayfair.co.uk,False,2,0,True
UK,32861,birmingham.gov.uk,False,0,0,True
UK,32912,lta.org.uk,False,1,0,True
UK,32926,carwow.co.uk,False,0,0,True
UK,32947,charitycommission.gov.uk,False,0,0,False
UK,32982,justice.gov.uk,False,0,0,True
UK,33009,cloudns.uk,False,1,0,True
UK,33203,brighton.ac.uk,False,0,0,True
UK,33280,marieclaire.co.uk,False,0,0,True
UK,33283,autism.org.uk,True,2,1,True
UK,33293,lawsociety.org.uk,False,0,0,False
UK,33334,houseandgarden.co.uk,False,0,0,True
UK,33343,opentable.co.uk,False,0,0,True
UK,33449,energysavingtrust.org.uk,False,0,0,False
UK,33479,stfc.ac.uk,False,0,0,True
UK,33561,prnewswire.co.uk,False,0,0,True
UK,34069,dailypost.co.uk,False,0,0,True
UK,34255,sussexexpress.co.uk,False,0,0,False
UK,34288,sanger.ac.uk,False,0,0,True
UK,34388,brookes.ac.uk,False,0,0,True
UK,34520,acas.org.uk,False,0,0,True
UK,34596,ulster.ac.uk,False,0,0,False
UK,34627,majestic12.co.uk,False,0,0,True
UK,34642,alaraby.co.uk,False,0,0,True
UK,34714,redcross.org.uk,False,0,0,True
UK,34741,aviva.co.uk,False,0,0,True
UK,34843,notino.co.uk,False,0,0,False
UK,34889,sephora.co.uk,False,0,0,False
UK,35005,hulldailymail.co.uk,False,0,0,True
UK,35078,mailplus.co.uk,False,0,0,True
UK,35116,autodoc.co.uk,False,0,0,False
UK,35288,thestar.co.uk,False,0,0,False
UK,35290,cityoflondon.gov.uk,False,0,0,True
UK,35356,smartsurvey.co.uk,False,0,0,True
UK,35432,rct.uk,False,0,0,False
UK,35592,moderngov.co.uk,False,0,0,False
UK,35606,stylist.co.uk,False,0,0,True
UK,35637,ovotech.org.uk,False,0,0,False
UK,35835,lyst.co.uk,False,1,0,True
UK,35855,thecourier.co.uk,False,0,0,False
UK,35875,bournemouth.ac.uk,False,0,0,False
UK,35932,gazettelive.co.uk,False,0,0,True
UK,35934,lovehoney.co.uk,False,0,0,False
UK,35965,fast.net.uk,False,0,0,False
UK,36082,dailyecho.co.uk,False,1,0,True
UK,36127,judiciary.uk,False,0,0,True
UK,36193,abilitynet.org.uk,False,0,0,True
UK,36250,yorkshireeveningpost.co.uk,False,0,0,False
UK,36260,ordnancesurvey.co.uk,False,0,0,True
UK,36272,citystgeorges.ac.uk,False,0,0,False
UK,36444,muzanesghy.co.uk,False,0,0,False
UK,36627,woodlandtrust.org.uk,False,0,0,True
UK,36721,iceland.co.uk,False,2,0,True
UK,36805,durham.ac.uk,False,0,0,False
UK,36815,hitched.co.uk,False,0,0,True
UK,36837,swansea.ac.uk,False,0,0,True
UK,36846,ovh.co.uk,False,0,0,True
UK,36865,jobsite.co.uk,False,0,0,True
UK,36875,aldi.co.uk,True,4,1,True
UK,36898,thestudentroom.co.uk,False,0,0,False
UK,37134,pressgazette.co.uk,False,0,0,True
UK,37163,cultbeauty.co.uk,True,4,1,True
UK,37167,royalacademy.org.uk,False,0,0,False
UK,37221,phrases.org.uk,False,0,0,True
UK,37223,lycos.co.uk,False,0,0,False
UK,37247,leicestermercury.co.uk,False,0,0,True
UK,37258,thegazette.co.uk,False,0,0,True
UK,37444,beds.ac.uk,False,0,0,False
UK,37464,groupon.co.uk,False,0,0,False
UK,37493,myspreadshop.co.uk,False,0,0,False
UK,37605,hellorayo.co.uk,False,0,0,True
UK,37671,southbankcentre.co.uk,False,0,0,False
UK,37781,intelligentgolf.co.uk,False,1,0,True
UK,37838,medicines.org.uk,False,0,0,True
UK,37907,bournemouthecho.co.uk,False,1,0,True
UK,38087,lancashiretelegraph.co.uk,False,1,0,True
UK,38123,companycheck.co.uk,False,0,0,False
UK,38172,salford.ac.uk,False,0,0,True
UK,38184,adzuna.co.uk,False,0,0,False
UK,38223,stokesentinel.co.uk,False,0,0,True
UK,38238,ex.ac.uk,False,0,0,True
UK,38357,gamstop.co.uk,False,0,0,True
UK,38437,demysdns.co.uk,False,0,0,False
UK,38522,onthebeach.co.uk,False,0,0,False
UK,38568,dan.net.uk,False,0,0,False
UK,38599,cambridge-news.co.uk,False,0,0,True
UK,38655,microgaming.co.uk,False,0,0,True
UK,38663,overclockers.co.uk,False,0,0,False
UK,38679,easyfundraising.org.uk,False,0,0,True
UK,38901,bcu.ac.uk,False,1,0,True
UK,39069,ofsted.gov.uk,False,0,0,False
UK,39106,fsnet.co.uk,False,0,0,False
UK,39123,keele.ac.uk,False,0,0,True
UK,39129,chrono24.co.uk,False,0,0,False
UK,39142,lincoln.ac.uk,False,0,0,True
UK,39179,ksiegarniainternetowa.co.uk,False,1,0,True
UK,39295,costco.co.uk,False,2,0,True
UK,39350,hobbycraft.co.uk,False,0,0,False
UK,39449,nationaltheatre.org.uk,False,0,0,False
UK,39492,trivago.co.uk,False,0,0,True
UK,39523,bgs.ac.uk,False,0,0,True
UK,39585,yorkpress.co.uk,False,1,0,True
UK,39593,whiterose.ac.uk,False,0,0,True
UK,39606,thetelegraphandargus.co.uk,False,1,0,True
UK,39618,nhsbsa.nhs.uk,False,0,0,True
UK,39700,swiftreg.co.uk,False,0,0,False
UK,39755,rcpsych.ac.uk,False,0,0,True
UK,39813,ofgem.gov.uk,False,0,0,True
UK,39912,odeon.co.uk,False,0,0,False
UK,39977,hud.ac.uk,False,0,0,True
UK,40009,bes.co.uk,True,4,0,True
UK,40054,nesta.org.uk,False,0,0,True
UK,40117,belfastlive.co.uk,False,0,0,True
UK,40245,brandalley.co.uk,False,0,0,False
UK,40298,shelter.org.uk,False,0,0,True
UK,40358,bankofscotland.co.uk,False,0,0,True
UK,40377,portsmouth.co.uk,False,0,0,False
UK,40406,coop.co.uk,False,0,0,True
UK,40437,findmypast.co.uk,False,0,0,True
UK,40479,dogstrust.org.uk,False,1,0,True
UK,40528,cookiepedia.co.uk,False,0,0,True
UK,40548,sherpa.ac.uk,False,0,0,False
UK,40553,omgubuntu.co.uk,False,0,0,False
UK,40557,unibet.co.uk,False,0,0,False
UK,40595,parkrun.org.uk,False,0,0,False
UK,40720,napier.ac.uk,False,0,0,True
UK,40778,computing.co.uk,False,0,0,False
UK,40812,ucu.org.uk,False,0,0,False
UK,40979,planetradio.co.uk,False,0,0,True
UK,41046,asa.org.uk,False,1,0,True
UK,41104,prospects.ac.uk,False,0,0,True
UK,41152,sra.org.uk,False,0,0,True
UK,41165,robertdyas.co.uk,False,0,0,False
UK,41268,dmgmediaprivacy.co.uk,False,0,0,False
UK,41283,happybeds.co.uk,False,0,0,False
UK,41391,speed-benz.co.uk,False,0,0,False
UK,41470,royalholloway.ac.uk,False,0,0,True
UK,41507,cps.gov.uk,False,0,0,True
UK,41534,better.org.uk,False,1,0,True
UK,41639,eadt.co.uk,False,1,0,True
UK,41658,jobs.ac.uk,False,0,0,True
UK,41679,starbucks.co.uk,True,4,1,True
UK,41720,theweek.co.uk,False,1,0,True
UK,41746,mozitop.co.uk,False,0,0,False
UK,41811,local.gov.uk,False,0,0,False
UK,41864,diabetes.co.uk,False,0,0,False
UK,41881,rbs.co.uk,False,0,0,True
UK,41924,sykescottages.co.uk,False,1,0,True
UK,41958,111.nhs.uk,False,0,0,True
UK,41989,cineworld.co.uk,False,0,0,True
UK,42021,wowcher.co.uk,False,2,0,True
UK,42053,dyson.co.uk,False,0,0,False
UK,42120,ticketsource.co.uk,False,0,0,False
UK,42136,prospectmagazine.co.uk,False,0,0,True
UK,42204,westminster.ac.uk,False,0,0,True
UK,42268,ukdefencejournal.org.uk,False,1,0,True
UK,42315,artscouncil.org.uk,False,0,0,False
UK,42412,wlv.ac.uk,False,0,0,True
UK,42439,hants.gov.uk,False,0,0,False
UK,42468,halifax.co.uk,False,0,0,True
UK,42599,ulcc.ac.uk,False,0,0,True
UK,42633,guardianapps.co.uk,False,0,0,False
UK,42738,bbctvapps.co.uk,False,0,0,False
UK,42744,labour.org.uk,False,1,0,True
UK,42843,theboltonnews.co.uk,False,1,0,True
UK,42878,mdx.ac.uk,False,0,0,True
UK,42921,joybuy.co.uk,True,3,1,True
UK,42950,rhul.ac.uk,False,0,0,True
UK,42976,nextdoor.co.uk,False,0,0,True
UK,43023,topcashback.co.uk,False,0,0,True
UK,43060,office.co.uk,True,2,0,True
UK,43064,housesforsaletorent.co.uk,False,0,0,True
UK,43092,pressandjournal.co.uk,False,0,0,False
UK,43095,thisislondon.co.uk,False,2,0,True
UK,43530,bma.org.uk,False,0,0,True
UK,43702,actionfraud.police.uk,False,0,0,False
UK,43899,saga.co.uk,False,1,0,True
UK,43922,npl.co.uk,False,0,0,True
UK,43971,alquds.co.uk,False,0,0,False
UK,44000,zdnet.co.uk,False,0,1,True
UK,44041,childline.org.uk,False,0,0,False
UK,44114,gloucestershirelive.co.uk,False,0,0,True
UK,44146,youngminds.org.uk,False,1,0,True
UK,44201,examinerlive.co.uk,False,0,0,True
UK,44276,cipd.co.uk,False,0,0,True
UK,44291,vouchercodes.co.uk,False,0,0,True
UK,44326,rnib.org.uk,False,0,0,True
UK,44386,pets4homes.co.uk,False,0,0,True
UK,44499,spydus.co.uk,False,0,0,False
UK,44633,schuh.co.uk,False,0,0,False
UK,44664,mercateo.co.uk,False,1,0,True
UK,44670,tandf.co.uk,False,0,0,True
UK,44676,statuo.co.uk,False,0,0,True
UK,44678,buny.uk,False,0,0,False
UK,44682,1and1.co.uk,False,4,0,True
UK,44759,pinknews.co.uk,False,0,0,True
UK,44828,footballwebpages.co.uk,False,0,0,False
UK,44878,jdwilliams.co.uk,False,0,0,False
UK,44895,qualys.co.uk,False,0,0,False
UK,44927,getsurrey.co.uk,False,0,0,True
UK,44944,specsavers.co.uk,False,0,0,False
UK,44945,emdns.uk,False,0,0,False
UK,45085,prat.uk,False,0,0,False
UK,45153,pagesuite-professional.co.uk,False,0,0,False
UK,45180,babycentre.co.uk,False,1,0,True
UK,45255,disneystore.co.uk,True,3,0,True
UK,45529,theanswerbank.co.uk,False,0,0,False
UK,45533,manchesterairport.co.uk,False,1,0,True
UK,45654,bluemoon-mcfc.co.uk,False,0,0,False
UK,45772,ljmu.ac.uk,False,0,0,True
UK,45818,ifs.org.uk,False,0,0,False
UK,45838,wellcome.ac.uk,False,0,0,True
UK,45877,brightnetwork.co.uk,False,0,0,False
UK,45879,eco-dns.co.uk,False,0,0,False
UK,45950,kloudns.co.uk,False,0,0,False
UK,46004,brad.ac.uk,False,0,0,True
UK,46161,i-a.co.uk,False,0,0,False
UK,46246,derbytelegraph.co.uk,False,0,0,True
UK,46317,elementgames.co.uk,False,2,0,True
UK,46354,dft.gov.uk,False,0,0,True
UK,46469,southwalesargus.co.uk,False,1,0,True
UK,46500,mergecola.uk,False,0,0,True
UK,46559,environment-agency.gov.uk,False,0,0,True
UK,46755,networkrail.co.uk,False,0,0,True
UK,46797,dominos.co.uk,False,0,0,False
UK,46814,size.co.uk,False,3,0,True
UK,46840,thegrocer.co.uk,False,1,0,True
UK,47025,rca.ac.uk,False,0,0,True
UK,47029,backmarket.co.uk,True,4,2,True
UK,47313,newsandstar.co.uk,False,1,0,True
UK,47323,interactivebrokers.co.uk,False,0,0,True
UK,47339,ecb.co.uk,False,0,0,True
UK,47479,bigwetfish.co.uk,False,0,0,False
UK,47653,holidaycottages.co.uk,False,0,0,False
UK,47801,stem.org.uk,False,0,0,False
UK,47815,houzz.co.uk,False,1,0,True
UK,47876,healthwatchpeterborough.co.uk,False,0,0,False
UK,48031,rcog.org.uk,False,0,0,True
UK,48044,thehipstore.co.uk,False,0,0,True
UK,48074,uclan.ac.uk,False,0,0,True
UK,48148,dayoutwiththekids.co.uk,False,0,0,True
UK,48166,sas.ac.uk,False,0,0,False
UK,48225,echo-news.co.uk,False,1,0,True
UK,48266,3cx.uk,False,0,0,False
UK,48358,victorianplumbing.co.uk,True,3,2,True
UK,48492,unlimitedhorizon.co.uk,False,0,0,True
UK,48497,bonmarche.co.uk,True,3,0,True
UK,48527,plymouthherald.co.uk,False,0,0,True
UK,48533,bradford.ac.uk,False,0,0,True
UK,48544,unicef.org.uk,False,0,0,True
UK,48592,landregistry.gov.uk,False,0,0,False
UK,48672,tvguide.co.uk,False,0,0,True
UK,48760,heartinternet.uk,False,2,0,True
UK,48867,meow0.co.uk,False,0,0,False
UK,48881,worcesternews.co.uk,False,2,0,True
UK,48988,londonmet.ac.uk,False,1,0,True
UK,49035,futureshop.co.uk,True,3,0,True
UK,49068,courtauld.ac.uk,False,0,0,True
UK,49077,ipo.gov.uk,False,0,0,False
UK,49098,uel.ac.uk,False,0,0,True
UK,49203,game.co.uk,False,4,0,True
UK,49222,emodels.co.uk,True,3,2,True
UK,49246,dircon.co.uk,False,0,0,False
UK,49318,westminster.gov.uk,False,0,0,True
UK,49358,btinternet.co.uk,False,0,0,False
UK,49367,bmstores.co.uk,False,1,0,True
UK,49400,pickaweb.co.uk,False,0,0,True
UK,49407,clouvider.co.uk,False,1,0,True
UK,49468,quickvit.co.uk,True,4,0,True
UK,49633,nationalcrimeagency.gov.uk,False,0,0,True
UK,49659,dwp.gov.uk,False,0,0,True
UK,49665,tnp.net.uk,False,0,0,True
UK,49703,musicmagpie.co.uk,False,0,0,False
UK,49776,sharkninja.co.uk,True,2,0,True
UK,49826,pdsa.org.uk,False,0,0,True
UK,49855,betmgm.co.uk,False,0,0,True
UK,49866,swindonadvertiser.co.uk,False,1,0,True
UK,50091,volkswagen.co.uk,False,0,0,True
UK,50127,creativereview.co.uk,False,0,0,True
UK,50143,watchfinder.co.uk,False,0,0,False
UK,50196,guru.net.uk,False,0,0,False
UK,50225,macworld.co.uk,False,0,0,True
UK,50247,liverpoolmuseums.org.uk,False,0,0,True
UK,50248,scotland.gov.uk,False,0,0,True
UK,50327,london.ac.uk,False,0,0,False
UK,50701,nao.org.uk,False,0,0,True
UK,50736,railforums.co.uk,False,0,0,False
UK,50749,threembb.co.uk,False,0,0,False
UK,50765,kalas.co.uk,False,0,0,False
UK,50813,jacmetalworks.co.uk,False,0,0,False
UK,50862,ferrin.uk,False,0,0,False
UK,50906,cornwall.gov.uk,False,0,0,True
UK,51118,greenpeace.org.uk,False,0,0,True
UK,51232,cinch.co.uk,False,1,0,True
UK,51255,talebi.co.uk,False,0,0,False
UK,51323,thelondonneurocognitiveclinic.co.uk,False,0,0,True
UK,51397,classicfootballshirts.co.uk,False,0,0,False
UK,51520,sciencemuseumgroup.org.uk,False,0,0,True
UK,51535,dorsetecho.co.uk,False,2,0,True
UK,51598,enterprise.co.uk,False,0,0,True
UK,51606,charityjob.co.uk,False,0,0,True
UK,51732,cameldns.uk,False,0,0,True
UK,51927,thesundaytimes.co.uk,False,0,0,False
UK,51934,twdcns.co.uk,False,1,0,True
UK,51977,wmin.ac.uk,False,0,0,False
UK,52014,lsbu.ac.uk,False,0,0,False
UK,52117,nationalgeographic.co.uk,False,0,0,True
UK,52193,cazoo.co.uk,False,0,0,False
UK,52290,costa.co.uk,False,0,0,True
UK,52346,savethechildren.org.uk,False,0,0,True
UK,52389,copperknob.co.uk,False,0,0,False
UK,52390,leeds.gov.uk,False,0,0,True
UK,52435,inpost.co.uk,False,0,0,False
UK,52442,theworks.co.uk,True,3,0,True
UK,52450,golgoli2.co.uk,False,0,0,False
UK,52478,tvlicensing.co.uk,False,0,0,True
UK,52499,topdoctors.co.uk,False,1,0,True
UK,52644,golgoli1.co.uk,False,0,0,False
UK,52682,health.org.uk,False,0,0,True
UK,52706,bluelightcard.co.uk,False,0,0,True
UK,52827,mistral.co.uk,False,0,0,False
UK,52906,blackwell.co.uk,False,0,0,False
UK,52985,fruugo.co.uk,False,0,0,False
UK,52993,somersetlive.co.uk,False,0,0,True
UK,53074,news.co.uk,False,0,0,True
UK,53084,kaleidoscope.co.uk,False,2,0,True
UK,53131,healthwatchkingston.org.uk,False,0,0,True
UK,53135,travelmyth.co.uk,False,1,0,True
UK,53298,livenation.co.uk,False,1,0,True
UK,53329,lawgazette.co.uk,False,0,0,True
UK,53359,peacocks.co.uk,True,2,0,True
UK,53373,repairmywindowsanddoors.co.uk,False,0,0,True
UK,53398,grgtest.co.uk,False,0,0,False
UK,53421,evolveip.uk,False,0,0,True
UK,53434,healthwatchtrafford.co.uk,False,0,0,True
UK,53455,monsoon.co.uk,True,4,0,True
UK,53465,mhra.gov.uk,False,0,0,True
UK,53493,londonmuseum.org.uk,False,0,0,True
UK,53649,disturbia.co.uk,True,3,1,True
UK,53653,streetmap.co.uk,False,0,0,True
UK,53723,as39202.co.uk,False,0,0,False
UK,53741,leedsbeckett.ac.uk,False,1,0,True
UK,53749,savers.co.uk,False,4,0,True
UK,53820,teachingenglish.org.uk,False,0,0,True
UK,53841,owlstalk.co.uk,False,0,0,True
UK,53846,appliancesdirect.co.uk,False,3,0,True
UK,53867,philips.co.uk,True,3,2,True
UK,53871,onlinecarparts.co.uk,False,0,0,False
UK,53886,nms.ac.uk,False,2,0,True
UK,53917,lut.ac.uk,False,0,0,True
UK,54017,idealo.co.uk,False,0,0,True
UK,54031,just-money.co.uk,False,0,0,False
UK,54063,mieze.co.uk,False,0,0,True
UK,54065,newbalance.co.uk,False,0,0,False
UK,54066,salesfire.co.uk,False,1,0,True
UK,54170,counselling-directory.org.uk,False,0,0,False
UK,54213,trainingzone.co.uk,False,3,0,True
UK,54217,idshopfitting.co.uk,False,0,0,False
UK,54278,drinkaware.co.uk,False,0,0,True
UK,54287,dfs.co.uk,False,0,0,False
UK,54351,ford.co.uk,False,0,0,True
UK,54391,pharmacy2u.co.uk,False,0,0,False
UK,54630,nisti.co.uk,False,0,0,False
UK,54684,stonewall.org.uk,False,0,0,True
UK,54712,zoomadog.co.uk,True,5,2,True
UK,54740,glasgowtimes.co.uk,False,1,0,True
UK,54798,lakeland.co.uk,True,3,0,True
UK,55039,clearpay.co.uk,False,1,0,True
UK,55085,bristol.gov.uk,False,0,0,True
UK,55093,expertreviews.co.uk,False,0,0,True
UK,55160,fwi.co.uk,False,0,0,True
UK,55208,heartuk.org.uk,False,0,0,False
UK,55265,manchester.gov.uk,False,0,0,False
UK,55300,toyota.co.uk,False,2,0,True
UK,55359,prima.co.uk,False,1,0,True
UK,55372,1-grid.co.uk,False,3,0,True
UK,55377,unison.org.uk,False,0,0,True
UK,55388,royalparks.org.uk,False,0,0,True
UK,55475,greeneking.co.uk,False,0,0,True
UK,55512,campingandcaravanningclub.co.uk,False,0,0,True
UK,55520,dvla.gov.uk,False,0,0,True
UK,55529,mhra.org.uk,False,0,0,True
UK,55626,foodbank.org.uk,False,0,0,True
UK,55655,scan.co.uk,False,2,0,True
UK,55909,vmo2digital.co.uk,False,0,0,False
UK,55912,supremecourt.uk,False,0,0,True
UK,55943,nestpensions.org.uk,False,0,0,True
UK,55950,bmmagazine.co.uk,False,0,0,True
UK,56013,atlasrust.uk,False,0,0,False
UK,56057,thehalara.co.uk,False,0,0,True
UK,56094,morningstaronline.co.uk,False,0,0,True
UK,56098,bas.ac.uk,False,0,0,True
UK,56134,savills.co.uk,False,0,0,True
UK,56193,motorpoint.co.uk,False,0,0,True
UK,56237,unitedhosting.co.uk,False,1,0,True
UK,56267,designingbuildings.co.uk,False,0,0,True
UK,56283,glastonburyfestivals.co.uk,False,0,0,True
UK,56312,yoursclothing.co.uk,False,0,0,False
UK,56337,virginmediabusiness.co.uk,False,1,0,True
UK,56409,globalnet.co.uk,False,0,0,False
UK,56421,foxestalk.co.uk,False,0,0,True
UK,56434,mft.nhs.uk,False,0,0,True
UK,56435,arrse.co.uk,False,0,0,False
UK,56437,timeshighereducation.co.uk,False,0,0,True
UK,56455,fantasyfootballscout.co.uk,False,0,0,True
UK,56511,ickly.co.uk,False,0,0,False
UK,56516,frontier.co.uk,False,0,0,True
UK,56584,pcadvisor.co.uk,False,0,0,True
UK,56669,harpercollins.co.uk,True,3,1,True
UK,56826,zare.co.uk,False,0,1,True
UK,56853,femalefirst.co.uk,False,0,0,True
UK,56925,electoralcommission.org.uk,False,0,0,False
UK,56988,roblox.co.uk,False,0,0,False
UK,57001,companiesintheuk.co.uk,False,0,0,True
UK,57012,studio.co.uk,False,4,0,True
UK,57048,rsa3dsauth.co.uk,False,0,0,False
UK,57050,uhi.ac.uk,False,0,0,True
UK,57064,glasgow.gov.uk,False,0,0,False
UK,57177,tombola.co.uk,False,0,0,False
UK,57204,susx.ac.uk,False,0,0,True
UK,57208,wbstudiotour.co.uk,False,0,0,True
UK,57214,parkers.co.uk,False,0,0,True
UK,57301,inyourarea.co.uk,False,0,0,True
UK,57368,rbkc.gov.uk,False,0,0,True
UK,57484,habitat.co.uk,True,2,1,True
UK,57509,canalrivertrust.org.uk,False,0,0,True
UK,57581,instituteforgovernment.org.uk,False,1,0,True
UK,57628,magicmadhouse.co.uk,False,0,0,False
UK,57638,countrylife.co.uk,False,0,0,True
UK,57658,rcseng.ac.uk,False,3,0,True
UK,57752,tsb.co.uk,False,0,0,True
UK,58067,zhigool.co.uk,False,0,0,False
UK,58074,underarmour.co.uk,False,4,0,True
UK,58218,norfolk.gov.uk,False,0,0,False
UK,58400,sunderland.ac.uk,False,0,0,True
UK,58469,swiftinternet.co.uk,False,0,0,False
UK,58475,streamlinedns.co.uk,False,0,0,False
UK,58549,fsb.org.uk,False,2,0,True
UK,58727,potterybarn.co.uk,False,2,0,True
UK,58737,crewclothing.co.uk,False,1,0,True
UK,59099,zoho.uk,False,0,0,True
UK,59170,healthwatch.co.uk,False,0,0,False
UK,59279,mrc.ac.uk,False,0,0,True
UK,59311,allocate-cloud.co.uk,False,0,0,False
UK,59380,greybeardconsulting.uk,False,0,0,True
UK,59385,monstercardcorner.co.uk,True,3,2,True
UK,59440,graziadaily.co.uk,True,1,1,True
UK,59497,derbyshiretimes.co.uk,False,0,0,False
UK,59550,nerc.ac.uk,False,0,0,True
UK,59596,psychologies.co.uk,False,0,0,True
UK,59659,visionofbritain.org.uk,False,0,0,False
UK,59691,openbanking.org.uk,False,0,0,True
UK,59830,centerparcs.co.uk,False,2,0,True
UK,59981,postcodelottery.co.uk,False,0,0,True
UK,59986,bacp.co.uk,False,1,0,True
UK,60015,scope.org.uk,False,0,0,True
UK,60024,kingsfund.org.uk,False,0,0,False
UK,60026,spurscommunity.co.uk,False,0,0,True
UK,60082,dcfcfans.uk,False,0,0,False
UK,60219,aru.ac.uk,False,1,0,True
UK,60226,walkhighlands.co.uk,False,0,0,False
UK,60314,westberks.gov.uk,False,0,0,False
UK,60350,healthwatchmiltonkeynes.co.uk,False,0,0,True
UK,60359,nrscotland.gov.uk,False,0,0,True
UK,60662,flixbus.co.uk,False,1,0,True
UK,60684,service.nhs.uk,False,0,0,False
UK,60694,thomann.co.uk,False,4,0,True
UK,60727,freeview.co.uk,False,0,0,True
UK,61029,blinds-2go.co.uk,False,2,0,True
UK,61073,moneyadviceservice.org.uk,False,0,0,False
UK,61131,gg.co.uk,False,0,0,False
UK,61150,friendsoftheearth.uk,False,0,0,True
UK,61162,ii.co.uk,False,0,0,True
UK,61166,sportsbikeshop.co.uk,False,3,0,True
UK,61235,rbo.org.uk,False,2,0,True
UK,61275,furniturevillage.co.uk,True,4,1,True
UK,61313,rcn.org.uk,False,0,0,True
UK,61351,thebritishacademy.ac.uk,False,0,0,False
UK,61364,britishcycling.org.uk,False,0,0,False
UK,61452,britishlegion.org.uk,False,0,0,True
UK,61510,parkdeanresorts.co.uk,False,0,0,False
UK,61560,carmagazine.co.uk,False,0,0,True
UK,61587,digitalspy.co.uk,False,2,0,True
UK,61594,kfc.co.uk,False,4,0,True
UK,61606,oxfordshire.gov.uk,False,0,0,True
UK,61608,tuc.org.uk,False,0,0,False
UK,61684,rustoria.uk,False,0,0,False
UK,61772,eclipse.net.uk,False,1,0,True
UK,61775,itpro.co.uk,False,0,0,True
UK,61791,bullionbypost.co.uk,False,0,0,False
UK,61822,bathnes.gov.uk,False,0,0,True
UK,61937,southwark.gov.uk,False,0,0,True
UK,62014,entitledto.co.uk,False,0,0,False
UK,62121,vitalfootball.co.uk,False,0,0,True
UK,62265,ruck.co.uk,False,0,0,True
UK,62353,heart.co.uk,False,0,0,True
UK,62356,rgu.ac.uk,False,0,0,True
UK,62362,iwf.org.uk,False,0,0,True
UK,62366,cylex-uk.co.uk,False,0,0,False
UK,62400,ids.ac.uk,False,0,0,True
UK,62439,scotlandspeople.gov.uk,False,2,0,True
UK,62602,ok.co.uk,False,0,0,True
UK,62687,exchangerates.org.uk,False,0,0,False
UK,62770,ihasco.co.uk,False,1,0,True
UK,62878,europages.co.uk,False,0,0,True
UK,62895,nts.org.uk,False,0,0,False
UK,62934,hmfckickback.co.uk,False,0,0,False
UK,62945,freebmd.org.uk,False,0,0,True
UK,62981,armlinux.org.uk,False,0,0,True
UK,62999,northyorks.gov.uk,False,0,0,True
UK,63101,seveninternet.co.uk,False,0,0,True
UK,63152,carcheck.co.uk,False,0,0,False
UK,63163,honda.co.uk,False,0,0,True
UK,63168,royal.gov.uk,False,0,0,True
UK,63226,turing.ac.uk,False,0,0,False
UK,63314,liverpooluniversitypress.co.uk,False,0,0,False
UK,63318,rsc.org.uk,False,2,0,True
UK,63324,studysmarter.co.uk,False,0,0,True
UK,63488,staffordshire.gov.uk,False,0,0,True
UK,63489,ralphlauren.co.uk,True,5,0,True
UK,63546,helpyourselfonline.co.uk,False,0,0,False
UK,63577,homebase.co.uk,False,0,0,False
UK,63599,thundercloud.uk,False,0,0,False
UK,63636,justanswer.co.uk,False,0,0,False
UK,63642,adv365.co.uk,False,0,0,False
UK,63888,thecompleteuniversityguide.co.uk,False,0,0,False
UK,63893,lep.co.uk,False,0,0,False
UK,64035,hostingsystems.co.uk,False,0,1,True
UK,64143,schoolnet.co.uk,False,0,0,False
UK,64302,bowlsresults.co.uk,False,0,0,True
UK,64489,glasgowlive.co.uk,False,0,0,True
UK,64501,motorhomefun.co.uk,False,0,0,True
UK,64561,westelm.co.uk,False,2,0,True
UK,64696,copart.co.uk,False,0,0,True
UK,64728,tjc.co.uk,True,3,2,True
UK,64804,verdict.co.uk,False,0,0,True
UK,64854,scotrail.co.uk,False,0,0,False
UK,64869,scottishpower.co.uk,False,0,0,True
UK,64989,southampton.gov.uk,False,0,0,True
UK,65125,derby.ac.uk,False,0,0,True
UK,65258,ceh.ac.uk,False,0,0,True
UK,65357,postcodeanywhere.co.uk,True,1,1,True
UK,65401,crocs.co.uk,False,0,0,False
UK,65406,gro.gov.uk,False,0,0,False
UK,65434,prositehosting.co.uk,False,0,0,False
UK,65498,banksy.co.uk,False,0,0,True
UK,65555,translink.co.uk,False,1,0,True
UK,65581,boneandjoint.org.uk,False,2,0,True
UK,65637,lambforkebeb.co.uk,False,0,0,False
UK,65691,immediate.co.uk,False,0,0,True
UK,65718,omaze.co.uk,True,3,0,True
UK,65734,nls.uk,False,0,0,True
UK,65736,idmobile.co.uk,False,0,0,False
UK,65766,wales.nhs.uk,False,0,0,True
UK,65786,camra.org.uk,False,1,0,True
UK,66084,lululemon.co.uk,False,0,0,False
UK,66138,investegate.co.uk,False,0,0,True
UK,66151,kingston-internet.co.uk,False,0,0,False
UK,66152,unificloud.co.uk,False,0,0,False
UK,66231,adskeeper.co.uk,False,0,0,True
UK,66288,bowlsresultstwo.co.uk,False,0,0,True
UK,66424,eticketing.co.uk,True,3,1,True
UK,66536,lner.co.uk,False,1,0,True
UK,66566,kerrydalestreet.co.uk,False,0,0,True
UK,66597,haiwai.co.uk,False,0,0,False
UK,66812,street.co.uk,False,0,0,True
UK,66836,hyperiontiles.co.uk,True,4,1,True
UK,66909,treatwell.co.uk,True,2,1,True
UK,66948,dhlecommerce.co.uk,False,0,0,True
UK,66952,architectsjournal.co.uk,False,0,0,True
UK,67041,rvc.ac.uk,False,0,0,False
UK,67050,avfc.co.uk,False,0,0,True
UK,67170,lambeth.gov.uk,False,0,0,True
UK,67250,theengineer.co.uk,False,0,0,False
UK,67264,twtd.co.uk,False,0,0,True
UK,67314,aa.net.uk,False,0,0,True
UK,67397,evilgeniusrobot.uk,False,0,0,True
UK,67438,ladybanana.co.uk,False,0,0,True
UK,67478,preloved.co.uk,False,0,0,True
UK,67523,showcasecinemas.co.uk,False,0,0,True
UK,67613,edikted.co.uk,True,3,3,True
UK,67634,booker.co.uk,False,2,0,True
UK,67708,keslighting.co.uk,True,4,1,True
UK,67773,vapeclub.co.uk,False,0,0,True
UK,67778,srvrsdns.co.uk,False,0,0,False
UK,67871,healthwatchnorthyorkshire.co.uk,False,0,0,True
UK,67915,dmpriest.net.uk,False,0,0,True
UK,67957,simplyhired.co.uk,False,0,0,False
UK,68010,surreycc.gov.uk,False,0,0,True
UK,68041,canon.co.uk,True,1,1,True
UK,68045,warnerhotels.co.uk,False,0,0,True
UK,68114,comickz.co.uk,False,0,0,True
UK,68145,horizon555.co.uk,False,0,0,False
UK,68336,warwickshire.gov.uk,False,0,0,True
UK,68441,joe.co.uk,False,0,0,False
UK,68487,tees.ac.uk,False,0,0,True
UK,68562,countypress.co.uk,False,1,0,True
UK,68632,anfieldwatch.co.uk,False,0,0,True
UK,68736,propertypassport.uk,False,0,2,True
UK,68740,vkvideo.uk,False,0,0,False
UK,68760,foyles.co.uk,False,0,0,False
UK,68816,onefile.co.uk,False,0,0,True
UK,68880,anglingdirect.co.uk,True,3,0,True
UK,68896,pipeten.co.uk,False,0,0,True
UK,69147,zooplus.co.uk,False,4,0,True
UK,69280,viovet.co.uk,False,0,0,False
UK,69308,who-called.co.uk,False,0,0,False
UK,69418,civicaepay.co.uk,False,0,0,False
UK,69574,naturitas.co.uk,True,3,1,True
UK,69577,rl.ac.uk,False,0,0,True
UK,69711,ukfinance.org.uk,False,0,0,True
UK,69824,thameswater.co.uk,False,0,0,True
UK,69918,staffs.ac.uk,False,0,0,True
UK,70094,womensaid.org.uk,False,2,0,True
UK,70095,nethosted.co.uk,False,0,0,True
UK,70283,procook.co.uk,False,0,0,False
UK,70583,hee.nhs.uk,False,0,0,True
UK,70614,healthwatchrichmond.co.uk,False,0,0,False
UK,70638,glassesdirect.co.uk,False,3,0,True
UK,70723,walkwheelcycletrust.org.uk,False,0,0,True
UK,70783,lemonsalt.co.uk,False,0,0,False
UK,70858,izib.uk,False,0,0,True
UK,70873,asthmaandlung.org.uk,False,0,0,True
UK,70935,krystal.uk,False,0,0,True
UK,71234,kent.gov.uk,False,0,0,False
UK,71302,uwl.ac.uk,False,1,0,True
UK,71311,sustrans.org.uk,False,0,0,True
UK,71333,theccc.org.uk,False,0,0,True
UK,71350,hsbc.uk,False,0,0,True
UK,71371,nmgx.co.uk,False,0,0,False
UK,71465,skechers.co.uk,True,3,2,True
UK,71536,proactiveinvestors.co.uk,False,0,0,True
UK,71546,distorted.org.uk,False,0,0,True
UK,71550,joebrowns.co.uk,True,5,1,True
UK,71660,cie.org.uk,False,0,0,True
UK,71670,iress.co.uk,False,0,0,True
UK,71884,aberdeencity.gov.uk,False,0,0,True
UK,72081,liverpool.gov.uk,False,0,0,False
UK,72211,edinburgh.gov.uk,False,0,0,True
UK,72302,mbna.co.uk,False,0,0,True
UK,72402,zazzle.co.uk,False,5,0,True
UK,72427,wrap.org.uk,False,0,0,True
UK,72430,museumoflondon.org.uk,False,0,0,True
UK,72513,money.co.uk,False,0,0,True
UK,72532,star.co.uk,False,0,0,True
UK,72583,locanto.co.uk,False,0,0,False
UK,72931,sokuja.uk,False,0,0,False
UK,73003,horseandhound.co.uk,False,0,0,True
UK,73009,picclick.co.uk,False,0,0,True
UK,73082,mintsoft.co.uk,False,2,0,True
UK,73096,musthaveideas.co.uk,False,1,0,True
UK,73191,newflamingodomain.co.uk,False,0,0,False
UK,73534,disney.co.uk,False,1,0,True
UK,73551,cwjobs.co.uk,False,0,0,True
UK,73564,bidstats.uk,False,0,0,False
UK,73844,petdrugsonline.co.uk,False,2,0,True
UK,73950,fellrunner.org.uk,False,0,0,True
UK,73963,british-history.ac.uk,False,0,0,True
UK,73987,independent.gov.uk,False,0,0,True
UK,74127,pinkboutique.co.uk,True,2,2,True
UK,74160,lottery.co.uk,False,0,0,True
UK,74189,pricespy.co.uk,False,2,0,True
UK,74221,rbge.org.uk,False,0,0,True
UK,74280,theessencevault.co.uk,True,3,2,True
UK,74312,simplisafe.co.uk,False,3,0,True
UK,74378,healthwatchlewisham.co.uk,False,0,0,True
UK,74435,britishnewspaperarchive.co.uk,False,0,0,False
UK,74471,fidelity.co.uk,False,0,0,True
UK,74666,123spareparts.co.uk,False,0,0,False
UK,74858,woolwarehouse.co.uk,True,3,0,True
UK,74921,londontheatre.co.uk,False,2,0,True
UK,74966,plumbworld.co.uk,False,0,0,False
UK,75025,gardeningexpress.co.uk,True,4,2,True
UK,75161,thesalarycalculator.co.uk,False,0,0,True
UK,75217,southernwater.co.uk,False,0,0,False
UK,75227,bestpartstore.co.uk,False,0,0,False
UK,75280,uuss.uk,False,0,0,True
UK,75297,thekennelclub.org.uk,False,3,0,True
UK,75330,circlehealthgroup.co.uk,False,0,0,False
UK,75349,lbma.org.uk,False,0,0,True
UK,75444,evoweb.uk,False,0,0,True
UK,75463,domainlore.uk,False,0,0,True
UK,75542,performancem.co.uk,False,0,0,False
UK,75561,nibusinessinfo.co.uk,False,0,0,True
UK,75565,weirdfish.co.uk,False,2,0,True
UK,75575,ioe.ac.uk,False,0,0,False
UK,75595,rotherham.gov.uk,False,0,0,True
UK,75597,blackpoolgazette.co.uk,False,0,0,False
UK,75628,alpha123.uk,False,0,0,True
UK,75702,biblio.co.uk,False,0,0,False
UK,75722,comedy.co.uk,False,1,0,True
UK,75737,rmweb.co.uk,False,0,0,False
UK,75758,alibaba.co.uk,False,0,0,True
UK,75798,drdoctor.co.uk,False,0,0,True
UK,75800,clearbooks.co.uk,False,0,0,True
UK,76149,barnardos.org.uk,False,1,0,True
UK,76189,redonline.co.uk,False,1,0,True
UK,76265,bitdefender.co.uk,False,0,0,True
UK,76489,peoplemanagement.co.uk,False,0,0,True
UK,76493,healthwatchbathnes.co.uk,False,0,0,False
UK,76523,whsmith.co.uk,False,0,0,False
UK,76580,michaelkors.co.uk,True,3,1,True
UK,76592,smiggle.co.uk,False,1,0,True
UK,76750,cabinetoffice.gov.uk,False,0,0,True
UK,77070,cashconverters.co.uk,False,1,0,True
UK,77130,nottinghamjobs.co.uk,False,0,0,True
UK,77174,hive.co.uk,False,0,0,False
UK,77189,mailonsunday.co.uk,False,1,0,True
UK,77190,ukonline.co.uk,False,0,0,False
UK,77232,gassaferegister.co.uk,False,0,0,True
UK,77267,journalism.co.uk,False,0,0,True
UK,77324,breathtaking.uk,False,0,0,False
UK,77341,nameservers.co.uk,False,0,0,False
UK,77407,bidspotter.co.uk,False,0,0,True
UK,78124,cumm.co.uk,False,0,0,True
UK,78245,somersethouse.org.uk,False,0,0,True
UK,78278,malavanann.co.uk,False,0,0,False
UK,78604,sisoftware.co.uk,False,1,0,True
UK,78775,netbet.co.uk,False,0,0,False
UK,78857,ajbell.co.uk,False,1,0,True
UK,78992,talktalk.co.uk,True,2,1,True
UK,79029,roh.org.uk,False,2,0,True
UK,79129,caravanclub.co.uk,False,1,0,True
UK,79184,lincolnshirelive.co.uk,False,0,0,True
UK,79311,linux.org.uk,False,0,0,True
UK,79327,tombolaarcade.co.uk,False,0,0,False
UK,79332,nyacat.uk,False,0,0,False
UK,79401,lexisnexis.co.uk,False,0,0,True
UK,79479,lancashire.gov.uk,False,0,0,True
UK,79541,brent.gov.uk,False,0,0,True
UK,79696,freelancer.co.uk,False,0,0,True
UK,79722,summerhall.co.uk,False,0,0,False
UK,79824,accurx.nhs.uk,False,0,0,True
UK,79903,tenpin.co.uk,False,0,0,True
UK,79971,f9.co.uk,False,1,0,True
UK,80034,meisterdrucke.uk,False,3,0,True
UK,80042,mariecurie.org.uk,False,0,0,True
UK,80233,faber.co.uk,True,4,1,True
UK,80306,topmarks.co.uk,False,0,0,False
UK,80387,nhsp.uk,False,0,0,False
UK,80458,firstbus.co.uk,False,0,0,True
UK,80521,clubhousegolf.co.uk,False,2,0,True
UK,80619,cgleague.co.uk,False,0,0,True
UK,80738,teacherspensions.co.uk,False,0,0,True
UK,80953,cats.org.uk,False,0,0,True
UK,81086,puzzlemadness.co.uk,False,0,0,True
UK,81201,kunmanga.co.uk,False,0,0,True
UK,81234,bluecross.org.uk,False,0,0,False
UK,81250,xbato.co.uk,False,0,2,True
UK,81310,thestage.co.uk,False,1,0,True
UK,81343,nationalhighways.co.uk,False,0,0,True
UK,81400,verisae.co.uk,False,0,0,False
UK,81744,kingswaycars.co.uk,False,0,0,True
UK,81843,sirsidynix.net.uk,False,0,0,False
UK,81854,offspring.co.uk,True,2,0,True
UK,81865,harimanga.co.uk,False,0,0,True
UK,81879,jrf.org.uk,False,0,0,True
UK,81893,tnlcommunityfund.org.uk,False,0,0,True
UK,81915,rdg.ac.uk,False,0,0,True
UK,82186,the-tls.co.uk,False,1,0,True
UK,82199,statistics.gov.uk,False,0,0,False
UK,82226,checkcompany.co.uk,False,0,0,True
UK,82244,democracyclub.org.uk,False,0,0,True
UK,82355,cssc.co.uk,True,3,0,True
UK,82559,fcdo.gov.uk,False,0,0,False
UK,82564,pcpro.co.uk,True,3,3,True
UK,82661,thatprizeguy.co.uk,False,0,0,False
UK,82834,autoconvert.co.uk,False,0,0,True
UK,82867,crbonline.gov.uk,False,0,0,False
UK,82938,www.police.uk,False,0,0,False
UK,83028,jysk.co.uk,False,4,0,True
UK,83044,are-we.co.uk,False,0,0,True
UK,83045,swiftqueue.co.uk,False,1,0,True
UK,83233,edinburghlive.co.uk,False,0,0,True
UK,83341,smartmetrics.co.uk,False,1,0,True
UK,83405,marriott.co.uk,False,1,0,True
UK,83462,tradingdepot.co.uk,False,0,0,False
UK,83560,espares.co.uk,False,0,0,False
UK,83583,camden.gov.uk,False,0,0,False
UK,83592,perfumesclub.co.uk,False,2,0,True
UK,83677,ice.org.uk,False,0,0,False
UK,83703,freedating.co.uk,False,0,0,True
UK,84065,retailgazette.co.uk,False,0,0,False
UK,84136,ourfuturehealth.org.uk,False,0,0,True
UK,84245,coventry.gov.uk,False,0,0,True
UK,84281,theparking-cars.co.uk,False,0,0,True
UK,84430,newsletter.co.uk,False,0,0,False
UK,84549,drugcomparison.co.uk,False,0,0,True
UK,84829,netdoctor.co.uk,False,2,0,True
UK,84888,lifeintheuktestweb.co.uk,False,0,0,True
UK,84919,gandas.uk,False,0,0,True
UK,85033,netline.net.uk,False,0,0,False
UK,85121,kneedeepdesign.co.uk,False,0,0,True
UK,85180,homeswapper.co.uk,False,0,0,True
UK,85184,intrinsicdev.co.uk,False,0,0,False
UK,85207,radiox.co.uk,False,0,0,True
UK,85492,zeit-world.co.uk,False,0,0,False
UK,85643,pearsonclinical.co.uk,False,0,0,True
UK,85807,stpauls.co.uk,False,1,0,True
UK,85894,future.net.uk,False,0,0,False
UK,85910,namerock.co.uk,False,0,0,False
UK,86017,chaotic.co.uk,False,0,0,False
UK,86030,barclaycard.co.uk,False,0,0,True
UK,86257,hellofresh.co.uk,False,1,0,True
UK,86267,british-business-bank.co.uk,False,0,0,False
UK,86530,windowsanddoors-r-us.co.uk,False,0,0,True
UK,86647,farmergracy.co.uk,True,4,2,True
UK,86732,esr.nhs.uk,False,0,0,False
UK,86759,hachette.co.uk,False,0,0,True
UK,86834,send247.uk,False,0,1,True
UK,86880,flintshire.gov.uk,False,0,0,True
UK,86886,leeds-live.co.uk,False,0,0,True
UK,87170,feddit.uk,False,0,0,True
UK,87345,niton999.co.uk,False,0,0,False
UK,87371,potentia-insight.co.uk,False,0,0,True
UK,87428,youknowwhos.co.uk,True,6,1,True
UK,87446,nomgslb.uk,False,0,0,False
UK,87461,grimsbytelegraph.co.uk,False,0,0,True
UK,87473,datalog.co.uk,False,0,0,True
UK,87503,abi.org.uk,False,0,0,False
UK,87691,shopmania.co.uk,False,0,0,True
UK,87743,fansnetwork.co.uk,False,0,0,True
UK,87778,sheffield.gov.uk,False,0,0,True
UK,87943,politics.co.uk,False,0,0,True
UK,88213,manhwaclan.co.uk,False,0,0,True
UK,88273,pharmacy-x.co.uk,False,0,0,True
UK,88482,parkinsons.org.uk,False,0,0,True
UK,88625,creditkarma.co.uk,False,0,0,True
UK,88671,autopartspro.co.uk,False,0,0,False
UK,88871,planningportal.co.uk,False,0,0,True
UK,88972,hotelmix.co.uk,False,0,0,True
UK,89005,scouts.org.uk,False,0,0,False
UK,89070,dedicloud.co.uk,False,0,0,False
UK,89122,web-studio.co.uk,False,0,0,True
UK,89398,dns.net.uk,False,0,0,False
UK,89407,maplin.co.uk,True,2,0,True
UK,89475,mangaraw.co.uk,False,0,0,True
UK,89477,omniplexcinemas.co.uk,False,0,0,True
UK,89507,gardenerscorner.co.uk,False,0,0,True
UK,89702,ispreview.co.uk,False,0,0,False
UK,89882,vistaprint.co.uk,False,2,0,True
UK,89939,viamichelin.co.uk,False,0,0,True
UK,90078,catholicherald.co.uk,False,1,0,True
UK,90094,9anime.me.uk,False,0,0,True
UK,90189,rangers.co.uk,False,0,0,True
UK,90308,n-kesteven.gov.uk,False,0,0,True
UK,90338,simplybe.co.uk,False,0,0,False
UK,90558,claranetsoho.co.uk,False,0,0,True
UK,90632,checkcardetails.co.uk,False,0,0,True
UK,90748,ukho.gov.uk,False,0,0,True
UK,90792,raeng.org.uk,False,0,0,True
UK,90878,kirklees.gov.uk,False,0,0,True
UK,90879,lowpriceshopper.co.uk,False,0,0,False
UK,90956,nimbushosting.co.uk,False,1,0,True
UK,91011,menkind.co.uk,False,0,0,False
UK,91144,chase.co.uk,False,0,0,True
UK,91200,co-operativebank.co.uk,False,0,0,True
UK,91380,snapfish.co.uk,False,2,0,True
UK,91452,cpfc.co.uk,False,0,1,True
UK,91477,royaldeals.co.uk,False,0,0,True
UK,91523,ltmuseum.co.uk,False,0,0,False
UK,91762,mynetname.co.uk,False,0,0,False
UK,91833,sqmagazine.co.uk,False,1,0,True
UK,92091,sexdep.co.uk,False,0,0,True
UK,92329,chards.co.uk,False,1,0,True
UK,93105,elecreg.co.uk,False,0,0,False
UK,93312,genius-mobile.co.uk,False,0,0,True
UK,93789,lauxanh.co.uk,False,0,0,False
UK,94302,phimsexviet.co.uk,False,0,0,True
UK,95272,yourvoicepanel.co.uk,False,0,0,True
UK,95307,shakespeare.org.uk,False,0,0,True
UK,95497,breedbay.co.uk,False,1,0,True
UK,95527,thefightingcock.co.uk,False,0,0,True
UK,95738,housemetric.co.uk,False,0,0,True
UK,95849,london-luton.co.uk,False,0,0,True
UK,95905,travisperkins.co.uk,False,2,0,True
UK,96041,stroke.org.uk,False,0,0,False
UK,96232,andertons.co.uk,False,0,0,False
UK,96313,medway.gov.uk,False,0,0,True
UK,96331,foodforfoodies.co.uk,True,3,0,True
UK,96347,uberns.co.uk,False,0,0,False
UK,96443,reuters.co.uk,False,0,0,False
UK,96483,inhclick.uk,False,0,0,True
UK,96537,laredoute.co.uk,False,0,0,False
UK,96609,warringtonguardian.co.uk,False,1,0,True
UK,96693,darwin-online.org.uk,False,0,0,True
UK,96912,aboutcookies.org.uk,False,0,0,False
UK,96952,esports-news.co.uk,False,0,0,True
UK,96969,cafepress.co.uk,True,3,1,True
UK,97002,visa.co.uk,False,0,0,True
UK,97060,professorpower.co.uk,False,0,1,True
UK,97068,peterboroughtoday.co.uk,False,0,0,False
UK,97124,brighton-hove.gov.uk,False,0,0,True
UK,97194,parallelparliament.co.uk,False,0,0,False
UK,97281,blackoutaudio.co.uk,False,0,0,False
UK,97380,sja.org.uk,False,0,0,True
UK,97491,business-live.co.uk,False,0,0,True
UK,97555,nscluster.uk,False,0,0,False
UK,97646,wstservices.co.uk,False,0,0,False
UK,97684,dma.org.uk,False,1,0,True
UK,97751,gazette-news.co.uk,False,1,0,True
UK,97805,fowlersparts.co.uk,False,2,0,True
UK,97943,exa-networks.co.uk,False,0,1,True
UK,97958,axs.co.uk,False,0,0,False
UK,98134,banglachoti.uk,False,0,0,True
UK,98151,ryman.co.uk,False,0,0,False
UK,98196,filmdates.co.uk,False,0,0,True
UK,98278,lordmatt.co.uk,False,0,0,True
UK,98406,enrgtech.co.uk,False,0,0,False
UK,98450,watfordobserver.co.uk,False,1,0,True
UK,98474,gramophone.co.uk,False,0,0,False
UK,98610,phimheoz.co.uk,False,0,0,True
UK,98720,euspares.co.uk,False,0,0,False
UK,98793,forestryengland.uk,False,0,0,True
UK,98804,rigourresearch.co.uk,False,0,0,True
UK,98848,glasgowlife.org.uk,False,0,0,True
UK,98857,nott.ac.uk,False,0,0,False
UK,99065,fantasyparliament.co.uk,False,0,0,True
UK,99293,pajaktoto.org.uk,False,0,0,True
UK,99477,videylyy.uk,False,0,0,False
UK,99549,opsi.gov.uk,False,0,0,True
UK,99611,newcastle.gov.uk,False,0,0,True
UK,99625,victoriassecret.co.uk,False,2,0,True
UK,99638,aqa.org.uk,False,0,0,True
UK,99774,skyscript.co.uk,False,0,0,False
UK,99936,sayu.co.uk,False,0,0,True
UK,99975,photobox.co.uk,True,3,1,True
UK,99990,fscs.org.uk,False,0,0,True
UK,100019,buycarparts.co.uk,False,0,0,False
UK,100027,jadenthejaded.uk,False,0,0,False
UK,100095,digitaluk.co.uk,False,0,0,False
UK,100118,dreams.co.uk,True,3,2,True
UK,100247,arab17xnxxsex.co.uk,False,0,0,True
UK,100254,tredz.co.uk,False,2,0,True
UK,100298,rcgp.org.uk,False,1,0,True
UK,100475,mergeab.uk,False,0,0,True
UK,100489,oakhousefoods.co.uk,True,3,1,True
UK,100526,nics.gov.uk,False,0,0,False
UK,100542,jobhop.co.uk,False,0,0,True
UK,100594,eastriding.gov.uk,False,0,0,False
UK,100659,dundeecity.gov.uk,False,0,0,True
UK,100660,croydon.gov.uk,False,1,0,True
UK,100715,cscdns.uk,False,0,0,False
UK,100768,turn2us.org.uk,False,0,0,True
UK,100850,christianaid.org.uk,False,1,0,True
UK,100935,cascadecloud.co.uk,False,0,0,True
UK,101013,eclipse.co.uk,False,0,0,False
UK,101075,hsj.co.uk,False,0,0,True
UK,101121,arab8xnxxsex.co.uk,False,0,0,True
UK,101153,coffeee.uk,True,1,1,True
UK,101163,planetofdreams.co.uk,False,0,0,True
UK,101201,porsorate.co.uk,False,0,0,False
UK,101224,mssociety.org.uk,False,0,0,False
UK,101464,altogel.uk,False,0,0,False
UK,101803,arab16xnxxsex.co.uk,False,0,0,True
UK,101807,joumalanet.co.uk,False,0,0,False
UK,101865,nam.ac.uk,False,0,0,True
UK,101966,unitelgroup.co.uk,False,0,0,False
UK,101983,websitehome.co.uk,False,0,0,False
UK,101984,gcu.ac.uk,False,0,0,False
UK,102004,hawk-assets.co.uk,False,0,0,True
UK,102036,literacytrust.org.uk,False,0,0,True
UK,102074,capitalone.co.uk,False,0,0,True
UK,102145,arab11xnxxsex.co.uk,False,0,0,True
UK,102165,arab15xnxxsex.co.uk,False,0,0,True
UK,102277,manuals.co.uk,False,0,0,True
UK,102286,gosh.nhs.uk,False,0,0,True
UK,102294,arab12xnxxsex.co.uk,False,0,0,True
UK,102378,endole.co.uk,False,0,0,True
UK,102434,healthwatchhf.co.uk,False,0,0,True
UK,102442,healthwatchwiltshire.co.uk,False,0,0,True
UK,102457,yahoo.co.uk,False,1,0,True
UK,102788,arab10xnxxsex.co.uk,False,0,0,True
UK,102789,arab14xnxxsex.co.uk,False,0,0,True
UK,102791,arab9xnxxsex.co.uk,False,0,0,True
UK,103829,healthwatchmanchester.co.uk,False,0,0,True
UK,103924,mouser.co.uk,False,2,0,True
UK,104028,force9.co.uk,False,1,0,True
UK,104039,rcplondon.ac.uk,False,0,0,True
UK,104130,retrobike.co.uk,False,0,0,True
UK,104156,rafmuseum.org.uk,False,0,0,True
UK,104207,techweekeurope.co.uk,False,0,0,False
UK,104326,silicon.co.uk,False,0,0,True
UK,104347,bidi.net.uk,False,0,0,False
UK,104418,cruse.org.uk,False,0,0,True
UK,104428,shadowood.uk,False,0,0,True
UK,104478,eventim.co.uk,False,2,0,True
UK,104575,healthwatchcoventry.co.uk,False,0,0,True
UK,104653,westsussex.gov.uk,False,0,0,True
UK,104655,historylearningsite.co.uk,False,0,0,False
UK,104748,honestjohn.co.uk,False,1,0,True
UK,104749,aisi.gov.uk,False,0,0,True
UK,104807,stockport.gov.uk,False,0,0,True
UK,104876,agriocasion.co.uk,False,0,0,False
UK,104965,nutrition.org.uk,False,0,0,True
UK,105023,britishboxingnews.co.uk,False,0,0,False
UK,105036,derbyshire.gov.uk,False,0,0,True
UK,105129,bad.org.uk,False,0,0,True
UK,105171,unilad.co.uk,False,0,0,True
UK,105173,churchtimes.co.uk,False,0,0,False
UK,105181,ico.gov.uk,False,0,0,False
UK,105187,northampton.ac.uk,False,0,0,True
UK,105194,atlantic-cable.co.uk,False,0,0,False
UK,105334,primary-dns.co.uk,False,0,0,False
UK,105357,history.co.uk,False,0,0,True
UK,105381,catapult.org.uk,False,0,0,True
UK,105425,northamptonchron.co.uk,False,0,0,False
UK,105502,berger-camping.co.uk,False,4,0,True
UK,105712,simplybusiness.co.uk,False,0,2,True
UK,105733,admiralty.co.uk,False,0,0,True
UK,105777,roehampton.ac.uk,False,0,0,True
UK,105830,silverstone.co.uk,False,0,1,True
UK,105916,vsol.co.uk,False,0,0,False
UK,105981,nandos.co.uk,False,0,0,True
UK,105984,lavazemi4.co.uk,False,0,0,False
UK,106030,ukfast.co.uk,False,0,0,True
UK,106103,ducatiforum.co.uk,False,0,0,True
UK,106192,bmw.co.uk,False,2,0,True
UK,106240,wolves.co.uk,False,0,0,True
UK,106322,nsra.org.uk,False,0,0,True
UK,106339,squaremeal.co.uk,False,0,0,False
UK,106340,e-catalog.co.uk,False,0,0,False
UK,106409,edge-connect.uk,False,0,0,False
UK,106412,designweek.co.uk,False,0,0,False
UK,106435,lsba.org.uk,False,0,0,True
UK,106512,ncvo.org.uk,False,0,0,True
UK,106549,melbek.uk,False,0,0,False
UK,106649,startups.co.uk,False,0,0,True
UK,106670,aviewfrommyseat.co.uk,False,0,0,False
UK,106740,trussell.org.uk,False,0,0,True
UK,106751,livexxxcams.co.uk,False,0,0,True
UK,106781,hedgesdirect.co.uk,False,0,0,False
UK,106871,majestic.co.uk,False,0,0,False
UK,106872,printerland.co.uk,False,0,0,False
UK,106879,healthwatchmerton.co.uk,False,0,0,True
UK,106891,rya.org.uk,False,1,0,True
UK,106947,eveningnews24.co.uk,False,1,0,True
UK,106999,alibris.co.uk,False,0,0,False
UK,107007,highrez.co.uk,False,0,0,True
UK,107046,scottisharchitects.org.uk,False,0,0,True
UK,107077,rugs.co.uk,False,0,0,False
UK,107092,swateam.org.uk,False,0,0,True
UK,107141,mencap.org.uk,False,0,0,True
UK,107144,sbcnews.co.uk,False,0,0,True
UK,107269,dorsetcouncil.gov.uk,False,0,0,False
UK,107282,nissan.co.uk,False,0,0,True
UK,107386,relate.org.uk,False,0,0,True
UK,107518,mtv.co.uk,False,0,0,True
UK,107576,lisense.uk,False,1,0,True
UK,107686,ukbiobank.ac.uk,False,0,0,False
UK,107856,mbclub.co.uk,False,0,0,True
UK,107937,livingwage.org.uk,False,0,0,True
UK,108144,cef.co.uk,False,0,0,False
UK,108205,travelweekly.co.uk,False,0,0,True
UK,108289,leaderlive.co.uk,False,1,0,True
UK,108302,scotland-jobs.co.uk,False,0,0,True
UK,108305,koha-ptfs.co.uk,False,0,0,False
UK,108323,anglia.ac.uk,False,1,0,True
UK,108566,perfume-click.co.uk,False,2,0,True
UK,108568,educationendowmentfoundation.org.uk,False,0,0,False
UK,108593,millets.co.uk,True,6,3,True
UK,108597,fixando.co.uk,False,0,1,True
UK,108605,evans.co.uk,False,0,0,False
UK,108624,38degrees.org.uk,False,0,0,True
UK,108801,nwemail.co.uk,False,1,0,True
UK,108847,modelflying.co.uk,False,0,0,False
UK,108859,hackney.gov.uk,False,0,0,True
UK,108914,atcdn.co.uk,False,0,0,False
UK,108924,ahdb.org.uk,False,0,0,True
UK,108933,stayinalive.org.uk,False,0,0,True
UK,108949,grattan.co.uk,False,2,0,True
UK,108978,theo2.co.uk,False,0,0,True
UK,109030,salvationarmy.org.uk,False,1,0,True
UK,109072,audi.co.uk,False,1,0,True
UK,109096,mamadgoli.co.uk,False,0,0,False
UK,109184,greatbritishlife.co.uk,False,1,0,True
UK,109187,devon.gov.uk,False,0,0,True
UK,109215,fashionunited.uk,False,0,0,True
UK,109409,history.ac.uk,False,0,0,False
UK,109432,connexone.co.uk,False,0,0,False
UK,109627,genealogistsforum.co.uk,False,0,0,True
UK,109728,equifax.co.uk,False,0,0,True
UK,109799,bo0ji.co.uk,False,0,0,False
UK,109818,communities.gov.uk,False,0,0,True
UK,109867,dh.gov.uk,False,0,0,False
UK,109953,stylight.co.uk,False,1,0,True
UK,110106,croneri.co.uk,False,0,0,False
UK,110338,thejockeyclub.co.uk,False,2,0,True
UK,110395,drive.co.uk,False,1,0,True
UK,110398,bbfc.co.uk,False,0,0,True
UK,110452,secondary-dns.co.uk,False,0,0,False
UK,110479,josephinesrestaurant.co.uk,False,2,0,True
UK,110512,postcodearea.co.uk,False,0,0,False
UK,110590,freeshipping-essential-apps.uk,False,0,0,False
UK,110626,fleetnews.co.uk,False,0,0,False
UK,110710,plasticoceans.uk,False,0,0,False
UK,110720,pubsgalore.co.uk,False,0,0,True
UK,110799,scatbooru.co.uk,False,0,0,True
UK,110865,hutton.ac.uk,False,2,0,True
UK,110989,newsshopper.co.uk,False,1,0,True
UK,111007,tsohost.co.uk,True,1,1,True
UK,111039,lateralperformance.co.uk,False,0,0,False
UK,111053,guysandstthomas.nhs.uk,False,0,0,True
UK,111058,dulux.co.uk,False,1,0,True
UK,111091,eurowines.co.uk,False,2,0,True
UK,111137,hsamuel.co.uk,False,3,0,True
UK,111174,cardfactory.co.uk,True,3,0,True
UK,111182,otib.co.uk,False,0,0,False
UK,111207,lcft.org.uk,False,0,0,True
UK,111275,csp.org.uk,False,0,0,True
UK,111290,airgunforums.co.uk,False,0,0,False
UK,111391,balancemeals.co.uk,False,0,0,True
UK,111477,spring.org.uk,False,0,0,True
UK,111533,ivebo.co.uk,False,0,0,False
UK,111563,supercontrol.co.uk,False,0,0,True
UK,111579,blacks.co.uk,True,6,3,True
UK,111651,chimnie.co.uk,False,0,0,True
UK,111706,moss.co.uk,False,1,0,True
UK,111734,avantiwestcoast.co.uk,False,0,0,True
UK,111741,wiltshire.gov.uk,False,0,0,False
UK,111759,merton.gov.uk,False,0,0,True
UK,111791,sweetenerfree.co.uk,False,0,0,True
UK,111832,bijoucoffee.co.uk,False,0,0,True
UK,111886,mercedes-benz.co.uk,False,0,0,True
UK,111949,saferinternet.org.uk,False,0,0,True
UK,112282,buyagift.co.uk,False,0,0,True
UK,112339,thestalkingdirectory.co.uk,False,0,0,True
UK,112368,canterbury.ac.uk,False,0,1,True
UK,112374,ipswichstar.co.uk,False,1,0,True
UK,112392,arrivabus.co.uk,False,0,0,False
UK,112406,cfdns.co.uk,False,0,0,False
UK,112415,libdems.org.uk,False,0,0,True
UK,112434,belfastcity.gov.uk,False,0,0,True
UK,112438,leicester.gov.uk,False,0,0,True
UK,112560,bis.gov.uk,False,0,0,False
UK,112659,chaoscards.co.uk,False,0,0,False
UK,112784,list.co.uk,False,0,0,True
UK,112833,juniperwebsites.co.uk,False,0,0,False
UK,112928,healthwatchsandwell.co.uk,False,0,0,True
UK,112951,barnsleyfc.org.uk,False,0,0,False
UK,112961,kempstoncontrols.co.uk,False,0,0,False
UK,113005,orange.co.uk,False,0,0,True
UK,113049,thecritic.co.uk,False,0,0,False
UK,113059,wwt.org.uk,False,0,0,True
UK,113071,manchesteruniversitypress.co.uk,False,0,0,False
UK,113095,gadgetwear.co.uk,True,3,0,True
UK,113105,bunkbedsstore.uk,True,1,1,True
UK,113113,downdetector.co.uk,False,0,0,False
UK,113162,thefarmingforum.co.uk,False,0,0,True
UK,113351,briangriffiths.co.uk,False,0,0,True
UK,113406,clarity-project.co.uk,False,0,0,False
UK,113413,firstchoice.co.uk,False,0,2,True
UK,113438,skyscanner-dns.co.uk,False,0,0,False
UK,113491,pacwebhosting.co.uk,False,0,0,False
UK,113562,brownsbfs.co.uk,False,0,0,False
UK,113584,llgc.org.uk,False,0,0,True
UK,113619,mi5.gov.uk,False,0,0,False
UK,113656,pcs.org.uk,False,0,0,False
UK,113684,denbighshire.gov.uk,False,1,0,True
UK,113718,nct.org.uk,False,0,0,True
UK,113791,cambridge.gov.uk,False,0,0,True
UK,113813,edgehill.ac.uk,False,0,0,True
UK,113836,as8607.co.uk,False,0,0,False
UK,113891,3-t.uk,False,0,0,False
UK,113913,alpinetrek.co.uk,False,2,0,True
UK,113932,ns1.nhs.uk,False,0,0,False
UK,113995,durham.gov.uk,False,0,0,True
UK,114051,heyplaces.co.uk,False,0,0,True
UK,114066,aerosus.co.uk,False,2,0,True
UK,114092,abgodnessmoto.co.uk,False,0,0,False
UK,114096,heritagefund.org.uk,False,0,0,True
UK,114149,mizanmizanesgh.co.uk,False,0,0,False
UK,114168,evo.co.uk,False,0,0,True
UK,114322,replacebase.co.uk,False,0,0,True
UK,114355,planetside.co.uk,False,1,0,True
UK,114365,systemmonitor.co.uk,False,0,0,True
UK,114380,karoo.co.uk,False,0,0,False
UK,114738,designcouncil.org.uk,False,0,0,True
UK,114864,rainsbrook.co.uk,False,0,0,True
UK,114902,glos.ac.uk,False,0,0,False
UK,114947,dealdoodle.co.uk,False,0,0,True
UK,114977,hounslow.gov.uk,False,0,0,True
UK,114993,zalando-lounge.co.uk,False,2,0,True
UK,115043,mydnshost.co.uk,False,0,0,True
UK,115052,beateatingdisorders.org.uk,False,0,0,True
UK,115068,vapeuk.co.uk,True,2,1,True
UK,115080,icnetwork.co.uk,False,0,0,False
UK,115247,sytner.co.uk,False,0,0,True
UK,115288,dns-service.co.uk,False,0,0,False
UK,115300,unbound.co.uk,False,0,0,False
UK,115425,thewire.co.uk,False,1,0,True
UK,115449,plymouth.gov.uk,False,0,0,True
UK,115485,restless.co.uk,False,0,0,False
UK,115547,hrmagazine.co.uk,False,0,0,False
UK,115609,simonandschuster.co.uk,False,0,0,False
UK,115618,severjadid.co.uk,False,0,0,False
UK,115726,newsapis.co.uk,False,0,0,False
UK,115731,johnlewis.co.uk,True,2,3,True
UK,115813,churchfarm.org.uk,False,0,0,False
UK,115856,nominet.org.uk,False,0,0,False
UK,115861,landyzone.co.uk,False,0,0,True
UK,115862,yha.org.uk,False,0,0,False
UK,115876,webeden.co.uk,False,0,0,True
UK,115901,praterraines.co.uk,False,0,0,True
UK,115991,oxfordowl.co.uk,False,0,0,True
UK,116163,govps.uk,False,0,0,False
UK,116194,landsend.co.uk,True,3,0,True
UK,116217,cheapflights.co.uk,False,1,0,True
UK,116357,forestry.gov.uk,False,0,0,False
UK,116463,birminghamairport.co.uk,False,0,0,False
UK,116465,schoolsweek.co.uk,False,0,0,False
UK,116511,apolloduck.co.uk,False,0,0,True
UK,116710,markselectrical.co.uk,False,2,0,True
UK,116725,luxurylifestylemag.co.uk,False,0,0,True
UK,116743,readingchronicle.co.uk,False,2,0,True
UK,116795,redpassion.co.uk,False,0,0,False
UK,116820,thinkuknow.co.uk,False,0,0,True
UK,116949,rakuten.co.uk,False,1,0,True
UK,117082,infinityhalo.co.uk,False,0,0,False
UK,117088,riverford.co.uk,False,0,0,False
UK,117123,goldsmiths.co.uk,True,5,2,True
UK,117199,ns4.nhs.uk,False,0,0,False
UK,117225,ns2.nhs.uk,False,0,0,False
UK,117230,ns3.nhs.uk,False,0,0,False
UK,117243,abertay.ac.uk,False,0,0,True
UK,117265,filmbooster.co.uk,False,0,0,True
UK,117389,thefragranceshop.co.uk,False,0,0,False
UK,117438,gndns.org.uk,False,0,0,False
UK,117458,foriran.co.uk,False,0,0,False
UK,117588,travelhealthpro.org.uk,False,0,0,True
UK,117609,finance-ni.gov.uk,False,0,0,True
UK,117614,childcare.co.uk,False,0,0,True
UK,117680,glory-glory.co.uk,False,0,0,True
UK,117737,unbiased.co.uk,False,0,0,True
UK,117872,closcloud.co.uk,False,0,0,False
UK,117877,doogal.co.uk,False,0,0,True
UK,117963,uncut.co.uk,False,0,0,False
UK,117995,obr.uk,False,0,0,True
UK,118066,fairtrade.org.uk,False,0,0,True
UK,118088,newsquest.co.uk,False,0,0,True
UK,118127,3cx.co.uk,False,0,0,False
UK,118131,ocr.org.uk,False,0,0,True
UK,118135,mainlinemenswear.co.uk,True,1,1,True
UK,118170,raifilm.org.uk,False,0,0,False
UK,118187,smmt.co.uk,False,0,0,True
UK,118203,superprof.co.uk,False,0,0,False
UK,118236,spreadshirt.co.uk,True,3,1,True
UK,118330,plusnet.co.uk,False,2,0,True
UK,118368,oxford.gov.uk,False,0,0,True
UK,118395,homebuilding.co.uk,False,0,0,True
UK,118417,islington.gov.uk,False,0,0,True
UK,118481,reachgeneric.co.uk,False,0,0,True
UK,118534,southwales.ac.uk,False,0,0,False
UK,118536,cardiffcityforum.co.uk,False,0,0,True
UK,118560,greenparty.org.uk,False,0,0,True
UK,118612,healthwatchtameside.co.uk,False,0,0,True
UK,118748,undiscoveredscotland.co.uk,False,0,0,True
UK,118753,fundraisingregulator.org.uk,False,0,0,True
UK,118822,nationaltrail.co.uk,False,1,0,True
UK,118835,accessable.co.uk,False,0,0,False
UK,118886,thekelleys.org.uk,False,0,0,True
UK,118966,somersetcountygazette.co.uk,False,1,0,True
UK,118971,virginexperiencedays.co.uk,True,1,1,True
UK,119008,lbhf.gov.uk,False,0,0,False
UK,119068,yorksj.ac.uk,False,0,0,True
UK,119102,retropie.org.uk,False,0,0,True
UK,119118,boroughmarket.org.uk,False,0,0,True
UK,119122,preservergardening.co.uk,False,0,0,True
UK,119147,cloudhosting.uk,False,0,0,False
UK,119221,chester.ac.uk,False,0,0,True
UK,119231,fscbiodiversity.uk,False,0,0,True
UK,119282,lewisham.gov.uk,False,0,0,True
UK,119318,poltronesofa.co.uk,True,3,1,True
UK,119330,fscore.org.uk,False,2,0,True
UK,119342,garden-buildings.uk,False,0,0,True
UK,119418,digitickets.co.uk,False,0,0,True
UK,119477,nottinghamcity.gov.uk,False,0,0,True
UK,119486,rcpch.ac.uk,False,0,0,True
UK,119521,rsph.org.uk,False,0,0,True
UK,119536,molineuxmix.co.uk,False,0,0,False
UK,119574,ukcampsite.co.uk,False,0,0,False
UK,119598,shropshire.gov.uk,False,0,0,True
UK,119675,liveboxserver.uk,False,0,0,False
UK,119708,oup.co.uk,False,0,0,False
UK,119745,ramblers.org.uk,False,0,0,False
UK,119765,pcspecialist.co.uk,False,0,0,False
UK,119804,bristolairport.co.uk,False,0,0,False
UK,119859,spartoo.co.uk,False,0,0,True
UK,119866,lancaster.gov.uk,False,0,0,True
UK,120076,e-lfh.org.uk,False,0,0,True
UK,120098,motorway.co.uk,False,1,0,True
UK,120124,northernrailway.co.uk,False,0,0,True
UK,120146,echo.net.uk,False,0,0,False
UK,120190,basw.co.uk,False,0,0,True
UK,120255,carehome.co.uk,False,0,0,True
UK,120279,condorwines.co.uk,False,0,0,True
UK,120363,theacademicpapers.co.uk,False,0,0,False
UK,120443,uws.ac.uk,False,1,0,True
UK,120540,u-buy.co.uk,False,0,0,False
UK,120635,geolsoc.org.uk,False,2,0,True
UK,120638,mukhost.uk,False,2,0,True
UK,120661,uwtsd.ac.uk,False,0,0,True
UK,120668,dot-dns.co.uk,False,0,0,False
UK,120711,footlocker.co.uk,True,6,1,True
UK,120712,creation.co.uk,False,0,0,True
UK,120797,acousticboutique.co.uk,False,1,0,True
UK,120861,mdfskirtingmouldings.co.uk,True,2,2,True
UK,120862,flyer.co.uk,False,0,0,False
UK,120900,mamadali.co.uk,False,0,0,False
UK,120976,blood.co.uk,False,0,0,True
UK,121004,iea.org.uk,False,0,0,True
UK,121017,gracesguide.co.uk,False,0,0,True
UK,121059,ayrcacti.org.uk,False,0,0,False
UK,121068,diamond.ac.uk,False,0,0,False
UK,121073,london-fire.gov.uk,False,0,0,True
UK,121084,ealing.gov.uk,False,0,0,True
UK,121115,europub.co.uk,False,0,0,True
UK,121193,frc.org.uk,False,0,0,True
UK,121282,cots4tots.co.uk,True,2,1,True
UK,121287,towerhamlets.gov.uk,False,0,0,True
UK,121297,englandnetball.co.uk,False,0,0,False
UK,121315,frydge.uk,True,1,1,True
UK,121340,lively.org.uk,True,3,2,True
UK,121356,morningstar.co.uk,False,0,0,True
UK,121485,radio-uk.co.uk,False,0,0,True
UK,121555,tuinmaximaal.co.uk,True,3,0,True
UK,121627,sltarchive.co.uk,False,0,0,False
UK,121674,healthcareers.nhs.uk,False,0,0,True
UK,121686,motability.co.uk,False,0,0,True
UK,121687,gareth.uk,False,0,0,True
UK,121787,krystal.co.uk,False,0,0,True
UK,121831,hastim.co.uk,False,0,0,False
UK,121868,citizenwatch.co.uk,False,0,0,False
UK,121982,hampshirechronicle.co.uk,False,1,0,True
UK,121992,megalithic.co.uk,False,0,0,True
UK,122007,arstechnica.co.uk,False,0,0,True
UK,122018,lookers.co.uk,False,0,0,True
UK,122059,axa.co.uk,False,0,2,True
UK,122219,bcpcouncil.gov.uk,False,0,0,True
UK,122243,lincsonline.co.uk,False,0,0,True
UK,122320,jaydenha.uk,False,0,0,True
UK,122419,haringey.gov.uk,False,0,0,True
UK,122434,purina.co.uk,False,0,2,True
UK,122451,harlock.co.uk,False,0,0,True
UK,122470,advertsource.co.uk,False,0,0,False
UK,122531,barnet.gov.uk,False,0,0,True
UK,122603,hometreadmills.uk,True,1,1,True
UK,122620,rcp.ac.uk,False,0,0,True
UK,122667,cbi.org.uk,False,0,0,False
UK,122673,victimsupport.org.uk,False,0,0,False
UK,122686,yourwhc.co.uk,False,0,0,False
UK,122746,childrenscommissioner.gov.uk,False,1,0,True
UK,122764,its.co.uk,False,0,0,False
UK,122792,foodandfuel.co.uk,False,0,0,True
UK,122842,argyll-bute.gov.uk,False,0,0,True
UK,122860,imperial.nhs.uk,False,0,0,False
UK,122921,now-sale.co.uk,False,0,0,False
UK,122990,nmc.org.uk,False,1,0,True
UK,123070,select-build.co.uk,False,0,0,False
UK,123090,simbahosting.co.uk,False,2,0,True
UK,123188,sportwitness.co.uk,False,1,0,True
UK,123241,webwiki.co.uk,False,0,0,False
UK,123243,puntosports.co.uk,False,0,0,False
UK,123280,cambridgecandlecompany.co.uk,False,0,0,True
UK,123287,draytek.co.uk,False,0,0,True
UK,123380,regmedia.co.uk,False,0,0,False
UK,123451,ottolenghi.co.uk,True,4,2,True
UK,123537,vitality.co.uk,False,0,0,False
UK,123595,attitude.co.uk,False,0,0,True
UK,123722,tjswebservices.co.uk,False,0,0,True
UK,123808,purplebricks.co.uk,False,0,0,True
UK,123915,moegirl.uk,False,0,0,False
UK,123932,newreg.co.uk,False,2,0,True
UK,124008,thetablet.co.uk,False,0,0,False
UK,124025,aberdeenshire.gov.uk,False,0,0,True
UK,124035,doncasterfreepress.co.uk,False,0,0,False
UK,124045,bissell.co.uk,True,3,1,True
UK,124129,warnerbros.co.uk,False,1,0,True
UK,124150,opodo.co.uk,False,0,0,True
UK,124268,icr.ac.uk,False,0,0,False
UK,124272,jewson.co.uk,True,2,1,True
UK,124278,ceop.police.uk,False,0,0,True
UK,124325,wind-walks.uk,False,0,0,True
UK,124326,deliciousmagazine.co.uk,False,0,0,False
UK,124354,lebara.co.uk,False,0,0,False
UK,124358,valsparpaint.co.uk,False,2,0,True
UK,124390,cambridgeshire.gov.uk,False,1,0,True
UK,124433,comlaude.co.uk,False,0,0,False
UK,124485,hatchetandbear.co.uk,False,0,0,True
UK,124492,powertoolsonline.uk,True,1,1,True
UK,124520,universitiesuk.ac.uk,False,0,0,False
UK,124615,jinxandjack.co.uk,False,0,0,False
UK,124702,supremeservers.co.uk,False,0,0,False
UK,124729,wandsworth.gov.uk,False,0,0,True
UK,124755,crisis.org.uk,False,0,0,True
UK,124893,cnet.co.uk,False,0,0,False
UK,124895,cuh.nhs.uk,False,0,0,True
UK,124900,knightfrank.co.uk,False,0,0,True
UK,125037,jewishnews.co.uk,False,0,0,False
UK,125088,britishchambers.org.uk,False,0,0,True
UK,125164,heuro.org.uk,False,0,0,True
UK,125173,visn.co.uk,False,0,0,True
UK,125183,meccanoscotland.org.uk,False,0,0,False
UK,125186,hippynet.co.uk,False,1,0,True
UK,125230,skybluestalk.co.uk,False,0,0,True
UK,125238,buckingham.ac.uk,False,0,0,True
UK,125323,nepsec.org.uk,False,0,0,True
UK,125336,thedonkeysanctuary.org.uk,False,0,0,False
UK,125476,meccanoindex.co.uk,False,0,0,False
UK,125534,stwater.co.uk,False,0,0,True
UK,125551,buyspares.co.uk,False,0,0,False
UK,125605,loganair.co.uk,False,0,0,True
UK,125642,oneturf.co.uk,False,0,0,True
UK,125646,poundland.co.uk,True,2,3,True
UK,125668,host100.co.uk,False,0,0,True
UK,125695,boltsfiredoors.co.uk,False,0,0,False
UK,126003,islandecho.co.uk,False,0,0,False
UK,126154,springest.co.uk,False,0,0,True
UK,126176,peta.org.uk,False,0,0,False
UK,126215,saheledarya.co.uk,False,0,0,False
UK,126319,vidaxl.co.uk,True,3,0,True
UK,126320,royalcollection.org.uk,False,0,0,False
UK,126327,arden.ac.uk,False,0,0,True
UK,126341,dragoongaming.co.uk,True,3,1,True
UK,126540,booktrust.org.uk,False,0,0,True
UK,126611,techweld.co.uk,False,1,0,True
UK,126657,cadbury.co.uk,False,0,2,True
UK,126869,yourparkingspace.co.uk,False,1,0,True
UK,126919,lincolnshire.gov.uk,False,0,0,True
UK,127040,outlived.co.uk,False,0,0,False
UK,127059,constructionnews.co.uk,False,0,0,True
UK,127060,motors.co.uk,False,0,0,False
UK,127072,cpag.org.uk,False,0,0,False
UK,127076,fightingrobots.co.uk,False,0,0,False
UK,127131,guitarguitar.co.uk,False,2,0,True
UK,127212,snipesocial.co.uk,False,0,0,False
UK,127220,fmb.org.uk,False,0,2,True
UK,127267,enfield.gov.uk,False,0,0,False
UK,127324,consultancy.uk,False,0,0,True
UK,127378,naturalengland.org.uk,False,0,0,False
UK,127493,kingston.gov.uk,False,0,0,True
UK,127504,lancashire.ac.uk,False,0,0,True
UK,127522,friday-ad.co.uk,False,0,0,False
UK,127566,ct.uk,False,0,0,True
UK,127619,tgjonesonline.co.uk,False,0,0,False
UK,127635,cableforum.uk,False,0,0,True
UK,127647,towerbridge.org.uk,False,0,0,True
UK,127652,jmp2.uk,False,0,0,False
UK,127677,itgovernance.co.uk,False,2,0,True
UK,127684,fenwick.co.uk,True,3,1,True
UK,127687,sefton.gov.uk,False,0,0,True
UK,127713,themag.co.uk,False,0,0,True
UK,127816,dotmailer.co.uk,False,0,0,True
UK,127852,bedkingdom.co.uk,True,4,0,True
UK,127876,managers.org.uk,False,0,0,True
UK,128011,odbsa.co.uk,False,0,0,False
UK,128032,northumberland.gov.uk,False,0,0,True
UK,128076,montessorijobsuk.co.uk,False,0,0,False
UK,128088,broadcastnow.co.uk,False,0,0,True
UK,128127,havering.gov.uk,False,0,0,True
UK,128210,crick.ac.uk,False,0,0,False
UK,128238,brass-works.co.uk,True,4,0,True
UK,128244,viking-direct.co.uk,True,3,0,True
UK,128321,newport.gov.uk,False,0,0,False
UK,128403,monster.co.uk,False,0,0,False
UK,128451,vegas-hero.uk,False,0,0,True
UK,128462,thecambridgecandlecompany.co.uk,False,0,0,True
UK,128475,britishlistedbuildings.co.uk,False,0,0,True
UK,128555,alcoholchange.org.uk,False,0,0,True
UK,128678,uktv.co.uk,False,0,0,True
UK,128695,bradford.gov.uk,False,0,0,True
UK,128705,utilita.co.uk,False,0,0,True
UK,128733,richmond.gov.uk,False,0,0,True
UK,128830,data.net.uk,False,0,0,False
UK,128849,newham.gov.uk,False,0,0,True
UK,128942,cheshire-live.co.uk,False,0,0,True
UK,129063,k-hosting.co.uk,False,0,0,True
UK,129093,thelincolnite.co.uk,False,0,0,False
UK,129105,rielty.co.uk,False,0,0,True
UK,129115,solent.ac.uk,False,1,0,True
UK,129158,linguee.co.uk,False,0,0,True
UK,129219,citb.co.uk,False,0,0,True
UK,129291,medexpress.co.uk,False,0,0,True
UK,129292,mynetns.co.uk,False,0,0,False
UK,129393,swansea.gov.uk,False,0,0,False
UK,129480,yarypple.co.uk,False,0,0,False
UK,129518,livetvstream.co.uk,False,0,0,False
UK,129541,yalehomesystem.co.uk,False,0,0,False
UK,129678,number10.gov.uk,False,0,0,True
UK,129756,plouise.co.uk,True,4,2,True
UK,129792,socialistworker.co.uk,False,0,0,False
UK,129839,suffolk.gov.uk,False,0,0,True
UK,129896,extinctionrebellion.uk,False,0,0,True
UK,129908,metooo.co.uk,False,0,0,True
UK,129909,lavazemi2.co.uk,False,0,0,False
UK,129978,mizaneshgh2.co.uk,False,0,0,False
UK,130030,princes-trust.org.uk,False,0,0,True
UK,130063,essex.gov.uk,False,0,0,True
UK,130085,advance-he.ac.uk,False,0,0,True
UK,130110,lavazemi5.co.uk,False,0,0,False
UK,130146,serverworld.uk,False,0,0,False
UK,130165,freestart.plc.uk,False,0,0,True
UK,130192,euronics.co.uk,True,2,0,True
UK,130444,hosts.co.uk,False,2,0,True
UK,130449,uclh.nhs.uk,False,0,0,False
UK,130564,stnicholascommunitycentre.co.uk,False,0,0,True
UK,130606,thirdsector.co.uk,False,0,0,False
UK,130717,comlaude-dns.co.uk,False,0,0,False
UK,130724,dentohygiene.co.uk,False,0,0,True
UK,130737,deloitte.co.uk,False,0,0,True
UK,130751,hannants.co.uk,False,2,0,True
UK,130852,refuge.org.uk,False,0,0,True
UK,130866,ciaude.co.uk,False,0,0,False
UK,130974,marcus.co.uk,False,0,0,False
UK,131000,motorscan.co.uk,False,0,0,False
UK,131061,dumaniltd.co.uk,False,0,0,False
UK,131171,hm-treasury.gov.uk,False,0,0,False
UK,131349,york.gov.uk,False,0,0,True
UK,131394,douglashistory.co.uk,False,0,0,True
UK,131553,stoke.gov.uk,False,0,0,True
UK,131613,ukplanettools.co.uk,False,0,0,False
UK,131639,tapi.co.uk,False,2,0,True
UK,131751,insidehousing.co.uk,False,0,0,True
UK,131798,scottishfa.co.uk,False,0,0,True
UK,131800,lloydsbanking.co.uk,False,0,0,False
UK,131806,youngtheatre.co.uk,False,0,0,False
UK,131840,outsourcedbusinessadmin.co.uk,False,0,0,False
UK,131865,gloucestershire.gov.uk,False,0,0,True
UK,131892,holcombespa.co.uk,False,0,0,True
UK,131945,m87.co.uk,False,0,0,True
UK,132123,wirralglobe.co.uk,False,1,0,True
UK,132137,housepricefinder.co.uk,False,0,0,True
UK,132177,presstv.co.uk,False,0,0,True
UK,132179,babraham.ac.uk,False,0,0,True
UK,132282,machinemart.co.uk,False,0,0,False
UK,132290,middlesbrough.gov.uk,False,0,0,False
UK,132307,bletchleypark.org.uk,False,0,0,True
UK,132340,diagnostics.org.uk,False,0,0,False
UK,132386,gap.co.uk,False,2,0,True
UK,132457,viagogo.co.uk,False,0,0,False
UK,132480,renault.co.uk,False,0,0,True
UK,132493,unilocal.co.uk,False,0,0,True
UK,132504,alphapay.co.uk,False,0,0,True
UK,132629,vidahost.co.uk,False,0,0,False
UK,132647,premiumcues.co.uk,True,3,0,True
UK,132648,locostbuilders.co.uk,False,0,0,True
UK,132675,lavazemi1.co.uk,False,0,0,False
UK,132721,noc.ac.uk,False,0,0,True
UK,132736,ourtime.co.uk,False,0,0,True
UK,132779,pavers.co.uk,True,4,0,True
UK,132787,varfootball.co.uk,False,0,0,False
UK,132837,prlved.co.uk,True,2,2,True
UK,132846,computinghistory.org.uk,False,0,0,True
UK,132931,nanaz.co.uk,False,0,0,False
UK,133154,varfootball2.co.uk,False,0,0,False
UK,133155,scienceandmediamuseum.org.uk,False,0,0,True
UK,133184,1000rr.co.uk,False,0,0,True
UK,133208,absolute-snow.co.uk,False,1,0,True
UK,133348,calmac.co.uk,False,0,0,True
UK,133411,harrypottershop.co.uk,True,3,2,True
UK,133472,vidacloud.co.uk,False,0,0,False
UK,133481,nufc.co.uk,False,0,0,True
UK,133495,toob.co.uk,False,0,1,True
UK,133540,londonmarathonevents.co.uk,False,1,0,True
UK,133551,apm.org.uk,False,0,0,True
UK,133556,joancee.co.uk,False,0,0,False
UK,133623,ukbusinessforums.co.uk,False,0,0,True
UK,133626,eurosport.co.uk,False,0,0,True
UK,133690,crona-extra.co.uk,False,0,0,False
UK,133745,somerset.gov.uk,False,0,0,True
UK,133829,herald.co.uk,False,0,0,True
UK,133892,redbackinternet.co.uk,False,0,0,False
UK,133962,edinburghjesuitcentre.org.uk,False,0,0,True
UK,133980,chrisolley.co.uk,False,0,0,True
UK,133993,icb.nhs.uk,False,0,0,False
UK,134013,oneguyfrombarlick.co.uk,False,0,0,False
UK,134020,cumbria.ac.uk,False,0,0,True
UK,134031,theknittingnetwork.co.uk,True,4,1,True
UK,134178,canterbury.gov.uk,False,0,0,True
UK,134224,cardiffmet.ac.uk,False,0,0,True
UK,134279,m0yng.uk,False,0,0,True
UK,134288,mediahubcorp.uk,False,0,0,False
UK,134336,mailbox.net.uk,False,0,0,True
UK,134367,facethefuture.co.uk,True,4,0,True
UK,134394,digikey.co.uk,False,0,0,False
UK,134477,vauxhall.co.uk,False,0,0,True
UK,134598,wbs.ac.uk,False,0,0,True
UK,134822,reading.gov.uk,False,0,0,True
UK,134828,o2r53ctp.co.uk,False,0,0,False
UK,134865,barrheadtravel.co.uk,False,0,0,True
UK,134909,investorschronicle.co.uk,False,0,0,False
UK,134928,pdxnet.uk,False,0,0,False
UK,134989,responsiblecare.uk,False,0,0,False
UK,135008,jobtrain.co.uk,False,0,0,True
UK,135010,genuki.org.uk,False,0,0,True
UK,135041,haystravel.co.uk,False,0,0,True
UK,135050,frenchcarforum.co.uk,False,0,0,True
UK,135094,indeed.co.uk,False,0,0,False
UK,135137,mobiles.co.uk,False,0,0,False
UK,135179,2day.uk,False,0,0,True
UK,135187,rdit.uk,False,0,0,True
UK,135207,yourlocalguardian.co.uk,False,1,0,True
UK,135346,americangolf.co.uk,True,5,0,True
UK,135358,templerecords.co.uk,False,1,0,True
UK,135463,crystalroof.co.uk,False,0,0,False
UK,135492,highspeedtraining.co.uk,True,2,1,True
UK,135627,bdadyslexia.org.uk,False,1,0,True
UK,135820,thefretboard.co.uk,False,0,0,False
UK,135845,directferries.co.uk,False,0,0,False
UK,135900,streetwines.co.uk,False,3,0,True
UK,135950,dpdlocal.co.uk,False,0,0,True
UK,135951,vanguardinvestor.co.uk,False,0,0,True
UK,136033,natcen.ac.uk,False,0,0,True
UK,136148,pourmoi.co.uk,False,0,0,False
UK,136186,pulsetoday.co.uk,False,0,0,False
UK,136254,brooktaverner.co.uk,True,3,1,True
UK,136259,netexpectations.co.uk,False,0,0,False
UK,136273,supps101.co.uk,False,4,0,True
UK,136286,childrenssociety.org.uk,False,0,0,True
UK,136340,footballleagueworld.co.uk,False,0,0,True
UK,136414,fonab.co.uk,False,1,0,True
UK,136513,building.co.uk,False,0,0,True
UK,136559,fenews.co.uk,False,3,0,True
UK,136613,thesolesupplier.co.uk,False,0,1,True
UK,136725,idnet.co.uk,False,0,0,False
UK,136840,infraportal.org.uk,False,0,0,False
UK,136872,linn.co.uk,False,0,0,True
UK,137243,iris.co.uk,False,0,0,True
UK,137314,bristoluniversitypress.co.uk,False,0,0,False
UK,137335,caragordacantina.co.uk,False,0,0,True
UK,137369,tlc-direct.co.uk,False,1,0,True
UK,137419,vingardium.co.uk,False,0,0,False
UK,137558,introversion.co.uk,False,0,0,True
UK,137573,mypasswordapp.co.uk,False,0,0,True
UK,137583,shambelile.co.uk,False,0,0,False
UK,137617,peakdistrict.gov.uk,False,0,0,False
UK,137633,vafadari.co.uk,False,0,0,False
UK,137645,meteocentre.co.uk,False,0,0,True
UK,137654,sthelensstar.co.uk,False,1,0,True
UK,137669,eastsussex.gov.uk,False,0,0,True
UK,137674,suodbo.co.uk,False,0,0,False
UK,137847,walsall.gov.uk,False,0,0,True
UK,137917,box.co.uk,False,0,0,False
UK,138025,law.ac.uk,False,0,0,True
UK,138061,hillarys.co.uk,False,0,0,False
UK,138074,fielddoctor.co.uk,False,1,0,True
UK,138195,bolton.ac.uk,False,0,0,True
UK,138342,cim.co.uk,False,1,0,True
UK,138431,hertfordshire.gov.uk,False,0,0,True
UK,138542,localhomeservicesblog.co.uk,False,0,0,True
UK,138547,animed.co.uk,True,5,1,True
UK,138690,nottinghamforest.co.uk,False,0,0,True
UK,138721,metrobankonline.co.uk,False,0,0,True
UK,138797,cherryred.co.uk,True,4,1,True
UK,138850,coventrybuildingsociety.co.uk,False,0,0,True
UK,138978,digital-kaos.co.uk,False,0,0,False
UK,139104,campsites.co.uk,False,0,0,True
UK,139258,free-online.co.uk,False,0,0,False
UK,139383,jojomamanbebe.co.uk,False,2,0,True
UK,139429,greenocktelegraph.co.uk,False,1,0,True
UK,139438,salford.gov.uk,False,0,0,True
UK,139507,bathspa.ac.uk,False,0,0,True
UK,139572,thebeachguide.co.uk,False,0,0,True
UK,139581,foxtons.co.uk,False,0,2,True
UK,139603,toolden.co.uk,False,0,0,False
UK,139749,ecclesramblingclub.co.uk,False,0,0,False
UK,139785,popsugar.co.uk,False,1,0,True
UK,139847,80scasualclassics.co.uk,True,2,2,True
UK,140077,turbodns.co.uk,False,0,0,False
UK,140083,birtles.org.uk,False,0,0,True
UK,140108,bedford.gov.uk,False,0,0,True
UK,140124,speedway-forum.co.uk,False,0,0,True
UK,140198,quickhost.uk,False,1,0,True
UK,140287,railadvent.co.uk,False,4,0,True
UK,140371,alldatasheet.co.uk,False,0,0,False
UK,140471,dfid.gov.uk,False,0,0,False
UK,140479,novatech.co.uk,False,0,0,False
UK,140495,wowhd.co.uk,False,0,0,False
UK,140641,standardmigration.co.uk,False,0,0,True
UK,140700,hillingdon.gov.uk,False,0,0,True
UK,140781,rnid.org.uk,False,0,0,True
UK,140793,greenwichcommunitydirectory.org.uk,False,0,0,True
UK,141117,rcvs.org.uk,False,0,0,True
UK,141203,myringgo.co.uk,False,0,0,True
UK,141207,bromley.gov.uk,False,0,0,True
UK,141247,inventryanywhere.co.uk,False,0,0,False
UK,141259,traditionalmusic.co.uk,False,1,0,True
UK,141262,moggers.co.uk,False,0,0,True
UK,141295,royalgreenwich.gov.uk,False,0,0,True
UK,141306,hostinger.co.uk,False,0,3,True
UK,141320,sunbingo.co.uk,False,0,0,True
UK,141332,nildram.co.uk,False,0,0,True
UK,141364,scholastic.co.uk,False,2,0,True
UK,141399,sioms.co.uk,False,0,0,False
UK,141645,cryptodaily.co.uk,False,0,0,True
UK,141665,gamblersanonymous.org.uk,False,0,0,False
UK,141707,visitbath.co.uk,False,1,0,True
UK,141719,ingenico.co.uk,False,0,0,True
UK,141720,boxed2me.co.uk,True,3,2,True
UK,141763,netweaver.uk,False,0,0,True
UK,141810,westlothian.gov.uk,False,0,0,True
UK,141827,jelmer.uk,False,1,0,True
UK,141831,gridhost.co.uk,False,0,0,False
UK,141925,tekioncloud.co.uk,False,0,0,False
UK,141985,yourweather.co.uk,False,0,0,True
UK,142087,mtgsy.co.uk,False,0,0,False
UK,142094,calvinklein.co.uk,False,4,0,True
UK,142196,xcweather.co.uk,False,0,0,True
UK,142254,luton.gov.uk,False,0,0,True
UK,142296,bricksandlogic.co.uk,False,0,0,False
UK,142318,rselectricalsupplies.co.uk,True,4,1,True
UK,142609,hopenothate.org.uk,False,0,0,False
UK,142658,siniat.co.uk,True,1,1,True
UK,142799,sixty-four.co.uk,False,0,0,False
UK,142845,gtxgaming.co.uk,True,2,1,True
UK,142928,mandimart.co.uk,True,4,0,True
UK,142938,guidedogs.org.uk,False,0,0,True
UK,143022,foe.co.uk,False,0,0,True
UK,143029,sandwell.gov.uk,False,0,0,True
UK,143100,buckinghamshire.gov.uk,False,0,0,True
UK,143137,fieldandmoor.co.uk,True,4,0,True
UK,143239,ph9.co.uk,False,0,0,False
UK,143285,emp.co.uk,True,3,0,True
UK,143411,wolverhampton.gov.uk,False,0,0,True
UK,143415,techround.co.uk,False,0,0,True
UK,143553,walthamforest.gov.uk,False,0,0,True
UK,143580,cloudhosting.co.uk,False,0,0,False
UK,143629,omlet.co.uk,True,2,2,True
UK,143732,siemens.co.uk,True,1,1,True
UK,143734,calderdale.gov.uk,False,0,0,True
UK,143777,valmira.co.uk,False,0,0,False
UK,143806,1st4domains.co.uk,False,0,0,False
UK,143824,highland.gov.uk,False,0,0,True
UK,143848,a4uc.co.uk,False,0,0,False
UK,144047,smarty.co.uk,False,0,0,True
UK,144100,aegon.co.uk,False,0,0,True
UK,144224,brandselection.co.uk,False,0,0,True
UK,144225,parkopedia.co.uk,False,0,0,False
UK,144559,actuaries.org.uk,False,0,0,True
UK,144658,randstad.co.uk,False,0,0,True
UK,144774,hawking.org.uk,False,0,0,True
UK,144803,leics.gov.uk,False,0,0,True
UK,144825,ownersgroup.co.uk,False,0,0,True
UK,144853,uktvapi.co.uk,False,0,0,False
UK,144920,hesa.ac.uk,False,0,0,False
UK,144963,packagingnews.co.uk,False,1,0,True
UK,144972,demos.co.uk,False,0,0,True
UK,145004,techadvisor.co.uk,False,0,0,True
UK,145010,london-business-conferences.co.uk,False,1,0,True
UK,145028,casino-utan-svensk-licens.co.uk,False,0,0,False
UK,145152,minisoshop.co.uk,False,0,0,True
UK,145196,blablacar.co.uk,False,0,0,False
UK,145215,curvissa.co.uk,False,0,0,False
UK,145302,oldham.gov.uk,False,0,0,True
UK,145420,zon-b0z.co.uk,False,0,0,False
UK,145463,actionforchildren.org.uk,False,1,0,True
UK,145465,lighting-direct.co.uk,True,8,1,True
UK,145476,ouh.nhs.uk,False,0,0,True
UK,145584,eif.co.uk,False,1,0,True
UK,145620,gchq.gov.uk,False,0,0,True
UK,145668,hillier.co.uk,False,0,0,False
UK,145729,davidlloyd.co.uk,False,0,0,True
UK,145852,bbcrewind.co.uk,False,0,0,True
UK,145865,affordablegolf.co.uk,True,3,1,True
UK,145881,tmlewin.co.uk,True,2,1,True
UK,145890,discountdisplays.co.uk,False,0,0,False
UK,145911,bargainhosts.co.uk,False,1,0,True
UK,145915,mediastorehouse.co.uk,False,0,0,True
UK,145969,ahaleaflets.co.uk,False,3,0,True
UK,145997,sseln.org.uk,False,0,0,True
UK,146220,ulst.ac.uk,False,0,0,False
UK,146222,constructionmate.co.uk,False,0,0,True
UK,146272,aboutamazon.co.uk,False,0,0,True
UK,146391,dec.org.uk,False,0,0,True
UK,146415,blaydon-race.co.uk,False,1,0,True
UK,146423,freedom-leisure.co.uk,False,0,0,True
UK,146444,uksrv.co.uk,False,0,0,False
UK,146477,regtransfers.co.uk,False,0,0,False
UK,146506,msn.co.uk,False,0,0,True
UK,146526,zendesk.co.uk,True,1,2,True
UK,146601,thebarcodewarehouse.co.uk,False,2,0,True
UK,146653,damart.co.uk,True,3,0,True
UK,146692,souschef.co.uk,True,4,2,True
UK,146707,name-generator.org.uk,False,0,0,True
UK,146709,snape-pc.gov.uk,False,0,0,True
UK,146750,michelin.co.uk,False,0,0,True
UK,146792,afcb.co.uk,False,0,0,True
UK,146794,fantasyfootballhub.co.uk,False,0,0,True
UK,146841,goodsixty.co.uk,False,0,0,False
UK,146858,motor-doctor.co.uk,False,0,0,False
UK,146864,oakfurnitureland.co.uk,False,2,0,True
UK,146906,list-fg.co.uk,False,0,0,False
UK,146915,pasoti.co.uk,False,0,0,True
UK,146922,peabody.org.uk,False,0,0,True
UK,147009,bakerross.co.uk,True,3,0,True
UK,147050,fantasticfiction.co.uk,False,0,0,False
UK,147060,swbroadband.co.uk,False,0,0,True
UK,147100,lostmss.org.uk,False,0,0,True
UK,147135,meshki.co.uk,False,0,0,False
UK,147265,rapecrisis.org.uk,False,0,0,True
UK,147344,ndirect.co.uk,False,0,0,False
UK,147453,pcreview.co.uk,False,0,0,True
UK,147503,fsa.gov.uk,False,0,0,False
UK,147508,rootssh2.co.uk,False,0,0,False
UK,147579,bestbroadbanddeals.co.uk,False,0,3,True
UK,147614,chortle.co.uk,False,0,0,True
UK,147639,sage.co.uk,False,0,0,False
UK,147761,adventuregamestudio.co.uk,False,0,0,True
UK,147832,craigmurray.org.uk,False,0,0,True
UK,148016,electricalsafetyfirst.org.uk,False,0,0,True
UK,148076,bondara.co.uk,False,0,0,False
UK,148240,girlguiding.org.uk,False,0,0,False
UK,148256,coramfamilylives.org.uk,False,0,0,True
UK,148273,diversitydashboard.co.uk,False,0,0,True
UK,148407,lakedistrict.gov.uk,False,0,0,True
UK,148456,anxietyuk.org.uk,False,3,0,True
UK,148506,ukdataservice.ac.uk,False,0,0,True
UK,148685,varsity.co.uk,False,0,0,True
UK,148705,sunderland.gov.uk,False,0,0,False
UK,148737,familylives.org.uk,False,0,0,True
UK,148825,jiscmail.ac.uk,False,0,0,False
UK,149025,10bet.co.uk,False,0,0,True
UK,149118,falmouth.ac.uk,False,0,0,False
UK,149126,vevor.co.uk,False,3,0,True
UK,149177,claygate.co.uk,False,0,0,True
UK,149203,horniman.ac.uk,False,2,0,True
UK,149285,railwaymuseum.org.uk,False,0,0,True
UK,149296,onskioo.co.uk,False,0,0,True
UK,149327,fanatics.co.uk,False,0,0,False
UK,149426,tinkerer.co.uk,True,3,0,True
UK,149438,virginradio.co.uk,False,0,0,True
UK,149439,livemail.co.uk,True,1,1,True
UK,149506,getreading.co.uk,False,0,0,True
UK,149647,herefordshire.gov.uk,False,0,0,True
UK,149861,wfda.co.uk,False,0,0,True
UK,149883,openhouse.org.uk,False,1,0,True
UK,150047,sepa.org.uk,False,0,0,True
UK,150166,papajohns.co.uk,False,2,0,True
UK,150221,thebmc.co.uk,False,0,0,True
UK,150306,filmstories.co.uk,False,0,0,True
UK,150334,businesscloud.co.uk,False,0,0,True
UK,150401,indymedia.org.uk,False,0,0,True
UK,150403,radley.co.uk,True,2,1,True
UK,150418,zestate.co.uk,False,0,0,False
UK,150529,startfitness.co.uk,True,3,2,True
UK,150535,vivavoice.uk,False,0,0,True
UK,150565,holidayextras.co.uk,False,0,3,True
UK,150679,howrse.co.uk,False,0,0,True
UK,150788,furniture123.co.uk,False,3,0,True
UK,150807,ukposters.co.uk,False,0,0,False
UK,150839,blurb.co.uk,False,2,0,True
UK,150880,gousto.co.uk,False,2,0,True
UK,150931,well.co.uk,False,0,0,False
UK,150986,theposhtrust.co.uk,False,0,0,True
UK,151016,amcsdns.co.uk,False,0,0,False
UK,151117,nettoyou2.co.uk,False,0,0,False
UK,151143,npsa.gov.uk,False,0,0,False
UK,151182,fishersci.co.uk,False,4,0,True
UK,151192,scienceandindustrymuseum.org.uk,False,0,0,True
UK,151407,ukbackorder.uk,False,0,0,True
UK,151450,theexeterdaily.co.uk,False,0,0,True
UK,151486,fool.co.uk,False,0,0,True
UK,151555,ecommercedns.uk,False,0,0,False
UK,151563,college.police.uk,False,0,0,False
UK,151587,zoneedit.co.uk,False,0,0,False
UK,151765,thenewworld.co.uk,False,0,0,True
UK,151783,adjacentoilandgas.co.uk,False,0,0,True
UK,151792,sdcc.org.uk,False,0,0,True
UK,151855,shadestation.co.uk,False,0,0,False
UK,151902,officeforstudents.org.uk,False,0,0,True
UK,151954,ziprecruiter.co.uk,False,0,0,False
UK,151992,nesrf.org.uk,False,0,0,True
UK,152012,kaspersky.co.uk,False,1,0,True
UK,152026,awmdm.co.uk,False,0,0,False
UK,152122,hfea.gov.uk,False,0,0,True
UK,152132,netpresto.co.uk,False,0,0,True
UK,152153,jeanscene.co.uk,True,2,1,True
UK,152269,sjp.co.uk,False,0,0,True
UK,152279,ironmongerydirect.co.uk,False,0,0,False
UK,152301,brc.org.uk,False,0,0,True
UK,152441,gizmodo.co.uk,False,0,0,True
UK,152490,sellingantiques.co.uk,False,1,0,True
UK,152592,lspm.org.uk,False,0,0,True
UK,152606,setion-two.co.uk,False,0,0,False
UK,152760,little-forest.uk,False,0,0,False
UK,152776,scotland.police.uk,False,0,0,True
UK,153011,yopa.co.uk,False,0,0,True
UK,153012,pokerstars.uk,False,0,0,True
UK,153122,hstyles.co.uk,False,0,0,True
UK,153190,spectrumcomputing.co.uk,False,1,0,True
UK,153219,sutton.gov.uk,False,0,0,True
UK,153275,awayresorts.co.uk,False,2,0,True
UK,153286,cccbr.org.uk,False,0,0,True
UK,153302,scotcourts.gov.uk,False,0,0,True
UK,153303,bartshealth.nhs.uk,False,0,0,False
UK,153305,northlincs.gov.uk,False,0,0,True
UK,153331,iwoca.co.uk,False,0,1,True
UK,153383,hometogo.co.uk,False,0,0,False
UK,153505,psbooks.co.uk,True,4,0,True
UK,153510,ras.ac.uk,False,0,0,True
UK,153524,wokingham.gov.uk,False,0,0,True
UK,153603,trystanlea.org.uk,False,0,0,True
UK,153788,pulse-accountants.co.uk,False,0,0,True
UK,153800,ribbons-reeves.co.uk,False,0,0,True
UK,154004,lizjamieson.co.uk,False,0,0,True
UK,154013,policyexchange.org.uk,False,0,0,False
UK,154038,arbuthnotlatham.co.uk,False,0,0,True
UK,154081,voxi.co.uk,False,0,0,False
UK,154099,freeslotsnodownload.co.uk,False,0,0,True
UK,154100,redbridge.gov.uk,False,0,0,True
UK,154135,alcoholics-anonymous.org.uk,False,0,0,False
UK,154155,diamond-heaven.co.uk,False,0,0,False
UK,154162,itn.co.uk,False,0,0,False
UK,154227,rollingstone.co.uk,False,0,0,True
UK,154434,smallbusiness.co.uk,False,0,0,True
UK,154442,portsmouth.gov.uk,False,0,0,True
UK,154647,alphainstitutional.co.uk,False,0,0,True
UK,154737,peterborough.gov.uk,False,1,0,True
UK,154812,cable.co.uk,False,0,3,True
UK,154833,finds.org.uk,False,0,0,False
UK,154854,itjobswatch.co.uk,False,0,0,True
UK,154863,farside.co.uk,False,0,0,False
UK,154913,mastodonapp.uk,False,0,0,True
UK,154919,romanbaths.co.uk,False,0,0,True
UK,154959,eharmony.co.uk,False,0,0,True
UK,155011,digitalcamera-shopping.co.uk,False,0,0,True
UK,155032,kelkoo.co.uk,False,0,0,False
UK,155047,themix.org.uk,False,0,0,True
UK,155084,names.co.uk,False,2,0,True
UK,155100,glts.co.uk,False,0,0,False
UK,155135,avivab2b.co.uk,False,0,0,False
UK,155181,communitycare.co.uk,False,0,0,True
UK,155246,familyfund.org.uk,False,0,0,True
UK,155348,sherlockhost.co.uk,False,0,0,True
UK,155374,3etare.co.uk,False,0,0,False
UK,155446,potterybarnkids.co.uk,False,2,0,True
UK,155456,capterra.co.uk,False,0,0,False
UK,155498,newsquestdigital.co.uk,False,0,0,False
UK,155504,icecat.co.uk,False,1,0,True
UK,155538,umis.co.uk,False,0,0,False
UK,155558,ncuk.net.uk,False,0,0,False
UK,155686,what-ever.co.uk,False,0,0,False
UK,155810,abpchosting.co.uk,False,0,0,False
UK,155840,reviewsolicitors.co.uk,False,0,0,True
UK,155867,saatchi-gallery.co.uk,False,3,0,True
UK,155874,epson.co.uk,False,3,0,True
UK,155936,hamhigh.co.uk,False,1,0,True
UK,156033,hepi.ac.uk,False,0,0,True
UK,156058,angus.gov.uk,False,0,0,True
UK,156115,bucksfreepress.co.uk,False,1,0,True
UK,156131,lancsngfl.ac.uk,False,0,0,False
UK,156140,typepad.co.uk,False,0,0,False
UK,156264,managementtoday.co.uk,False,0,0,True
UK,156269,wrenshire.co.uk,False,0,0,False
UK,156320,howetools.co.uk,True,4,0,True
UK,156384,terrysfabrics.co.uk,True,3,0,True
UK,156432,nva.org.uk,False,0,0,False
UK,156478,greenmatch.co.uk,False,0,0,True
UK,156521,gatheringgames.co.uk,True,3,1,True
UK,156548,coopersofstortford.co.uk,False,0,0,False
UK,156551,modelsport.co.uk,False,0,0,False
UK,156581,efestivals.co.uk,False,0,0,False
UK,156641,thepensionsregulator.gov.uk,False,0,0,True
UK,156845,macdonaldhotels.co.uk,False,1,0,True
UK,156857,thehockeypaper.co.uk,False,0,0,True
UK,156899,chisholmhunter.co.uk,False,0,0,False
UK,156996,tribunemag.co.uk,False,1,0,True
UK,157001,ash.org.uk,False,0,0,True
UK,157059,aosom.co.uk,False,3,0,True
UK,157097,activityvillage.co.uk,False,0,0,False
UK,157218,safetechhosting.co.uk,False,1,0,True
UK,157350,gresham.ac.uk,False,0,0,True
UK,157388,homify.co.uk,False,0,0,True
UK,157433,fife.gov.uk,False,0,0,False
UK,157455,business.gov.uk,False,0,0,True
UK,157559,orpheusnet.co.uk,False,0,0,False
UK,157579,wales.gov.uk,False,0,0,False
UK,157648,arco.co.uk,True,4,0,True
UK,157766,elite-dns.co.uk,False,0,0,True
UK,157851,hcahealthcare.co.uk,False,0,0,True
UK,157990,closeronline.co.uk,False,1,0,True
UK,158010,247blinds.co.uk,False,3,0,True
UK,158072,zaqq.co.uk,True,12,1,True
UK,158080,lifeplan.co.uk,True,2,1,True
UK,158215,diydoctor.org.uk,False,0,0,True
UK,158223,tobycarvery.co.uk,False,0,0,False
UK,158249,monmouthshire.gov.uk,False,0,0,True
UK,158251,eveningtimes.co.uk,False,1,0,True
UK,158257,justiceinspectorates.gov.uk,False,0,0,True
UK,158438,humanists.uk,False,3,0,True
UK,158537,southeastscoobies.co.uk,False,0,0,False
UK,158549,qaa.ac.uk,False,0,0,True
UK,158600,acerecords.co.uk,False,1,0,True
UK,158637,talkphotography.co.uk,False,0,0,True
UK,158683,cartooniverse.co.uk,False,0,0,True
UK,158691,tpos.co.uk,False,0,0,True
UK,158835,hoa.org.uk,False,0,0,True
UK,158870,wigan.gov.uk,False,0,0,True
UK,158877,sas.org.uk,False,0,0,False
UK,158930,jparkers.co.uk,False,0,0,False
UK,158957,e-liquids.uk,False,0,0,False
UK,158963,bitc.org.uk,False,0,0,True
UK,159122,guguli.co.uk,False,0,0,False
UK,159134,battersea.org.uk,False,0,0,True
UK,159198,diffdrum.co.uk,False,0,0,True
UK,159211,ncp.co.uk,False,0,0,False
UK,159332,accu.co.uk,False,0,0,False
UK,159354,nocloudnew.co.uk,False,0,0,False
UK,159356,transunion.co.uk,False,0,0,False
UK,159420,beststartinlife.gov.uk,False,0,0,True
UK,159458,skipton.co.uk,False,0,1,True
UK,159467,mediatonic.co.uk,False,0,0,True
UK,159498,nottinghamshire.gov.uk,False,0,0,True
UK,159521,charlieschapters.co.uk,False,0,0,False
UK,159563,pdcservices.co.uk,False,0,0,False
UK,159606,legoland.co.uk,False,1,0,True
UK,159685,brook.org.uk,False,3,0,True
UK,159725,beachshore.co.uk,False,0,0,True
UK,159858,indianpanorama.co.uk,False,0,0,True
UK,159943,pugweb.org.uk,False,0,0,True
UK,160122,cheshireeast.gov.uk,False,0,0,True
UK,160174,sut2.co.uk,False,1,0,True
UK,160183,leaguerugby.co.uk,False,0,0,True
UK,160270,lloydstsb.co.uk,False,0,0,True
UK,160294,condorferries.co.uk,False,0,0,True
UK,160355,xibo.co.uk,False,0,0,False
UK,160432,bdaily.co.uk,False,0,0,True
UK,160520,mistersmith.co.uk,False,0,0,False
UK,160585,avis.co.uk,False,0,0,True
UK,160662,pembrokeshire.gov.uk,False,0,0,True
UK,160687,careco.co.uk,True,3,2,True
UK,160774,latestdeals.co.uk,False,0,0,False
UK,160944,enidblytonsociety.co.uk,False,0,0,True
UK,160972,autoexposure.co.uk,False,0,0,False
UK,161017,lottoland.co.uk,False,3,0,True
UK,161045,dti.gov.uk,False,0,0,False
UK,161056,bereavementcommission.org.uk,False,0,0,False
UK,161098,daera-ni.gov.uk,False,0,0,True
UK,161222,royalcentral.co.uk,False,0,0,True
UK,161225,align-trex.co.uk,False,0,0,False
UK,161226,xrstyle.co.uk,False,0,0,False
UK,161372,ringingworld.co.uk,False,0,0,True
UK,161485,londonfashionweek.co.uk,False,0,0,True
UK,161627,sipgate.co.uk,False,0,0,True
UK,161630,cardiff.gov.uk,False,0,0,False
UK,161781,thehappyfoodie.co.uk,False,0,0,True
UK,161792,alpha.co.uk,False,0,0,False
UK,161827,protectuk.police.uk,False,0,0,True
UK,161961,speed-speed.co.uk,False,0,0,False
UK,162015,nmm.ac.uk,False,0,0,True
UK,162034,basschat.co.uk,False,0,0,False
UK,162051,mr-resistor.co.uk,False,2,0,True
UK,162065,landrover.co.uk,False,0,0,True
UK,162136,cambridgeassessment.org.uk,False,0,0,True
UK,162188,opticswarehouse.co.uk,True,4,1,True
UK,162234,bridgend.gov.uk,False,0,0,True
UK,162281,thesunvegas.co.uk,False,0,0,True
UK,162300,vapouriz.co.uk,True,2,1,True
UK,162473,newsoftheworld.co.uk,False,0,0,False
UK,162608,bannatyne.co.uk,False,0,0,True
UK,162628,gateshead.gov.uk,False,0,0,False
UK,162711,webarchive.org.uk,False,0,0,False
UK,162744,chi.ac.uk,False,0,0,True
UK,162843,legalombudsman.org.uk,False,0,0,True
UK,162856,patient.co.uk,False,1,0,True
UK,163012,bca.co.uk,False,0,0,False
UK,163132,winchester.ac.uk,False,0,0,True
UK,163146,mmoc.org.uk,False,0,0,True
UK,163160,airsoft-forums.uk,False,0,0,True
UK,163173,alanhoward.co.uk,True,3,1,True
UK,163183,bestwestern.co.uk,False,0,0,False
UK,163185,scotthelme.co.uk,False,1,0,True
UK,163258,rx8ownersclub.co.uk,False,0,0,True
UK,163268,swindon.gov.uk,False,0,0,True
UK,163294,pricebailey.co.uk,False,0,0,False
UK,163348,whatsontv.co.uk,False,1,0,True
UK,163401,myjobquote.co.uk,False,0,0,True
UK,163431,greggs.co.uk,False,1,0,True
UK,163448,bigmotoringworld.co.uk,False,0,0,True
UK,163462,dcfc.co.uk,False,0,0,True
UK,163556,whoward.co.uk,True,2,0,True
UK,163557,healthydiscounts.co.uk,False,0,0,True
UK,163588,home.co.uk,False,0,2,True
UK,163602,v3.co.uk,False,0,0,False
UK,163635,roadcrash.co.uk,False,0,0,True
UK,163717,tes.co.uk,False,0,0,True
UK,163775,aat.org.uk,False,1,0,True
UK,163973,thelounges.co.uk,False,0,0,True
UK,164105,birminghammuseums.org.uk,False,1,0,True
UK,164116,webador.co.uk,False,0,0,True
UK,164177,loundacademy.co.uk,False,0,1,True
UK,164220,laptopsdirect.co.uk,False,3,0,True
UK,164269,caelumbee.co.uk,False,0,0,False
UK,164466,smtp888.uk,False,0,0,True
UK,164501,bringo.co.uk,False,0,0,True
UK,164509,north-herts.gov.uk,False,0,0,True
UK,164519,scottishwidows.co.uk,False,0,0,True
UK,164628,tidetimes.org.uk,False,2,0,True
UK,164634,harrow.gov.uk,False,0,0,True
UK,164659,ramsayhealth.co.uk,False,0,0,True
UK,164760,foodmanufacture.co.uk,False,2,0,True
UK,165069,scottishdailyexpress.co.uk,False,0,0,True
UK,165133,blog.co.uk,False,0,0,False
UK,165152,ezhostingserver.co.uk,False,0,0,False
UK,165377,manpowergroup.co.uk,False,0,0,True
UK,165391,guntrader.uk,False,1,0,True
UK,165392,relaywise.co.uk,False,0,0,False
UK,165441,jacamo.co.uk,False,1,0,True
UK,165446,tbtr.co.uk,False,0,0,True
UK,165469,worcestershire.gov.uk,False,0,0,True
UK,165490,buildabear.co.uk,True,4,0,True
UK,165563,wholefoodsmarket.co.uk,False,2,0,True
UK,165576,ewm.co.uk,True,2,0,True
UK,165608,lullabytrust.org.uk,False,3,0,True
UK,165772,crocus.co.uk,False,2,0,True
UK,165874,family-notices.co.uk,False,0,0,True
UK,165882,janeausten.co.uk,True,3,0,True
UK,166050,darleyandnutwood.org.uk,False,0,0,True
UK,166066,realbusiness.co.uk,False,0,0,False
UK,166174,cheshirewestandchester.gov.uk,False,0,0,True
UK,166188,horsemart.co.uk,False,0,0,False
UK,166271,adtrackerz.co.uk,False,0,0,False
UK,166350,roundhouse.org.uk,False,2,0,True
UK,166356,deporvillage.co.uk,False,0,0,False
UK,166455,vuelio.co.uk,False,0,0,False
UK,166477,firstclasswatches.co.uk,False,0,0,False
UK,166488,geographical.co.uk,False,0,0,True
UK,166493,nuffieldtrust.org.uk,False,0,0,True
UK,166541,bizrate.co.uk,False,0,0,False
UK,166833,bts24.co.uk,False,0,0,False
UK,166843,bokepindo.co.uk,False,0,0,True
UK,166852,mobilefun.co.uk,False,5,0,True
UK,166871,iran-tehran.co.uk,False,0,0,False
UK,166903,opencourtdata.uk,False,0,0,False
UK,166919,intellilinkmods.co.uk,False,1,0,True
UK,166998,ianvisits.co.uk,True,1,1,True
UK,167072,pall.co.uk,False,1,0,True
UK,167122,fsnetco.uk,False,0,0,False
UK,167152,ceda.ac.uk,False,0,0,True
UK,167307,exototo.uk,False,0,0,True
UK,167310,hertsfoodanddrinkawards.co.uk,False,1,0,True
UK,167470,visitbristol.co.uk,False,1,0,True
UK,167487,ogurchik.co.uk,False,0,0,False
UK,167517,centralbedfordshire.gov.uk,False,0,0,True
UK,167546,ref.ac.uk,False,0,0,True
UK,167556,voice-online.co.uk,False,0,0,True
UK,167759,resus.org.uk,False,1,0,True
UK,167793,nationaldahelpline.org.uk,False,0,0,True
UK,167940,millwallcommunity.org.uk,False,0,0,True
UK,168056,mathewsons.co.uk,False,0,0,True
UK,168124,goodschoolsguide.co.uk,False,0,0,False
UK,168284,blindsdirect.co.uk,False,0,0,False
UK,168302,noonans.co.uk,False,0,0,False
UK,168303,bdo.co.uk,False,0,0,True
UK,168336,comparepriceswebsite.co.uk,False,0,0,True
UK,168339,legendonlineservices.co.uk,False,0,0,True
UK,168344,stmarys.ac.uk,False,0,0,True
UK,168439,harlingtonsportscentre.co.uk,False,0,0,False
UK,168454,theorytestpro.co.uk,False,0,0,True
UK,168483,completepumpsupplies.co.uk,True,2,2,True
UK,168501,thedailymash.co.uk,False,0,0,True
UK,168514,ukandeu.ac.uk,False,0,0,True
UK,168655,targetjobs.co.uk,False,0,0,True
UK,168764,myvolts.co.uk,False,1,0,True
UK,168770,limelystaging.co.uk,False,0,0,False
UK,168800,ripintoapparel.co.uk,False,1,0,True
UK,168804,pocketgamer.co.uk,False,1,0,True
UK,168809,click-master.co.uk,False,0,0,False
UK,168859,aldirecruitment.co.uk,False,0,0,True
UK,168887,lovereading.co.uk,False,2,0,True
UK,168901,opendatani.gov.uk,False,0,0,True
UK,168925,salisburyjournal.co.uk,False,1,0,True
UK,168985,alphacollect.co.uk,False,0,0,True
UK,169035,cpapsupply.co.uk,True,10,0,True
UK,169037,qmu.ac.uk,False,0,0,True
UK,169113,civilservicepensionscheme.org.uk,False,0,0,True
UK,169244,holidaylettings.co.uk,False,0,0,False
UK,169245,sqa.org.uk,False,0,0,True
UK,169395,efinancialcareers.co.uk,False,0,0,False
UK,169501,vax.co.uk,True,5,1,True
UK,169525,wba.co.uk,False,0,0,True
UK,169549,artunlimitedshop.co.uk,True,2,0,True
UK,169668,converged.co.uk,False,1,0,True
UK,169690,freshclick.co.uk,False,1,0,True
UK,169727,margareteggleton.co.uk,False,0,0,True
UK,169745,findcourses.co.uk,False,0,0,True
UK,169848,nisbets.co.uk,False,0,0,False
UK,169853,interflora.co.uk,True,2,2,True
UK,169866,tht.org.uk,False,0,0,False
UK,169949,fm-base.co.uk,False,0,0,True
UK,170017,wiggle.co.uk,False,0,0,False
UK,170069,britishspeedway.co.uk,False,0,0,True
UK,170237,cpduk.co.uk,False,0,0,True
UK,170262,npdns.uk,False,0,0,False
UK,170369,edinburghzoo.org.uk,False,0,0,True
UK,170465,g28carkeys.co.uk,False,1,0,True
UK,170546,thealfielundfund.co.uk,False,0,0,True
UK,170577,mediastreamplay.uk,False,0,0,False
UK,170585,tftcentral.co.uk,False,0,0,True
UK,170816,shipband.co.uk,False,1,0,True
UK,170817,aspc.co.uk,False,0,0,True
UK,170970,donedeal.co.uk,False,0,0,False
UK,170974,goape.co.uk,False,1,0,True
UK,170978,healthcarecourses.org.uk,False,0,0,True
UK,170998,disneyholidays.co.uk,False,0,0,True
UK,171073,footballprogrammecentre.co.uk,False,2,0,True
UK,171110,umbler.co.uk,False,0,0,False
UK,171115,plinko-gameapp.uk,False,0,1,True
UK,171182,everymarket.uk,True,3,0,True
UK,171220,niassembly.gov.uk,False,0,0,True
UK,171289,cambridgeindependent.co.uk,False,0,0,True
UK,171320,greateranglia.co.uk,False,0,0,False
UK,171330,bezl-self.co.uk,False,0,0,False
UK,171366,nisra.gov.uk,False,0,0,True
UK,171483,leedsth.nhs.uk,False,0,0,True
UK,171510,dvsa.gov.uk,False,0,0,True
UK,171537,lawcom.gov.uk,False,0,0,True
UK,171570,finlayjudeassociates.co.uk,False,0,0,True
UK,171588,retailtimes.co.uk,False,0,0,True
UK,171930,baylanguagebooks.co.uk,True,3,0,True
UK,172022,havanahouse.co.uk,False,0,0,False
UK,172088,nemoi-self.co.uk,False,0,0,False
UK,172100,engineeringjobs.co.uk,False,0,0,True
UK,172101,winecellarclub.co.uk,False,1,0,True
UK,172125,sainsburysmagazine.co.uk,False,0,0,True
UK,172145,f1autocentres.co.uk,False,0,0,False
UK,172153,thedibb.co.uk,False,0,0,False
UK,172228,maui.co.uk,False,0,0,True
UK,172307,indigo.co.uk,False,1,0,True
UK,172312,myperfectcv.co.uk,False,0,4,True
UK,172355,cromwell.co.uk,False,0,0,False
UK,172376,se80.co.uk,False,0,0,False
UK,172496,bathroommountain.co.uk,True,2,1,True
UK,172535,water.org.uk,False,0,0,True
UK,172690,bornfree.org.uk,False,0,0,True
UK,172700,watershed.co.uk,False,1,0,True
UK,172823,intel.co.uk,False,0,0,True
UK,172892,thurrock.gov.uk,False,0,0,True
UK,172916,culture.gov.uk,False,0,0,False
UK,172938,bitfolk.co.uk,False,0,0,False
UK,173083,modernfurnituredirect.co.uk,True,5,0,True
UK,173090,fitfortravel.nhs.uk,False,0,0,False
UK,173091,glowscotland.org.uk,False,0,0,False
UK,173132,dunsterhouse.co.uk,False,2,0,True
UK,173164,escortrankings.uk,False,0,0,True
UK,173183,lawscot.org.uk,False,0,0,False
UK,173199,turtlestep.co.uk,False,0,0,True
UK,173328,milton-keynes.gov.uk,False,0,0,True
UK,173415,tmtickets.co.uk,False,0,0,False
UK,173454,patrolbase.co.uk,False,2,0,True
UK,173521,lwtheatres.co.uk,False,0,0,False
UK,173560,lights.co.uk,True,4,0,True
UK,173574,salessquad.co.uk,False,0,0,True
UK,173625,foldnet.uk,False,0,0,True
UK,173660,homeflow.co.uk,False,0,0,True
UK,173702,psdly.co.uk,False,1,0,True
UK,173732,bestpriced.co.uk,False,0,0,False
UK,173871,beerexpert.co.uk,False,0,0,True
UK,173872,gonortheast.co.uk,False,0,0,False
UK,174004,ic.net.uk,False,0,0,True
UK,174076,derby.gov.uk,False,0,0,True
UK,174090,adrianflux.co.uk,False,0,0,False
UK,174125,scie.org.uk,False,2,0,True
UK,174146,bestproductsreviews.co.uk,False,0,0,True
UK,174180,tankjeffery.uk,False,0,0,False
UK,174407,epilepsy.org.uk,False,2,0,True
UK,174418,sheffieldforum.co.uk,False,0,0,False
UK,174507,bexley.gov.uk,False,0,0,True
UK,174513,gaytimes.co.uk,False,0,0,True
UK,174522,secretprojects.co.uk,False,0,0,True
UK,174531,thescarboroughnews.co.uk,False,0,0,False
UK,174623,modelshopleeds.co.uk,False,0,0,False
UK,174677,redrobingifts.co.uk,True,4,0,True
UK,174679,daals.co.uk,True,5,1,True
UK,174742,hra.nhs.uk,False,0,0,True
UK,174846,sthelens.gov.uk,False,0,0,True
UK,174939,switchcarrental.co.uk,False,0,0,True
UK,174989,anglianwater.co.uk,False,0,0,False
UK,175085,oraclegoviaas.uk,False,0,0,False
UK,175111,innfinite.co.uk,False,0,0,False
UK,175155,bennetts.co.uk,False,0,0,True
UK,175179,iuk-business-connect.org.uk,False,0,0,True
UK,175271,netplatformscloud.co.uk,False,0,0,True
UK,175277,brittany-ferries.co.uk,False,0,0,True
UK,175287,bookdepository.co.uk,False,0,0,False
UK,175332,bestwaywholesale.co.uk,False,0,0,True
UK,175381,allianz.co.uk,False,0,0,False
UK,175392,citywire.co.uk,False,0,0,True
UK,175513,globalparts.co.uk,True,4,1,True
UK,175514,easygifts.uk,False,2,0,True
UK,175517,canaries.co.uk,False,0,0,True
UK,175660,msf.org.uk,False,1,0,True
UK,175677,doncaster.gov.uk,False,0,0,False
UK,175790,tomshardware.co.uk,False,1,0,True
UK,175886,bfesedv.uk,False,0,0,False
UK,175976,onlinecarpets.co.uk,True,5,0,True
UK,176087,beautyflash.co.uk,True,4,1,True
UK,176093,gsa.ac.uk,False,0,0,True
UK,176103,dudleygraphicsstudio.co.uk,False,0,0,True
UK,176273,mailm.co.uk,False,0,0,True
UK,176275,epsrc.ac.uk,False,0,0,True
UK,176379,loquax.co.uk,False,0,0,True
UK,176446,southglos.gov.uk,False,0,0,True
UK,176474,in-tend.co.uk,False,0,0,True
UK,176544,crafterscompanion.co.uk,True,5,2,True
UK,176573,manuall.co.uk,False,0,0,False
UK,176588,plates4less.co.uk,True,1,1,True
UK,176608,volnalink.uk,False,0,0,True
UK,176652,powertoolmate.co.uk,False,2,0,True
UK,176681,judiciary.gov.uk,False,0,0,True
UK,176701,wikibingo.co.uk,False,0,0,True
UK,176721,simplybearings.co.uk,True,3,1,True
UK,176751,historic-scotland.gov.uk,False,0,0,False
UK,176809,fisherslaw.co.uk,False,0,0,True
UK,176853,arbtalk.co.uk,False,0,0,True
UK,176949,spareto.co.uk,False,0,0,False
UK,177142,services-unlimited.co.uk,False,0,0,True
UK,177145,propertymark.co.uk,False,0,0,True
UK,177292,gmp.police.uk,False,0,0,False
UK,177306,getrevising.co.uk,False,0,0,True
UK,177355,nrla.org.uk,False,0,0,True
UK,177434,wanderlust.co.uk,False,0,0,False
UK,177675,grapeshot.co.uk,False,0,0,False
UK,177810,ukcisa.org.uk,False,0,0,True
UK,177955,satellites.co.uk,False,0,0,True
UK,178002,kp7mx3.uk,False,0,0,False
UK,178046,helmetcity.co.uk,False,0,0,False
UK,178110,smartassessor.co.uk,False,0,0,True
UK,178186,veolia.co.uk,False,0,0,True
UK,178235,casinopage.co.uk,False,0,0,True
UK,178311,nick.co.uk,False,0,0,True
UK,178430,petplan.co.uk,False,0,0,False
UK,178435,oneclearwinner.co.uk,False,1,0,True
UK,178556,gold.co.uk,False,0,0,False
UK,178580,ardennes-etape.co.uk,False,0,0,False
UK,178617,talkmobile.co.uk,True,2,1,True
UK,178688,wakefield.gov.uk,False,1,0,True
UK,178763,northtyneside.gov.uk,False,0,0,True
UK,178782,memphistours.co.uk,False,0,0,True
UK,178807,scoot.co.uk,False,0,0,True
UK,178862,easygardenirrigation.co.uk,True,3,0,True
UK,178923,kingscross.co.uk,False,0,0,True
UK,178986,dns360.co.uk,False,0,0,False
UK,179031,digitalartsonline.co.uk,False,0,0,True
UK,179041,quotezone.co.uk,False,0,0,True
UK,179043,rcm.ac.uk,False,1,0,True
UK,179096,cyclist.co.uk,False,0,0,True
UK,179147,rexbo.co.uk,False,0,0,False
UK,179206,aaschool.ac.uk,False,0,0,False
UK,179257,mycpanelcloud.co.uk,False,0,0,False
UK,179284,lgo.org.uk,False,0,0,True
UK,179334,iampsychiatry.uk,False,0,0,True
UK,179351,helpforheroes.org.uk,False,0,0,True
UK,179369,hosthost.co.uk,False,0,0,False
UK,179495,downlights.co.uk,False,0,0,False
UK,179513,hyperion-records.co.uk,False,1,0,True
UK,179662,winetrove.co.uk,False,2,0,True
UK,179736,screenonline.org.uk,False,0,0,False
UK,179766,mankind.co.uk,True,3,1,True
UK,179875,golfnow.co.uk,False,0,0,True
UK,179960,moggers87.co.uk,False,0,0,True
UK,180036,ihelm-enterprises.co.uk,False,0,0,True
UK,180178,uw.co.uk,False,0,0,True
UK,180630,hmd.org.uk,False,0,0,True
UK,180685,cumberland.gov.uk,False,0,0,True
UK,180693,freeindex.co.uk,False,0,0,True
UK,180698,poundfabrics.co.uk,True,5,0,True
UK,180706,myvouchercodes.co.uk,False,1,0,True
UK,180722,sgul.ac.uk,False,0,0,False
UK,180938,theconstructionindex.co.uk,False,0,0,True
UK,180963,ourproperty.co.uk,False,0,0,True
UK,181035,lbbd.gov.uk,False,0,0,True
UK,181130,healthnatural.co.uk,False,0,0,False
UK,181174,hitechosting.co.uk,False,0,0,True
UK,181178,towntalk.co.uk,False,0,0,True
UK,181196,nonleaguematters.co.uk,False,0,0,False
UK,181210,ringcentral.co.uk,False,0,0,True
UK,181213,swiss-store.co.uk,False,0,0,False
UK,181284,ica.org.uk,False,0,0,True
UK,181366,newark-sherwooddc.gov.uk,False,0,0,True
UK,181383,dailyfreeads.co.uk,False,0,0,False
UK,181443,nomorepanic.co.uk,False,0,0,True
UK,181553,gaming-servers.uk,False,0,0,False
UK,181574,eurocell.co.uk,False,0,0,False
UK,181628,langhamessex.org.uk,False,0,0,True
UK,181657,alliance-healthcare.co.uk,False,0,0,True
UK,181665,britishbottleforum.co.uk,False,0,0,True
UK,181689,panasonic.co.uk,False,0,0,True
UK,181723,michaelpage.co.uk,False,1,0,True
UK,181819,ticketquarter.co.uk,False,2,0,True
UK,181902,torbay.gov.uk,False,0,0,False
UK,181913,likemanga.co.uk,False,0,0,True
UK,181940,compareaprice.co.uk,False,0,0,False
UK,181999,crystalclearpond.co.uk,False,0,0,False
UK,182103,leedsbuildingsocietyjobs.co.uk,False,0,0,True
UK,182262,neu.org.uk,False,0,0,False
UK,182288,wakefieldofficefurniture.co.uk,False,4,0,True
UK,182325,wirral.gov.uk,False,0,0,True
UK,182585,wjec.co.uk,False,0,0,True
UK,182617,caerphilly.gov.uk,False,0,0,False
UK,182629,zoomlocal.co.uk,False,0,0,True
UK,182630,themailsubscriptions.co.uk,False,0,0,True
UK,182716,pixers.uk,False,0,0,False
UK,182736,informdirect.co.uk,False,0,2,True
UK,182761,dtfprints.uk,False,3,0,True
UK,182765,interads.co.uk,False,0,0,True
UK,182791,macanforums.co.uk,False,0,0,True
UK,182890,biblesociety.org.uk,False,1,0,True
UK,183272,maxarchiveservices.co.uk,False,0,0,True
UK,183273,ticketsforgood.co.uk,False,0,0,True
UK,183351,netdirector.co.uk,False,0,0,True
UK,183369,dexionstorage.co.uk,True,4,1,True
UK,183413,properstar.co.uk,False,0,0,False
UK,183553,bbsrc.ac.uk,False,0,0,True
UK,183630,watfordtn.org.uk,False,0,0,True
UK,183637,slimmingworld.co.uk,False,0,0,True
UK,183651,bdonline.co.uk,False,0,0,True
UK,183681,cix.co.uk,False,0,0,False
UK,183704,tpjcloud.co.uk,False,0,0,False
UK,183914,thepixiepit.co.uk,False,0,0,True
UK,183944,homesitters.co.uk,False,0,0,True
UK,184003,apricotonline.co.uk,True,3,0,True
UK,184028,hel-hi.co.uk,False,0,0,False
UK,184071,skillsforcare.org.uk,False,0,0,True
UK,184086,readingagency.org.uk,False,0,0,True
UK,184160,joessouthernkitchen.co.uk,False,0,0,True
UK,184193,europcar.co.uk,False,2,0,True
UK,184349,vso.org.uk,False,0,0,True
UK,184357,westerntelegraph.co.uk,False,1,0,True
UK,184376,uca.ac.uk,False,0,0,True
UK,184380,creditspring.co.uk,False,0,0,True
UK,184431,methodist.org.uk,False,0,0,True
UK,184475,wbcs-ltd.co.uk,True,3,0,True
UK,184519,thewestmorlandgazette.co.uk,False,1,0,True
UK,184546,freezone.co.uk,False,0,0,False
UK,184554,peachsoft.co.uk,False,0,0,False
UK,184637,compulink.co.uk,False,0,0,False
UK,184729,galop.org.uk,False,0,0,True
UK,184730,btp.police.uk,False,0,0,False
UK,184824,thinkfish.co.uk,False,0,0,True
UK,184918,golfclubs4cash.co.uk,True,3,0,True
UK,184971,hiscox.co.uk,False,0,1,True
UK,185011,addenbrookes.nhs.uk,False,0,0,False
UK,185152,ukworkshop.co.uk,False,0,0,True
UK,185157,28dayslater.co.uk,False,0,0,True
UK,185176,tennislive.co.uk,False,0,0,True
UK,185202,clove.co.uk,True,3,0,True
UK,185237,mytutor.co.uk,False,0,0,True
UK,185296,partversal.co.uk,False,0,0,False
UK,185303,southeasternrailway.co.uk,False,1,0,True
UK,185362,freethought-dns.uk,False,0,0,True
UK,185372,downlightsdirect.co.uk,False,0,0,False
UK,185412,mytholite.co.uk,False,2,0,True
UK,185426,powerlanguage.co.uk,False,0,0,True
UK,185446,cooperbusinesssolutions.co.uk,False,0,0,True
UK,185485,type.co.uk,False,0,0,False
UK,185487,zurich.co.uk,False,0,0,True
UK,185533,kickoff.co.uk,False,2,0,True
UK,185541,sruc.ac.uk,False,0,0,True
UK,185608,mig-welding.co.uk,False,0,0,True
UK,185726,rssb.co.uk,False,0,0,True
UK,185764,autowork-online.co.uk,False,0,0,True
UK,185775,charitylog.co.uk,False,0,0,True
UK,185821,logit.co.uk,False,0,0,False
UK,185934,totallywicked-eliquid.co.uk,True,4,1,True
UK,186008,archaeologydataservice.ac.uk,False,0,0,True
UK,186035,marketoracle.co.uk,False,0,0,True
UK,186052,discoverbideford.co.uk,False,0,0,True
UK,186082,nc3rs.org.uk,False,0,0,True
UK,186404,mcdonalds.co.uk,False,0,0,True
UK,186429,northumberlandgazette.co.uk,False,0,0,False
UK,186535,leicestershire.gov.uk,False,0,0,True
UK,186564,housepricecrash.co.uk,False,0,0,False
UK,186680,parentseveningsystem.co.uk,False,0,0,True
UK,186735,triumphmotorcycles.co.uk,False,3,0,True
UK,186744,stenaline.co.uk,False,0,0,True
UK,186752,domainmanage.uk,False,0,0,False
UK,186758,amdigital.co.uk,False,0,0,False
UK,186761,williamsclio.co.uk,False,0,0,False
UK,186781,thefork.co.uk,False,0,0,False
UK,186875,golfbidder.co.uk,False,0,0,False
UK,186886,staffology.co.uk,False,0,0,True
UK,186911,lithia.co.uk,False,0,0,True
UK,186948,tomdsites.co.uk,False,0,0,False
UK,187004,hays.co.uk,False,0,0,True
UK,187019,rabbirenepfertzel.co.uk,False,0,0,True
UK,187069,weavervalleycc.org.uk,False,0,0,True
UK,187192,ukpowernetworks.co.uk,False,0,0,True
UK,187256,downloadfestival.co.uk,False,0,0,True
UK,187402,restaurantsupplystore.co.uk,False,1,0,True
UK,187496,mattwservices.uk,False,0,0,False
UK,187540,famaga.co.uk,True,2,1,True
UK,187572,openstrike.co.uk,False,0,0,True
UK,187606,warrenjames.co.uk,False,2,0,True
UK,187768,sluurpy.co.uk,False,0,0,True
UK,187862,ax-aee.co.uk,False,0,0,False
UK,187884,wesh.co.uk,False,1,0,True
UK,187990,tecknaonline.uk,False,0,0,True
UK,188009,surplusstore.co.uk,False,0,0,False
UK,188051,bullysrestaurant.co.uk,False,0,0,True
UK,188117,civilsociety.co.uk,False,0,0,True
UK,188170,eani.org.uk,False,0,0,False
UK,188415,underwateradventures.co.uk,False,0,0,False
UK,188425,adexa.co.uk,False,2,0,True
UK,188474,mrlmidlands.co.uk,True,3,1,True
UK,188687,lionshome.co.uk,False,0,0,False
UK,188811,insightandsound.co.uk,False,0,0,False
UK,188836,hotel-buyer-store.co.uk,False,2,0,True
UK,188905,eden.co.uk,False,2,0,True
UK,188956,gotadsl.co.uk,False,0,0,True
UK,188980,trafford.gov.uk,False,0,0,False
UK,188997,barnestennisclub.co.uk,False,0,0,True
UK,189104,englishchess.org.uk,False,0,0,True
UK,189110,nchnch.co.uk,False,0,0,False
UK,189123,aah.co.uk,False,1,0,True
UK,189263,telford.gov.uk,False,1,0,True
UK,189280,mede-care.co.uk,False,0,0,True
UK,189313,inverness-courier.co.uk,False,0,0,True
UK,189349,simplysupplements.co.uk,True,5,1,True
UK,189375,saladmoney.co.uk,False,0,0,True
UK,189443,slyguy.uk,False,0,0,True
UK,189676,getyourguide.co.uk,False,0,0,False
UK,189833,bigdudeclothing.co.uk,False,3,0,True
UK,189901,rothamsted.ac.uk,False,0,0,True
UK,189943,nelincs.gov.uk,False,0,0,True
UK,189947,culsu.co.uk,False,0,2,True
UK,190031,examiner.co.uk,False,0,0,True
UK,190106,genesreunited.co.uk,False,0,0,False
UK,190154,abpic.co.uk,False,0,0,True
UK,190162,knowsley.gov.uk,False,0,0,True
UK,190185,simsafrocosmetics.co.uk,False,4,0,True
UK,190252,handpickedhotels.co.uk,False,0,0,False
UK,190259,readersdigest.co.uk,False,0,0,False
UK,190351,qmw.ac.uk,False,0,0,False
UK,190445,flagshiphost.co.uk,False,0,0,True
UK,190448,cyclescheme.co.uk,False,0,0,True
UK,190478,lso.co.uk,False,1,0,True
UK,190495,burytimes.co.uk,False,1,0,True
UK,190562,npt.gov.uk,False,0,0,True
UK,190583,bristolballoonfiesta.co.uk,False,0,0,True
UK,190643,pen-and-sword.co.uk,True,3,1,True
UK,190703,art2arts.co.uk,False,0,0,False
UK,190719,tflcc.co.uk,False,0,0,False
UK,190867,99designs.co.uk,False,2,0,True
UK,190882,ccmb.co.uk,False,0,0,False
UK,190942,greenjournal.co.uk,False,0,0,False
UK,190950,taylorwimpey.co.uk,False,0,0,True
UK,191019,sallybeauty.co.uk,True,4,2,True
UK,191060,aoav.org.uk,False,0,0,False
UK,191260,itfc.co.uk,False,0,0,True
UK,191312,solihull.gov.uk,False,0,0,True
UK,191352,pramworld.co.uk,False,0,0,False
UK,191424,sentencingcouncil.org.uk,False,0,0,True
UK,191486,genomicsengland.co.uk,False,0,0,True
UK,191505,hatchards.co.uk,False,0,0,False
UK,191507,zetnet.co.uk,False,0,0,False
UK,191509,railcam.uk,False,0,0,True
UK,191642,investmentweek.co.uk,False,0,0,True
UK,191701,click4electrics.co.uk,False,2,0,True
UK,191756,hertz.co.uk,False,0,0,True
UK,191816,qpr.co.uk,False,0,0,True
UK,191890,pigeonwatch.co.uk,False,0,0,False
UK,191912,morningadvertiser.co.uk,False,1,0,True
UK,192019,pinewoodscaravan.co.uk,False,0,0,True
UK,192044,bigbrotherwatch.org.uk,False,0,0,True
UK,192167,greenchef.co.uk,False,2,0,True
UK,192231,radwell.co.uk,False,0,0,False
UK,192235,gmb.org.uk,False,0,0,True
UK,192307,finerfilters.co.uk,True,3,1,True
UK,192410,cwexpo.co.uk,False,1,0,True
UK,192496,moose.co.uk,False,0,0,True
UK,192559,moneymarketing.co.uk,False,0,0,True
UK,192570,hope.ac.uk,False,0,0,True
UK,192598,chestnutmill.co.uk,True,4,0,True
UK,192627,dudley.gov.uk,False,0,0,True
UK,192684,yorkshiredales.org.uk,False,0,0,False
UK,192719,bracknell-forest.gov.uk,False,0,0,True
UK,192746,hr-platform.co.uk,False,0,0,True
UK,192982,xenserver.co.uk,False,0,0,True
UK,193002,topsadulttoys.uk,False,1,0,True
UK,193062,cybersmart.co.uk,False,0,0,True
UK,193219,merthyr.gov.uk,False,0,0,True
UK,193285,organicallypure.co.uk,False,0,0,False
UK,193291,myaceni.co.uk,False,0,0,False
UK,193337,affordablechef.co.uk,False,1,0,True
UK,193388,transact-online.co.uk,False,0,0,True
UK,193481,actionaid.org.uk,False,0,0,True
UK,193506,angliacarauctions.co.uk,False,0,0,True
UK,193587,outrank.uk,False,0,0,True
UK,193619,controlport.co.uk,False,0,0,False
UK,193632,xcalibre.co.uk,False,0,0,False
UK,193641,landmarktrust.org.uk,False,0,0,False
UK,193672,merlinmotorsport.co.uk,False,3,0,True
UK,193739,viewproxy.co.uk,False,0,0,False
UK,193761,jsaccessories.co.uk,False,1,0,True
UK,193777,hostingwizard.co.uk,False,0,0,True
UK,193908,ma-shops.co.uk,False,1,0,True
UK,193941,managedbroadband.co.uk,False,0,0,False
UK,193954,shell.co.uk,False,0,0,True
UK,194028,ego.co.uk,False,0,0,False
UK,194206,dnsrt.co.uk,False,0,0,False
UK,195236,sextop.me.uk,False,0,0,False
UK,195257,socialeducation.uk,False,0,0,False
UK,195472,portfast.net.uk,False,0,0,False
UK,195550,thebritishmuseum.ac.uk,False,0,0,False
UK,195625,communityfibre.co.uk,False,2,0,True
UK,195639,peugeot.co.uk,False,0,0,True
UK,195668,tourofbritain.co.uk,False,0,0,False
UK,195694,fluency.net.uk,False,0,0,False
UK,195699,hearstmagazines.co.uk,True,3,0,True
UK,195707,halifaxcourier.co.uk,False,0,0,False
UK,195826,movesfitnesszoom.co.uk,False,0,0,True
UK,195907,completesavings.co.uk,False,1,0,True
UK,195958,railcard.co.uk,False,0,3,True
UK,195998,gca.gov.uk,False,0,0,True
UK,196018,kickers.co.uk,True,3,1,True
UK,196069,landlordzone.co.uk,False,0,0,True
UK,196081,belle-lingerie.co.uk,False,0,0,False
UK,196192,dashboard.co.uk,False,0,0,False
UK,196300,picbasic.co.uk,False,0,0,True
UK,196337,zcache.co.uk,False,0,0,False
UK,196373,lucieswardrobe.co.uk,False,1,0,True
UK,196450,grantthornton.co.uk,False,0,0,True
UK,196451,theherald.co.uk,False,1,0,True
UK,196478,onlineforless.co.uk,False,0,0,False
UK,196484,goifetch.co.uk,False,1,0,True
UK,196518,plantlife.org.uk,False,0,0,True
UK,196546,dacorum.gov.uk,False,0,0,False
UK,196592,funkyfidgetsshop.co.uk,True,3,2,True
UK,196653,hertfordshiremercury.co.uk,False,0,0,True
UK,196785,bigshopper.co.uk,False,0,0,False
UK,196846,tribalwars.co.uk,False,0,0,True
UK,196847,westyorkshire.police.uk,False,0,0,False
UK,196983,repulsion.co.uk,False,0,0,True
UK,196989,obsch-self.co.uk,False,0,0,False
UK,197157,suzuki.co.uk,False,0,0,True
UK,197164,robotvacuummops.uk,True,1,1,True
UK,197176,civilservice.gov.uk,False,0,0,False
UK,197242,fatpromotions.co.uk,False,0,0,True
UK,197259,blackhistorymonth.org.uk,False,0,0,True
UK,197281,singingpig.co.uk,False,0,0,True
UK,197396,3r.org.uk,False,0,0,True
UK,197435,growfruitandveg.co.uk,False,0,0,False
UK,197549,theedinburghreporter.co.uk,False,0,0,True
UK,197558,synetiq.co.uk,False,1,0,True
UK,197585,my-internet.uk,False,0,0,False
UK,197602,ardillion.co.uk,False,3,0,True
UK,197717,bbcimg.co.uk,False,0,0,False
UK,197788,jackpotfury.co.uk,False,0,0,True
UK,197790,citroen.co.uk,False,0,0,True
UK,197793,cityplumbing.co.uk,False,1,0,True
UK,197796,shopify.co.uk,False,1,0,True
UK,197823,gravesham.gov.uk,False,0,0,True
UK,197980,daily.co.uk,False,0,0,False
UK,198054,regalrose.co.uk,True,5,1,True
UK,198200,luke-else.co.uk,False,0,0,True
UK,198239,wolseley.co.uk,False,0,0,False
UK,198340,ofwat.gov.uk,False,0,0,False
UK,198409,greatermanchester-ca.gov.uk,False,0,0,True
UK,198514,mini.co.uk,True,2,3,True
UK,198520,forestresearch.gov.uk,False,0,0,True
UK,198831,celebxpress.co.uk,False,0,0,True
UK,198867,stealth-networks.co.uk,False,0,0,False
UK,198879,worc.ac.uk,False,1,0,True
UK,198961,beest-sellerst.co.uk,False,0,0,False
UK,199042,sane.org.uk,False,0,0,True
UK,199090,brooksuspension.co.uk,False,0,0,False
UK,199153,mcc.ac.uk,False,0,0,False
UK,199282,wetsuitoutlet.co.uk,False,0,0,False
UK,199303,atomic-london.co.uk,False,0,0,False
UK,199359,tv24.co.uk,False,0,0,True
UK,199707,clubster.uk,False,0,0,False
UK,199755,handluggageonly.co.uk,False,1,0,True
UK,199769,deditu.uk,False,3,0,True
UK,199778,karaoke-version.co.uk,False,1,0,True
UK,199794,siryfflint.gov.uk,False,0,0,True
UK,199840,admhosting.co.uk,False,0,0,False
UK,199843,northantstelegraph.co.uk,False,0,0,False
UK,199857,conwy.gov.uk,False,0,0,True
UK,199922,countbot.uk,False,0,0,False
UK,199923,bolton.gov.uk,False,0,0,True
UK,200066,private-eye.co.uk,False,2,0,True
UK,200097,jhndoes.co.uk,False,0,0,False
UK,200212,goggles4u.co.uk,False,2,0,True
UK,200257,rainbowstudios.co.uk,False,1,0,True
UK,200357,upnorthwatches.co.uk,False,4,0,True
UK,200471,etherhub.uk,False,0,0,False
UK,200784,pharmsmart.co.uk,False,0,0,True
UK,200858,smelogin.co.uk,False,0,0,False
UK,200880,terracesmenswear.co.uk,False,3,0,True
UK,200961,ipv4online.uk,False,0,0,False
UK,201142,mohearn.co.uk,False,0,0,False
UK,201156,contractorjobs.co.uk,False,0,0,True
UK,201162,rochdale.gov.uk,False,1,0,True
UK,201184,tripod.co.uk,False,0,0,False
UK,201247,supersales.co.uk,False,0,0,False
UK,201434,constructionline.co.uk,False,0,0,True
UK,201435,islamic-relief.org.uk,False,0,0,False
UK,201439,reelcinemas.co.uk,False,0,0,True
UK,201471,redpepper.org.uk,False,0,0,True
UK,201483,whittard.co.uk,True,2,2,True
UK,201562,cii.co.uk,False,2,0,True
UK,201585,yodel.co.uk,False,0,0,True
UK,201635,basingstokegazette.co.uk,False,1,0,True
UK,201725,jobsmedical.co.uk,False,0,0,True
UK,201838,miltonkeynes.co.uk,False,0,0,False
UK,201859,gazetteandherald.co.uk,False,1,0,True
UK,201873,uclpress.co.uk,False,0,0,False
UK,201885,boltpharmacy.co.uk,False,0,0,True
UK,201887,staysure.co.uk,False,0,0,True
UK,201966,businessleader.co.uk,False,0,0,True
UK,202017,ticketline.co.uk,False,0,0,True
UK,202041,petertyson.co.uk,True,3,0,True
UK,202076,kuoni.co.uk,False,0,0,True
UK,202105,fashiola.co.uk,False,0,0,False
UK,202215,ulsterbank.co.uk,False,0,0,True
UK,202226,dentistry.co.uk,False,0,0,True
UK,202284,yachtworld.co.uk,False,0,0,False
UK,202324,legalfutures.co.uk,False,1,0,True
UK,202405,nhbc.co.uk,False,1,0,True
UK,202488,wrexhamafc.co.uk,False,0,0,True
UK,202504,pjoutdoors.co.uk,True,4,0,True
UK,202676,tripp.co.uk,False,1,0,True
UK,202832,waylandgames.co.uk,False,0,0,False
UK,202871,beersofeurope.co.uk,False,0,0,False
UK,202886,chas.co.uk,False,0,0,True
UK,202888,fesgheli.co.uk,False,0,0,False
UK,202912,barratthomes.co.uk,False,0,0,True
UK,202931,moshulu.co.uk,True,3,2,True
UK,202968,curtisbrown.co.uk,False,0,0,True
UK,203004,howdeninsurance.co.uk,False,0,0,True
UK,203036,rojoshoes.co.uk,False,0,0,True
UK,203064,mangrovesandmore.co.uk,False,2,0,True
UK,203069,carandclassic.co.uk,False,0,0,False
UK,203088,judaicawebstore.co.uk,False,0,0,False
UK,203131,finance-calculator.co.uk,False,0,0,True
UK,203142,rgrfacilities.co.uk,False,0,0,True
UK,203268,clubspark.uk,False,0,0,False
UK,203303,bose.co.uk,True,4,4,True
UK,203349,hosting-platform.uk,False,0,0,False
UK,203379,dcc.ac.uk,False,0,0,True
UK,203428,jjroofingsupplies.co.uk,False,0,0,False
UK,203561,thehistorypress.co.uk,False,1,0,True
UK,203659,manageengine.uk,False,0,0,False
UK,203845,colcon.uk,False,0,0,True
UK,203958,saidwhat.co.uk,False,0,0,False
UK,204073,simplegameguide.co.uk,False,1,0,True
UK,204080,whowhatwear.co.uk,False,0,0,True
UK,204144,totalcarcheck.co.uk,False,0,0,True
UK,204154,northeastmuseums.org.uk,False,0,0,True
UK,204169,hymnsam.co.uk,False,0,0,False
UK,204202,ajjab.co.uk,False,0,0,False
UK,204505,jobijoba.co.uk,False,0,0,True
UK,204521,wallis.co.uk,True,1,1,True
UK,204580,volkalex.uk,False,0,0,False
UK,204615,lrfoundation.org.uk,False,0,0,True
UK,204645,jobleap.co.uk,False,0,0,True
UK,204744,halton.gov.uk,False,0,0,True
UK,204835,standardlife.co.uk,False,0,0,True
UK,204841,funeralguide.co.uk,False,0,0,True
UK,204845,fnl.org.uk,False,0,0,False
UK,204900,ipa.co.uk,False,0,0,True
UK,204976,alfaholidays.co.uk,False,0,0,True
UK,205002,reliablemedicare.co.uk,True,3,1,True
UK,205145,cifas.org.uk,False,0,0,True
UK,205230,cashback.co.uk,False,0,0,True
UK,205232,ukriversguidebook.co.uk,False,0,0,False
UK,205252,driving.co.uk,False,1,0,True
UK,205253,mcfc.co.uk,False,0,0,False
UK,205284,detailingworld.co.uk,False,0,0,True
UK,205290,sims.co.uk,False,0,0,False
UK,205310,moneyfactscompare.co.uk,False,0,0,True
UK,205383,bhs.org.uk,False,1,0,True
UK,205430,lightningfibre.net.uk,False,0,0,False
UK,205431,great.gov.uk,False,0,0,True
UK,205664,domain-names.co.uk,False,0,0,True
UK,205695,carbuyer.co.uk,False,0,0,True
UK,205773,absolutereg.co.uk,False,1,0,True
UK,205795,n-somerset.gov.uk,False,0,0,True
UK,205828,thefleece.co.uk,False,0,0,False
UK,205835,coflein.gov.uk,False,0,0,True
UK,206008,nogamstopcasinos.uk,False,1,0,True
UK,206162,theskinny.co.uk,False,0,0,True
UK,206169,uksm.org.uk,False,0,0,True
UK,206191,sciencephoto.co.uk,False,0,0,False
UK,206211,leica.co.uk,False,0,0,False
UK,206221,psychotherapy.org.uk,False,0,0,True
UK,206244,mediahawk.co.uk,False,0,2,True
UK,206299,whats-on-london.co.uk,False,1,0,True
UK,206305,highwaysengland.co.uk,False,0,0,True
UK,206315,carsnitch.co.uk,False,0,0,False
UK,206344,smlservers.co.uk,False,0,0,False
UK,206387,securesuite.co.uk,False,0,0,False
UK,206476,luxe-self.co.uk,False,0,0,False
UK,206479,exe.nhs.uk,False,0,0,False
UK,206487,johnpyevehicles.co.uk,False,0,0,False
UK,206569,gordonmoody.org.uk,False,0,0,True
UK,206667,delroba.co.uk,False,0,0,False
UK,206758,flying-tigers.co.uk,False,0,0,False
UK,206772,hearst.uk,False,0,0,False
UK,206870,omio.co.uk,False,0,0,False
UK,206873,kentishfootball.co.uk,False,0,0,True
UK,206880,living24.uk,False,0,0,False
UK,207007,sainsburys-groceries.co.uk,False,0,0,False
UK,207028,lampandlight.co.uk,False,0,0,False
UK,207096,axahealth.co.uk,False,0,3,True
UK,207124,wr-rail-link.co.uk,False,0,0,False
UK,207143,londoncouncils.gov.uk,False,0,0,True
UK,207157,my-moon.co.uk,False,0,0,False
UK,207191,psni.police.uk,False,0,0,False
UK,207209,freewheel.co.uk,True,6,0,True
UK,207229,lawyersonline.co.uk,False,0,0,True
UK,207273,worcester-bosch.co.uk,False,0,0,True
UK,207338,clarksoutlet.co.uk,False,3,0,True
UK,207549,ram.ac.uk,False,0,0,True
UK,207555,canmore.org.uk,False,0,0,False
UK,207704,stratford.gov.uk,False,0,0,True
UK,207775,starrymart.co.uk,True,4,1,True
UK,207798,deadlinenews.co.uk,False,0,0,True
UK,207932,revolutionweb.co.uk,False,0,0,True
UK,207973,blackpool.gov.uk,False,0,0,True
UK,208008,bringfido.co.uk,False,0,0,False
UK,208115,refugeecouncil.org.uk,False,0,0,False
UK,208294,apprenticeships.gov.uk,False,0,0,True
UK,208298,gsmd.ac.uk,False,0,0,True
UK,208472,reghardware.co.uk,False,0,0,False
UK,208478,gstt.nhs.uk,False,0,0,True
UK,208540,oscr.org.uk,False,0,0,True
UK,208622,uhs.nhs.uk,False,0,0,True
UK,208634,angelaholidays.co.uk,False,0,0,False
UK,208701,womanmagazine.co.uk,False,0,0,False
UK,208791,thanet.gov.uk,False,0,0,True
UK,208881,mfc.co.uk,False,0,0,True
UK,208882,vegashero.me.uk,False,0,0,False
UK,208922,biblicalstudies.org.uk,False,0,0,False
UK,208957,lutontoday.co.uk,False,0,0,False
UK,209100,flairhosting.co.uk,False,0,0,False
UK,209132,autismsoutheast.co.uk,False,2,0,True
UK,209271,trade-point.co.uk,False,0,0,False
UK,209335,best-served.co.uk,False,0,0,True
UK,209359,bats.org.uk,False,0,0,True
UK,209377,mergegames.uk,False,0,0,True
UK,209390,doctors.net.uk,False,0,0,True
UK,209391,industville.co.uk,True,3,1,True
UK,209413,suffolknews.co.uk,False,0,0,True
UK,209526,raceadvisor.co.uk,False,0,0,True
UK,209632,thegiveawayguys.co.uk,True,3,1,True
UK,209706,pswtradesuppliers.co.uk,False,3,0,True
UK,209737,carvers.co.uk,True,3,2,True
UK,209950,hbpl.co.uk,False,0,0,False
UK,209952,prolificnorth.co.uk,False,0,0,False
UK,209966,theneweuropean.co.uk,False,0,0,True
UK,209995,firstreport.co.uk,False,0,0,True
UK,210103,rabbitrehome.org.uk,False,0,0,True
UK,210123,newcastle-hospitals.nhs.uk,False,0,0,True
UK,210128,vegas-hero.me.uk,False,0,0,True
UK,210222,sisraanalytics.co.uk,False,0,0,True
UK,210417,scoop6.co.uk,False,0,0,True
UK,210420,sabre-roads.org.uk,False,0,0,True
UK,210472,theuniguide.co.uk,False,0,0,False
UK,210553,mummypages.co.uk,False,0,0,False
UK,210565,ngp-opapp.co.uk,False,0,0,False
UK,210570,twinings.co.uk,True,4,3,True
UK,210601,rts.org.uk,False,0,0,True
UK,210676,tiffany.co.uk,True,1,1,True
UK,210682,pellpax.co.uk,False,0,0,False
UK,210714,ion8.co.uk,True,7,2,True
UK,210996,cqcinvestigations.co.uk,False,1,0,True
UK,211096,poetrysociety.org.uk,False,0,0,False
UK,211100,ciwf.org.uk,False,0,0,False
UK,211117,moorfields.nhs.uk,False,1,0,True
UK,211127,ineedwebhosting.uk,False,1,0,True
UK,211132,ontinuity.co.uk,False,0,0,True
UK,211160,mikimoto.co.uk,True,4,1,True
UK,211199,jurawatches.co.uk,True,3,0,True
UK,211377,oneplansoftware.co.uk,False,0,0,True
UK,211382,quals-direct.co.uk,False,0,0,True
UK,211570,mozziefightclub.co.uk,False,0,0,True
UK,211611,ehow.co.uk,False,0,0,False
UK,211722,bnamed.uk,False,0,0,True
UK,211914,hpa.org.uk,False,0,0,False
UK,212053,time-to-change.org.uk,False,0,0,True
UK,212067,west-norfolk.gov.uk,False,0,0,True
UK,212093,cybertruffle.org.uk,False,0,0,False
UK,212127,heritageopendays.org.uk,False,1,0,True
UK,212181,cartoonnetwork.co.uk,False,1,0,True
UK,212279,oakworld.co.uk,False,4,0,True
UK,212296,princeofwales.gov.uk,False,0,0,False
UK,212304,msbm.org.uk,False,0,0,False
UK,212393,resolver.co.uk,False,0,0,True
UK,212491,lexus.co.uk,False,2,0,True
UK,212503,3m.co.uk,False,0,0,True
UK,212570,vforums.co.uk,False,0,0,False
UK,212603,nhsbt.nhs.uk,False,0,0,True
UK,212674,brickweb.co.uk,False,0,0,True
UK,212687,tpexpress.co.uk,False,1,0,True
UK,212796,clickoney.uk,False,0,0,False
UK,212879,veloxserv.co.uk,False,0,1,True
UK,212967,hamptons.co.uk,False,0,0,False
UK,212974,motherofpearl.co.uk,False,0,0,False
UK,213016,adviceguide.org.uk,False,0,0,True
UK,213053,ukbattery.org.uk,False,0,1,True
UK,213058,photographyobsession.co.uk,False,0,0,False
UK,213107,ja606.co.uk,False,1,0,True
UK,213178,btck.co.uk,False,0,0,False
UK,213227,lankellychase.org.uk,False,0,0,False
UK,213282,967atc.co.uk,False,0,0,True
UK,213340,theupcoming.co.uk,False,0,0,True
UK,213341,cardiffcityfc.co.uk,False,0,0,True
UK,213368,glamira.co.uk,True,3,0,True
UK,213382,beaulieu.co.uk,False,1,0,True
UK,213506,safe.co.uk,False,0,0,False
UK,213507,wheelies.co.uk,False,0,0,False
UK,213608,roadtrafficaccidentlaw.co.uk,False,0,0,True
UK,213640,law360.co.uk,False,0,0,True
UK,213698,deutschekirche.org.uk,False,0,0,True
UK,213753,stockton.gov.uk,False,0,0,False
UK,213806,consortium.co.uk,False,0,0,False
UK,213826,resi.co.uk,False,0,0,False
UK,213873,crosscountrytrains.co.uk,False,0,0,False
UK,213914,elledecoration.co.uk,False,1,0,True
UK,213915,mixam.co.uk,False,0,0,False
UK,213928,britaine.co.uk,False,0,0,False
UK,213991,startupsmagazine.co.uk,False,1,0,True
UK,214004,foxprox.uk,False,0,0,False
UK,214028,thephotographersgallery.org.uk,False,0,0,True
UK,214074,subindo.co.uk,False,0,0,True
UK,214189,caninecottages.co.uk,False,0,0,False
UK,214267,thegenealogist.co.uk,False,1,0,True
UK,214505,nhsfleetsolutions.co.uk,False,0,0,True
UK,214677,somersetplantandgroundworks.co.uk,False,0,0,True
UK,214817,ngs.org.uk,False,2,0,True
UK,214871,airshows.co.uk,False,0,0,True
UK,214897,snack-projects.co.uk,False,0,0,False
UK,214945,tradingstandards.uk,False,0,0,True
UK,214971,southlanarkshire.gov.uk,False,0,0,True
UK,215032,schoolcloud.co.uk,False,0,0,True
UK,215498,adaptos.co.uk,False,0,0,False
UK,215775,atplonline.co.uk,False,0,0,True
UK,215916,beds.co.uk,True,4,1,True
UK,216012,birminghamchoice.co.uk,False,0,0,True
UK,216725,ecassweb.co.uk,False,0,0,True
UK,217071,fpsdistribution.co.uk,False,0,0,True
UK,217342,halifaxsharedealing-online.co.uk,False,0,0,True
UK,218044,leedshomes.org.uk,False,0,0,True
UK,218110,lituktestbooking.co.uk,False,0,0,True
UK,218154,longleatandcheddar.co.uk,False,0,0,False
UK,218254,mafaro.co.uk,False,0,0,True
UK,218703,nationaltrust-tickets.org.uk,False,3,0,True
UK,218789,nofearbridge.co.uk,False,0,0,True
UK,218881,omek.co.uk,False,0,0,True
UK,219055,patient-services.co.uk,False,0,0,True
UK,219315,propertypoolplus.org.uk,False,0,0,True
UK,219444,rangersrumours.co.uk,False,0,0,True
UK,219922,skyfair.uk,False,0,0,False
UK,220809,winnerwinnerchickendinner.co.uk,False,1,0,True
UK,220827,womansownmagazine.co.uk,False,0,0,False
UK,221143,anti-bullyingalliance.org.uk,False,0,0,False
UK,221187,nitrowebhost.co.uk,False,0,0,False
UK,221197,destinationenglish.co.uk,False,1,0,True
UK,221229,roke.co.uk,False,0,0,True
UK,221288,mikhay.co.uk,False,0,0,False
UK,221415,builderdepot.co.uk,True,3,1,True
UK,221441,rethinkingremote.co.uk,False,1,0,True
UK,221453,aspendiscovery.co.uk,False,0,0,False
UK,221529,feng-shui.co.uk,False,1,0,True
UK,221613,cafod.org.uk,False,0,0,True
UK,221650,croydonanimalsamaritans.co.uk,False,0,0,True
UK,221656,londonseedcentre.co.uk,False,0,0,False
UK,221665,frag.co.uk,False,0,0,True
UK,221670,heacademy.ac.uk,False,0,0,True
UK,221744,b4rn.org.uk,False,0,0,True
UK,221755,wanadoo-members.co.uk,False,0,0,False
UK,221810,freethought-dns.co.uk,False,0,0,True
UK,221817,newsweaver.co.uk,False,0,0,False
UK,221826,hrnews.co.uk,False,0,0,False
UK,221850,communitybrands.uk,False,0,0,True
UK,221903,dentaltechnician.org.uk,False,2,0,True
UK,221961,directwoodflooring.co.uk,False,0,0,False
UK,222003,falkirk.gov.uk,False,0,0,True
UK,222006,heartinternet.co.uk,False,2,0,True
UK,222121,snr.org.uk,False,0,0,False
UK,222249,mydancestore.co.uk,False,0,0,False
UK,222299,firstnews.co.uk,False,0,0,True
UK,222321,cilip.org.uk,False,0,0,True
UK,222383,northlanarkshire.gov.uk,False,0,0,True
UK,222420,exodus.co.uk,False,0,1,True
UK,222440,collins.co.uk,True,4,1,True
UK,222450,viet69z.uk,False,0,0,True
UK,222513,placesforpeople.co.uk,False,0,0,True
UK,222526,southend.gov.uk,False,0,0,True
UK,222563,sonypictures.co.uk,False,0,0,True
UK,222603,esdm.co.uk,False,0,0,True
UK,222624,worcester.ac.uk,False,1,0,True
UK,222630,mediamkt.co.uk,False,0,0,False
UK,222657,13xxxbluefilm.co.uk,False,0,0,True
UK,222712,yourspares.co.uk,True,1,1,True
UK,222755,amycleaning.co.uk,False,0,0,True
UK,222769,nomadit.co.uk,False,0,0,True
UK,222782,london-post.co.uk,False,0,0,True
UK,222857,inscale-scales.co.uk,True,3,0,True
UK,222866,ironheart.co.uk,True,3,0,True
UK,222881,warchild.org.uk,False,0,0,True
UK,222968,miele.co.uk,False,2,0,True
UK,222992,coeliac.org.uk,False,0,0,True
UK,223037,uat-thesun.co.uk,False,0,0,False
UK,223227,getyouonline.co.uk,False,0,0,True
UK,223279,zable.co.uk,False,0,0,True
UK,223379,ybs.co.uk,False,0,0,True
UK,223461,ngp-discovery.co.uk,False,0,0,False
UK,223500,jomalone.co.uk,False,4,0,True
UK,223522,bristolmuseums.org.uk,False,0,0,False
UK,223692,buckleysholidays.co.uk,False,0,0,False
UK,223746,partmaster.co.uk,False,0,0,False
UK,223878,thecrownestate.co.uk,False,0,0,True
UK,223909,outandaboutlive.co.uk,False,0,0,False
UK,224074,trevaskisfarm.co.uk,False,0,0,True
UK,224092,worldofghosts.co.uk,False,0,0,True
UK,224170,marketingarchitect.co.uk,False,0,0,True
UK,224213,elmbridge.gov.uk,False,0,0,True
UK,224241,bva.co.uk,False,1,0,True
UK,224258,trustmark.org.uk,False,0,0,True
UK,224277,zedcloud.co.uk,False,0,0,False
UK,224306,stirling.gov.uk,False,0,0,False
UK,224338,insurancetimes.co.uk,False,0,0,True
UK,224368,asthma.org.uk,False,0,0,True
UK,224444,moben.co.uk,False,0,0,False
UK,224459,primrose.co.uk,False,3,0,True
UK,224680,bucks.ac.uk,False,0,0,True
UK,224682,darlington.gov.uk,False,0,0,True
UK,224690,bton.ac.uk,False,0,0,False
UK,224715,broadbandchoices.co.uk,False,0,0,False
UK,224772,hpb.co.uk,False,1,0,True
UK,224796,creativemiles.co.uk,False,0,0,True
UK,224843,housepricesintheuk.co.uk,False,0,0,True
UK,224845,papa4d.org.uk,False,0,0,True
UK,224897,multicolouredzebra.co.uk,False,0,0,True
UK,224963,tablesandmore.co.uk,False,1,0,True
UK,225018,tandme.co.uk,False,0,4,True
UK,225113,sunshine.co.uk,False,0,0,False
UK,225118,santafixie.co.uk,False,0,0,False
UK,225198,locabee.uk,False,0,1,True
UK,225229,homeflow-assets.co.uk,False,0,0,False
UK,225480,dotnetcloud.co.uk,False,0,0,False
UK,225496,os.uk,False,0,0,True
UK,225542,ccfc.co.uk,False,0,0,True
UK,225577,rovers.co.uk,False,0,0,True
UK,225593,youtube.co.uk,False,0,0,True
UK,225660,gmx.co.uk,False,0,0,True
UK,225773,bpf.co.uk,False,0,0,True
UK,225812,planarchive.co.uk,False,0,0,True
UK,225832,greenhousecms.co.uk,False,0,0,False
UK,225859,ukweb-hosting.co.uk,False,2,0,True
UK,225993,electoral-reform.org.uk,False,0,0,True
UK,226023,freshsites.co.uk,False,0,1,True
UK,226060,warrington.gov.uk,False,0,0,True
UK,226309,bcfc.co.uk,False,0,0,True
UK,226383,outside.co.uk,False,3,0,True
UK,226527,classdojo.co.uk,False,0,0,False
UK,226532,blogpreston.co.uk,False,0,0,False
UK,226544,falmouthpacket.co.uk,False,1,0,True
UK,226546,bbo303.co.uk,False,1,0,True
UK,226710,momondo.co.uk,False,1,0,True
UK,226734,newforest.gov.uk,False,0,0,False
UK,226846,noble-caledonia.co.uk,False,0,0,True
UK,226857,abelandcole.co.uk,False,2,0,True
UK,226858,selcom.co.uk,False,0,0,True
UK,226867,tdesk.uk,True,1,2,True
UK,226890,fiso.co.uk,False,0,0,True
UK,227146,buy2fix.co.uk,True,3,2,True
UK,227179,phimheo.co.uk,False,0,0,True
UK,227290,saintsweb.co.uk,False,0,0,True
UK,227313,sufc.co.uk,False,0,0,True
UK,227446,electrictobacconist.co.uk,False,0,0,False
UK,227612,costway.co.uk,True,3,0,True
UK,227682,caat.org.uk,False,0,0,True
UK,227730,innuodesign.co.uk,False,0,0,True
UK,227761,staples.co.uk,False,0,0,False
UK,227823,cbre.co.uk,False,0,0,False
UK,227891,iow.gov.uk,False,0,0,False
UK,227939,crowncommercial.gov.uk,False,0,0,True
UK,228031,leekes.co.uk,True,4,1,True
UK,228048,bunkered.co.uk,False,1,0,True
UK,228096,uwic.ac.uk,False,0,0,False
UK,228140,spfl.co.uk,False,0,0,True
UK,228148,stopwar.org.uk,False,0,0,True
UK,228198,west-lindsey.gov.uk,False,0,0,True
UK,228374,discoveruni.gov.uk,False,0,0,True
UK,228432,brewers.co.uk,False,0,0,False
UK,228462,remedyrecruitmentgroup.co.uk,False,0,0,True
UK,228555,dignityfunerals.co.uk,False,0,0,True
UK,228732,ombudsman.org.uk,False,0,0,True
UK,228747,hyundai.co.uk,False,0,0,True
UK,228788,rbwm.gov.uk,False,0,0,True
UK,228828,uknoc.co.uk,False,0,0,False
UK,228894,caswells-strings.co.uk,False,0,0,False
UK,228903,housesittersuk.co.uk,False,0,0,True
UK,228917,myjobscotland.gov.uk,False,0,0,True
UK,229055,arcadianproducts.co.uk,True,4,1,True
UK,229081,mikham.co.uk,False,0,0,False
UK,229190,rctcbc.gov.uk,False,0,0,True
UK,229191,designerwear.co.uk,False,0,0,False
UK,229215,songofthepaddle.co.uk,False,0,0,True
UK,229235,iasservices.org.uk,True,1,1,True
UK,229281,zzap64.co.uk,False,0,0,False
UK,229284,butyjana.co.uk,True,3,1,True
UK,229333,northnorthants.gov.uk,False,0,0,True
UK,229409,spoongraphics.co.uk,False,1,0,True
UK,229485,edreams.co.uk,False,0,0,True
UK,229559,elexon.co.uk,False,0,0,False
UK,229680,barnsley.gov.uk,False,0,0,True
UK,229708,nfumutual.co.uk,False,0,0,True
UK,229771,shadowood.co.uk,False,0,0,True
UK,229801,radiotoday.co.uk,False,0,0,True
UK,229864,william-may.co.uk,False,0,0,False
UK,229876,ugle.org.uk,False,0,0,True
UK,229989,kinkie.co.uk,False,0,0,True
UK,230072,maccosmetics.co.uk,True,5,3,True
UK,230100,claridges.co.uk,False,2,0,True
UK,230165,ipayimpact.co.uk,False,0,0,True
UK,230189,southtyneside.gov.uk,False,0,0,False
UK,230204,shepherdspurse.co.uk,True,4,3,True
UK,230217,nutracheck.co.uk,False,0,0,True
UK,230233,skoda.co.uk,False,0,0,True
UK,230245,ukbutterflies.co.uk,False,0,0,True
UK,230289,mondialetest.co.uk,False,0,0,True
UK,230372,canalpubs.co.uk,False,0,0,True
UK,230485,inventivecloud.co.uk,False,1,0,True
UK,230879,bowlsnet.uk,False,0,0,False
UK,231053,direct-refunds.co.uk,False,0,0,True
UK,231078,dualeotruyen.uk,False,0,0,True
UK,231343,highampress.co.uk,False,0,0,True
UK,231798,mytransport.co.uk,False,0,0,True
UK,231813,nangcuc.me.uk,False,0,0,True
UK,232705,batterseapowerstation.co.uk,False,0,0,True
UK,232761,globaljustice.org.uk,False,0,0,False
UK,232821,cameraworld.co.uk,False,0,0,False
UK,232868,stageboden.co.uk,False,0,0,False
UK,232871,thegreatbritishbakeoff.co.uk,False,1,0,True
UK,232889,mathsgenie.co.uk,False,0,0,True
UK,233032,visiondirect.co.uk,True,5,1,True
UK,233067,fromewessexcameraclub.co.uk,False,1,0,True
UK,233094,complete-jobs.co.uk,False,0,0,False
UK,233096,bbcdns.net.uk,False,0,0,False
UK,233124,net10dns.co.uk,False,0,0,False
UK,233133,butler-landscapes.co.uk,False,0,0,True
UK,233165,wearewithyou.org.uk,False,1,0,True
UK,233187,puncher.co.uk,False,0,0,False
UK,233275,stevenage.gov.uk,False,0,0,True
UK,233316,kier.co.uk,False,0,0,True
UK,233366,carfinance247.co.uk,False,0,1,True
UK,233396,ntslive.co.uk,False,0,0,False
UK,233397,blf.org.uk,False,0,0,True
UK,233447,ceredigion.gov.uk,False,0,0,True
UK,233463,maxelectrical.co.uk,True,3,0,True
UK,233478,netlawman.co.uk,False,2,0,True
UK,233553,aberystwythartscentre.co.uk,False,0,0,False
UK,233638,citylink.co.uk,False,0,0,False
UK,233643,north-ayrshire.gov.uk,False,0,0,True
UK,233789,film-and-darkroom-user.org.uk,False,0,0,True
UK,233803,brandwise.co.uk,False,2,0,True
UK,233828,merseytravel.gov.uk,False,0,0,False
UK,233837,portland.co.uk,False,0,0,True
UK,233950,epsom-ewell.gov.uk,False,0,0,True
UK,233994,marshalls.co.uk,False,1,0,True
UK,234101,pbctoday.co.uk,False,0,0,True
UK,234170,kvpn.co.uk,False,0,0,False
UK,234246,rlwd.co.uk,False,0,0,False
UK,234297,ernestjones.co.uk,False,3,0,True
UK,234333,rudmoain.co.uk,False,0,0,False
UK,234359,enterprisetimes.co.uk,False,0,0,False
UK,234440,southwarknews.co.uk,False,0,0,False
UK,234564,give-or-refuse-consent-for-vaccinations.nhs.uk,False,0,0,True
UK,234571,hashtag-learning.co.uk,False,0,0,True
UK,234870,volvoforums.org.uk,False,0,0,True
UK,234871,spna.org.uk,False,0,0,True
UK,234901,microscopy-uk.org.uk,False,0,0,True
UK,235082,bitwiz.org.uk,False,0,0,True
UK,235166,south-ayrshire.gov.uk,False,0,0,False
UK,235198,ecrater.co.uk,False,1,0,True
UK,235223,edinburghgrosvenorhotel.co.uk,False,0,0,True
UK,235263,chelmsford.gov.uk,False,0,0,True
UK,235299,trinitylaban.ac.uk,False,0,0,True
UK,235323,fathosting.co.uk,False,0,0,True
UK,235375,cruisecritic.co.uk,False,0,0,False
UK,235408,literaryreview.co.uk,False,0,0,True
UK,235447,clickdealer.co.uk,False,0,0,True
UK,235497,sparepartstore24.co.uk,False,0,0,False
UK,235500,hobo-web.co.uk,False,0,0,True
UK,235502,bosch-home.co.uk,False,2,0,True
UK,235547,expertelectrical.co.uk,False,0,0,False
UK,235551,legendaryessex.co.uk,False,0,0,True
UK,235553,pizzahut.co.uk,False,0,0,True
UK,235554,theindependentpharmacy.co.uk,True,2,1,True
UK,235598,brightsites.co.uk,False,0,0,True
UK,235626,x22.uk,False,0,0,False
UK,235637,8xxxbluefilm.co.uk,False,0,0,True
UK,235828,guardian-series.co.uk,False,1,0,True
UK,235858,cinemaparadiso.co.uk,False,0,0,True
UK,235917,gff.co.uk,False,0,0,False
UK,235950,walescottageholidays.co.uk,False,0,0,False
UK,236000,chesterstandard.co.uk,False,1,0,True
UK,236015,as8401.co.uk,False,0,0,False
UK,236022,carcraft.co.uk,False,1,0,True
UK,236025,thisislocallondon.co.uk,False,1,0,True
UK,236072,freud.org.uk,False,0,0,True
UK,236122,mobilediscodirectory.co.uk,False,0,0,False
UK,236130,andrewcammissphotography.co.uk,False,0,0,True
UK,236150,wegotravel.co.uk,False,0,0,True
UK,236171,walkers.co.uk,False,0,0,True
UK,236379,arab13xnxxsex.co.uk,False,0,0,True
UK,236923,hypergrowth.uk,False,0,0,False
UK,237580,qqemas.co.uk,False,0,0,True
UK,237792,startathome.org.uk,False,0,0,True
UK,238163,nationalconsumerservice.co.uk,False,0,0,False
UK,238213,digitalshadow.org.uk,False,0,0,False
UK,238237,nationalgrid.co.uk,False,0,0,True
UK,238259,kch.nhs.uk,False,0,0,True
UK,238291,eeekhosting.co.uk,False,0,0,False
UK,238620,baus.org.uk,False,0,0,True
UK,238657,oceanvape.co.uk,False,0,0,False
UK,238731,freeprintsapp.co.uk,False,0,0,True
UK,238773,chemguide.co.uk,False,0,0,True
UK,238804,ollysorsby.co.uk,False,1,0,True
UK,238932,sps.nhs.uk,False,0,0,True
UK,238959,nestle.co.uk,False,0,0,False
UK,238960,wewillormiston.co.uk,False,0,0,True
UK,239013,avonandsomerset.police.uk,False,0,0,True
UK,239044,mincost.co.uk,True,4,1,True
UK,239055,nus.org.uk,False,0,0,True
UK,239068,moorepay.co.uk,False,0,0,True
UK,239082,m3cutters.co.uk,False,0,0,False
UK,239090,loughboroughtaxis.co.uk,False,0,0,True
UK,239163,companyrecord.co.uk,False,0,0,True
UK,239167,eframe.co.uk,False,0,0,False
UK,239168,bilbosurfshop.co.uk,False,0,0,True
UK,239354,loreal-paris.co.uk,False,0,1,True
UK,239389,artsprofessional.co.uk,False,0,0,True
UK,239449,thenec.co.uk,False,0,0,True
UK,239513,archery-shop.co.uk,False,3,0,True
UK,239519,petforums.co.uk,False,0,0,True
UK,239688,tostadora.co.uk,False,0,0,False
UK,239768,salceyforestnursery.co.uk,False,0,0,False
UK,239774,placenorthwest.co.uk,False,0,0,True
UK,239779,umist.ac.uk,False,0,0,False
UK,239849,pogdesign.co.uk,False,0,0,True
UK,239925,webarchitects.co.uk,False,0,0,True
UK,239979,mytyres.co.uk,False,0,0,False
UK,240021,wakefieldexpress.co.uk,False,0,0,False
UK,240036,thamesvalley.police.uk,False,0,0,False
UK,240074,mymobilityscooters.uk,True,2,1,True
UK,240144,nomisweb.co.uk,False,0,0,True
UK,240190,advsys.co.uk,False,0,0,False
UK,240219,rockmywedding.co.uk,False,0,0,True
UK,240228,digital-origin.co.uk,False,0,0,False
UK,240229,homeaway.co.uk,False,0,0,False
UK,240284,ransomspares.co.uk,False,0,0,True
UK,240320,freenetname.co.uk,False,0,0,False
UK,240378,brightonmuseums.org.uk,False,1,0,True
UK,240400,prwd.co.uk,False,0,0,True
UK,240422,imusic.uk,False,2,0,True
UK,240498,organdonation.nhs.uk,False,0,0,True
UK,240560,bury.gov.uk,False,0,0,True
UK,240566,frg.org.uk,False,0,0,False
UK,240568,fitness-superstore.co.uk,False,0,0,False
UK,240569,sense.org.uk,False,2,0,True
UK,240687,brits.co.uk,False,0,0,False
UK,240688,orangehome.co.uk,False,0,0,False
UK,240875,golfgtiforum.co.uk,False,0,0,True
UK,240903,nbt.nhs.uk,False,0,0,True
UK,240958,mermaidsuk.org.uk,False,0,0,True
UK,240973,fightercontrol.co.uk,False,0,0,False
UK,240996,companieshub.co.uk,False,0,3,True
UK,241034,machinerytrader.co.uk,False,0,0,False
UK,241097,hs2.org.uk,False,0,0,True
UK,241114,26point2.co.uk,False,0,0,False
UK,241157,onlinesurveys.ac.uk,False,0,0,False
UK,241288,petshopboys.co.uk,False,0,0,True
UK,241333,health-ni.gov.uk,False,0,0,True
UK,241336,taut-strap.co.uk,True,3,1,True
UK,241342,digitalvolcano.co.uk,False,0,0,True
UK,241355,wiltshiretimes.co.uk,False,1,0,True
UK,241428,musiciansunion.org.uk,False,0,0,True
UK,241541,rcsed.ac.uk,False,0,0,True
UK,241547,buyitdirect.co.uk,False,2,0,True
UK,241555,quickbooks.co.uk,False,1,0,True
UK,241583,privateequitywire.co.uk,False,0,0,False
UK,241684,recordholdersrepublic.co.uk,False,1,0,True
UK,241719,sands.org.uk,False,0,0,True
UK,241775,glyndwr.ac.uk,False,0,0,True
UK,241807,brake.org.uk,False,0,0,True
UK,241863,convoco.co.uk,False,0,0,True
UK,241874,norwich.gov.uk,False,0,0,True
UK,241883,mg.co.uk,False,0,0,False
UK,242166,groundwork.org.uk,False,0,0,False
UK,242199,exeter.gov.uk,False,0,0,False
UK,242222,wheelspinmodels.co.uk,False,0,0,False
UK,242447,healthspan.co.uk,True,3,1,True
UK,242590,smf.co.uk,False,0,0,False
UK,242716,asklily.org.uk,False,0,0,False
UK,242841,festipedia.org.uk,False,2,0,True
UK,242857,houser.co.uk,False,0,0,True
UK,242998,chemistdirect.co.uk,False,0,0,False
UK,243091,historic-cornwall.org.uk,False,0,0,True
UK,243131,petitfute.co.uk,False,0,0,False
UK,243237,employeebenefits.co.uk,False,0,0,True
UK,243259,thomson.co.uk,False,0,2,True
UK,243281,lancasterguardian.co.uk,False,0,0,False
UK,243286,boden.co.uk,True,4,1,True
UK,243291,heyrestaurants.co.uk,False,0,0,True
UK,243300,toomeymotorgroup.co.uk,False,0,0,True
UK,243319,devere.co.uk,False,1,0,True
UK,243384,ultralightoutdoorgear.co.uk,False,0,0,False
UK,243432,bucksherald.co.uk,False,0,0,False
UK,243458,palantirfoundry.co.uk,False,0,0,False
UK,243502,admiralcasino.co.uk,False,0,0,True
UK,243514,frr.org.uk,False,0,0,True
UK,243574,niesr.ac.uk,False,3,0,True
UK,243634,map.org.uk,False,1,0,True
UK,243651,fastco.co.uk,True,5,1,True
UK,243664,planninginspectorate.gov.uk,False,0,0,True
UK,243670,bmusic.co.uk,False,1,0,True
UK,243821,drewry.co.uk,False,0,0,True
UK,243825,servicecentre.co.uk,False,0,0,True
UK,243860,design911.co.uk,False,0,0,False
UK,243905,soulbroken.co.uk,False,1,0,True
UK,243925,brick7.co.uk,False,0,0,False
UK,244005,fast--pro.co.uk,False,0,0,False
UK,244023,robertwalters.co.uk,False,0,0,True
UK,244029,edbookfest.co.uk,False,1,0,True
UK,244038,brother.co.uk,False,0,0,False
UK,244064,menshealthforum.org.uk,False,1,0,True
UK,244145,weatherandradar.co.uk,False,0,0,True
UK,244212,bloodcancer.org.uk,False,0,0,True
UK,244254,mensadviceline.org.uk,False,0,0,True
UK,244271,ageukincontinence.co.uk,True,5,3,True
UK,244278,insider.co.uk,False,0,0,True
UK,244441,data-flows.uk,False,0,0,True
UK,244521,beaverbrooks.co.uk,False,3,0,True
UK,244562,liloup.uk,False,0,0,False
UK,244585,digitalworldz.co.uk,False,0,0,False
UK,244668,cadburygiftsdirect.co.uk,True,5,1,True
UK,244774,rcoa.ac.uk,False,0,0,False
UK,244802,30bet.org.uk,False,0,0,False
UK,244877,countytimes.co.uk,False,2,0,True
UK,244921,napaautoparts.co.uk,False,0,0,False
UK,244926,heamar.co.uk,True,5,3,True
UK,244964,khelijefars.co.uk,False,0,0,False
UK,245284,compass-group.org.uk,False,0,0,False
UK,245323,icup.org.uk,False,0,0,False
UK,245355,bostonbulbswholesale.co.uk,False,0,0,False
UK,245409,thegolfshoponline.co.uk,False,2,0,True
UK,245427,chiversrunning.co.uk,False,2,0,True
UK,245463,clarins.co.uk,True,3,0,True
UK,245503,springfieldspringfield.co.uk,False,0,0,True
UK,245539,village-hotels.co.uk,False,1,0,True
UK,245608,newhumanist.org.uk,False,3,0,True
UK,245710,north-norfolk.gov.uk,False,0,0,True
UK,245726,pret.co.uk,False,1,0,True
UK,245811,gcal.ac.uk,False,0,0,False
UK,245955,westnorthants.gov.uk,False,0,0,True
UK,246056,tmbc.gov.uk,False,0,0,False
UK,246119,royalsoc.ac.uk,False,0,0,True
UK,246127,redletterdays.co.uk,False,0,0,True
UK,246155,e-lindsey.gov.uk,False,0,0,False
UK,246255,tyreleader.co.uk,False,0,0,False
UK,246284,uttings.co.uk,True,2,2,True
UK,246323,lon.ac.uk,False,0,0,False
UK,246387,chad.co.uk,False,0,0,False
UK,246479,falkirkherald.co.uk,False,0,0,False
UK,246519,asiaadomainsshatelhamrahaval.co.uk,False,0,0,False
UK,246867,iclr.co.uk,False,0,0,False
UK,246887,newsint.co.uk,False,0,0,False
UK,246890,tsoshop.co.uk,False,2,0,True
UK,246918,huwsgray.co.uk,False,0,0,False
UK,246959,cpdonline.co.uk,False,0,0,False
UK,246973,theecoexperts.co.uk,False,0,0,True
UK,246992,clarks.co.uk,False,4,0,True
UK,246997,thelittlegreenbag.co.uk,False,0,0,False
UK,247166,aq.net.uk,False,0,0,False
UK,247207,orr.gov.uk,False,0,0,True
UK,247255,russellgroup.ac.uk,False,0,0,True
UK,247346,readingfc.co.uk,False,0,0,True
UK,247352,tefal.co.uk,False,3,0,True
UK,247358,coca-cola.co.uk,False,0,0,True
UK,247484,ukassignmenthelp.uk,True,1,2,True
UK,247497,jncc.gov.uk,False,0,0,True
UK,247630,cat.org.uk,False,1,0,True
UK,247706,guildford.gov.uk,False,0,0,True
UK,247767,plumbnation.co.uk,False,0,0,False
UK,247783,travelrepublic.co.uk,False,0,0,True
UK,247842,lutontown.co.uk,False,0,0,True
UK,247880,nucastle.co.uk,False,0,0,True
UK,247916,liveomg.co.uk,False,0,0,True
UK,247953,englandhockey.co.uk,False,0,0,True
UK,247955,tameside.gov.uk,False,0,0,True
UK,248076,selency.co.uk,False,3,0,True
UK,248164,virtmansim.co.uk,False,0,0,False
UK,248175,cpre.org.uk,False,0,0,True
UK,248237,ronniescotts.co.uk,False,0,0,False
UK,248239,vintageinn.co.uk,False,0,0,False
UK,248268,alarab.co.uk,False,0,0,False
UK,248322,laptopoutlet.co.uk,False,0,0,False
UK,248347,champdogs.co.uk,False,0,0,False
UK,248430,efl.uk,False,0,0,True
UK,248432,zen.net.uk,False,0,0,False
UK,248475,spode.co.uk,True,5,1,True
UK,248478,hartlepoolmail.co.uk,False,0,0,False
UK,248503,tote.co.uk,False,0,0,True
UK,248545,spacecentre.co.uk,False,1,0,True
UK,248610,solentplastics.co.uk,True,4,1,True
UK,248633,learningideas.me.uk,False,0,0,True
UK,248671,doctors.org.uk,False,0,0,True
UK,248678,cutwel.co.uk,True,3,0,True
UK,248693,yalebooks.co.uk,False,0,0,False
UK,248823,scottishpoetrylibrary.org.uk,False,0,0,False
UK,248859,lochnessfc.co.uk,False,0,0,True
UK,248914,sigur-ros.co.uk,False,0,0,True
UK,248934,poolejobs.co.uk,False,0,0,True
UK,248973,allinlondon.co.uk,False,0,0,False
UK,249016,mascus.co.uk,False,0,1,True
UK,249177,lonap.net.uk,False,0,0,True
UK,249181,rtpi.org.uk,False,0,0,False
UK,249183,bcss.org.uk,False,0,0,False
UK,249238,drusillasinn.co.uk,False,0,0,True
UK,249532,thenorthface.co.uk,True,4,1,True
UK,249662,bamboofurnitureboards.co.uk,False,0,0,True
UK,249670,cutlermarine.co.uk,False,0,0,False
UK,249688,abpi.org.uk,False,0,0,True
UK,249890,sancarlo.co.uk,False,0,0,True
UK,249943,sifex.co.uk,False,0,0,True
UK,249950,reportfraud.police.uk,False,0,0,False
UK,250069,49sresult.co.uk,False,0,0,True
UK,250162,architecturefoundation.org.uk,False,0,0,True
UK,250188,gotnowbiz.co.uk,False,0,0,False
UK,250219,super-hobby.co.uk,False,0,0,True
UK,250228,jimsbeerkit.co.uk,False,0,0,False
UK,250250,nsac.org.uk,False,0,0,True
UK,250333,elevenplusexams.co.uk,False,0,0,False
UK,250474,muddystilettos.co.uk,False,2,0,True
UK,250533,ctdns.uk,False,0,0,False
UK,250550,hollandandbarrettimages.co.uk,False,0,0,False
UK,250662,chatgpt.org.uk,False,0,0,True
UK,250715,the72.co.uk,False,0,0,True
UK,250847,cws-scot.uk,False,0,0,False
UK,250850,creativemodels.co.uk,False,0,0,False
UK,250896,ovensandhobs.uk,True,1,1,True
UK,250925,longleat.co.uk,False,0,0,False
UK,250954,thetruthseeker.co.uk,False,0,0,True
UK,250979,fifetoday.co.uk,False,0,0,False
UK,250986,thedissertationhelp.co.uk,True,1,2,True
UK,251007,sixt.co.uk,False,0,0,False
UK,251101,slugwatch.co.uk,False,0,0,True
UK,251106,serve.net.uk,False,0,0,False
UK,251142,gw4.uk,False,0,0,False
UK,251172,ukpublicspending.co.uk,False,0,0,True
UK,251223,oxfordresearchgroup.org.uk,False,0,0,False
UK,251245,cheltenham.gov.uk,False,0,0,True
UK,251469,securitas.co.uk,False,0,0,True
UK,251472,dns-service.uk,False,0,0,False
UK,251566,cityoflondon.police.uk,False,0,0,False
UK,251629,philipmorrisdirect.co.uk,True,4,2,True
UK,251707,invo.org.uk,False,0,0,False
UK,251897,jjsystems.co.uk,False,0,0,True
UK,251999,eastmidlandsrailway.co.uk,False,0,0,False
UK,252053,amcarparts.co.uk,True,4,1,True
UK,252072,paulsmith.co.uk,True,3,2,True
UK,252107,eastherts.gov.uk,False,0,0,True
UK,252119,therugshopuk.co.uk,True,3,0,True
UK,252260,weathershop.co.uk,True,3,3,True
UK,252262,southwestcoastpath.org.uk,False,0,0,False
UK,252468,hostingportal.co.uk,False,0,0,False
UK,252492,northwichguardian.co.uk,False,1,0,True
UK,252547,valeofglamorgan.gov.uk,False,0,0,True
UK,252573,beautycos.co.uk,True,4,2,True
UK,252762,pebblepad.co.uk,False,0,0,True
UK,252782,login.nhs.uk,False,0,0,False
UK,252784,bpi.co.uk,False,0,0,True
UK,252902,blackwoodwelding.co.uk,False,0,0,True
UK,252930,christian.org.uk,False,0,0,True
UK,253087,hendersonbearings.co.uk,True,4,1,True
UK,253092,serve.co.uk,False,0,0,False
UK,253133,hullcc.gov.uk,False,0,0,True
UK,253157,royalfree.nhs.uk,False,0,0,False
UK,253175,healthwatchnn.org.uk,False,0,0,True
UK,253233,hmso.gov.uk,False,0,0,True
UK,253267,woodbros.co.uk,False,0,0,False
UK,253284,businesslink.gov.uk,False,0,0,True
UK,253375,trolley.co.uk,False,0,0,True
UK,253382,amateurphotographer.co.uk,False,0,0,True
UK,253442,cotswold.gov.uk,False,0,0,True
UK,253454,benjojo.co.uk,False,0,0,True
UK,253478,recordstore.co.uk,True,3,0,True
UK,253534,brightfuturenow.co.uk,False,0,0,True
UK,253592,e4education.co.uk,False,0,0,True
UK,253597,comparestoreprices.co.uk,False,0,0,False
UK,253655,furniture24.uk,False,0,0,False
UK,253711,myschoolportal.co.uk,False,2,0,True
UK,253756,tendringdc.gov.uk,False,0,0,True
UK,253829,ccea.org.uk,False,0,0,False
UK,253839,umbro.co.uk,False,2,0,True
UK,253927,bt.co.uk,False,0,0,False
UK,253978,marketingdonut.co.uk,False,0,0,False
UK,253982,sonisphere.co.uk,False,0,0,False
UK,253987,getagent.co.uk,False,0,0,False
UK,253996,uhb.nhs.uk,False,0,0,True
UK,254016,wigmore-hall.org.uk,False,0,0,False
UK,254027,wilkinson.co.uk,False,0,0,False
UK,254051,romfordrecorder.co.uk,False,1,0,True
UK,254067,thebaydunbeath.co.uk,False,0,0,True
UK,254112,sonderdigital.co.uk,False,0,0,True
UK,254235,kimroy-photography.co.uk,False,0,0,True
UK,254320,atoptics.co.uk,False,0,0,True
UK,254341,chicne-road-2.uk,False,0,0,True
UK,254378,landmark.co.uk,False,0,0,True
UK,254390,churchofscotland.org.uk,False,0,0,False
UK,254396,proswimwear.co.uk,False,0,0,False
UK,254426,swale.gov.uk,False,0,0,False
UK,254619,boatsandoutboards.co.uk,False,0,0,False
UK,254633,billetto.co.uk,False,0,0,True
UK,254768,stephenliddell.co.uk,False,0,0,False
UK,254791,britishjobs.co.uk,False,0,0,True
UK,254793,place2be.org.uk,False,0,0,True
UK,254794,dissertationproposal.co.uk,True,1,2,True
UK,254807,westoxon.gov.uk,False,0,0,True
UK,254856,emmasdiary.co.uk,False,0,0,False
UK,254883,petitmom.co.uk,False,1,0,True
UK,254928,harrogateadvertiser.co.uk,False,0,0,False
UK,254961,croydonadvertiser.co.uk,False,0,0,True
UK,255020,hull.gov.uk,False,0,0,True
UK,255100,room101.co.uk,False,0,0,True
UK,255108,affinitywater.co.uk,False,0,0,True
UK,255290,invdcloud-is.co.uk,False,0,0,False
UK,255344,companyinformation.co.uk,False,0,0,True
UK,255355,ballycasino.co.uk,False,1,0,True
UK,255486,planningportal.gov.uk,False,0,0,True
UK,255487,uksport.gov.uk,False,1,0,True
UK,255533,zipworld.co.uk,False,0,0,True
UK,255547,bettys.co.uk,False,0,0,True
UK,255575,miinto.co.uk,False,4,0,True
UK,255605,eastfootball.co.uk,False,0,0,True
UK,255628,winchester.gov.uk,False,0,0,True
UK,255653,buydomainnames.co.uk,False,0,0,True
UK,255677,homecare.co.uk,False,0,0,True
UK,255692,nicholsonspubs.co.uk,False,0,0,False
UK,255741,opeenhostings.co.uk,False,0,0,False
UK,255824,taxresearch.org.uk,False,0,0,True
UK,255902,cardealermagazine.co.uk,False,0,0,True
UK,255985,seohosting.co.uk,False,2,0,True
UK,256078,hostzonedns.co.uk,False,0,0,False
UK,256122,flooddefenceexpo.co.uk,False,0,0,True
UK,256135,sheptonbeauchamp.org.uk,False,0,0,True
UK,256247,soul-source.co.uk,False,0,0,True
UK,256268,pressat.co.uk,False,0,0,True
UK,256305,npcc.police.uk,False,0,0,False
UK,256318,pigeonplanet.co.uk,False,0,0,False
UK,256366,1stfound.co.uk,False,0,0,True
UK,256389,gloshospitals.nhs.uk,False,0,0,True
UK,256423,gridhosted.co.uk,False,0,0,False
UK,256517,newburytoday.co.uk,False,0,0,True
UK,256683,birminghampost.co.uk,False,0,0,True
UK,256688,antarctica.ac.uk,False,0,0,True
UK,256810,abcmoney.co.uk,False,0,0,True
UK,256831,talkinternet.co.uk,False,0,0,True
UK,256990,rochdaleonline.co.uk,False,0,0,False
UK,257050,privateexercisetolerancetest.co.uk,False,0,0,True
UK,257071,uhsussex.nhs.uk,False,0,0,True
UK,257115,edintattoo.co.uk,False,0,0,True
UK,257164,mybrushbox.co.uk,False,4,0,True
UK,257247,ops2ops.co.uk,False,0,0,False
UK,257314,soapboards.co.uk,False,0,0,False
UK,257318,bwfc.co.uk,False,0,0,True
UK,257446,onevalefan.co.uk,False,0,0,True
UK,257458,pieria.co.uk,False,0,0,True
UK,257468,powys.gov.uk,False,0,0,True
UK,257651,propbar.co.uk,False,0,0,False
UK,257719,digital-tachographs.co.uk,False,2,0,True
UK,257732,adhduk.co.uk,False,0,0,False
UK,257782,adultfriendfinder.co.uk,False,0,0,True
UK,257903,leedstrinity.ac.uk,False,0,0,True
UK,258000,thenegotiator.co.uk,False,0,0,True
UK,258004,childcarechoices.gov.uk,False,0,0,True
UK,258085,protyre.co.uk,False,2,0,True
UK,258100,dijobs.co.uk,False,0,0,True
UK,258206,pancreaticcancer.org.uk,False,0,0,True
UK,258224,hertsad.co.uk,False,1,0,True
UK,258246,ndcs.org.uk,False,0,0,True
UK,258316,loopnet.co.uk,False,0,0,False
UK,258377,multiplay.co.uk,False,0,0,True
UK,258409,connectcms.co.uk,False,0,0,False
UK,258450,a8parts.co.uk,False,0,0,True
UK,258453,free-counters.co.uk,False,0,0,False
UK,258493,kocholo.co.uk,False,0,0,False
UK,258509,wrexham.gov.uk,False,0,0,True
UK,258518,emmabridgewater.co.uk,True,4,1,True
UK,258562,craftscouncil.org.uk,False,0,0,False
UK,258590,navy-net.co.uk,False,0,0,False
UK,258622,mydomainis.co.uk,False,0,0,True
UK,258727,ealingtoday.co.uk,False,0,0,True
UK,258736,vertbaudet.co.uk,False,0,0,False
UK,258775,thompson.co.uk,False,0,0,True
UK,258777,pausemag.co.uk,False,2,0,True
UK,258819,ccinf.org.uk,False,0,0,False
UK,258862,sign.ac.uk,False,0,0,True
UK,258884,matthewwoodward.co.uk,False,0,0,True
UK,258901,mints.co.uk,False,0,0,True
UK,258927,i-sis.org.uk,False,0,0,True
UK,258991,cosmopolitan.co.uk,False,2,0,True
UK,259016,nodexdns.co.uk,False,0,0,False
UK,259107,litrg.org.uk,False,0,0,False
UK,259110,infotrack.co.uk,False,0,0,True
UK,259136,happity.co.uk,False,0,0,False
UK,259193,4ourhouse.co.uk,False,0,0,False
UK,259251,sussex.police.uk,False,0,0,False
UK,259399,t4fr.co.uk,False,0,0,True
UK,259447,cssplay.co.uk,False,0,0,True
UK,259458,madhosting.uk,False,1,0,True
UK,259582,visitouterhebrides.co.uk,False,1,0,True
UK,259593,onlinescoutmanager.co.uk,False,0,0,True
UK,259627,theros.org.uk,False,0,0,True
UK,259677,prindo.co.uk,False,1,0,True
UK,259707,huntingdonshire.gov.uk,False,0,0,True
UK,259718,feweek.co.uk,False,0,0,False
UK,259721,ravensburger.co.uk,False,0,0,False
UK,259763,darwinproject.ac.uk,False,0,0,True
UK,259970,wightlink.co.uk,False,0,0,True
UK,260252,oxfordhealth.nhs.uk,False,0,0,True
UK,260295,premiumtv.co.uk,False,0,0,False
UK,260316,pottersbarjobs.co.uk,False,0,0,True
UK,260356,heartsfc.co.uk,True,3,0,True
UK,260490,livecareer.co.uk,False,0,1,True
UK,260510,msccruises.co.uk,False,0,0,True
UK,260520,wavenet.co.uk,False,0,0,True
UK,260611,cambridgenetwork.co.uk,False,0,0,True
UK,260649,pkc.gov.uk,False,0,0,False
UK,260717,chooseacottage.co.uk,False,0,0,True
UK,260767,kipling.org.uk,False,0,0,False
UK,260826,careopinion.org.uk,False,0,0,False
UK,260852,headway.org.uk,False,0,0,True
UK,260900,cnwl.nhs.uk,False,0,0,False
UK,260944,britishlivertrust.org.uk,False,1,0,True
UK,260975,southtees.nhs.uk,False,0,0,True
UK,261096,leighday.co.uk,False,0,0,True
UK,261181,bills-website.co.uk,False,0,0,False
UK,261191,totalvapour.co.uk,True,3,0,True
UK,261261,wmjobs.co.uk,False,0,0,False
UK,261302,darksidedevelopments.co.uk,False,0,0,False
UK,261343,the-times.co.uk,False,0,0,False
UK,261431,utopia500.org.uk,False,0,0,True
UK,261446,thejewelhut.co.uk,False,0,0,False
UK,261512,visual-memory.co.uk,False,0,0,False
UK,261520,instantprint.co.uk,False,1,0,True
IN,694,amazon.in,False,1,0,True
IN,1316,rajasthan.gov.in,False,0,0,True
IN,1327,bihar.gov.in,False,0,0,False
IN,1346,gst.gov.in,False,0,0,True
IN,1365,karnataka.gov.in,False,0,0,False
IN,1401,incometax.gov.in,False,0,0,True
IN,1428,uidai.gov.in,False,0,0,True
IN,1481,epfindia.gov.in,False,0,0,False
IN,1492,eci.gov.in,False,0,0,False
IN,1513,google.co.in,False,0,0,True
IN,1517,wb.gov.in,False,0,0,False
IN,1537,aajtak.in,False,1,0,True
IN,1538,up.gov.in,False,0,0,False
IN,1547,indianrail.gov.in,False,0,0,False
IN,1551,goodreturns.in,False,0,0,False
IN,1558,parivahan.gov.in,False,0,0,True
IN,1602,screener.in,False,0,0,True
IN,1658,ewaybillgst.gov.in,False,0,0,False
IN,1693,dord.gov.in,False,0,0,True
IN,1697,digitallocker.gov.in,False,0,0,True
IN,1706,pmkisan.gov.in,False,0,0,False
IN,1717,csc.gov.in,False,0,0,False
IN,1741,linkmake.in,False,0,0,True
IN,1747,bpcl.in,False,0,0,False
IN,1857,redbus.in,False,1,0,True
IN,1867,ibps.in,False,0,0,False
IN,1888,upsssc.gov.in,False,0,0,False
IN,1891,egramswaraj.gov.in,False,0,0,False
IN,1912,educationportal3.in,False,0,0,True
IN,1915,census.gov.in,False,0,0,False
IN,2061,lnkd.in,False,1,0,True
IN,2940,registry.in,False,0,0,True
IN,3786,indiatoday.in,False,0,2,True
IN,5028,airtel.in,False,0,0,True
IN,5148,runnr.in,False,0,0,True
IN,5480,mp.gov.in,False,0,0,False
IN,5585,zepto.co.in,False,0,0,False
IN,5792,goindigo.in,False,0,0,True
IN,5796,telangana.gov.in,False,0,0,True
IN,5798,groww.in,False,1,0,True
IN,6008,ctrls.in,False,0,0,True
IN,6073,kerala.gov.in,False,0,0,False
IN,6167,tn.gov.in,False,0,0,False
IN,6243,wcd.gov.in,False,0,0,True
IN,6360,bank.in,False,0,0,False
IN,6366,admissions.nic.in,False,0,0,True
IN,6375,examinationservices.nic.in,False,0,0,True
IN,6384,joinindianarmy.nic.in,False,0,0,False
IN,6473,bajajfinserv.in,False,0,2,True
IN,6490,olx.in,False,0,0,False
IN,6588,mca.gov.in,False,0,0,False
IN,6590,gujarat.gov.in,False,0,0,False
IN,6661,irctc.co.in,False,0,0,True
IN,6736,zoho.in,False,0,0,True
IN,6832,nobroker.in,False,0,1,True
IN,6887,livescore.in,False,2,0,True
IN,6975,mohfw.gov.in,False,0,0,True
IN,7039,maharashtra.gov.in,False,0,0,False
IN,7096,porter.in,False,0,0,False
IN,7256,jharkhand.gov.in,False,0,0,True
IN,7321,imd.gov.in,False,0,0,False
IN,7339,education.gov.in,False,0,0,True
IN,7399,mxplayer.in,False,0,0,True
IN,7528,district.in,False,1,0,True
IN,7546,indiapost.gov.in,False,0,0,True
IN,7553,ernet.in,False,0,0,True
IN,7584,mahaonline.gov.in,False,0,0,False
IN,7585,hpcl.co.in,False,0,0,False
IN,7663,npci.org.in,False,0,0,True
IN,7974,delhi.gov.in,False,0,0,False
IN,7992,nptel.ac.in,False,0,0,True
IN,8009,cashify.in,False,0,0,True
IN,8041,digilocker.gov.in,False,0,0,True
IN,8061,esic.gov.in,False,0,0,False
IN,8230,skyscanner.co.in,False,0,0,True
IN,8274,gem.gov.in,False,0,0,False
IN,8275,ndtv.in,False,0,2,True
IN,8343,swayam.gov.in,False,0,0,True
IN,8407,railyatri.in,False,0,0,True
IN,8456,mponline.gov.in,False,0,0,True
IN,8465,apollopharmacy.in,False,1,0,True
IN,8534,tripadvisor.in,False,0,0,False
IN,8567,scholarships.gov.in,False,0,0,True
IN,8624,samarth.edu.in,False,0,0,True
IN,8770,upsdc.gov.in,False,0,0,False
IN,8874,decathlon.in,False,3,0,True
IN,8932,reliancedigital.in,False,3,0,True
IN,8992,tanishq.co.in,False,0,0,False
IN,9064,lsgkerala.gov.in,False,0,0,True
IN,9090,cybercrime.gov.in,False,0,0,True
IN,9124,ap.gov.in,False,0,0,False
IN,9149,pib.gov.in,False,0,0,True
IN,9189,shopsy.in,False,2,0,True
IN,9218,proteantech.in,False,0,0,True
IN,9244,nha.gov.in,False,0,0,False
IN,9262,titan.co.in,False,0,0,False
IN,9265,csccloud.in,False,0,0,False
IN,9276,udyamregistration.gov.in,False,0,0,True
IN,9310,allahabadhighcourt.in,False,0,0,True
IN,9313,learncbse.in,False,0,0,True
IN,9318,pgportal.gov.in,False,0,0,True
IN,9350,haryana.gov.in,False,0,0,True
IN,9406,indianoil.in,False,0,0,False
IN,9455,mybharat.gov.in,False,0,0,True
IN,9529,udiseplus.gov.in,False,0,0,True
IN,9588,meripehchaan.gov.in,False,0,0,True
IN,9669,cisf.gov.in,False,0,0,True
IN,9768,tatasteel.co.in,False,0,0,True
IN,9781,kvs.gov.in,False,0,0,True
IN,9783,upbhulekh.gov.in,False,0,0,True
IN,9844,uod.ac.in,False,0,0,True
IN,9883,poshantracker.in,False,0,2,True
IN,9966,up.nic.in,False,0,0,True
IN,9992,tnpscexams.in,False,0,0,True
IN,10003,dpbosss.net.in,False,0,2,True
IN,10019,majhinaukri.in,False,0,0,False
IN,10032,igrsup.gov.in,False,0,0,True
IN,10048,ocbnyutpfwjs.in,False,0,0,False
IN,10055,lpu.in,False,0,0,True
IN,10056,ncert.nic.in,False,0,0,False
IN,10072,manakonline.in,False,0,0,True
IN,10073,callbomberz.in,False,0,0,True
IN,10082,pmvidyalaxmi.co.in,False,0,0,True
IN,10103,lotterysambadresult.in,False,0,0,True
IN,10106,nrega.nic.in,False,0,0,True
IN,10144,sattakingy.in,False,0,0,True
IN,10208,delhigovt.nic.in,False,0,0,False
IN,10242,bhavyabiharhealth.in,False,0,0,False
IN,10260,kolkataff.in,False,0,0,True
IN,10261,kumarpay.in,False,0,0,False
IN,10273,qbrik.in,False,0,0,True
IN,10279,sdpay.co.in,False,0,0,False
IN,10281,showpm.in,False,0,0,True
IN,10491,samsodisha.gov.in,False,0,0,False
IN,10568,ipowatch.in,False,0,0,True
IN,10578,samagra.gov.in,False,0,0,False
IN,10634,faymas.in,False,0,2,True
IN,10762,storytv.co.in,False,0,0,True
IN,10775,ori.nic.in,False,0,0,False
IN,10782,shillongteergrounds.in,False,0,0,True
IN,10839,aranya.gov.in,False,0,0,False
IN,10909,pdsodisha.gov.in,False,0,0,False
IN,10944,teletype.in,False,0,0,True
IN,11102,mahateacherrecruitment.org.in,False,0,0,False
IN,11214,hubble.in,False,0,0,False
IN,11932,blogspot.in,False,0,0,True
IN,12141,mtnl.net.in,False,0,0,False
IN,12195,sweatco.in,False,0,0,True
IN,12300,angelone.in,False,1,0,True
IN,12427,adjust.net.in,False,0,0,False
IN,12676,directverify.in,False,0,0,True
IN,12905,allevents.in,False,0,1,True
IN,12919,india.gov.in,False,0,0,True
IN,13201,glassdoor.co.in,False,0,0,False
IN,13419,businesstoday.in,False,1,0,True
IN,13655,gettyimages.in,False,0,0,False
IN,13753,starlink.in,False,0,0,False
IN,13901,theprint.in,False,0,0,True
IN,14001,rbi.org.in,False,0,0,True
IN,14234,brainly.in,False,0,0,False
IN,14918,indianvisaonline.gov.in,False,0,0,True
IN,14931,strip2.in,False,0,0,False
IN,15290,passportindia.gov.in,False,0,0,True
IN,15403,hostgator.in,False,0,0,False
IN,15580,rcil.gov.in,False,0,0,False
IN,15788,foundit.in,False,0,0,False
IN,15977,indianrailways.gov.in,False,0,0,False
IN,16025,thewire.in,False,0,0,True
IN,16399,zohopublic.in,False,0,0,False
IN,16536,lite-host.in,False,0,0,True
IN,16567,nkn.in,False,0,0,True
IN,16617,ecourts.gov.in,False,0,1,True
IN,16628,dailyhunt.in,False,0,0,True
IN,16654,aninews.in,False,0,0,False
IN,16835,tracktor.in,False,0,0,False
IN,16859,cbse.gov.in,False,0,0,True
IN,17053,licindia.in,False,0,0,True
IN,17167,juspay.in,False,2,0,True
IN,17199,thebase.in,False,0,0,True
IN,17256,assam.gov.in,False,0,0,False
IN,17268,odisha.gov.in,False,0,0,False
IN,17330,fssai.gov.in,False,0,0,True
IN,17434,crackle.co.in,False,0,0,True
IN,17845,upsc.gov.in,False,0,0,True
IN,17846,pharmeasy.in,True,1,1,True
IN,17885,pornobolt.in,False,0,0,True
IN,18096,allen.in,False,0,0,True
IN,18152,google.in,False,0,0,True
IN,18178,satyam.net.in,False,0,0,False
IN,18205,bsnl.in,False,0,0,False
IN,18352,cgg.gov.in,False,0,0,True
IN,18393,businessinsider.in,False,0,0,False
IN,18473,ignou.ac.in,False,0,0,True
IN,18555,sci.gov.in,False,0,0,True
IN,18767,nios.ac.in,False,0,0,False
IN,19146,rrbapply.gov.in,False,0,0,False
IN,19446,logme.in,False,0,0,True
IN,19605,cgstate.gov.in,False,0,0,False
IN,19610,rtionline.gov.in,False,0,0,True
IN,19696,valmo.in,False,0,0,True
IN,19782,jk.gov.in,False,0,0,False
IN,19820,y99.in,False,0,0,True
IN,19934,libas.in,True,2,0,True
IN,19957,boyfriendtv.in,False,0,0,True
IN,20030,ssc.gov.in,False,0,0,True
IN,20373,digitalgujarat.gov.in,False,0,0,False
IN,20408,indiatv.in,False,0,0,True
IN,20515,betswiz.in,False,0,0,True
IN,20567,mpedistrict.gov.in,False,0,0,False
IN,20577,nta.nic.in,False,0,0,True
IN,20634,banglarbhumi.gov.in,False,0,0,False
IN,20699,desipussy.in,False,0,0,True
IN,20709,vodafone.ind.in,False,0,0,False
IN,20773,pfms.nic.in,False,0,0,False
IN,20877,hamraazmp8.gov.in,False,0,0,False
IN,20988,shadowfax.in,False,0,0,True
IN,21054,umang.gov.in,False,0,0,True
IN,21223,mahadiscom.in,False,0,0,True
IN,21228,altin.in,False,0,0,True
IN,21402,tspolice.gov.in,False,0,0,False
IN,21497,popt.in,False,2,0,True
IN,21556,pspcl.in,False,0,0,True
IN,21586,canva.in,False,0,0,True
IN,21597,du.ac.in,False,0,0,True
IN,21624,tataidc.co.in,False,0,0,False
IN,21660,upmsp.edu.in,False,0,0,True
IN,21683,iitm.ac.in,False,1,0,True
IN,21708,serviceonline.gov.in,False,0,0,True
IN,21755,guidely.in,False,1,0,True
IN,21786,sancharsaathi.gov.in,False,0,0,True
IN,21814,skillindiadigital.gov.in,False,0,0,True
IN,21864,crsorgi.gov.in,False,0,0,True
IN,21878,zapvi.in,False,1,0,True
IN,21952,pmaymis.gov.in,False,1,0,True
IN,22030,apcfss.in,False,0,0,True
IN,22073,abdm.gov.in,False,0,0,False
IN,22146,eshram.gov.in,False,0,0,True
IN,22201,unionbankonline.co.in,False,0,0,True
IN,22247,patnahighcourt.gov.in,False,0,0,True
IN,22258,cuchd.in,False,0,0,True
IN,22262,oliveboard.in,False,0,0,True
IN,22266,mahabhumi.gov.in,False,0,0,True
IN,22270,agristack.gov.in,False,0,0,True
IN,22418,deodap.in,True,4,1,True
IN,22503,jockey.in,True,4,2,True
IN,22520,fastrack.in,False,0,0,False
IN,22525,pmfby.gov.in,False,0,0,True
IN,22653,alphacommunity.in,False,0,0,False
IN,22764,ncrb.gov.in,False,0,0,True
IN,22814,nfsa.gov.in,False,0,0,True
IN,22817,baji999.in,False,0,0,True
IN,22934,highereduhry.ac.in,False,0,0,False
IN,22950,sebi.gov.in,False,0,0,True
IN,22959,shiprocket.in,False,1,0,True
IN,23047,nps-proteantech.in,False,0,0,False
IN,23089,sbm.gov.in,False,0,0,True
IN,23121,zardfilm.in,False,0,0,True
IN,23142,mpez.co.in,False,0,0,False
IN,23160,saralharyana.gov.in,False,0,0,False
IN,23173,bokepnoz.in,False,0,0,True
IN,23210,indiahood.in,False,0,0,True
IN,23241,cg.nic.in,False,0,0,False
IN,23254,mpsconline.gov.in,False,0,0,True
IN,23323,cga.gov.in,False,0,0,True
IN,23343,trackingo.in,False,0,0,False
IN,23369,myhpgas.in,False,0,0,False
IN,23403,nikshay.in,False,0,0,True
IN,23409,uiic.in,False,0,0,False
IN,23416,nagalandstatelottery.in,False,0,0,True
IN,23433,epfo.gov.in,False,0,0,False
IN,23488,scroll.in,False,0,0,True
IN,23512,ejalshakti.gov.in,False,0,0,True
IN,23568,storymax.in,False,0,0,True
IN,23579,saveetha.in,False,0,0,True
IN,23584,kredito24.in,False,0,0,True
IN,23614,actcorp.in,False,0,0,True
IN,23674,bpc.co.in,False,0,0,False
IN,23675,castcertificatewb.gov.in,False,0,0,False
IN,23676,cyberpolice.nic.in,False,0,0,True
IN,23677,dearlottery.in,False,0,0,True
IN,23701,invisalign.in,False,0,0,True
IN,23703,ircep.gov.in,False,0,0,True
IN,23717,matka420.in,False,0,0,True
IN,23724,niconline.co.in,False,0,0,False
IN,23726,pddrc.in,False,0,0,True
IN,23731,roinet.in,False,0,0,False
IN,23802,bigrock.in,False,0,0,False
IN,23851,4raicefishpwa.in,False,0,0,True
IN,24102,iitkgp.ac.in,False,0,0,False
IN,24175,gndu.ac.in,False,0,0,True
IN,24320,bokepud.in,False,0,0,True
IN,24324,swayam2.ac.in,False,0,0,False
IN,24347,ksrtc.in,False,0,0,True
IN,24426,oziva.in,True,2,1,True
IN,24431,futureskillsprime.in,False,0,0,True
IN,24480,offduty.in,True,3,3,True
IN,24483,trackon.in,False,0,0,True
IN,24485,tnstc.in,False,0,0,True
IN,24549,netplus.co.in,False,0,0,True
IN,24629,k7nx.in,False,0,0,False
IN,24638,gsrtc.in,False,0,0,True
IN,24660,mppanchayatdarpan.gov.in,False,0,0,False
IN,24726,jktenders.gov.in,False,0,0,True
IN,24830,mcc.nic.in,False,0,0,True
IN,24909,beyondappliances.in,True,3,3,True
IN,24910,castle.am.in,False,0,0,True
IN,24911,cgbse.nic.in,False,0,0,False
IN,24920,gebyartrivora.io.in,False,0,0,True
IN,24922,indianvisa-bangladesh.nic.in,False,0,0,False
IN,24928,odishalandrevenue.nic.in,False,0,0,True
IN,24942,two-buddy.in,False,0,0,True
IN,25111,airbnb.co.in,False,2,0,True
IN,25148,ireps.gov.in,False,1,0,True
IN,25171,iitk.ac.in,False,0,0,True
IN,25253,magicpin.in,False,0,0,True
IN,25256,filmyzilla60.in,False,0,0,True
IN,25426,statedatacenter.in,False,0,0,False
IN,25532,inflibnet.ac.in,False,0,0,True
IN,25762,audible.in,False,0,0,True
IN,25772,intoday.in,False,0,0,True
IN,25856,reqres.in,False,0,2,True
IN,25930,espn.in,False,1,0,True
IN,25933,theweek.in,False,0,0,True
IN,26379,ubuy.co.in,False,0,0,False
IN,26890,dwan.co.in,False,0,0,True
IN,27019,iitb.ac.in,False,0,0,False
IN,27302,wildla.in,False,0,0,True
IN,27811,mygov.in,False,0,0,True
IN,28180,incometaxindia.gov.in,False,0,0,True
IN,28207,coocaa.in,False,0,0,False
IN,28532,bluehost.in,False,0,0,False
IN,28618,garv.in,False,0,0,True
IN,28697,christuniversity.in,False,1,0,True
IN,28814,freepressjournal.in,False,0,2,True
IN,29005,gofizz.in,False,0,0,False
IN,29371,website999.co.in,False,0,0,True
IN,29514,tdscpc.gov.in,False,0,0,True
IN,30266,s3waas.gov.in,False,0,0,True
IN,30298,snackvideo.in,False,0,0,False
IN,30405,vogue.in,True,2,1,True
IN,30586,fxdx.in,False,0,0,False
IN,30777,vnpl.co.in,False,0,0,False
IN,30976,isro.gov.in,False,0,0,True
IN,30997,mea.gov.in,False,0,0,True
IN,31124,cadburygifting.in,False,0,0,True
IN,31296,hostingraja.in,True,1,2,True
IN,31391,cleartax.in,False,1,0,True
IN,31521,downtoearth.org.in,False,1,0,True
IN,32330,seair.co.in,False,0,0,False
IN,32379,axisbank.co.in,False,0,0,False
IN,32585,freelancer.in,False,0,0,True
IN,33228,meghbelabroadband.in,False,0,0,False
IN,33357,adv084.in,False,0,0,False
IN,33450,punjab.gov.in,False,0,0,False
IN,33458,flashscore.in,False,2,0,True
IN,33604,adv094.in,False,0,0,False
IN,33710,bharatpe.in,False,0,0,False
IN,34021,payu.in,False,1,0,True
IN,34303,exotel.in,False,0,0,False
IN,34437,digit.in,False,1,0,True
IN,34609,oneplus.in,True,1,1,True
IN,34763,businessworld.in,False,0,0,False
IN,34791,qlc.co.in,False,0,0,True
IN,35313,uk.gov.in,False,0,0,False
IN,35756,livelaw.in,False,2,0,True
IN,36547,fusionnet.in,False,0,0,True
IN,36633,growthrx.in,False,0,0,False
IN,36645,aptible.in,False,0,0,False
IN,36894,zapf.in,False,0,0,True
IN,37171,freebitco.in,False,0,0,False
IN,37254,jkapi.in,False,0,0,False
IN,37368,grabweb.in,True,1,3,True
IN,37374,mha.gov.in,False,0,0,True
IN,37705,freefireind.in,False,0,0,False
IN,37748,adv074.in,False,0,0,False
IN,38291,wttr.in,False,0,0,True
IN,38719,adsolut.in,False,0,0,True
IN,38789,hp.gov.in,False,0,0,False
IN,38917,bbc.in,False,1,0,True
IN,39343,imgeng.in,False,0,0,False
IN,39591,iisc.ac.in,False,0,0,True
IN,39792,chrono24.in,False,0,0,False
IN,40026,airtelbroadband.in,False,0,0,False
IN,40031,ultranet.co.in,False,0,0,True
IN,40175,iitd.ac.in,False,1,0,True
IN,40326,listablelabs.in,False,0,0,False
IN,41049,dominos.co.in,False,0,0,True
IN,41333,mgovcloud.in,False,0,0,True
IN,41722,workindia.in,False,0,0,False
IN,41941,hificode.in,False,0,0,False
IN,42152,logix.in,False,2,0,True
IN,42246,aqi.in,False,0,0,False
IN,42398,newsonair.gov.in,False,0,0,True
IN,42422,bsnl.co.in,False,0,0,False
IN,42445,transfermarkt.co.in,False,0,0,True
IN,42553,fyers.in,False,0,0,True
IN,42592,stpi.in,False,0,0,True
IN,42642,parkpage.in,False,0,0,True
IN,42649,ugc.ac.in,False,0,0,True
IN,42654,cdac.in,False,0,0,True
IN,42677,kseb.in,False,0,0,False
IN,43393,nuron.co.in,False,0,0,False
IN,43803,serverbyt.in,False,2,0,True
IN,43981,planetspark.in,False,0,0,True
IN,43989,bits-pilani.ac.in,False,0,0,True
IN,44057,pinboard.in,False,0,0,True
IN,44079,mosite.in,False,0,0,False
IN,44145,goldclub.co.in,False,0,0,True
IN,44171,puchd.ac.in,False,0,0,True
IN,44372,censusindia.gov.in,False,0,0,False
IN,44636,icegate.gov.in,False,0,0,False
IN,46087,medicoverhospitals.in,False,0,0,True
IN,46188,youbroadband.in,False,0,0,True
IN,46307,ddnews.gov.in,False,0,0,False
IN,46573,unipune.ac.in,False,0,0,True
IN,46724,itsecure.co.in,False,0,0,False
IN,47206,edurev.in,False,0,0,True
IN,47336,pseb.ac.in,False,0,0,False
IN,47406,indiafreestuff.in,False,0,0,False
IN,47514,niti.gov.in,False,0,0,True
IN,47522,dgft.gov.in,False,0,0,True
IN,47531,msme.gov.in,False,0,0,True
IN,47867,cbic.gov.in,False,0,0,False
IN,48164,keralauniversity.ac.in,False,0,0,True
IN,48520,insider.in,False,1,0,True
IN,48652,desertcart.in,False,0,0,False
IN,48726,cusat.ac.in,False,0,0,False
IN,48845,gujgov.edu.in,False,0,0,False
IN,48949,starhealth.in,False,0,0,True
IN,48991,civilaviation.gov.in,False,0,0,True
IN,49137,aktu.ac.in,False,0,0,False
IN,49238,dnshostserver.in,False,0,0,True
IN,49299,m.in,False,0,0,False
IN,49360,reliance.in,False,0,0,False
IN,49918,meity.gov.in,False,0,0,True
IN,49922,mojapp.in,False,0,0,True
IN,50525,pindrop.in,False,0,0,False
IN,50536,tripura.gov.in,False,0,0,False
IN,50698,egyankosh.ac.in,False,0,0,False
IN,50709,indevs.in,False,0,0,False
IN,50783,worldphone.in,False,0,0,False
IN,50814,ytube-nocookie.co.in,False,0,0,False
IN,50843,pmindia.gov.in,False,0,0,True
IN,51016,jgu.edu.in,False,0,0,True
IN,51242,tifr.res.in,False,0,0,True
IN,51285,vikaspedia.in,False,0,0,True
IN,51480,ncte.gov.in,False,0,0,False
IN,51583,baidyanath.net.in,False,0,0,False
IN,51632,instamart.in,False,2,0,True
IN,51784,dsssbonline.nic.in,False,0,0,True
IN,51793,tgeapcet.nic.in,False,0,0,True
IN,51840,ayush.gov.in,False,0,0,True
IN,52051,tamilchristiansongs.in,False,0,0,True
IN,52251,sheinindia.in,True,2,0,True
IN,52266,wbhealth.gov.in,False,0,0,False
IN,52301,simplyhired.co.in,False,0,0,False
IN,52398,myvi.in,False,0,3,True
IN,52486,tooter.in,False,0,0,True
IN,52559,maxhealthcare.in,False,0,0,True
IN,52694,alliancebroadband.in,False,0,0,False
IN,52748,bhu.ac.in,False,0,0,True
IN,52904,ibtimes.co.in,False,0,0,True
IN,52938,cg.gov.in,False,0,0,False
IN,53057,robu.in,False,0,0,False
IN,53270,bankofbaroda.in,False,0,0,True
IN,53776,er4ustartup.in,False,0,0,True
IN,53810,tribal.gov.in,False,0,0,False
IN,53881,digikey.in,False,0,0,False
IN,53901,adidas.co.in,False,0,0,False
IN,53969,vit.ac.in,False,1,0,True
IN,53983,equal.in,False,0,0,True
IN,54350,ktu.edu.in,False,0,0,True
IN,54449,paytm.in,False,0,0,False
IN,54461,careerpower.in,False,0,0,True
IN,54627,magmatech.in,False,0,0,True
IN,54707,cag.gov.in,False,0,0,False
IN,54838,gktoday.in,False,0,0,True
IN,55543,expedia.co.in,False,0,0,False
IN,55588,wynk.in,False,0,0,True
IN,55679,getmerlin.in,False,0,0,False
IN,55760,sony.co.in,False,1,0,True
IN,55856,egazette.gov.in,False,0,0,False
IN,56106,myg.in,True,3,1,True
IN,56325,finbox.in,False,0,0,True
IN,56632,naturewall.in,False,0,0,True
IN,56779,netcore.co.in,False,0,0,False
IN,56787,keralapsc.gov.in,False,0,0,True
IN,56857,aiimsexams.ac.in,False,0,0,True
IN,57060,tradebrains.in,False,0,0,True
IN,57635,dmart.in,False,3,0,True
IN,57643,itat.gov.in,False,0,0,False
IN,57696,shophost.in,False,0,0,True
IN,57815,srmist.edu.in,False,0,0,False
IN,58374,maxfashion.in,False,0,0,False
IN,58458,vtu.ac.in,False,0,0,True
IN,58503,nrsc.gov.in,False,0,0,True
IN,58517,sbigeneral.in,False,0,0,True
IN,58613,truemeds.in,False,2,0,True
IN,58730,grabon.in,False,0,0,True
IN,58733,apprenticeshipindia.gov.in,False,0,0,False
IN,58824,konkur.in,False,0,0,True
IN,58939,coalindia.in,False,0,0,True
IN,58969,antiragging.in,False,0,0,True
IN,59027,maxlab.co.in,True,1,1,True
IN,59083,njalla.in,False,0,0,True
IN,59454,qualys.in,False,0,0,True
IN,59635,ckycindia.in,False,0,0,False
IN,59801,hostinger.in,False,0,3,True
IN,59922,divyabhaskar.co.in,False,0,2,True
IN,59932,onlinebakra.in,False,0,0,True
IN,60061,globopex.in,False,0,0,False
IN,60067,bhel.in,False,0,0,False
IN,60271,dyson.in,False,0,0,False
IN,60285,osmania.ac.in,False,0,0,False
IN,60518,prepp.in,False,0,0,False
IN,60659,sangbadpratidin.in,False,0,0,True
IN,60745,mohua.gov.in,False,0,0,True
IN,60775,sbilife.co.in,False,0,1,True
IN,60806,tnpsc.gov.in,False,0,0,False
IN,60809,orra.co.in,True,3,1,True
IN,60930,jmi.ac.in,False,0,0,True
IN,61021,nielit.gov.in,False,0,0,False
IN,61032,diksha.gov.in,False,0,0,True
IN,61233,nitk.ac.in,False,0,0,True
IN,61341,newindia.co.in,False,0,0,True
IN,61457,nic.co.in,False,0,0,False
IN,61813,samarth.ac.in,False,0,0,True
IN,61814,platinumrx.in,False,0,0,True
IN,61834,joinindiannavy.gov.in,False,0,0,False
IN,61842,beaconcha.in,False,0,0,False
IN,61986,nooks.in,False,0,0,True
IN,62335,bajajfinservmarkets.in,False,0,0,True
IN,62411,nixiregistry.in,False,0,0,True
IN,62606,ceir.gov.in,False,0,0,True
IN,63154,natboard.edu.in,False,0,0,False
IN,63161,uhbvn.org.in,False,0,0,True
IN,63200,sbi.co.in,False,0,0,True
IN,63372,indianoil.co.in,False,0,0,False
IN,63494,architecturaldigest.in,True,2,1,True
IN,63740,mediassist.in,False,0,0,True
IN,63932,heraldgoa.in,False,0,0,True
IN,64167,adgebra.co.in,False,0,0,True
IN,64692,finology.in,False,0,0,False
IN,64698,gfchospital.in,False,0,0,True
IN,64752,mcgm.gov.in,False,0,0,True
IN,64820,dnspark.in,False,0,0,True
IN,64967,digihaat.in,False,1,0,True
IN,64978,easebuzz.in,False,2,0,True
IN,65237,twimg.co.in,False,0,0,False
IN,65246,paradice.in,False,0,0,True
IN,65426,newlotus365.co.in,False,1,0,True
IN,65488,m440.in,False,0,0,True
IN,65569,vyaparapp.in,False,1,0,True
IN,65855,r9x.in,False,0,0,False
IN,65926,delhipolice.gov.in,False,0,0,False
IN,65967,bharatpetroleum.in,False,0,0,True
IN,66106,gtu.ac.in,False,0,0,True
IN,66386,alliance.edu.in,False,0,0,True
IN,66393,wbsedcl.in,False,0,0,True
IN,66420,pmsuryaghar.gov.in,False,0,0,False
IN,66660,kreditbee.in,False,0,1,True
IN,66681,baseconnect.in,False,0,0,False
IN,66722,irdai.gov.in,False,0,0,True
IN,66770,visionias.in,False,0,0,True
IN,66839,mdcomputers.in,False,0,0,False
IN,66910,vmou.ac.in,False,0,0,True
IN,66911,uppolice.gov.in,False,0,0,True
IN,66928,redecanais.in,False,0,0,False
IN,66939,mppolice.gov.in,False,0,0,False
IN,66965,indianbank.in,False,0,0,True
IN,67018,tvid.in,False,0,0,False
IN,67317,epicsports.in,False,0,0,True
IN,67531,xbees.in,False,0,0,True
IN,67593,trai.gov.in,False,0,0,True
IN,67635,nike.in,False,2,0,True
IN,67686,unom.ac.in,False,0,0,True
IN,68038,rgpv.ac.in,False,0,0,True
IN,68110,epson.co.in,True,2,0,True
IN,68259,hindutamil.in,False,1,0,True
IN,68457,myscheme.gov.in,False,1,0,True
IN,68466,varthabharati.in,False,2,0,True
IN,68598,schools.org.in,False,0,0,False
IN,68618,nestasia.in,False,0,0,False
IN,68623,epunjabschool.gov.in,False,0,0,False
IN,68711,sbpdcl.co.in,False,0,0,True
IN,68791,nta.ac.in,False,0,0,True
IN,68804,dgca.gov.in,False,0,0,True
IN,68922,omakase.in,False,0,0,False
IN,69055,advantagetvs.in,False,0,0,True
IN,69235,visa.co.in,False,0,0,True
IN,69360,kluniversity.in,False,0,0,True
IN,69516,shriramfinance.in,False,0,0,True
IN,69843,levi.in,True,3,2,True
IN,69904,esic.in,False,0,0,False
IN,69933,taxguru.in,False,0,0,True
IN,69964,indiatodayne.in,False,0,0,True
IN,69977,mybillbook.in,False,0,0,True
IN,70035,winni.in,False,3,0,True
IN,70232,prsuprayagraj.in,False,0,0,True
IN,70316,icmai.in,False,0,0,True
IN,70510,nasscom.in,False,0,0,True
IN,70622,ugc.gov.in,False,0,0,True
IN,70641,sbisecurities.in,False,0,0,True
IN,70747,digitalindia.gov.in,False,0,0,True
IN,70990,dreamplug.in,False,0,0,True
IN,71134,abvmucet26.co.in,False,0,0,True
IN,71135,admissionscvtup.in,False,0,0,False
IN,71143,ceouttarpradesh.nic.in,False,0,0,False
IN,71150,ehrms.nic.in,False,0,0,True
IN,71156,goldenresult.in,False,0,0,False
IN,71159,intrahry.gov.in,False,0,0,False
IN,71178,mmua.in,False,0,0,False
IN,71201,wbpds.gov.in,False,0,0,False
IN,71323,vaku.in,True,4,0,True
IN,71353,e2enetworks.net.in,False,0,0,False
IN,71390,mamaearth.in,True,3,3,True
IN,71463,ipindiaonline.gov.in,False,0,0,False
IN,71619,sdbi.in,False,1,0,True
IN,71669,marksandspencer.in,False,1,0,True
IN,71722,pobb.in,False,0,0,True
IN,71877,ociservices.gov.in,False,0,0,True
IN,71896,igrmaharashtra.gov.in,False,0,0,False
IN,71925,erail.in,False,0,0,True
IN,72027,shuru.co.in,False,0,2,True
IN,72061,aakash.ac.in,False,0,0,True
IN,72068,blablacar.in,False,0,0,False
IN,72155,airtelxstream.in,False,0,1,True
IN,72255,railnet.gov.in,False,0,0,False
IN,72344,sansad.in,False,0,0,True
IN,72439,rmlauexams.in,False,0,0,False
IN,72445,srmap.edu.in,False,0,0,True
IN,72555,bsf.gov.in,False,0,0,False
IN,72581,ncode.in,False,0,0,False
IN,72639,ahmedabadcity.gov.in,False,0,0,False
IN,72686,kapiva.in,True,1,1,True
IN,72760,sibenik.in,False,0,0,True
IN,72786,motorola.in,True,1,1,True
IN,72800,uou.ac.in,False,0,0,True
IN,72948,mphc.gov.in,False,0,0,False
IN,72997,sctimst.ac.in,False,0,0,True
IN,73011,paruluniversity.ac.in,False,0,0,True
IN,73230,uniraj.ac.in,False,0,0,True
IN,73439,bankofbaroda.co.in,False,0,0,True
IN,73480,cracku.in,False,0,0,True
IN,73544,heavyindustries.gov.in,False,0,0,True
IN,73594,bseh.org.in,False,0,0,True
IN,73634,nbpdcl.co.in,False,0,0,True
IN,73688,hopscotch.in,False,0,0,True
IN,73698,iiitd.edu.in,False,0,0,False
IN,73767,moneyview.in,False,0,1,True
IN,74142,bis.gov.in,False,0,0,True
IN,74184,iitg.ac.in,False,0,0,True
IN,74431,publictv.in,False,0,0,True
IN,74445,bteup.ac.in,False,0,0,False
IN,74476,hcl.in,False,0,0,False
IN,74628,uok.edu.in,False,0,0,False
IN,74664,lkouniv.ac.in,False,0,0,True
IN,74716,indiapostgdsonline.gov.in,False,0,0,True
IN,74730,nvmessd-servers.in,False,0,0,True
IN,74735,keralapolice.gov.in,False,0,0,True
IN,74881,zohohost.in,False,0,0,False
IN,75120,biba.in,True,3,0,True
IN,75141,vcourts.gov.in,False,0,0,True
IN,75301,icar.org.in,False,0,0,True
IN,75470,sarimusic.in,False,0,0,True
IN,75572,allduniv.ac.in,False,1,0,True
IN,75664,consumerhelpline.gov.in,False,0,0,True
IN,75822,indiabudget.gov.in,False,0,0,True
IN,75854,braou.ac.in,False,0,0,False
IN,75922,cris.org.in,False,1,0,True
IN,75982,mockers.in,False,0,0,True
IN,76058,countrydelight.in,False,0,0,True
IN,76107,jnu.ac.in,False,0,0,True
IN,76138,mgmotor.co.in,False,0,0,True
IN,76179,aajkaal.in,False,0,0,True
IN,76187,licious.in,False,0,0,True
IN,76270,upnrhm.gov.in,False,0,0,True
IN,76527,drdo.gov.in,False,0,0,True
IN,76546,kfc.co.in,False,0,0,False
IN,76624,orientalinsurance.org.in,False,0,0,True
IN,76774,mpsc.gov.in,False,0,0,True
IN,76788,wbregistration.gov.in,False,0,0,False
IN,76796,gokiwi.in,True,1,3,True
IN,76875,yourprint.in,False,0,0,False
IN,76887,mahagst.gov.in,False,0,0,False
IN,76964,cbtexam.in,False,0,0,False
IN,77095,chennaicorporation.gov.in,False,0,0,True
IN,77254,abc.gov.in,False,0,0,False
IN,77340,headphonezone.in,True,3,1,True
IN,77372,mahakosh.gov.in,False,0,0,False
IN,77392,veltech.edu.in,False,0,0,True
IN,77427,renault.co.in,False,0,0,True
IN,77621,indianfrro.gov.in,False,0,0,True
IN,77817,homecredit.co.in,False,0,0,True
IN,77840,digio.in,False,0,0,True
IN,77847,vistaprint.in,False,2,0,True
IN,77892,epw.in,False,0,0,True
IN,77939,mhada.gov.in,False,0,0,True
IN,77971,muftijeans.in,True,3,1,True
IN,78042,apsrtconline.in,False,0,0,False
IN,78061,designinfo.in,False,2,0,True
IN,78134,ourlib.in,False,0,0,False
IN,78187,haryanapolice.gov.in,False,0,0,True
IN,78261,aec.edu.in,False,0,0,True
IN,78380,goa.gov.in,False,0,0,True
IN,78414,appx.co.in,False,0,0,True
IN,78446,hrylabour.gov.in,False,0,0,False
IN,78488,nakkheeran.in,False,0,0,True
IN,78622,ipindia.gov.in,False,0,0,True
IN,78636,volkswagen.co.in,False,0,0,True
IN,78697,updeled.gov.in,False,0,0,True
IN,78778,justintime.in,True,3,3,True
IN,78875,limanowa.in,False,0,0,True
IN,78882,pmuy.gov.in,False,0,0,True
IN,78897,darwinbox.in,False,0,0,True
IN,78985,dauniv.ac.in,False,0,0,False
IN,79064,thesleepcompany.in,True,3,1,True
IN,79132,suratmunicipal.gov.in,False,0,0,True
IN,79331,ramrajcotton.in,True,3,0,True
IN,79400,tnpds.gov.in,False,0,0,False
IN,79413,nhmmp.gov.in,False,0,0,False
IN,79462,banglarshiksha.gov.in,False,0,0,False
IN,79520,filmai.in,False,0,0,True
IN,79585,iul.ac.in,False,0,0,True
IN,79629,behmelody.in,False,0,0,True
IN,79646,suzukimotorcycle.co.in,True,1,3,True
IN,79750,jansamarth.in,False,0,0,False
IN,79812,kalasalingam.ac.in,False,0,0,True
IN,79865,salty.co.in,True,3,3,True
IN,79905,autodraft.in,False,0,0,True
IN,80019,hmtwatches.in,False,2,0,True
IN,80300,vplink.in,False,0,0,True
IN,80343,milton.in,True,3,2,True
IN,80380,nnyy.in,False,0,0,True
IN,80411,pincode.net.in,False,0,0,True
IN,80414,guardian.in,True,3,2,True
IN,80447,jackjones.in,True,2,1,True
IN,80497,cmcvellore.ac.in,False,0,0,True
IN,80523,gfireservers.in,False,0,0,True
IN,80601,cbseit.in,False,0,0,False
IN,80634,mdu.ac.in,False,0,0,True
IN,81022,sspy-up.gov.in,False,0,0,False
IN,81035,dcservices.in,False,0,0,False
IN,81057,foxtale.in,False,1,0,True
IN,81058,luciferdonghua.in,False,0,0,True
IN,81074,yourbus.in,False,0,0,True
IN,81079,mudgames.in,False,0,0,True
IN,81123,geu.ac.in,False,0,0,True
IN,81252,mahapolice.gov.in,False,0,0,True
IN,81293,edcil.co.in,False,0,0,False
IN,81336,egrashry.nic.in,False,0,0,False
IN,81408,meeseva.gov.in,False,0,0,False
IN,81418,meghalaya.gov.in,False,0,0,True
IN,81426,govtschemes.in,False,0,0,True
IN,81524,reward360.in,False,0,0,False
IN,81557,amway.in,True,3,0,True
IN,81663,peso.gov.in,False,0,0,False
IN,81671,hsbc.co.in,False,0,0,True
IN,81684,apollodiagnostics.in,False,2,0,True
IN,81789,memes.co.in,False,0,0,True
IN,81811,tpsl-india.in,False,0,0,True
IN,81866,anagrasarkalyan.gov.in,False,0,0,True
IN,81907,mahatrafficechallan.gov.in,False,0,0,True
IN,81998,omro.in,False,0,0,False
IN,82062,tactv.in,False,0,0,True
IN,82087,quackquack.in,False,0,0,True
IN,82153,trainingonline.gov.in,False,0,0,True
IN,82182,bizom.in,False,0,0,False
IN,82183,nissan.in,False,0,0,True
IN,82232,kbuses.in,False,0,0,True
IN,82262,gameloot.in,False,0,0,False
IN,82314,randstad.in,False,0,0,True
IN,82340,tnschools.gov.in,False,0,0,True
IN,82389,tshc.gov.in,False,0,0,True
IN,82422,crocs.in,False,1,0,True
IN,82553,ipopremium.in,False,0,0,False
IN,82572,pmvishwakarma.gov.in,False,0,0,False
IN,82648,igotkarmayogi.gov.in,False,0,0,True
IN,82654,skechers.in,True,3,2,True
IN,82727,4rapwavi.in,False,0,0,True
IN,82729,intellectica.in,False,0,0,False
IN,82794,24c.in,False,0,0,False
IN,82806,zouk.co.in,True,4,3,True
IN,82821,railwire.co.in,False,0,0,False
IN,82824,uidai.net.in,False,0,0,False
IN,83001,dmifinance.in,False,0,2,True
IN,83006,pmay-urban.gov.in,False,0,0,False
IN,83013,birkenstock.in,True,3,1,True
IN,83025,bbau.ac.in,False,0,0,True
IN,83135,oomaal.in,False,0,0,True
IN,83296,cgihamburg.gov.in,False,0,0,True
IN,83314,mpbhulekh.gov.in,False,0,0,False
IN,83316,iobnet.co.in,False,0,0,True
IN,83332,onebroadband.in,False,0,0,False
IN,83398,apnacollege.in,False,1,0,True
IN,83404,atomtech.in,False,0,0,True
IN,83433,tikona.in,False,0,0,True
IN,83434,uniteerp.in,False,0,0,False
IN,83461,karnatakaone.gov.in,False,0,0,False
IN,83483,bombayhighcourt.gov.in,False,0,0,False
IN,83567,devlibrary.in,False,0,0,True
IN,83613,lmstage.in,False,0,0,False
IN,83625,spark.gov.in,False,0,0,False
IN,83645,powerhost.in,False,0,0,False
IN,83679,beardo.in,True,3,2,True
IN,83717,freesexkahani.in,False,0,0,True
IN,83721,uspoloassn.in,True,3,2,True
IN,83841,ulbharyana.gov.in,False,0,0,True
IN,83903,eauto.co.in,True,3,0,True
IN,83994,realbooks.in,False,2,0,True
IN,84102,ddugu.ac.in,False,0,0,True
IN,84103,osssc.gov.in,False,0,0,False
IN,84110,alembic.co.in,False,0,0,True
IN,84129,guruvayoorlive.in,False,0,0,True
IN,84189,unibots.in,False,0,0,True
IN,84293,fiberx.co.in,False,0,0,True
IN,84311,quest2travel.in,False,0,0,True
IN,84375,onlineradiofm.in,False,0,0,True
IN,84397,justherbs.in,True,3,2,True
IN,84431,upanganwadibharti.in,False,0,0,False
IN,84432,vsex.in,False,0,0,True
IN,84460,ultm.in,False,0,0,True
IN,84510,epfigms.gov.in,False,0,0,True
IN,84791,hnbgu.ac.in,False,0,0,True
IN,84806,findauction.in,False,0,0,True
IN,84808,restaurant-guru.in,False,0,0,True
IN,84810,mastersofterp.in,False,0,0,False
IN,84823,ias.ac.in,False,0,0,False
IN,84863,indibet.in,False,0,0,False
IN,84867,rubans.in,True,3,3,True
IN,84870,delhihighcourt.nic.in,False,0,0,True
IN,84902,ossc.gov.in,False,0,0,True
IN,85007,dgma.gov.in,False,0,0,True
IN,85026,tg18.in,False,0,0,True
IN,85096,evidyarthi.in,False,0,0,True
IN,85247,meu.edu.in,False,0,0,False
IN,85259,asics.co.in,False,0,0,True
IN,85285,nbe.edu.in,False,0,0,True
IN,85289,tgche.ac.in,False,0,0,True
IN,85326,teamsg.in,True,3,2,True
IN,85333,vitbhopal.ac.in,False,0,0,False
IN,85359,mrc.gov.in,False,0,0,False
IN,85479,cesc.co.in,False,0,0,True
IN,85524,kuhs.ac.in,False,0,0,True
IN,85668,itiharyana.gov.in,False,0,0,False
IN,85710,mv1.in,False,0,0,True
IN,85713,makerbazar.in,True,3,2,True
IN,85869,exch-market.in,False,1,0,True
IN,85952,dtnext.in,False,0,0,True
IN,85975,sonatawatches.in,False,0,0,False
IN,86023,swavlambancard.gov.in,False,0,0,True
IN,86027,driveu.in,False,0,0,True
IN,86058,modlist.in,False,0,0,True
IN,86158,technosport.in,True,1,1,True
IN,86173,jeevanpramaan.gov.in,False,0,0,False
IN,86193,etenders.gov.in,False,0,0,True
IN,86277,1ex99.in,False,0,0,False
IN,86326,hajcommittee.gov.in,False,0,0,True
IN,86368,eicmai.in,False,0,0,True
IN,86466,osou.ac.in,False,0,0,True
IN,86586,iitr.ac.in,False,0,0,True
IN,86605,popjav.in,False,0,0,True
IN,86611,tntenders.gov.in,False,0,0,True
IN,86678,dhbvn.org.in,False,0,0,True
IN,86734,earnlinks.in,False,0,0,True
IN,86779,vastranand.in,True,3,1,True
IN,86817,trade.gov.in,False,0,0,True
IN,86868,mahafood.gov.in,False,0,0,True
IN,86899,iibf.org.in,False,0,0,True
IN,86955,dealercrm.co.in,False,0,0,True
IN,86956,ehospital.gov.in,False,0,0,False
IN,86987,emma-sleep.in,True,3,1,True
IN,86993,ors.gov.in,False,0,0,False
IN,87022,bsestarmf.in,False,0,0,True
IN,87084,braouonline.in,False,0,0,False
IN,87095,igrodisha.gov.in,False,0,0,True
IN,87209,freetron.in,False,0,0,True
IN,87220,nilkantho.in,False,0,0,True
IN,87243,nesl.co.in,False,0,0,False
IN,87265,mindspark.in,False,0,0,True
IN,87317,freebtcco.in,False,0,0,True
IN,87341,serviceurl.in,False,0,0,False
IN,87351,suta.in,True,2,2,True
IN,87353,paiinternational.in,False,0,0,True
IN,87399,parivahan.nic.in,False,0,0,False
IN,87467,sih.gov.in,False,0,0,False
IN,87577,optimumnutrition.co.in,True,3,3,True
IN,87595,dbrau.ac.in,False,1,0,True
IN,87598,mahabocw.in,False,0,0,True
IN,87601,aphc.gov.in,False,0,0,True
IN,87706,joyalukkas.in,False,0,0,True
IN,87714,psit.ac.in,False,0,1,True
IN,87719,ucndns.in,False,0,0,False
IN,87819,styleunion.in,True,3,0,True
IN,87880,aramya.in,True,1,1,True
IN,87957,cbseacademic.nic.in,False,0,0,True
IN,88035,aqualogica.in,True,3,2,True
IN,88058,bnhl.in,False,0,0,False
IN,88101,etmsdrive.in,False,0,0,True
IN,88214,maplestore.in,True,3,1,True
IN,88229,mptenders.gov.in,False,0,0,True
IN,88239,mytvs.in,False,0,0,True
IN,88242,nandico.in,False,0,1,True
IN,88267,pay1.in,False,0,0,True
IN,88274,phhc.gov.in,False,0,0,False
IN,88286,powerlook.in,True,3,3,True
IN,88296,recoru.in,False,0,0,True
IN,88348,testranking.in,False,0,0,True
IN,88368,unboxify.in,True,4,0,True
IN,88377,vendorcentral.in,False,0,0,True
IN,88381,vmart.co.in,False,0,0,True
IN,88516,mintindia.in,False,2,0,True
IN,88518,aduacademy.in,False,0,0,True
IN,88519,easyphones.co.in,True,3,1,True
IN,88525,mods4u.in,False,0,0,True
IN,88529,wbtenders.gov.in,False,0,0,True
IN,88576,vitap.ac.in,False,0,0,True
IN,88633,jamiahamdard.ac.in,False,0,0,True
IN,88664,gipl.in,False,0,0,True
IN,88693,gehu.ac.in,False,0,0,True
IN,88729,uprtou.ac.in,False,0,0,True
IN,88745,uudoon.in,False,0,0,True
IN,88838,ssb.gov.in,False,0,0,False
IN,88953,thedeconstruct.in,True,3,0,True
IN,88955,adzuna.in,False,0,0,False
IN,89050,isical.ac.in,False,0,0,True
IN,89076,gstsystem.in,False,0,0,True
IN,89109,homeessentials.in,True,4,1,True
IN,89213,ytmindia.in,False,0,0,False
IN,89278,ggrc.co.in,False,0,0,True
IN,89288,reneecosmetics.in,True,3,1,True
IN,89291,tamilanguide.in,False,0,0,False
IN,89292,tigc.in,True,3,2,True
IN,89325,theindusvalley.in,True,3,1,True
IN,89416,tatvacare.in,False,0,0,True
IN,89419,amul.in,False,0,0,False
IN,89423,entrar.in,False,0,0,True
IN,89439,defencepension.gov.in,False,0,0,False
IN,89484,ictacademy.in,False,0,0,True
IN,89542,parichay.nic.in,False,0,0,True
IN,89554,bharatkosh.gov.in,False,0,0,True
IN,89611,iiit.ac.in,False,0,0,True
IN,89669,adpod.in,False,0,0,False
IN,89679,yonogames.com.in,False,0,0,True
IN,89680,flirtchat.in,False,0,0,True
IN,89830,vrlgroup.in,False,0,0,True
IN,89848,edutips.in,False,0,0,True
IN,89853,4rapwaavia.in,False,0,0,True
IN,89952,hpushimla.in,False,0,0,True
IN,89953,thestorytv.in,False,0,0,True
IN,89954,gbets.in,False,0,0,False
IN,90048,akingsatta.in,False,0,0,True
IN,90065,playsimple.in,False,0,0,True
IN,90109,samarthpanchayat.gov.in,False,0,0,True
IN,90122,yogabars.in,True,3,2,True
IN,90183,pnbibanking.in,False,0,0,False
IN,90187,socialjusticehry.gov.in,False,0,0,True
IN,90190,edition.in,False,0,0,False
IN,90206,astrotalk.in,False,0,0,True
IN,90221,haryanajobs.in,False,0,0,True
IN,90243,onlineresult.in,False,0,0,True
IN,90374,onlineupdatestm.in,False,0,0,True
IN,90384,biharhelp.in,False,0,0,True
IN,90417,walkaroo.in,True,3,2,True
IN,90422,mahabharti.in,False,0,0,True
IN,90424,vk8.in,False,0,0,True
IN,90432,cirrius.in,False,0,0,True
IN,90470,apploader.in,False,0,0,False
IN,90505,bikes4sale.in,False,0,0,True
IN,90572,pssou.ac.in,False,0,0,False
IN,90630,mcdonline.nic.in,False,0,0,True
IN,90664,lucky-star.co.in,False,0,0,False
IN,90666,hrmsodisha.gov.in,False,0,0,False
IN,90802,rakuten.co.in,False,0,0,False
IN,90812,tnebltd.gov.in,False,0,0,True
IN,90854,defproc.gov.in,False,0,0,False
IN,90873,goboult.co.in,True,3,0,True
IN,90973,iirs.gov.in,False,0,0,False
IN,91002,nise.res.in,False,0,0,True
IN,91056,visitante.in,False,0,0,True
IN,91069,commerceschool.in,False,0,0,False
IN,91073,itgi.co.in,False,0,0,False
IN,91084,swissbeauty.in,True,3,2,True
IN,91130,nextlevlplay.in,False,1,0,True
IN,91235,paypointindia.co.in,False,0,0,False
IN,91239,sahaj.co.in,False,0,0,False
IN,91243,wbifms.gov.in,False,0,0,False
IN,91260,govtjobsalert.in,False,0,0,True
IN,91288,creditmate.in,False,0,0,True
IN,91294,hsslive.in,False,0,0,True
IN,91295,mahatenders.gov.in,False,0,0,True
IN,91299,parmaracademy.in,False,0,1,True
IN,91300,paybingo.in,False,0,0,True
IN,91311,bananaclub.co.in,True,3,2,True
IN,91325,quizzory.in,False,0,2,True
IN,91329,studentbro.in,False,1,0,True
IN,91352,chaye.in,False,0,0,False
IN,91391,ksb.gov.in,False,0,0,False
IN,91553,e-hrms.gov.in,False,0,0,False
IN,91602,swasthyasathi.gov.in,False,0,0,False
IN,91628,underneat.in,True,4,1,True
IN,91650,saccess.nic.in,False,0,0,True
IN,91780,ctet.nic.in,False,0,0,False
IN,91803,dishtvbiz.in,False,0,0,True
IN,91808,tnpolice.gov.in,False,0,0,False
IN,91813,digitalir.in,False,0,0,True
IN,91860,sebipaclrefund.co.in,False,0,0,True
IN,91896,rankmitra.in,False,0,0,True
IN,91919,bteupexam.co.in,False,0,0,True
IN,91920,mnregaweb4.nic.in,False,0,0,False
IN,91954,fastfollow.in,False,0,0,True
IN,92009,tanuvas.ac.in,False,0,0,True
IN,92073,edisha.gov.in,False,0,0,False
IN,92086,pumpa.in,False,0,0,True
IN,92097,tendersodisha.gov.in,False,0,0,True
IN,92142,marscosmetics.in,True,4,4,True
IN,92150,naturaltein.in,True,3,2,True
IN,92169,vidbunker.in,False,0,0,True
IN,92186,cnr.nic.in,False,0,0,True
IN,92188,jeeves.co.in,False,0,0,True
IN,92194,tayyarijeetki.in,False,0,0,True
IN,92205,stayezeepms.co.in,False,0,0,True
IN,92206,wbpms.in,False,0,0,True
IN,92246,lbscentre.in,False,0,0,True
IN,92262,rskmp.in,False,0,0,True
IN,92267,wealthelite.in,False,0,2,True
IN,92275,hdfun.in,False,0,0,True
IN,92388,4bets.in,False,0,0,False
IN,92459,accuprobe.in,False,1,0,True
IN,92463,addsmaster.in,False,0,0,True
IN,92467,adroitauto.in,False,0,0,True
IN,92479,agriharyana.gov.in,False,0,0,False
IN,92497,allcloud.in,False,0,0,True
IN,92527,animedrive.in,False,0,0,True
IN,92537,apbook.in,False,0,0,True
IN,92540,apeprocurement.gov.in,False,0,0,False
IN,92557,argoswatch.in,True,3,3,True
IN,92558,arohan.in,False,0,0,False
IN,92590,auraprompt.in,False,0,0,True
IN,92592,ausexamination.ac.in,False,0,0,True
IN,92594,autobiz.in,False,0,0,True
IN,92595,autoplant.in,False,0,1,True
IN,92623,badbox.in,False,0,0,True
IN,92636,bankit.in,False,0,0,True
IN,92641,barti.in,False,0,0,True
IN,92649,bbmkuniv.in,False,0,0,True
IN,92660,beastlife.in,True,3,1,True
IN,92684,betinexchange247.in,False,0,0,True
IN,92696,bfin.in,False,0,0,True
IN,92731,boardstudy.in,False,3,0,True
IN,92740,bookingmasters.in,False,0,0,False
IN,92749,brightloans.in,False,0,0,False
IN,92753,bser-exam.in,False,0,0,True
IN,92756,bsf365.in,False,0,0,False
IN,92759,bucgexam.in,False,0,0,True
IN,92764,buhs.ac.in,False,0,0,True
IN,92766,bullions.co.in,False,0,0,True
IN,92779,callbomber.in,False,0,2,True
IN,92782,cancrm.in,False,0,0,False
IN,92789,capcutpro.org.in,False,0,2,True
IN,92790,capf.gov.in,False,0,0,False
IN,92796,carewellpharma.in,False,0,0,True
IN,92805,cashtoyou.in,False,0,0,True
IN,92822,ccsuniversityweb.in,False,0,0,False
IN,92823,cctnsup.gov.in,False,0,0,False
IN,92826,ceat.in,False,0,0,False
IN,92827,celexhsrp.in,False,0,0,False
IN,92832,ceotelangana.nic.in,False,0,0,False
IN,92837,cgat.gov.in,False,0,0,True
IN,92838,cgmmssy.in,False,0,0,True
IN,92841,chartkalyan.co.in,False,0,0,True
IN,92872,citizenportal-op.gov.in,False,0,0,False
IN,92874,citykartqrtracking.in,False,0,0,True
IN,92878,click-rise.in,False,0,0,True
IN,92879,click2kart.co.in,True,3,1,True
IN,92919,credilio.in,False,0,0,True
IN,92929,csab.nic.in,False,0,0,False
IN,92930,cscentrepreneur.in,False,0,0,False
IN,92932,cscsafar.in,False,0,0,False
IN,92933,csdsmartcard.co.in,False,0,0,False
IN,92951,dakkarmayogi.gov.in,False,0,0,False
IN,92968,dear-lottery.in,False,0,0,True
IN,92973,denonline.in,False,0,0,True
IN,93004,dgvc.in,False,0,0,True
IN,93012,digicredit.in,False,0,0,True
IN,93013,digishaktiup.in,False,0,0,False
IN,93024,djgyanchand.in,False,0,0,False
IN,93045,dpbossking.in,False,0,0,True
IN,93046,dpbossnet.co.in,False,0,0,True
IN,93058,dubaisattamatka.in,False,0,0,True
IN,93065,dwistodisha.nic.in,False,0,0,False
IN,93073,earnabhi.in,False,0,0,True
IN,93075,earnrupee.in,False,0,0,False
IN,93076,easy-pay.in,False,0,0,True
IN,93090,edudel.nic.in,False,0,0,True
IN,93091,edustud.nic.in,False,0,0,True
IN,93137,epethub.in,False,0,0,False
IN,93142,eprisons.nic.in,False,0,0,False
IN,93155,esalaryhry.nic.in,False,0,0,False
IN,93190,familynes.in,False,0,0,True
IN,93206,fciarms.in,False,0,0,True
IN,93214,filmtvapp.in,False,0,0,True
IN,93216,filmyzilla1.in,False,0,0,True
IN,93221,firstcry.in,False,0,0,False
IN,93222,firstinmath.in,False,0,0,True
IN,93232,followgrow.in,False,0,0,True
IN,93233,followstar.in,False,0,0,True
IN,93249,freefast.in,False,0,0,True
IN,93258,fulltimestore.in,True,3,1,True
IN,93277,gadinow.in,False,0,0,True
IN,93310,generalknowledgequestions.in,False,0,0,True
IN,93341,glauniversity.in,False,0,0,True
IN,93348,gnanasamruddhi.in,False,0,0,True
IN,93373,gpdp.nic.in,False,0,0,True
IN,93390,gturesults.in,False,0,0,True
IN,93395,gujarathighcourt.nic.in,False,0,0,True
IN,93417,hcraj.nic.in,False,0,0,True
IN,93427,hellohi.in,False,3,0,True
IN,93448,hiib.in,False,0,0,False
IN,93449,himkosh.nic.in,False,0,0,True
IN,93481,hreyahs.gov.in,False,0,0,False
IN,93482,hrmsfci.in,False,0,0,True
IN,93483,hrmshry.nic.in,False,0,0,False
IN,93484,hry.nic.in,False,0,0,False
IN,93485,hryedumis.gov.in,False,0,0,False
IN,93487,hsrp.in,False,0,0,True
IN,93509,idfcfr.in,False,0,0,False
IN,93517,ihadesigns.in,True,3,1,True
IN,93524,imperfectpharmacy.in,False,0,0,True
IN,93530,indiaexaminfo.co.in,False,0,0,True
IN,93534,indiancitizenshiponline.nic.in,False,0,0,False
IN,93537,indiannursingcouncil.gov.in,False,0,0,False
IN,93553,instavyapaar.in,False,0,0,False
IN,93554,instore.co.in,True,3,1,True
IN,93559,iplwin.in,False,0,0,False
IN,93565,ispinnyworks.in,False,0,0,False
IN,93568,itbpolice.nic.in,False,0,0,False
IN,93590,jamabandi.nic.in,False,0,0,False
IN,93596,japam.in,True,3,1,True
IN,93620,jkadmissions.in,False,0,0,False
IN,93622,jkbocw.gov.in,False,0,0,True
IN,93623,jkpaysys.gov.in,False,0,0,False
IN,93624,jkrevenue.nic.in,False,0,0,False
IN,93625,jkssb.nic.in,False,0,0,False
IN,93629,jobsmbn.in,False,0,0,True
IN,93668,kamvasna.in,False,2,0,True
IN,93675,karyakar.in,False,0,0,False
IN,93703,kfon.co.in,False,0,0,True
IN,93718,kimsbbsr.co.in,False,0,0,False
IN,93719,kimti.in,True,3,2,True
IN,93725,kingsbazaar.in,False,0,0,True
IN,93750,kopartner.in,False,0,2,True
IN,93756,kpkbmha.in,False,0,0,False
IN,93770,kvsangathan.nic.in,False,0,0,True
IN,93781,lakshmiboutique.co.in,True,3,3,True
IN,93797,legalmetrology-up.gov.in,False,0,0,False
IN,93810,lilyogis.in,False,0,0,True
IN,93824,lmsnwkrtc.in,False,0,0,True
IN,93860,lqs.co.in,False,0,0,True
IN,93874,lwcx.in,False,0,0,True
IN,93880,macport.in,False,0,0,True
IN,93886,mahajyoti.org.in,False,0,0,True
IN,93933,matkaraja.in,False,0,0,True
IN,93950,mdmhp.nic.in,False,0,0,True
IN,93987,micargo.in,False,0,0,True
IN,93996,minesharyana.gov.in,False,0,0,False
IN,94006,mkedit.in,False,0,0,True
IN,94012,mnregaweb2.nic.in,False,0,0,False
IN,94022,more.in,False,1,0,True
IN,94031,movel.in,True,3,1,True
IN,94033,moviesda.io.in,False,0,0,True
IN,94036,mpiticounseling.co.in,False,0,0,False
IN,94037,mptreasury.gov.in,False,0,0,False
IN,94038,mrobotics.in,False,0,0,True
IN,94057,myasianet.in,False,0,0,True
IN,94065,myfame.in,False,0,0,True
IN,94075,mynspira.in,False,0,0,True
IN,94076,myrajshree.net.in,False,0,0,True
IN,94106,ncrjob.in,False,0,0,True
IN,94118,netmirror.com.in,False,0,0,True
IN,94127,newsarca.in,True,3,1,True
IN,94142,njindiaonline.in,False,0,0,True
IN,94144,nmk.co.in,False,0,0,True
IN,94158,nregaplus.nic.in,False,0,0,False
IN,94171,odishagovtjob.in,False,0,0,True
IN,94172,odishaminerals.gov.in,False,0,0,True
IN,94173,odishatreasury.gov.in,False,0,0,True
IN,94188,oldcdu.ac.in,False,0,0,True
IN,94193,omnificent.co.in,False,0,0,False
IN,94220,oyela.in,True,3,2,True
IN,94240,pariksha.nic.in,False,0,0,True
IN,94275,pepejeans.in,True,2,0,True
IN,94293,pharmajobalert.in,False,0,0,False
IN,94294,pharmawisdom.co.in,False,0,0,False
IN,94317,pitshirts.in,True,3,1,True
IN,94330,playblaze.in,False,0,0,True
IN,94345,pmagy.gov.in,False,0,0,True
IN,94372,posterized.in,True,3,1,True
IN,94386,printersclub.in,False,0,0,False
IN,94400,ptetvmoukota2026.in,False,0,0,False
IN,94405,punyanagari.in,False,0,0,True
IN,94406,pupexamination.ac.in,False,0,0,False
IN,94448,rajasthanservicerules.in,False,0,0,True
IN,94452,rarestudy.in,False,0,0,True
IN,94476,remitpay.co.in,False,0,0,True
IN,94483,revenueharyana.gov.in,False,0,0,False
IN,94488,rgpvdiploma.in,False,0,0,True
IN,94494,rishiboutique.in,True,3,2,True
IN,94502,rojgarwithankit.co.in,False,0,1,True
IN,94524,ruhsraj.org.in,False,0,0,False
IN,94529,runpost.in,False,0,0,True
IN,94536,saadaa.in,True,4,1,True
IN,94542,sahrudaya.in,False,0,0,False
IN,94550,samajaepaper.in,False,0,0,True
IN,94565,satbet0.in,False,1,0,True
IN,94569,satta-king-fix-no.in,False,0,0,True
IN,94572,satta143.in,False,0,0,True
IN,94573,sattacom.in,False,0,0,True
IN,94574,sattakking.in,False,0,0,True
IN,94591,sbcollection.co.in,True,2,3,True
IN,94595,scertpet.co.in,False,0,0,True
IN,94598,scv.in,False,0,0,True
IN,94603,seedtrace.gov.in,False,0,0,False
IN,94647,sgou.ac.in,False,0,0,True
IN,94651,shalamitra.in,False,0,0,True
IN,94653,shekhauniexam.in,False,0,0,True
IN,94654,shera.net.in,True,2,2,True
IN,94657,shillongnightteers.in,False,0,0,True
IN,94704,skit.ac.in,False,0,0,True
IN,94737,southbook.in,False,0,0,True
IN,94740,spayindia.in,False,0,0,True
IN,94756,ssmobile.net.in,False,0,0,False
IN,94768,starfilx.in,False,0,0,True
IN,94772,statedrugs.gov.in,False,0,0,True
IN,94780,studygovthelp.in,False,0,0,True
IN,94782,stwaykar.in,True,3,1,True
IN,94802,suruma.in,False,2,0,True
IN,94816,swiftcloud.in,False,0,0,True
IN,94818,swipeloan.in,False,0,0,True
IN,94848,tanishqgoldenharvest.co.in,False,0,0,True
IN,94855,tccl.co.in,False,0,0,True
IN,94884,tgsrtcinfo.in,False,0,0,True
IN,94889,thecasecompany.in,True,3,2,True
IN,94890,thecircleapp.in,False,0,0,True
IN,94899,thenexgendigital.in,False,0,0,True
IN,94915,tipsguru.in,False,0,0,True
IN,94921,tnagriculture.in,False,0,0,True
IN,94923,tntextbooks.in,False,0,0,True
IN,94970,ttmscredit.co.in,False,0,0,True
IN,94984,tyger.in,False,0,0,True
IN,95024,upbhunaksha.gov.in,False,0,0,True
IN,95027,updatemarts.in,False,0,0,True
IN,95028,upmip.in,False,0,0,True
IN,95029,uppc.in,False,0,0,False
IN,95052,vbspuresult.org.in,False,0,0,True
IN,95056,vedudownload.in,False,0,0,True
IN,95061,veirdo.in,True,3,2,True
IN,95063,verifyapp.in,False,0,0,True
IN,95066,viaworld.in,False,0,0,True
IN,95073,vijayant.in,False,0,0,True
IN,95075,vikuniexam.in,False,0,0,False
IN,95085,viralnests.in,False,0,0,True
IN,95087,virbac.in,False,0,0,True
IN,95090,vkdigital.co.in,False,0,0,True
IN,95105,vootbuy.in,True,3,0,True
IN,95108,vseditor01.in,False,0,0,True
IN,95122,warriorworld.in,True,2,3,True
IN,95130,wbbus.in,False,0,0,True
IN,95131,wbjeeb.nic.in,False,0,0,True
IN,95142,whereismytrain.org.in,False,0,2,True
IN,95173,wtflex.in,True,3,3,True
IN,95196,xmaal.in,False,0,0,True
IN,95260,yitake.in,False,0,0,True
IN,95291,zorotv.com.in,False,0,0,True
IN,95354,bokeprit.in,False,0,0,True
IN,95396,inspireawards-dst.gov.in,False,0,0,True
IN,95501,bokepsut.in,False,0,0,True
IN,95592,pci.gov.in,False,0,0,True
IN,95735,ebay.in,False,1,0,True
IN,95836,guvnl.in,False,0,0,False
IN,95949,peoplematters.in,False,0,0,True
IN,96294,bokepbrut.in,False,0,0,False
IN,96298,whereismytrain.in,False,0,0,True
IN,96321,quantumuniversity.edu.in,False,0,0,True
IN,96345,tgprb.in,False,0,0,True
IN,96423,pubt.in,False,0,0,False
IN,96432,bsehexam2017.in,False,0,0,True
IN,96504,uktech.ac.in,False,0,0,True
IN,96608,kar.nic.in,False,0,0,False
IN,96628,uhsap.in,False,0,0,False
IN,96636,iitp.ac.in,False,0,0,True
IN,96688,growwinfra.in,False,0,0,False
IN,97332,mahacet.org.in,False,0,0,False
IN,97353,jkbopee.gov.in,False,0,0,False
IN,97363,gateoverflow.in,False,0,0,False
IN,97395,sbiashascholarship.co.in,False,0,2,True
IN,97580,victoriassecret.in,True,3,0,True
IN,97689,odishatv.in,False,0,0,True
IN,97741,shopiapps.in,False,1,0,True
IN,97766,zohosites.in,False,0,0,False
IN,97802,amzn.in,False,1,0,True
IN,97815,tnvelaivaaippu.gov.in,False,0,0,False
IN,97904,growbokep.in,False,0,0,False
IN,98076,cmpcollege.ac.in,False,0,0,True
IN,98158,netmirror.co.in,True,1,2,True
IN,98227,kisanshop.in,True,2,2,True
IN,98228,mixdunia.in,False,0,0,True
IN,98267,sitibroadband.in,False,0,0,True
IN,98337,aicte-jk-scholarship-gov.in,False,0,0,False
IN,98459,dcourts.gov.in,False,0,0,False
IN,98514,ipleaders.in,False,0,0,True
IN,98557,aaccc.gov.in,False,0,0,True
IN,98640,rnfi.in,False,0,0,False
IN,98655,igkv.ac.in,False,0,0,False
IN,98682,ipohub.in,False,0,0,True
IN,98706,cgdme.in,False,0,0,True
IN,98713,nccindia.gov.in,False,0,0,False
IN,98717,theofferclub.in,False,0,0,False
IN,98721,redchief.in,True,3,1,True
IN,98811,mivi.in,False,0,0,False
IN,98909,adamasknowledgecity.ac.in,False,0,0,True
IN,98929,appamatka.in,False,0,0,False
IN,98942,auegov.ac.in,False,0,0,True
IN,98958,bfil.co.in,False,0,0,False
IN,98961,bhunakshaodisha.nic.in,False,0,0,True
IN,99017,cscloanbazar.in,False,0,0,True
IN,99022,dares.in,False,0,0,True
IN,99040,durandcup.in,False,0,0,True
IN,99049,ehimbhoomi.nic.in,False,0,0,True
IN,99077,fkcloud.in,False,0,0,False
IN,99079,foododisha.in,False,0,0,True
IN,99104,giysi.in,True,2,1,True
IN,99158,jharkhandhighcourt.nic.in,False,0,0,False
IN,99159,jharnibandhan.gov.in,False,0,0,True
IN,99186,kuonline.co.in,False,0,0,True
IN,99188,labdrline.in,False,0,0,True
IN,99195,lifestylekurti.in,False,0,0,True
IN,99210,magadhonline.in,False,0,0,True
IN,99213,maharashtranursingcouncil.co.in,False,0,0,True
IN,99227,megedistrict.gov.in,False,0,0,True
IN,99262,nber-rehabcouncil.gov.in,False,0,0,False
IN,99274,ohcdb.in,False,0,0,False
IN,99325,prsuuniv.in,False,0,0,False
IN,99334,rajasthanvacancy.in,False,0,0,True
IN,99337,rashyam.in,True,3,2,True
IN,99339,rciregistration.nic.in,False,0,0,False
IN,99353,romapay.in,False,0,0,False
IN,99405,southfreak.in,False,0,0,True
IN,99409,sraap.in,False,0,0,True
IN,99412,sscnr.nic.in,False,0,0,True
IN,99414,ssepd.gov.in,False,0,0,False
IN,99418,suntechu.in,False,0,0,True
IN,99434,teluguwap.in,False,0,0,True
IN,99439,tezmatka.in,False,0,0,True
IN,99460,udyamregistration.in,False,0,0,False
IN,99466,upted.gov.in,False,0,0,False
IN,99473,velocityshipping.in,False,0,0,True
IN,99480,viralgrow.in,False,0,0,True
IN,100306,iti-result.in,False,0,0,True
IN,100499,moinmo.in,False,0,0,True
IN,100730,trunet.co.in,False,0,0,True
IN,100817,grse.in,False,0,0,False
IN,100825,smartpds.nic.in,False,0,0,True
IN,100853,bteupexam.in,False,0,0,False
IN,101205,upneet.gov.in,False,0,0,False
IN,101269,filmyzilla58.in,False,0,0,True
IN,101359,highcourtchd.gov.in,False,0,0,False
IN,101395,kitjob.in,False,0,0,True
IN,101402,manageengine.in,False,0,0,True
IN,101459,ahseconline.in,False,0,0,False
IN,101486,beu-bih.ac.in,False,1,0,True
IN,101529,ed-it.in,False,0,0,True
IN,101564,hanumanchalisa.gen.in,False,0,0,True
IN,101574,iinstapro.in,False,0,0,True
IN,101632,mggaugkp.ac.in,False,0,0,True
IN,101644,mprojgar.gov.in,False,0,0,False
IN,101647,mungeruniversity.ac.in,False,0,0,True
IN,101664,pci.nic.in,False,0,0,False
IN,101674,pncmak.in,False,0,0,True
IN,101681,purneau.ac.in,False,0,0,True
IN,101684,quotex.net.in,False,1,0,True
IN,101712,socialking.in,False,0,0,False
IN,101731,techgolu.in,False,0,0,True
IN,101733,teluguschemes.co.in,False,0,0,True
IN,101737,tgicet.nic.in,False,0,0,False
IN,101747,trendzjewellery.in,True,2,1,True
IN,101757,unlimitededucation.in,False,0,0,True
IN,101760,vandemataram150.in,False,0,0,True
IN,101767,vidyasaarathi.co.in,False,0,0,True
IN,101771,vitonline.in,False,1,0,True
IN,101777,wbmcc.nic.in,False,0,0,True
IN,101793,zetpartner.in,False,0,0,True
IN,101833,ecer.co.in,False,0,0,True
IN,101963,wproxier.in,False,0,0,False
IN,102121,gebyar4dzero.io.in,False,0,0,True
IN,102208,hphcrecruitment.in,False,0,0,True
IN,102221,mpsosresults.in,False,0,0,True
IN,102228,panchayatsetu.in,False,0,0,True
IN,102566,phras.in,False,0,0,True
IN,102767,animerulz.co.in,False,0,0,False
IN,102783,aplusblog.in,False,0,0,True
IN,102825,bfuhsonline.ac.in,False,0,0,True
IN,102889,crimejasoos.in,False,0,0,True
IN,102906,dbtfert.nic.in,False,0,0,False
IN,102908,desi49.info.in,False,0,0,True
IN,102945,dpbosssnet.in,False,0,2,True
IN,102954,ecorbbs.in,False,0,0,True
IN,102978,film-hd.in,False,0,0,False
IN,102996,filmyzilla56.in,False,0,0,True
IN,103023,generate-partnerships.in,False,0,0,True
IN,103079,incometaxmpcg.gov.in,False,0,0,True
IN,103237,masa49.me.in,False,0,0,True
IN,103238,masahub.ai.in,False,0,0,True
IN,103277,movieboxs.org.in,False,0,0,True
IN,103452,rayattest.in,False,0,0,True
IN,103499,sdat.in,False,0,0,True
IN,103531,shikshaads.in,False,0,0,True
IN,103619,tpedia.in,False,0,0,False
IN,103665,vegamoviezs.com.in,False,0,0,True
IN,103728,xmaza1.co.in,False,0,0,True
IN,103860,tofler.in,False,1,0,True
IN,103908,startupindia.gov.in,False,0,0,True
IN,104229,meeshogcp.in,False,0,0,False
IN,104362,abfrl.in,False,0,0,False
IN,104437,famapp.in,False,0,0,True
IN,104685,incredibleindia.gov.in,False,0,0,True
IN,105025,py.gov.in,False,0,0,True
IN,105067,htx.net.in,False,0,0,True
IN,105461,narendramodi.in,False,1,0,True
IN,105475,thisisus.in,False,0,0,False
IN,105493,ntpc.co.in,False,0,0,True
IN,105713,icar.gov.in,False,0,0,False
IN,105921,ludoclub.in,False,0,0,False
IN,106076,feikuai.in,False,0,0,True
IN,106109,unionbankofindia.co.in,False,0,0,True
IN,106221,indiaonline.in,False,0,0,True
IN,106391,orlan.in,False,0,0,False
IN,106698,coollib.in,False,0,0,False
IN,106850,techstory.in,False,0,0,True
IN,106985,speedhost.in,False,0,0,False
IN,107069,tinyinfo.in,False,0,0,True
IN,107129,sndpwebtech.co.in,False,0,0,True
IN,107283,quickcompany.in,False,0,0,True
IN,107716,tickertape.in,True,1,3,True
IN,107850,dst.gov.in,False,0,0,True
IN,107928,iiti.ac.in,False,1,0,True
IN,108141,mitwpu.edu.in,False,0,0,True
IN,108455,oksp.in,False,0,0,True
IN,108782,pix.in,False,0,0,False
IN,108922,medicaldialogues.in,False,1,0,True
IN,109013,navi-tech.in,False,0,0,False
IN,109118,prescience.in,False,0,0,True
IN,109162,giri.in,True,4,0,True
IN,109205,wocao.in,False,0,0,False
IN,109271,thomascook.in,False,0,0,True
IN,109781,huffingtonpost.in,False,0,0,True
IN,109913,standz.in,False,1,0,True
IN,110056,indinet.co.in,False,0,1,True
IN,110191,investonline.in,False,3,0,True
IN,110385,tmc.gov.in,False,0,0,True
IN,110393,odiakhati.in,False,0,0,True
IN,110496,lucky-star.in,False,0,0,False
IN,110664,icewarpcloud.in,False,0,0,True
IN,111228,tilc.in,False,0,0,False
IN,111273,airindia.in,False,0,0,False
IN,111500,chii.in,False,0,0,True
IN,111509,wii.gov.in,False,0,0,True
IN,111785,investindia.gov.in,False,0,0,True
IN,112477,medibuddy.in,False,1,0,True
IN,112510,plinko.in,False,0,0,True
IN,112722,zohocal.in,False,0,0,False
IN,113606,bizindiabook.co.in,False,0,0,False
IN,113636,cricheroes.in,False,0,0,False
IN,113802,jetstyle.in,False,0,0,False
IN,113890,classx.co.in,False,0,0,False
IN,113953,cntraveller.in,False,0,1,True
IN,114417,newsclick.in,False,1,0,True
IN,114829,punjabkesari.in,False,0,2,True
IN,115265,ticai.in,False,0,0,False
IN,115409,houzz.in,False,1,0,True
IN,115438,bhashini.co.in,False,0,0,True
IN,115559,novaco.in,False,0,0,False
IN,115663,dwl.co.in,False,0,0,True
IN,115679,linktw.in,False,2,0,True
IN,116118,amu.ac.in,False,0,0,False
IN,116480,7086.in,False,0,0,False
IN,117201,telta.in,False,0,0,False
IN,117242,iith.ac.in,False,0,0,True
IN,117261,gtplkcbpl.in,False,0,0,False
IN,117308,ndl.gov.in,False,0,0,True
IN,117544,weedge.in,False,0,0,False
IN,117556,auditonline.gov.in,False,0,0,True
IN,117866,forumkeralam.in,False,0,0,True
IN,117924,diami.in,False,0,0,True
IN,118223,guvi.in,False,0,0,True
IN,118224,upes.ac.in,False,0,0,True
IN,118379,polu.in,False,0,0,False
IN,118661,mospi.gov.in,False,0,0,True
IN,118707,primenet.in,False,1,0,True
IN,118819,uoc.ac.in,False,0,0,True
IN,119011,zohorecruit.in,False,0,0,True
IN,119119,mobilock.in,False,0,0,True
IN,119712,ndmc.gov.in,False,0,0,True
IN,119776,saldihacollegejournal.in,False,0,0,True
IN,119929,fcappservices.in,False,0,0,False
IN,120106,amzlinks.in,False,1,0,True
IN,120147,blitzw.in,False,0,0,True
IN,120230,chittaranjan.co.in,False,1,0,True
IN,120619,iiserkol.ac.in,False,0,0,True
IN,120680,data.gov.in,False,0,0,True
IN,120986,pwc.in,False,0,0,True
IN,121014,prernaup.in,False,0,0,True
IN,121278,paidforarticles.in,False,0,0,True
IN,121503,cept.gov.in,False,0,0,False
IN,121719,kayak.co.in,False,1,0,True
IN,121972,labour.gov.in,False,0,0,True
IN,122190,serverdo.in,False,1,0,True
IN,122276,tnau.ac.in,False,0,0,False
IN,122632,indiaeducationdiary.in,False,0,0,False
IN,123192,anaesthesiacollege.in,False,0,0,False
IN,123273,sercanto.in,False,0,0,True
IN,123343,thelotusfab.in,True,3,0,True
IN,123779,ncs.gov.in,False,0,0,True
IN,124115,yaanx.in,False,0,2,True
IN,124502,mnre.gov.in,False,0,0,True
IN,124594,aflip.in,False,0,0,True
IN,124795,bstage.in,False,0,0,True
IN,124923,philips.co.in,True,3,2,True
IN,125267,umbler.in,False,0,0,False
IN,125292,dtu.ac.in,False,0,0,True
IN,125367,yeolapaithanikalakaari.in,False,2,0,True
IN,125436,freechargebiz.in,False,1,0,True
IN,125473,sikkim.gov.in,False,1,0,True
IN,125561,navodaya.gov.in,False,0,0,False
IN,125749,nmc.org.in,False,0,0,True
IN,125997,justsee.co.in,False,0,1,True
IN,126102,ongc.co.in,False,0,0,False
IN,126147,impetus.co.in,False,0,0,True
IN,126900,psnacet.edu.in,False,0,0,False
IN,127018,storyweaver.org.in,False,0,0,True
IN,127249,voicemaker.in,False,0,2,True
IN,127406,yourquote.in,False,1,0,True
IN,127488,andhrauniversity.edu.in,False,0,0,False
IN,127597,indiapride.net.in,False,0,0,True
IN,127642,preciousnetcom.in,False,0,0,True
IN,127702,mostbet-india24.in,False,0,0,False
IN,127821,axisdirect.in,False,1,0,True
IN,127822,tradeimex.in,False,0,0,True
IN,128243,delhidutyfree.co.in,True,3,3,True
IN,129200,dakghar.in,False,0,0,False
IN,129533,mouser.in,False,0,0,False
IN,129567,villageinfo.in,False,0,0,False
IN,129784,grdprotein.in,False,0,0,False
IN,129874,eloelo.in,False,0,0,True
IN,129902,xhost.co.in,False,0,0,True
IN,130098,pmjay.gov.in,False,0,0,False
IN,130315,wego.co.in,False,0,0,True
IN,130389,ibc24.in,False,0,2,True
IN,130490,weddingwire.in,False,0,0,True
IN,130593,nagaland.gov.in,False,0,0,True
IN,130640,thecsrjournal.in,False,0,0,True
IN,131013,nvli.in,False,0,0,False
IN,131158,falconet.in,False,0,0,True
IN,131180,maruti.co.in,False,0,0,False
IN,131378,box8.co.in,False,0,0,False
IN,131651,apollo247.in,False,0,0,False
IN,131828,chine.in,False,1,0,True
IN,131867,nsiindia.gov.in,False,0,0,False
IN,132006,ip234.in,False,0,0,True
IN,132154,smartodr.in,False,0,0,True
IN,132178,excitel.in,False,0,0,False
IN,132259,altyn.in,False,0,0,True
IN,132273,manualpdf.in,False,0,0,True
IN,132417,aiia.gov.in,False,0,0,True
IN,132518,rainbowisp.co.in,False,0,0,False
IN,132649,starbucks.in,False,0,0,False
IN,133150,powertel.in,False,0,0,False
IN,133473,nhai.gov.in,False,0,0,True
IN,134117,crpf.gov.in,False,0,0,True
IN,134329,caravanmagazine.in,False,1,0,True
IN,134443,telega.in,False,0,0,True
IN,134821,mystore.in,False,0,0,True
IN,134936,xsecurity.in,False,0,0,False
IN,134947,pondiuni.edu.in,False,1,0,True
IN,134951,census2011.co.in,False,0,0,True
IN,135122,iimcal.ac.in,False,0,0,True
IN,135271,incometaxindiaefiling.gov.in,False,0,0,False
IN,135433,aicte.gov.in,False,0,0,False
IN,135736,attendance.gov.in,False,0,0,False
IN,135737,federalbank.co.in,False,0,0,True
IN,135764,weblink.in,False,0,0,True
IN,136029,mostbetindia1.in,False,0,0,False
IN,136670,iitbhu.ac.in,False,0,0,True
IN,136741,firstgames.in,False,0,0,True
IN,137257,imbox.in,False,0,0,False
IN,137370,autorefreshplus.in,False,0,2,True
IN,137485,bioserv.in,False,1,0,True
IN,137540,manabadi.co.in,False,0,0,True
IN,137588,dcsindia.in,False,0,0,False
IN,138014,uppbpb.gov.in,False,0,0,True
IN,138208,microscan.co.in,False,0,0,True
IN,138597,qurl.in,False,0,0,False
IN,138650,otrub.in,False,0,0,True
IN,138711,defence.in,False,0,0,True
IN,139108,ceodelhinet.nic.in,False,0,0,True
IN,139113,jacadda.in,False,0,0,False
IN,139119,playarenax.in,False,1,0,True
IN,139989,ocachosting.in,False,0,0,False
IN,140218,theloom.in,False,0,0,True
IN,140401,gudduztechnologies.in,False,0,0,True
IN,140444,travellershubindia.in,False,0,0,True
IN,140571,azimpremjiuniversity.edu.in,False,0,0,True
IN,140855,hal-india.co.in,False,0,0,True
IN,140894,thedentalspecialists.in,False,0,0,True
IN,140959,srivenkateshwaraa.edu.in,False,0,0,True
IN,141434,caluniv.ac.in,False,0,0,False
IN,141901,iisc.in,False,0,0,False
IN,142364,i2e1.in,False,0,0,True
IN,142564,pfrda.org.in,False,0,0,True
IN,143455,powergrid.in,False,0,0,False
IN,143486,asterios.in,False,0,0,True
IN,143573,ibbi.gov.in,False,0,0,True
IN,143685,mizoram.gov.in,False,0,0,False
IN,143686,indiaai.gov.in,False,1,0,True
IN,144026,n7net.in,False,0,0,False
IN,144051,sharda.ac.in,False,0,0,True
IN,144125,nsdl.co.in,False,0,0,False
IN,144530,cimat.edu.in,False,0,0,True
IN,144651,mobildev.in,False,0,0,False
IN,144717,ccbp.in,False,0,1,True
IN,145340,mercedes-benz.co.in,False,0,0,True
IN,145388,bitcoinworld.co.in,False,0,0,True
IN,145927,gomechanic.in,True,1,2,True
IN,146395,techarena.in,False,1,0,True
IN,146412,bharatskills.gov.in,False,0,0,True
IN,146618,gujaratuniversity.ac.in,False,0,0,True
IN,147003,exportgenius.in,False,0,0,False
IN,147489,jhpolice.gov.in,False,0,0,False
IN,147621,fbdns.in,False,0,0,False
IN,147630,pin-up-casinos.net.in,False,0,2,True
IN,147963,iitj.ac.in,False,0,0,False
IN,148347,fybrg.in,False,0,0,True
IN,148385,phonevilla.in,True,3,1,True
IN,148719,nclt.gov.in,False,0,0,True
IN,149035,1cent.in,False,0,0,True
IN,149102,eschoolapp.in,False,0,0,True
IN,149420,5net.in,False,0,0,False
IN,149996,addurl.in,False,0,0,True
IN,150002,unishivaji.ac.in,False,0,0,True
IN,150196,aptonline.in,False,0,0,True
IN,150344,meteocast.in,False,0,0,False
IN,150392,watchlakorn.in,False,0,0,True
IN,150419,galidesawar.in,False,0,0,True
IN,150604,morningstar.in,False,0,0,True
IN,150694,xcritical.in,False,0,0,True
IN,151134,insidesport.in,False,1,0,True
IN,151355,fita.in,False,0,3,True
IN,152400,zohocorppublic.in,False,0,0,False
IN,152464,trivago.in,False,0,0,True
IN,152604,superprof.co.in,False,0,0,False
IN,152614,jharkhandtimes.in,False,0,0,True
IN,152770,consumercomplaints.in,False,0,0,True
IN,152959,mahaswayam.gov.in,False,0,0,True
IN,153042,freelistingindia.in,False,0,0,True
IN,153051,autocarpro.in,False,0,0,True
IN,153225,robotickneereplacements.in,False,0,0,True
IN,153403,andamannicobar.gov.in,False,0,0,True
IN,153426,legaldev.in,False,0,0,True
IN,153467,shortcutkeys.in,False,1,0,True
IN,153497,canttboardjabalpur.org.in,False,0,0,True
IN,153613,sai.org.in,False,0,0,True
IN,153630,chitkara.edu.in,False,0,0,True
IN,153645,nehu.ac.in,False,0,0,True
IN,153912,unitedlifejournals.in,False,0,0,True
IN,154226,1kosmos.in,False,0,0,False
IN,154653,femina.in,False,0,0,True
IN,154769,nitw.ac.in,False,0,0,True
IN,155070,lbb.in,False,1,0,True
IN,155451,flexster.in,False,3,0,True
IN,155711,sapph.in,False,0,0,True
IN,156025,tnmgrmu.ac.in,False,0,0,True
IN,156245,baou.edu.in,False,0,0,True
IN,156367,nfsu.ac.in,False,0,0,True
IN,156368,csjmu.ac.in,False,0,0,True
IN,156888,indiawealth.in,False,0,0,False
IN,157287,connectdms.co.in,False,0,0,True
IN,157721,kohler.co.in,True,3,1,True
IN,157862,pgimer.edu.in,False,0,0,False
IN,158221,topnews.in,False,0,0,True
IN,158228,cyclingboutique.in,True,4,0,True
IN,158247,bmw.in,False,1,0,True
IN,158335,homecentre.in,False,0,0,False
IN,158370,bajajfinservhealth.in,False,0,0,True
IN,158380,sci-hub.in,False,0,0,True
IN,158948,doramasflix.in,False,0,0,True
IN,159109,uiic.co.in,False,0,0,False
IN,160014,newdelhiairport.in,False,0,0,True
IN,160074,aerb.gov.in,False,0,0,False
IN,160203,itse.in,True,2,0,True
IN,160235,expresscomputer.in,False,0,0,True
IN,160615,capriglobal.in,False,0,0,True
IN,160688,indiaenvironmentportal.org.in,False,0,0,False
IN,161000,digislots.in,False,0,0,True
IN,161001,kent.co.in,True,3,2,True
IN,161051,cmogujarat.gov.in,False,0,0,False
IN,161086,dsij.in,False,1,0,True
IN,161137,mitsu.in,False,2,0,True
IN,161144,dotcomcreations.in,True,1,1,True
IN,161216,sitibroadband.co.in,False,0,0,False
IN,161290,riseads.in,False,0,0,False
IN,161308,vguard.in,False,0,0,True
IN,161423,dosje.gov.in,False,0,0,False
IN,161567,alldatasheet.in,False,0,0,False
IN,161682,skladchina.in,False,0,0,True
IN,162148,indiatimes.in,False,0,0,False
IN,162169,hns.net.in,False,0,0,False
IN,162178,linkd.in,False,0,0,False
IN,162255,speakingtree.in,False,0,0,True
IN,162357,dot.gov.in,False,0,0,True
IN,162511,ceodelhi.gov.in,False,0,0,False
IN,162581,genhost.in,False,0,0,True
IN,162593,nitc.ac.in,False,1,0,True
IN,162597,dda.gov.in,False,0,0,True
IN,162857,yashtel.co.in,False,0,0,False
IN,162887,abvmuup.edu.in,False,0,0,True
IN,162911,quickheal.co.in,True,3,1,True
IN,162965,mgu.ac.in,False,0,0,True
IN,163088,gaadibazaar.in,False,0,0,True
IN,163215,bstsrs.in,False,0,0,True
IN,163272,hirepro.in,False,0,0,True
IN,163299,millenniumpost.in,False,2,0,True
IN,163300,rezka-ua.in,False,0,0,True
IN,163543,reliancegeneral.co.in,True,1,1,True
IN,163633,crompton.co.in,True,3,2,True
IN,163675,kmcgov.in,False,0,0,False
IN,163696,gmrgroup.in,False,0,0,False
IN,163743,iitgn.ac.in,False,0,0,False
IN,164148,niftytrader.in,False,0,0,True
IN,164176,bujhansi.ac.in,False,0,0,True
IN,164178,1investing.in,False,0,0,True
IN,164422,medkart.in,False,2,0,True
IN,164431,qci.org.in,False,0,0,False
IN,164511,lawbeat.in,False,2,0,True
IN,164541,commerce.gov.in,False,0,0,True
IN,164550,anomaastudio.in,False,0,0,False
IN,164818,calcuttahighcourt.gov.in,False,0,0,False
IN,164872,nism.ac.in,False,0,0,True
IN,164936,dvet.gov.in,False,0,0,False
IN,165096,onyxtherapy.in,False,0,0,True
IN,165120,dac.gov.in,False,0,0,False
IN,165141,simkl.in,False,0,0,False
IN,165255,iitjammu.ac.in,False,0,0,True
IN,165324,webindyahosting.co.in,False,0,0,False
IN,165414,himalayawellness.in,True,3,1,True
IN,165812,psuconnect.in,False,0,0,True
IN,165825,annamalaiuniversity.ac.in,False,0,0,True
IN,166026,woohoo.in,False,2,0,True
IN,166083,iima.ac.in,False,0,0,True
IN,166200,thewall.in,False,0,0,True
IN,166213,stockintrend.in,False,0,0,False
IN,166296,verdictum.in,False,1,0,True
IN,166317,galgotiasuniversity.edu.in,False,1,0,True
IN,166345,tourism.gov.in,False,0,0,True
IN,166589,memeraki.in,False,0,0,False
IN,166694,idsa.in,False,0,0,True
IN,166762,shein.in,True,1,1,True
IN,166807,ccsuniversity.ac.in,False,0,0,True
IN,166861,vroomstudios.in,False,0,0,True
IN,167071,sign3.in,False,0,0,False
IN,167474,legislative.gov.in,False,0,0,True
IN,167738,nenow.in,False,1,0,True
IN,167967,icf.gov.in,False,0,0,False
IN,167993,rpglink.in,False,0,0,True
IN,168230,moneylife.in,False,3,0,True
IN,168320,montecarlo.in,True,3,0,True
IN,168423,webtel.in,False,0,0,True
IN,168570,clickcloud.in,False,0,0,False
IN,168759,vmc.gov.in,False,0,0,False
IN,168878,multifibroadband.in,False,0,0,False
IN,168920,mu.ac.in,False,0,0,False
IN,168936,dmlot.in,False,0,0,True
IN,169054,pminewyork.gov.in,False,0,0,True
IN,169182,dishtv.in,False,0,0,True
IN,169657,hpsc.gov.in,False,0,0,False
IN,170115,nimhans.ac.in,False,0,0,False
IN,170187,ficci.in,False,0,0,False
IN,170278,naac.gov.in,False,0,0,False
IN,170345,scoffb.in,False,0,0,False
IN,170378,hpuniv.ac.in,False,0,0,False
IN,170431,crossword.in,True,4,3,True
IN,170848,madeeasy.in,False,0,0,True
IN,170899,experian.in,False,0,0,True
IN,170923,hdwallpapers.in,False,0,0,False
IN,170950,ashoka.edu.in,False,0,0,False
IN,171051,weatherandradar.in,False,0,0,True
IN,171616,tciexpress.in,False,0,0,True
IN,171992,yesbank.in,False,0,0,True
IN,172115,consortiumofnlus.ac.in,False,0,0,True
IN,172143,mpokket.in,False,0,1,True
IN,172289,brlps.in,False,0,0,True
IN,172379,gauhati.ac.in,False,0,0,True
IN,172478,mowr.gov.in,False,0,0,False
IN,172508,clickpost.in,False,0,0,True
IN,172671,cdsco.gov.in,False,0,0,True
IN,172781,equifax.co.in,False,0,0,True
IN,172948,algotest.in,False,1,0,True
IN,173038,weebo.co.in,False,0,0,True
IN,173495,loop.in,False,0,0,False
IN,173715,cii.in,False,0,0,True
IN,173859,maillist-manage.in,False,0,0,True
IN,173930,mahahsscboard.in,False,0,0,True
IN,174037,bitmesra.ac.in,False,0,0,False
IN,174632,downloadne.co.in,False,0,0,True
IN,174685,mod.gov.in,False,0,0,False
IN,174724,civilsupplieskerala.gov.in,False,0,0,False
IN,174790,delnet.in,False,0,0,True
IN,174918,asianet.co.in,False,0,0,True
IN,175358,teacircle.co.in,False,1,0,True
IN,175558,justbake.in,True,3,2,True
IN,175750,jntuh.ac.in,False,0,0,True
IN,175925,skoda-auto.co.in,False,0,0,True
IN,175993,banggood.in,False,0,0,False
IN,176199,vecha.in,False,0,0,False
IN,176371,tmu.ac.in,False,0,3,True
IN,176523,dibru.ac.in,False,0,0,True
IN,176622,casino79.in,False,0,0,False
IN,176625,bigpage.in,True,2,1,True
IN,176818,tatatel.co.in,False,0,0,False
IN,176928,sezonline-ndml.co.in,False,0,0,True
IN,176974,chd.gov.in,False,0,0,False
IN,177026,wp-host.gen.in,False,0,0,True
IN,177050,lorealparis.co.in,False,0,1,True
IN,177103,capterra.in,False,0,0,False
IN,177281,rashtrapatibhavan.gov.in,False,0,0,True
IN,177399,mediassisttpa.in,False,0,0,True
IN,177692,computechstore.in,False,2,0,True
IN,177867,hammel.in,False,0,0,True
IN,178216,blingqueen.in,True,3,1,True
IN,178326,shikotch.in,False,0,0,True
IN,178835,aditya.ac.in,False,0,0,True
IN,178854,dtdc.in,False,0,0,True
IN,178866,zauca.in,False,0,0,True
IN,179016,constructionworld.in,False,0,0,True
IN,179095,ghmc.gov.in,False,0,0,False
IN,179178,cusb.ac.in,False,0,0,False
IN,179380,webmediatricks.in,False,0,0,True
IN,179388,mrmed.in,False,0,0,True
IN,179625,tatapigments.co.in,False,0,0,True
IN,179783,upsconline.gov.in,False,0,0,True
IN,179880,nitj.ac.in,False,0,0,True
IN,180240,sriramachandra.edu.in,False,0,0,True
IN,180248,stage.in,False,1,0,True
IN,180444,rrbbbs.gov.in,False,0,0,False
IN,180474,shaktipay.net.in,False,0,0,True
IN,180485,rainbowhospitals.in,False,0,0,True
IN,180534,nhm.gov.in,False,0,0,True
IN,180553,hrtransport.gov.in,False,0,0,False
IN,180674,janmabhumi.in,False,0,0,True
IN,181067,veromoda.in,True,2,1,True
IN,181229,mgkvp.ac.in,False,0,0,False
IN,181244,webscte.co.in,False,0,0,True
IN,181253,paynearby.in,False,0,0,True
IN,181540,wbphed.gov.in,False,0,0,True
IN,181550,tamildigitallibrary.in,False,0,0,True
IN,181616,ppup.ac.in,False,0,0,True
IN,181672,homify.in,False,0,0,True
IN,181741,wellversed.in,True,3,3,True
IN,181807,keralalotteriesresults.in,False,0,0,True
IN,181824,waa2.in,False,0,0,True
IN,181841,vlebazaar.in,True,3,1,True
IN,181895,mbz.in,True,2,0,True
IN,181920,bondarenko.in,False,0,0,False
IN,181923,aanmeegam.co.in,False,0,0,True
IN,181952,technosports.co.in,False,0,0,True
IN,182020,webconnectindia.in,False,2,0,True
IN,182026,michaelpage.co.in,False,0,0,True
IN,182191,curaj.ac.in,False,0,0,True
IN,182465,uohyd.ac.in,False,0,0,True
IN,182509,ghconline.gov.in,False,0,0,False
IN,182553,krisumicity.co.in,False,0,0,False
IN,182637,theavtar.in,False,0,0,True
IN,182709,iquanta.in,False,1,0,True
IN,182828,udyamimitra.in,False,0,0,False
IN,182905,sathyabama.ac.in,False,0,0,True
IN,182931,rosenberger.in,False,0,0,False
IN,182936,anime1.in,False,0,0,True
IN,182943,jnvuiums.in,False,0,0,False
IN,182949,marugujarat.in,False,0,0,True
IN,182952,moctale.in,False,0,0,False
IN,182954,nathabit.in,False,2,0,True
IN,183196,lacoste.in,True,3,1,True
IN,183241,mygate.in,False,0,0,True
IN,183345,mycorporator.in,False,0,0,True
IN,183363,elle.in,False,0,0,True
IN,183393,nregade.nic.in,False,0,0,False
IN,183497,boichitro.in,True,3,1,True
IN,183555,indgovtjobs.in,False,0,0,True
IN,183687,nzbs.in,False,0,0,True
IN,183781,oureducation.in,False,0,0,True
IN,184018,bosch-home.in,False,2,0,True
IN,184060,hamleys.in,True,2,3,True
IN,184108,pathlegal.in,False,0,0,True
IN,184205,e-next.in,False,0,0,True
IN,184220,keralacourts.in,False,0,0,False
IN,184377,analyticsjobs.in,False,0,0,True
IN,184504,dda.org.in,False,0,0,True
IN,184533,webcast.gov.in,False,0,0,True
IN,184682,cert-in.org.in,False,0,0,True
IN,184738,mpcz.in,False,0,0,False
IN,184921,niu.edu.in,False,0,0,True
IN,184954,breeze.in,False,1,0,True
IN,184959,cbcindia.gov.in,False,0,0,True
IN,185068,acquire.co.in,False,0,0,True
IN,185193,printo.in,False,0,0,True
IN,185218,arwallet.net.in,False,0,0,True
IN,185275,phads.in,False,0,0,False
IN,185423,iimk.ac.in,False,0,0,True
IN,185810,ilkpop.in,False,0,0,False
IN,185813,janis.in,False,0,0,True
IN,185823,lokos.in,False,0,0,False
IN,185842,north24parganas.gov.in,False,0,0,True
IN,186074,mpwcdmis.gov.in,False,0,0,False
IN,186118,zeespares.in,True,3,2,True
IN,186170,toreta.in,False,0,0,True
IN,186264,sageuniversity.edu.in,False,0,1,True
IN,186293,solarsquare.in,False,0,0,True
IN,186384,domainz.in,False,0,0,True
IN,186432,wishnet.in,False,0,0,False
IN,186466,nsws.gov.in,False,0,0,True
IN,186549,ianslive.in,False,0,0,True
IN,186575,dbatu.ac.in,False,0,0,True
IN,186751,tagoreweb.in,False,0,0,True
IN,186810,vsnl.net.in,False,0,0,False
IN,186845,apeda.gov.in,False,0,0,True
IN,186889,cspdcl.co.in,False,0,0,False
IN,187018,ggu.ac.in,False,0,0,True
IN,187039,cpwd.gov.in,False,0,0,False
IN,187340,whispersinthecorridors.in,False,1,0,True
IN,187353,flyrobo.in,False,3,0,True
IN,187354,kuvempu.ac.in,False,0,0,False
IN,187395,truckershub.in,False,0,0,True
IN,187427,rmlau.ac.in,False,0,0,True
IN,187628,jncu.in,False,0,0,True
IN,187753,dof.gov.in,False,0,0,True
IN,187945,cdot.in,False,0,0,True
IN,188058,brabu.ac.in,False,0,0,True
IN,188079,be10x.in,False,1,0,True
IN,188145,icmr.gov.in,False,0,0,False
IN,188192,netsat.co.in,False,0,0,False
IN,188232,ascollege.ac.in,False,0,0,True
IN,188234,nlsn.in,False,0,0,True
IN,188250,newsbits.in,False,0,0,True
IN,188319,cmpdi.co.in,False,0,0,True
IN,188537,aagmaaltv.in,False,0,0,True
IN,188602,allen.ac.in,False,0,0,True
IN,188625,arattai.in,False,0,0,True
IN,188821,bridgestone.co.in,False,0,0,True
IN,188822,crcs.gov.in,False,0,0,True
IN,189004,jbvnl.co.in,False,0,0,True
IN,189084,indiainnings.in,False,3,0,True
IN,189237,mhrd.gov.in,False,0,0,False
IN,189276,mtg.in,False,3,0,True
IN,189327,ornate.in,False,0,0,False
IN,189348,nsdc.gov.in,False,0,0,False
IN,189393,kolkata24x7.in,False,0,0,True
IN,189473,firekirin.in,False,0,0,True
IN,189584,brainwareuniversity.ac.in,False,0,0,True
IN,189656,iiseradmission.in,False,0,0,False
IN,189716,abcvip.in,False,0,0,True
IN,189852,chsh.in,False,0,0,False
IN,189853,rupay.co.in,False,0,0,True
IN,189957,gocharmahavidyalaya.ac.in,False,0,0,False
IN,190099,boomlive.in,False,1,0,True
IN,190115,leafstudios.in,True,3,1,True
IN,190222,auriganet.in,False,0,0,True
IN,190282,hosteasy.in,False,0,0,True
IN,190400,electropi.in,False,3,0,True
IN,190411,pnbindia.in,False,0,0,True
IN,190516,supreme.co.in,False,0,0,True
IN,190528,gripinvest.in,True,1,2,True
IN,190552,conferencealerts.co.in,False,0,0,False
IN,190581,cukerala.ac.in,False,0,0,True
IN,190621,sncchengannur.ac.in,False,0,0,False
IN,190747,goaonline.gov.in,False,0,0,True
IN,190890,online-inspire.gov.in,False,0,0,False
IN,190979,sageuniversity.in,False,0,0,True
IN,190981,goodluckinfotech.in,False,0,0,False
IN,190998,aiforkids.in,False,0,0,True
IN,191105,myprotein.co.in,True,3,2,True
IN,191112,janaushadhi.gov.in,False,0,0,True
IN,191194,mahaitgov.in,False,0,0,True
IN,191262,wbcap.in,False,0,0,True
IN,191307,rku.ac.in,False,0,0,True
IN,191523,riddleroom.in,False,0,0,True
IN,191530,wbnsou.ac.in,False,0,0,True
IN,191539,nitrkl.ac.in,False,0,0,True
IN,191602,rentrip.in,False,2,0,True
IN,191609,collegeadmission.in,False,0,0,True
IN,191628,ycmou.ac.in,False,0,0,False
IN,191727,allnet.co.in,False,0,0,True
IN,191903,ngu.ac.in,False,0,0,True
IN,192134,bitsathy.ac.in,False,0,0,True
IN,192248,burgerking.in,False,0,0,True
IN,192367,swadeshionline.in,False,0,0,True
IN,192498,shodns.in,False,0,0,True
IN,192512,smartcoin.co.in,False,0,2,True
IN,192542,thepowerhost.in,True,1,2,True
IN,193043,ugcnetonline.in,False,0,0,True
IN,193161,prsuniv.ac.in,False,0,0,False
IN,193186,technofino.in,False,0,0,False
IN,193234,sambad.in,False,0,0,True
IN,193259,cuj.ac.in,False,0,0,True
IN,193329,fossil.in,False,2,0,True
IN,193423,lawtrend.in,False,0,0,True
IN,193439,web24x7.co.in,False,0,0,True
IN,193626,softguru.co.in,False,0,0,True
IN,193785,hgworld.in,False,3,0,True
IN,193786,octopod.co.in,False,0,0,True
IN,193878,wiomnet.in,False,0,0,True
IN,194137,nimi.co.in,False,0,0,True
IN,194141,slpe.in,False,0,0,True
IN,194150,employmentbankwb.gov.in,False,0,0,False
IN,194290,superkicks.in,True,3,1,True
IN,194295,sathya.in,False,3,0,True
IN,194524,apsc.nic.in,False,0,0,False
IN,194545,awesindia.edu.in,False,0,0,False
IN,194613,casence.in,True,3,2,True
IN,194624,cegadmissions.co.in,False,0,0,True
IN,194628,cgpaddyonline.co.in,False,0,0,False
IN,194645,cmharyanacell.nic.in,False,0,0,False
IN,194662,cuexamwindow.in,False,0,0,True
IN,194664,cusrinagar.edu.in,False,0,0,True
IN,194678,dduguadmission.in,False,0,0,True
IN,194688,digitalportal.in,False,0,0,True
IN,194690,directorcollegesjk.in,False,0,0,False
IN,194691,djb.gov.in,False,0,0,True
IN,194700,dotasks.in,False,0,0,True
IN,194703,dpegujarat.in,False,0,0,True
IN,194704,dreamexch7.in,False,0,0,False
IN,194714,e-raj.in,False,0,0,True
IN,194716,eakadamik.in,False,0,0,True
IN,194722,eduintern.in,False,0,0,True
IN,194760,finpage.in,False,0,3,True
IN,194765,followpro.in,False,0,0,True
IN,194767,footballmonk.in,False,2,0,True
IN,194801,gstat.gov.in,False,0,0,False
IN,194803,gullysports.in,True,2,3,True
IN,194812,hdhub4u.pro.in,False,0,0,True
IN,194823,himbhoomilmk.nic.in,False,0,0,True
IN,194881,jobassam.in,False,0,0,True
IN,194887,joyfulpay.in,False,0,0,False
IN,194904,kannadadeevige.in,False,0,0,True
IN,194916,khojotech.in,False,0,0,True
IN,194930,kolom.in,False,0,0,True
IN,194963,lotus365.co.in,False,0,0,False
IN,194978,mahafyjcadmissions.in,False,0,0,True
IN,194990,mccblr.edu.in,False,0,0,False
IN,195011,missamma.in,False,0,0,False
IN,195012,missionshaktiup.in,False,0,0,False
IN,195026,mpigr.gov.in,False,0,0,False
IN,195030,msbae.in,False,0,0,False
IN,195031,msduexam.co.in,False,0,0,True
IN,195033,mtai.org.in,False,0,0,True
IN,195038,myinsta.com.in,False,0,1,True
IN,195044,naturali.co.in,True,3,2,True
IN,195048,neetugguidance.in,False,0,0,True
IN,195078,ojee.nic.in,False,0,0,True
IN,195089,opportune.in,False,0,0,True
IN,195097,paidinsurance.in,False,0,0,True
IN,195107,payzeno.in,False,0,0,False
IN,195127,playfusionx.in,False,1,0,True
IN,195153,puppssmsce.in,False,0,0,True
IN,195184,ranchiuniversity.co.in,False,0,0,True
IN,195190,reaprajasthan.co.in,False,0,0,True
IN,195206,rrpapp.in,False,0,0,False
IN,195212,salahe.in,False,0,0,True
IN,195238,sggcg.in,False,0,0,True
IN,195250,skmu.ac.in,False,0,0,True
IN,195251,slbdigitalservice.in,False,0,0,True
IN,195268,studybeepro.in,False,0,0,True
IN,195302,tgwdcw.in,False,0,0,True
IN,195317,todayeggrate.in,False,0,0,True
IN,195325,tradefinder.in,False,0,0,True
IN,195333,typingmitra.in,False,0,0,True
IN,195340,ukssscrecruitment.in,False,0,0,True
IN,195349,uonex.in,False,0,0,False
IN,195350,upbocw.in,False,0,0,False
IN,195365,vexon.in,False,2,0,True
IN,195372,vijayapatha.in,False,0,0,True
IN,195392,wbprms.in,False,0,0,True
IN,195697,adgebra.in,False,0,0,False
IN,195755,drivex.in,False,1,0,True
IN,195895,s6s.in,False,0,0,False
IN,196265,sharkexchange.in,False,0,0,True
IN,196342,crosstownnews.in,False,0,0,True
IN,196365,nocpl.in,False,0,0,False
IN,196431,kindlife.in,True,3,1,True
IN,196606,zop.in,True,4,1,True
IN,196750,indiancontentnetwork.in,False,0,0,False
IN,196771,railjournal.in,False,0,0,True
IN,196924,intex.in,True,4,0,True
IN,197020,dsu.edu.in,False,0,0,True
IN,197096,komaki.in,True,1,3,True
IN,197108,grameenkoota.in,False,0,0,False
IN,197141,vodafone.in,False,0,0,False
IN,197210,infinixmobiles.in,True,3,2,True
IN,197326,egybest.co.in,False,1,0,True
IN,197345,staffnews.in,False,0,0,True
IN,197519,dhunwap.in,False,0,0,True
IN,197533,adesh.in,False,0,0,True
IN,197645,mscepune.in,False,0,0,True
IN,197664,nirmaanonline.in,False,0,0,False
IN,197712,makemyjobs.in,False,0,0,True
IN,197756,jabbardasth.in,False,0,0,True
IN,197891,qartulad.in,False,0,0,True
IN,198195,apspdcl.in,False,0,0,True
IN,198251,ninzahost.in,False,0,0,False
IN,198252,regencyhealthcare.in,False,1,0,True
IN,198282,varanga.in,True,3,2,True
IN,198618,iare.ac.in,False,0,0,True
IN,198717,suksn.in,False,0,0,True
IN,198869,bsphcl.co.in,False,0,0,True
IN,198979,satta-king.in,False,0,2,True
IN,199027,bokepmantap.in,False,0,0,True
IN,199089,gugobet.in,False,1,0,True
IN,199137,maandhan.in,False,0,0,False
IN,199207,innovareacademics.in,False,0,0,True
IN,199347,paperpage.in,False,0,0,True
IN,199389,iimb.ac.in,False,0,0,False
IN,199440,chennaiport.gov.in,False,0,0,True
IN,199501,scvtup.in,False,0,0,False
IN,199504,invertisuniversity.ac.in,False,0,0,True
IN,199528,direct-internet.in,False,0,0,False
IN,200058,yt5s.in,False,0,0,True
IN,200074,thecollective.in,False,1,0,True
IN,200410,svkm.ac.in,False,0,0,True
IN,200474,mstcindia.co.in,False,0,0,True
IN,200555,bbnl.in,False,0,0,False
IN,200576,budli.in,True,2,0,True
IN,200659,goclasses.in,False,2,0,True
IN,200716,lapinozpizza.in,False,2,0,True
IN,200814,radioindia.in,False,0,0,True
IN,200868,stocklens.co.in,False,0,0,True
IN,200911,vedicrishi.in,False,0,0,True
IN,200971,triumphmotorcycles.in,False,1,0,True
IN,201106,bubhopal.ac.in,False,0,0,True
IN,201193,talkie-ai.in,False,0,0,True
IN,201269,fashiola.in,False,0,0,False
IN,201365,paisa247.in,False,0,1,True
IN,201397,icharts.in,False,0,0,True
IN,201404,mahasarkar.co.in,False,0,0,True
IN,201411,scentoria.co.in,True,3,4,True
IN,201515,cdacnoida.in,False,0,0,False
IN,201578,netsat.in,False,2,0,True
IN,201590,bhel.co.in,False,0,0,False
IN,201639,lnmu.ac.in,False,0,0,False
IN,201727,pandahost.in,False,0,0,False
IN,201999,indianculture.gov.in,False,0,0,True
IN,202035,dailyo.in,False,0,0,True
IN,202090,peppermint.in,True,4,0,True
IN,202100,clovedental.in,False,0,0,False
IN,202149,thesecretariat.in,False,0,0,True
IN,202216,goviralhost.in,False,0,0,False
IN,202311,culko.in,False,0,0,True
IN,202412,axbk.in,False,0,0,True
IN,202465,dvpl.in,False,0,0,True
IN,202552,gjust.ac.in,False,0,0,True
IN,203029,htmedia.in,False,0,0,True
IN,203244,sundirect.in,False,0,0,True
IN,203406,dbuniversity.ac.in,False,0,0,True
IN,203619,ip123.in,False,0,0,True
IN,203671,perfumepalace.in,True,3,1,True
IN,203786,vinfastauto.in,False,0,0,False
IN,203873,assignmentsabroadtimes.in,False,0,0,True
IN,203933,uiiumovie.in,False,0,0,True
IN,203954,v2kart.in,False,0,0,False
IN,204187,mysba.co.in,False,0,0,True
IN,204226,haryanatax.gov.in,False,0,0,False
IN,204262,direct.net.in,False,0,0,False
IN,204385,magicneedles.in,True,4,2,True
IN,204441,cosmoslayers.in,True,3,1,True
IN,204540,bollywoodhungama.in,False,0,0,True
IN,204780,medilift.in,False,0,0,True
IN,204815,airmenus.in,False,1,0,True
IN,204884,crsbis.in,False,0,0,True
IN,204998,fontgen.in,False,0,0,True
IN,205011,xonplex.in,False,0,0,True
IN,205179,jsw.in,False,0,0,True
IN,205257,thehawk.in,False,0,0,False
IN,205488,tempel.in,False,0,0,True
IN,205668,servify.in,False,0,0,False
IN,205671,ecommitteesci.gov.in,False,0,0,True
IN,206062,nudgeai.in,False,0,0,True
IN,206142,kylejasm.in,False,0,0,True
IN,206159,prsu.ac.in,False,0,0,True
IN,206279,ihmcl.co.in,False,1,0,True
IN,206444,amnex.co.in,False,0,0,True
IN,206466,hellobanker.in,False,0,0,True
IN,206486,fomostore.in,True,3,1,True
IN,206654,naughtynights.in,False,3,0,True
IN,206657,snu.edu.in,False,0,0,True
IN,206799,infracloudh.in,False,0,0,True
IN,206800,bathandbodyworks.in,True,3,1,True
IN,206812,apkcafe.in,False,1,0,True
IN,206939,fila.co.in,True,3,1,True
IN,206967,anilsiriti.in,False,0,0,True
IN,207051,civilserviceaspirants.in,False,0,0,True
IN,207268,jakseltoto.in,False,0,0,True
IN,207369,popclub.co.in,False,0,0,False
IN,207391,freebnb.in,False,0,0,True
IN,207396,4hi.in,False,0,0,True
IN,207441,cahoot.in,True,4,2,True
IN,207444,freexrp.in,False,0,0,True
IN,207478,wwwcollections.in,True,4,1,True
IN,207759,nagpurtoday.in,False,0,0,True
IN,207782,fragstalk.in,True,3,2,True
IN,207827,indiacode.nic.in,False,0,0,True
IN,207911,igl.co.in,False,0,0,False
IN,207930,missionjeet.in,False,0,0,True
IN,208397,rcproduct.in,False,0,0,False
IN,208501,ebalbharati.in,False,0,0,True
IN,208719,bokepbaru.in,False,0,0,True
IN,208807,satcon.in,False,0,0,True
IN,208970,opic.in,False,0,0,False
IN,209014,nihfw.ac.in,False,0,0,True
IN,209044,sleepycat.in,True,2,1,True
IN,209144,teertoday.in,False,0,0,True
IN,209160,freeeth.in,False,0,0,True
IN,209320,trak.in,False,0,0,True
IN,209498,dshelpingforever.co.in,False,2,0,True
IN,209584,gurugramuniversity.ac.in,False,0,0,True
IN,209803,doctorc.co.in,False,0,0,False
IN,210115,americantourister.in,True,3,2,True
IN,210203,missmosa.in,True,4,1,True
IN,210264,hpjav.in,False,0,0,True
IN,210352,navi-sa.in,False,0,0,False
IN,210411,stgs.in,False,0,0,False
IN,210419,njwealth.in,False,1,0,True
IN,210465,rapidnet.in,False,0,1,True
IN,210652,friendstamilmp3.in,False,0,0,True
IN,210726,zohoexternal.in,False,0,0,False
IN,210749,freetoncoin.in,False,0,0,True
IN,210784,dailydeals365.in,False,3,0,True
IN,210801,eauction.gov.in,False,0,0,True
IN,210808,houseofchikankari.in,True,3,2,True
IN,210854,gujjukhabar.in,False,0,0,True
IN,210892,perfumenetwork.in,True,3,1,True
IN,211076,classihub.in,False,2,0,True
IN,211355,freeshib.in,False,0,0,True
IN,211384,sihub.in,False,0,0,True
IN,211406,converse.in,False,1,0,True
IN,211437,practicepaper.in,False,0,0,False
IN,211495,wavefiber.co.in,False,0,0,True
IN,211507,freebch.in,False,0,0,True
IN,211544,vecv.in,False,0,0,False
IN,211718,e-jagriti.gov.in,False,0,0,True
IN,211757,webelementinc.in,False,0,0,False
IN,211782,moef.gov.in,False,0,0,True
IN,211907,preethiwear.in,True,3,1,True
IN,211961,indusindinsurance.co.in,False,0,0,False
IN,212116,barc.gov.in,False,0,0,True
IN,212130,iiita.ac.in,False,0,0,True
IN,212281,segmentweb.in,False,0,0,True
IN,212374,bausch.in,False,0,0,True
IN,212376,littlewish.in,True,2,1,True
IN,212591,parkserver.in,False,0,0,False
IN,212608,habuild.in,False,0,0,True
IN,212715,docon.co.in,False,0,0,False
IN,212724,cashforphone.in,False,0,0,True
IN,212744,boomi.in,False,0,0,True
IN,212848,anumati.co.in,False,0,0,False
IN,212850,keralanews.gov.in,False,0,0,True
IN,212944,desijugar.in,False,0,0,True
IN,212972,axntechnologies.in,False,0,0,False
IN,212992,mfwonline.co.in,True,3,1,True
IN,213001,oneindia.in,False,0,0,False
IN,213093,ticfiber.in,False,0,0,True
IN,213249,kcp.co.in,False,0,0,False
IN,213414,safari.in,True,3,0,True
IN,213461,kkhsou.ac.in,False,0,0,True
IN,213525,bosch-pt.co.in,False,0,0,True
IN,213597,fivestargroup.in,False,0,0,True
IN,213683,umaeci.in,False,0,0,True
IN,214071,dea.gov.in,False,0,0,False
IN,214248,vistas.ac.in,False,0,0,True
IN,214322,hppay.in,False,0,0,False
IN,214347,vishalbharat.in,False,1,0,True
IN,214363,biovisions.in,False,0,0,True
IN,214372,digitek.net.in,True,3,1,True
IN,215117,1order.in,False,0,0,True
IN,215419,99customizedjewellery.in,True,3,2,True
IN,215431,9kmovies.int.in,False,0,0,True
IN,215461,aaveg.co.in,False,0,0,False
IN,215475,abcom.in,False,0,0,True
IN,215486,accumn.co.in,False,0,0,False
IN,215489,acmes.in,False,0,0,True
IN,215504,adearn.in,False,0,0,True
IN,215515,advasmart.in,False,0,0,True
IN,215540,agrimachinery.nic.in,False,0,0,True
IN,215566,akerala.in,False,0,0,False
IN,215590,aligo.in,False,0,0,True
IN,215592,alkemmarketplace.in,False,0,0,True
IN,215629,amalfa.in,True,3,1,True
IN,215641,ammanpharma.in,False,0,0,True
IN,215645,amruhp.ac.in,False,0,0,True
IN,215647,anaajkharid.in,False,1,0,True
IN,215672,annadarpan.in,False,0,0,True
IN,215675,anonet.co.in,False,0,0,True
IN,215694,apcpdcl.in,False,0,0,False
IN,215711,apnaaddaa.in,False,0,0,False
IN,215723,apssb.nic.in,False,0,0,True
IN,215751,aseemamatrimony.in,False,1,0,True
IN,215774,atom361.co.in,False,0,0,False
IN,215814,avocado-25.in,False,0,0,True
IN,215852,bajajautocredit.in,False,0,0,False
IN,215868,banglachotiboi.in,False,0,0,True
IN,215877,bapams.net.in,False,0,0,True
IN,215976,bhavishya.nic.in,False,0,0,False
IN,215980,bhoomirashi.gov.in,False,0,0,False
IN,215990,biharmasti.co.in,False,0,0,True
IN,216025,bizzsolution.in,False,0,0,True
IN,216036,blink-basket.in,True,3,3,True
IN,216046,blueisland.in,True,3,1,True
IN,216085,bosse.ac.in,False,2,0,True
IN,216092,brainkart.in,False,1,0,True
IN,216097,brightyourfutures.in,False,1,0,True
IN,216105,bseodisha.nic.in,False,0,0,True
IN,216122,buildrmc.in,False,0,0,True
IN,216182,caneup.in,False,0,0,False
IN,216185,capcutapk.me.in,False,0,2,True
IN,216186,capcutapk1.com.in,False,0,1,True
IN,216209,castleapkdownload.com.in,False,0,2,True
IN,216224,cdservice.in,False,0,0,True
IN,216230,cellbuddy.in,False,0,0,True
IN,216237,centrumshop.in,True,2,0,True
IN,216246,cersai.org.in,False,0,0,False
IN,216252,cetaphil.in,False,1,0,True
IN,216264,cfmsharyana.nic.in,False,0,0,True
IN,216268,cgclerp.in,False,0,0,True
IN,216270,chaithanya.in,False,0,0,True
IN,216271,challanpay.in,False,0,0,True
IN,216276,chandannhm.in,False,0,0,True
IN,216277,chandukakasaraf.in,False,1,0,True
IN,216346,clinilaunchresearch.in,False,0,0,True
IN,216363,clujammu.ac.in,False,0,0,False
IN,216374,coalindiatenders.nic.in,False,0,0,True
IN,216379,codectechnologies.in,False,3,0,True
IN,216412,copass.in,False,0,0,True
IN,216427,cpwdsewa.gov.in,False,0,0,True
IN,216446,crmhariom.in,False,0,0,True
IN,216523,dailyepaper.in,False,0,0,True
IN,216531,daivik.in,True,3,2,True
IN,216600,dgvcl.co.in,False,0,0,True
IN,216640,dogmasoft.in,False,0,0,False
IN,216641,dohodisha.nic.in,False,0,0,True
IN,216657,dpdmis.in,False,0,0,True
IN,216670,dsc.gov.in,False,0,0,False
IN,216673,dtcbusroutes.in,False,0,0,True
IN,216690,e-nagarsewaup.gov.in,False,0,0,False
IN,216707,eaindustry.nic.in,False,0,0,True
IN,216715,easyhomefinance.in,False,0,0,True
IN,216748,edukar.in,False,0,0,True
IN,216754,eg4.nic.in,False,0,0,True
IN,216768,ekartlogistics.in,False,0,0,True
IN,216807,emarg.gov.in,False,0,0,False
IN,216810,embeyvally.in,True,3,1,True
IN,216812,emcure.co.in,False,0,0,False
IN,216850,eppl.co.in,False,0,0,True
IN,216857,erationcard.in,False,0,0,True
IN,216858,eregistrationukgov.in,False,0,0,True
IN,216978,fetchnbuy.in,True,2,0,True
IN,217007,finhry.gov.in,False,0,0,True
IN,217022,fleetvigil.in,False,0,0,False
IN,217027,flipix.in,False,0,2,True
IN,217035,flixbus.in,False,1,0,True
IN,217041,flyingcarts.in,True,4,0,True
IN,217053,foodsuppb.gov.in,False,0,0,False
IN,217088,fuelone.in,False,0,0,False
IN,217092,funbattle.in,False,0,0,True
IN,217117,gadgetlane.co.in,True,4,5,True
IN,217118,gaffarmart.in,False,1,0,True
IN,217130,galiworld.in,False,0,0,True
IN,217132,galway.in,False,3,0,True
IN,217164,gccservices.in,False,0,0,True
IN,217167,gdppl.in,False,0,0,True
IN,217209,gietuerp.in,False,0,0,True
IN,217223,glitzindia.in,False,0,0,True
IN,217234,goashray.in,False,0,0,False
IN,217265,goodmonk.in,True,3,2,True
IN,217282,greenerynursery.co.in,True,2,2,True
IN,217287,grest.in,True,5,1,True
IN,217294,gsauca.in,False,0,0,True
IN,217296,gstprime2.nic.in,False,0,0,False
IN,217297,gstsso.nic.in,False,0,0,False
IN,217360,haryanaludo.co.in,False,0,0,True
IN,217378,healthfab.in,True,3,3,True
IN,217379,healthgraph.in,False,0,0,True
IN,217382,healthyday.co.in,False,1,0,True
IN,217394,heritagehealthtpa.in,False,0,0,True
IN,217399,hgoals.in,False,0,0,True
IN,217411,himachal.nic.in,False,0,0,True
IN,217427,hmispb.in,False,0,0,False
IN,217431,holdingtax.co.in,False,0,0,True
IN,217450,hp.nic.in,False,0,0,False
IN,217452,hptenders.gov.in,False,0,0,True
IN,217454,hrmsassam.in,False,0,0,False
IN,217459,hsvphry.org.in,False,0,0,True
IN,217471,humanperitus.in,False,0,0,True
IN,217476,hypatholab.in,False,0,0,True
IN,217483,iaa.edu.in,False,0,0,True
IN,217491,icjs.gov.in,False,0,0,False
IN,217526,iitmpravartak.org.in,False,0,0,True
IN,217555,inclass.in,False,0,0,True
IN,217567,indianshortner.in,False,0,0,True
IN,217577,infopark.in,False,0,0,True
IN,217589,insightcosmetics.in,True,3,2,True
IN,217594,instapro2dl.in,False,1,0,True
IN,217608,ipit.in,False,0,0,True
IN,217616,irth.in,False,0,0,False
IN,217618,isbn.gov.in,False,0,0,False
IN,217627,ithinklogistics.co.in,False,0,0,True
IN,217655,jaguarsecurity.in,False,0,0,True
IN,217663,jaisteel.in,False,0,0,True
IN,217669,jalwaz.in,False,0,0,False
IN,217675,jansuraksha.in,False,0,0,False
IN,217689,jceceb.org.in,False,0,0,False
IN,217709,jharkhandtenders.gov.in,False,0,0,True
IN,217723,jkhighcourt.nic.in,False,0,0,True
IN,217739,johnellies.in,True,3,1,True
IN,217820,karmaprimaryhealthcare.in,False,0,0,True
IN,217865,kfintech.in,False,0,0,True
IN,217974,ktunotes.in,False,0,0,True
IN,218010,ladydoakcollege.edu.in,False,0,0,True
IN,218035,leadsguru.in,False,0,0,True
IN,218071,lgpunjab.gov.in,False,0,0,False
IN,218102,linksgo.in,False,0,0,True
IN,218111,liveconnect.in,False,0,0,False
IN,218124,lmskkhsou.in,False,0,0,True
IN,218247,macleods.in,False,0,0,True
IN,218262,mahaegram.co.in,False,0,0,False
IN,218265,mahapocra.gov.in,False,0,0,False
IN,218266,maharajamultiplex.in,False,0,0,True
IN,218267,mahaulb.in,False,0,0,False
IN,218295,mankindpharma.co.in,False,0,0,False
IN,218299,mantricenter.in,False,0,0,True
IN,218315,masa49.in,False,0,0,True
IN,218337,matkaguessing.in,False,0,0,True
IN,218399,meilgroup.in,False,0,0,False
IN,218430,mfsl.co.in,False,0,0,False
IN,218466,minecraft.com.in,False,0,0,True
IN,218495,mlada.in,True,3,1,True
IN,218518,modelexam.in,False,0,1,True
IN,218533,moneygita.in,False,0,0,True
IN,218551,moreconnect.in,False,0,0,False
IN,218567,moxiebeauty.in,True,3,1,True
IN,218570,mpedistrict-csc.in,False,0,0,False
IN,218587,msbsvet.edu.in,False,0,0,True
IN,218589,msilappstore.in,False,0,0,True
IN,218592,mssc.co.in,False,0,0,True
IN,218609,mumbaipolice.gov.in,False,0,0,True
IN,218610,mumresults.in,False,0,0,True
IN,218629,mybombae.in,True,3,1,True
IN,218635,myfastway.in,False,0,0,False
IN,218636,myfitness.in,True,3,1,True
IN,218649,mypatta.in,False,0,2,True
IN,218656,myrecharge.co.in,False,0,0,True
IN,218658,mysaving.in,False,0,0,True
IN,218661,mysmartlab.co.in,False,0,0,True
IN,218712,nclsil.in,False,0,0,False
IN,218735,newdelhibazarsatta.in,False,0,0,True
IN,218745,ngdrshp.gov.in,False,0,0,True
IN,218763,niimh.nic.in,False,0,0,False
IN,218778,nivaaya.in,True,3,1,True
IN,218811,npuuniv.in,False,0,0,True
IN,218815,nsoft.in,False,0,0,True
IN,218816,nsp.gov.in,False,0,0,True
IN,218819,ntps.nic.in,False,0,0,False
IN,218829,nxprime.in,False,0,0,True
IN,218882,omgs.in,False,1,0,True
IN,218914,onlysix.in,False,0,0,True
IN,218921,oorjatechnical.co.in,False,0,0,True
IN,218926,opinionworld.in,False,1,0,True
IN,218944,orissahighcourt.nic.in,False,0,0,True
IN,218963,ovaisabayacollection.in,True,3,2,True
IN,218998,paglu-game.in,False,0,0,True
IN,219038,parivesh.nic.in,False,0,0,True
IN,219048,pass4sure.in,False,0,0,True
IN,219063,payincash.in,False,0,0,True
IN,219064,paymass.co.in,False,0,0,True
IN,219070,pbgsbs.gov.in,False,0,0,False
IN,219071,pbssd.gov.in,False,0,0,False
IN,219078,peacockshop.in,True,3,1,True
IN,219110,pg8888.co.in,False,0,0,True
IN,219128,pharmacareer.in,False,0,0,True
IN,219129,pharmedltd.in,False,0,0,True
IN,219149,pikashowtv.in,False,0,2,True
IN,219170,piwania.in,False,0,0,True
IN,219184,plam-kakao.in,False,0,0,True
IN,219216,pmopg.gov.in,False,0,0,True
IN,219258,portshield.in,False,0,0,True
IN,219303,profair.in,False,0,0,True
IN,219306,profileviewer.in,False,0,2,True
IN,219312,pronk.in,True,3,2,True
IN,219322,proultimategyms.in,False,0,0,True
IN,219323,proxyserverfreefire.in,False,0,0,True
IN,219326,pscuk.net.in,False,0,0,True
IN,219328,psitche.ac.in,False,0,0,True
IN,219372,qnetindia.in,False,0,0,True
IN,219385,queensjewellery.in,True,2,1,True
IN,219428,railsaver.gov.in,False,0,0,True
IN,219434,rajasthanpharmacycouncil.in,False,0,0,True
IN,219469,rdservice.in,True,1,3,True
IN,219515,reportmarathi.in,False,0,0,True
IN,219516,repotic.in,False,0,0,True
IN,219536,rgmwb.gov.in,False,0,0,False
IN,219537,rgukt.ac.in,False,0,0,True
IN,219565,roboticexchange.in,False,0,0,True
IN,219590,rowbest.in,False,1,0,True
IN,219595,royalplaynight.co.in,False,0,0,True
IN,219602,rqbeonline.co.in,False,0,0,False
IN,219655,safetrans.in,False,0,0,True
IN,219656,saffrron.in,True,2,3,True
IN,219678,sanfe.in,True,3,1,True
IN,219703,satellitenetcom.in,False,1,0,True
IN,219706,satta-king.ind.in,False,0,0,False
IN,219709,sattakingnews.in,False,0,0,True
IN,219739,screenbros.in,False,0,0,True
IN,219741,scrubsy.co.in,True,3,1,True
IN,219786,sevasetu.in,False,0,0,True
IN,219810,sgpgims.in,False,0,0,True
IN,219816,shaleyshikshan.in,False,0,0,True
IN,219818,shareclub.in,False,0,0,True
IN,219820,sharkninja.in,True,3,1,True
IN,219823,shayarimints.in,False,0,0,True
IN,219827,shikshamedha.in,False,0,0,True
IN,219841,shopping99.in,True,2,1,True
IN,219845,shreeanjani.co.in,False,0,0,True
IN,219850,shrishtijewels.in,True,3,1,True
IN,219867,sikandaar33.in,False,0,0,True
IN,219889,singularium.in,False,0,0,True
IN,219892,sipcalculator.in,False,0,0,True
IN,219915,sklinker.in,False,0,0,True
IN,219950,smartekanban.in,False,0,0,False
IN,219959,smmvault.in,False,0,0,True
IN,219967,snpvraigarh.in,False,0,0,True
IN,219977,softeazy.in,False,0,1,True
IN,219978,softurl.in,False,0,0,True
IN,219984,solara.in,True,4,1,True
IN,219999,sotrue.in,True,4,2,True
IN,220011,sparecare.in,False,0,0,False
IN,220038,sreedevidigital.in,False,0,0,False
IN,220050,sscbpl.in,False,0,0,True
IN,220074,store1914.in,True,2,3,True
IN,220089,studybase.in,False,0,0,True
IN,220090,studyfordreams.in,False,0,0,True
IN,220092,studystark.in,False,0,0,True
IN,220094,stylish-names.in,False,0,0,True
IN,220119,sunkonnect.in,False,0,0,False
IN,220139,superyou.in,True,3,1,True
IN,220141,support360.co.in,False,0,0,True
IN,220151,surma.in,True,4,3,True
IN,220163,swamini.in,False,0,0,True
IN,220164,swasthyaingit.in,False,0,0,False
IN,220175,sxcran.ac.in,False,0,0,True
IN,220234,tasmace2e.in,False,0,0,False
IN,220237,tatd.in,False,1,0,True
IN,220243,tbboard.gov.in,False,0,0,True
IN,220253,teamex.in,False,2,0,True
IN,220257,techmek.in,False,0,0,True
IN,220266,teiki.in,False,0,0,True
IN,220292,tgsrtclogistics.co.in,False,0,0,True
IN,220299,thayyilsports.in,True,3,2,True
IN,220304,the100.co.in,False,0,0,True
IN,220315,thejobfactory.org.in,False,0,0,True
IN,220322,thewalletstore.in,True,3,1,True
IN,220323,thewellnessshop.in,True,3,0,True
IN,220326,thnxpe.in,False,0,0,True
IN,220369,tmibasl.in,False,0,0,True
IN,220371,tnouportal.in,False,0,0,True
IN,220393,toploan.in,False,0,0,False
IN,220406,toykoo.in,True,3,0,True
IN,220427,treverlii.co.in,True,3,2,True
IN,220436,tripuratenders.gov.in,False,0,0,True
IN,220452,tsmess.co.in,False,0,0,False
IN,220466,tummoc.in,False,0,0,True
IN,220519,uktenders.gov.in,False,0,0,True
IN,220527,ultrawin.co.in,False,0,0,True
IN,220543,unifite.in,False,0,0,True
IN,220558,upda.in,False,0,0,False
IN,220559,upjnr-kautilya.in,False,0,0,True
IN,220566,urbanshop.co.in,True,4,3,True
IN,220577,ussupplements.in,False,3,0,True
IN,220589,uzhamagal.in,True,2,1,True
IN,220608,valuedopinions.co.in,False,0,0,True
IN,220610,vanarti.in,False,0,0,True
IN,220613,vapeorder.in,False,0,0,False
IN,220614,vasanthandco.in,False,2,0,True
IN,220622,vbrajasthan.in,False,0,0,False
IN,220627,vedu.info.in,False,0,0,True
IN,220630,veduapps.com.in,False,0,0,True
IN,220647,vibrantscreen.in,False,0,0,False
IN,220701,vortexconnect.in,False,0,0,True
IN,220728,wamis-odisha.gov.in,False,0,0,False
IN,220749,wealthmagic.in,False,1,0,True
IN,220770,wellnessforever.in,False,0,0,True
IN,220815,withteachers.in,False,0,0,True
IN,220983,xxxrapid.in,False,1,0,True
IN,221005,yaleonline.in,True,3,0,True
IN,221012,yashportal.in,False,0,0,True
IN,221025,ymtsindia.in,False,0,0,True
IN,221029,yojnahelp.in,False,0,0,True
IN,221053,ytrishi.in,False,0,0,True
IN,221076,zapcash.in,False,0,0,True
IN,221092,zennx.in,False,0,0,True
IN,221115,zonealpha.in,True,3,2,True
IN,221132,zust4real.in,False,0,0,True
IN,221148,fitt-iitd.in,False,0,0,True
IN,221159,socialsign.in,False,0,0,True
IN,221272,krea.edu.in,False,0,0,True
IN,221470,skycomn.in,False,0,0,True
IN,221500,trailangaswami.in,False,0,0,True
IN,221592,cbrt.co.in,False,0,0,False
IN,221876,poco.in,False,0,0,True
IN,221910,iust.ac.in,False,0,0,True
IN,222244,tcsapps.in,False,0,0,False
IN,222445,inventiva.co.in,False,0,0,True
IN,222663,flixfox.com.in,False,0,0,False
IN,222726,surveyb.in,False,0,0,True
IN,223159,phedharyana.gov.in,False,0,0,False
IN,223404,sportscafe.in,False,0,0,True
IN,223409,gmod.in,False,0,0,False
IN,223465,opencity.in,False,0,0,True
IN,223607,cowin.gov.in,False,0,0,True
IN,223686,glamira.in,True,3,0,True
IN,224013,stockmojo.in,False,0,2,True
IN,224779,hul.co.in,False,0,0,True
IN,224828,btcexam.in,False,0,0,False
IN,224983,csu.co.in,False,0,0,False
IN,224987,bankofindia.co.in,False,0,0,False
IN,225399,chickenroadapp.in,False,0,2,True
IN,225691,site24x7rum.in,False,0,0,False
IN,225929,bgr.in,False,0,0,False
IN,226223,nhb.gov.in,False,0,0,True
IN,226406,exploit.in,False,0,0,True
IN,226506,iitbbs.ac.in,False,0,0,True
IN,226620,jobs2get.in,False,0,0,True
IN,226640,vipshort.in,False,0,0,True
IN,226906,penguin.co.in,False,0,0,True
IN,226942,seawind.co.in,False,0,0,True
IN,227066,iocliras.in,False,0,0,False
IN,227113,freecharge.in,False,1,0,True
IN,227171,ageasy.co.in,False,3,0,True
IN,227186,bayercropscience.in,False,0,0,True
IN,227236,unicornstore.in,True,2,1,True
IN,227413,kiit.ac.in,False,0,0,False
IN,227544,puexam.in,False,0,0,False
IN,227697,mindworks.co.in,False,0,0,True
IN,227833,drush.in,False,0,0,False
IN,227928,ouat.ac.in,False,0,0,False
IN,228192,websites.co.in,True,2,2,True
IN,228396,cartpe.in,False,2,0,True
IN,228558,pegasuswave.in,False,0,0,False
IN,228973,speedtest.net.in,False,0,1,True
IN,229078,hchw.in,False,0,0,False
IN,229116,gelectron.in,False,0,0,True
IN,229757,fossee.in,False,0,0,True
IN,230024,lovexhub.in,False,0,0,True
IN,230033,spigen.in,True,3,1,True
IN,230103,outr.ac.in,False,0,0,True
IN,230182,silveroakuni.ac.in,False,0,0,True
IN,230310,prasarbharati.gov.in,False,0,0,True
IN,230398,godrej.co.in,False,0,0,False
IN,230733,arhandlooms.in,True,3,0,True
IN,230744,assamforestonline.in,False,0,0,False
IN,230745,assamtenders.gov.in,False,0,0,True
IN,230769,b4salary.co.in,False,0,0,False
IN,230773,backdropindia.in,True,3,1,True
IN,230820,besanttechnologies.in,False,0,0,True
IN,230850,bitmesra.co.in,False,0,0,True
IN,230882,brillare.co.in,True,3,1,True
IN,230899,buyhawkins.in,False,0,1,True
IN,230930,celestialperfume.in,True,3,1,True
IN,230931,centacpuducherry.in,False,0,0,True
IN,230934,cgssb.in,False,0,0,True
IN,230935,chandranipearls.in,True,3,2,True
IN,230953,clayco.in,True,3,2,True
IN,230961,cloudpath.in,False,0,0,True
IN,230970,cocoflix.co.in,False,0,2,True
IN,230971,coeruniversity.in,False,0,0,True
IN,230994,cschealth.in,False,0,0,False
IN,230997,csharyana.gov.in,False,0,0,True
IN,231003,d-more.in,True,3,1,True
IN,231020,delhimetrorail.co.in,False,0,0,True
IN,231067,dorabash.in,False,0,0,False
IN,231092,earningmoney.com.in,False,0,0,True
IN,231098,ecc.ac.in,False,0,0,True
IN,231104,ecounselling.nic.in,False,0,0,True
IN,231135,entdata.co.in,False,0,0,True
IN,231192,flnchampionship.in,False,0,0,True
IN,231197,foodiesonly.in,False,0,0,True
IN,231213,fubs.in,True,2,1,True
IN,231250,gbpuat.org.in,False,0,0,True
IN,231271,gift.edu.in,False,0,3,True
IN,231297,gradpartners.in,False,0,0,True
IN,231304,gsrmaths.in,False,0,0,True
IN,231306,gstlogin.in,False,0,0,True
IN,231427,insta-pro3.com.in,False,0,1,True
IN,231429,intip.in,False,0,0,True
IN,231453,jantehobe.in,False,0,0,False
IN,231476,jjmbrain.in,False,0,0,False
IN,231478,jkpsc.nic.in,False,0,0,False
IN,231532,kfdrecruitment.in,False,1,0,True
IN,231534,khelouk.in,False,1,0,True
IN,231566,kvsindia.in,False,0,0,True
IN,231617,lootcampaign.in,False,0,0,True
IN,231624,lottosport.in,True,5,2,True
IN,231747,mmiconnect.in,False,0,0,True
IN,231754,motivationexpress.in,False,0,0,True
IN,231755,mototorque.in,True,3,0,True
IN,231764,mpbse.nic.in,False,0,0,True
IN,231770,mrdiy.co.in,False,0,0,True
IN,231773,msbte.edu.in,False,0,0,True
IN,231775,mucb.in,False,0,0,False
IN,231778,muhs.edu.in,False,0,0,True
IN,231781,munivexam.in,False,0,0,True
IN,231799,n-csc.in,False,0,0,True
IN,231817,narayanenterprise.in,False,1,0,True
IN,231818,naseemperfume.in,True,3,0,True
IN,231837,nfr-recruitment.in,False,0,0,True
IN,231846,niweshniti.in,False,0,0,False
IN,231880,odisharevenueservices.nic.in,False,0,0,True
IN,231904,onlinesujhav.in,False,0,0,True
IN,231981,picsart-apk.com.in,False,0,0,False
IN,231992,playlott.in,False,0,0,False
IN,232019,prathamv2.in,False,0,0,True
IN,232029,procares.in,True,2,1,True
IN,232076,rank1st.in,False,0,0,True
IN,232086,realcraft.gov.in,False,0,0,False
IN,232102,result247.in,False,0,0,True
IN,232107,rocketcash.in,False,0,0,True
IN,232131,safalcap.in,False,0,0,True
IN,232136,sahisarkarijobs.in,False,1,0,True
IN,232148,samil.in,False,0,0,True
IN,232150,sanataniai.in,False,0,2,True
IN,232156,sansfe.in,False,0,0,True
IN,232157,sanskrit.nic.in,False,0,0,False
IN,232167,sattamatkag.in,False,0,0,True
IN,232170,saurashtrauniversity.ac.in,False,0,0,False
IN,232177,scsthub.in,False,0,0,False
IN,232218,shyle.in,True,4,2,True
IN,232223,silicon.ac.in,False,0,0,True
IN,232242,slnbullion.in,False,0,2,True
IN,232281,sportsmechanics.in,False,1,0,True
IN,232286,srmonline.in,False,0,0,True
IN,232301,stockscans.in,False,0,0,True
IN,232312,subhvastra.in,True,3,0,True
IN,232333,sves.org.in,False,0,0,True
IN,232345,tajbattle.in,False,0,0,True
IN,232362,tbo.in,False,0,0,False
IN,232368,techwithpawan.in,False,0,0,True
IN,232371,tedmrs.in,False,0,0,True
IN,232397,tiaradigital.in,False,0,0,False
IN,232404,tjsarees.in,True,2,2,True
IN,232409,tndtegteonline.in,False,0,0,False
IN,232439,trti-maha.in,False,0,0,False
IN,232440,truehopefoundation.in,False,0,0,True
IN,232478,underthehood.co.in,True,11,1,True
IN,232483,universityportal.in,False,0,0,True
IN,232491,updeledexam.in,False,0,0,True
IN,232521,vgn.in,False,0,0,True
IN,232538,vintagewatcholic.in,True,3,1,True
IN,232559,vytron.in,True,3,1,True
IN,232667,zigbs.in,False,0,0,True
IN,232674,zpeed.in,False,0,2,True
IN,233006,chowdhuryfertilizer.in,False,0,0,True
IN,233145,paytmpayments.in,False,0,0,False
IN,233405,phonemore.in,True,2,4,True
IN,233412,schoolerpindia.co.in,False,0,0,True
IN,233564,coastalbroadband.in,False,0,0,False
IN,234281,mostbetz2.in,False,1,0,True
IN,234552,examicmai.in,False,0,0,True
IN,234626,mobilepanti.in,False,0,0,True
IN,234661,punjabiuniversityresult.co.in,False,0,0,True
IN,234707,trolin.in,True,3,2,True
IN,234720,viraanhub.in,False,0,2,True
IN,234787,flossboxin.org.in,False,0,0,True
IN,235050,indiapharmajobs.in,False,0,0,False
IN,235102,sidbi.in,False,0,0,True
IN,235483,ola.in,False,0,0,False
IN,235504,nskmultiservices.in,False,3,0,True
IN,235761,ooma.in,False,0,0,True
IN,235919,atsit.in,False,0,0,True
IN,235977,financialservices.gov.in,False,0,0,True
IN,236178,truenotify.co.in,False,0,0,True
IN,236316,affiliateguru.in,False,0,0,True
IN,236343,allrounderlive.in,False,0,0,True
IN,236518,capcutdl.in,False,0,0,False
IN,236573,credme.in,False,0,1,True
IN,236611,deluxesalon.in,False,0,0,True
IN,236613,deluxsalon.in,False,0,0,True
IN,236617,desi49.ai.in,False,0,0,True
IN,236620,desihub.bihar.in,False,0,0,True
IN,236745,ffindia.in,False,0,2,True
IN,236748,filmefly.in,False,0,0,False
IN,236755,filmshd.in,False,0,0,False
IN,236771,fsiblog5.com.in,False,0,0,True
IN,236957,instas.com.in,False,0,1,True
IN,236993,jceceb.co.in,False,0,0,True
IN,237168,lyricsp.in,False,0,0,False
IN,237195,malharfest.in,False,0,0,True
IN,237211,masa49.pro.in,False,0,0,False
IN,237273,mirrorapp.org.in,False,0,0,True
IN,237279,mmsviral.biz.in,False,0,0,False
IN,237281,mmsviral.tv.in,False,0,0,False
IN,237303,moviespapa.delhi.in,False,0,0,True
IN,237420,oolveri.me.in,False,0,0,True
IN,237547,prabhatsangeet.in,False,0,0,False
IN,237605,rajgnm2026.in,False,0,0,True
IN,237620,recruitonline.in,False,0,0,False
IN,237744,silkprop.in,False,0,0,True
IN,237821,swachhta5050.in,False,0,0,True
IN,237852,tdxflix.me.in,False,0,0,True
IN,237909,tracekart.in,False,0,0,True
IN,237944,uhsrcetadmissions.in,False,0,0,True
IN,237972,vegamoviee.com.in,False,0,0,True
IN,238011,viralkand.post.in,False,0,0,True
IN,238124,yojanamagazine.in,False,0,0,True
IN,238201,mpsone.in,False,0,0,False
IN,238382,besonline.in,False,0,0,True
IN,238815,dotpe.in,False,0,0,True
IN,239219,miko-robot.in,False,0,0,False
IN,239414,hcidhaka.gov.in,False,0,0,True
IN,239466,bennett.edu.in,False,0,0,True
IN,240310,wapking.in,False,0,0,True
IN,240338,nits.ac.in,False,0,0,True
IN,241041,ostrovok.in,False,0,0,False
IN,241178,oscam.in,False,0,0,False
IN,241527,manuu.edu.in,False,0,0,True
IN,241630,dpiit.gov.in,False,0,0,True
IN,242060,overdrive.in,False,0,0,True
IN,242444,kshoppe.in,False,0,0,False
IN,242556,icloudcs.in,False,0,0,True
IN,242720,ians.in,False,0,0,True
IN,242731,bebeautiful.in,True,1,1,True
IN,242789,technomantra.in,False,0,0,True
IN,242932,bhaskarenglish.in,False,0,0,True
IN,243333,iiserb.ac.in,False,0,0,True
IN,243503,britishcouncil.in,False,0,0,True
IN,243715,imdpune.gov.in,False,0,0,False
IN,243887,cup.edu.in,False,0,0,True
IN,243967,narto.in,False,0,0,True
IN,244329,4rapwahere.in,False,0,0,True
IN,244395,iccr.gov.in,False,0,0,False
IN,244765,kappa.net.in,False,0,0,True
IN,244942,metasofsda.in,False,0,0,False
IN,244969,vidyasagar.ac.in,False,0,0,True
IN,245164,digi-electronics.in,False,0,0,False
IN,245232,christsongs.in,False,0,0,True
IN,245241,jeeadv.ac.in,False,0,0,True
IN,245321,bankofmaharashtra.in,False,0,0,False
IN,245898,niite.in,False,0,0,True
IN,245925,jobteck.co.in,False,0,0,False
IN,246341,bhelhyd.co.in,False,0,0,False
IN,246453,pduamtulungia.co.in,False,0,0,True
IN,246878,clientsnow.co.in,False,0,0,True
IN,247084,topcompany.in,False,0,0,True
IN,247097,techlusive.in,False,0,0,True
IN,247266,infobel.in,False,0,0,False
IN,247410,singhania.in,False,0,0,False
IN,247625,rrbcdg.gov.in,False,0,0,False
IN,247921,copyright.gov.in,False,0,0,False
IN,248071,smestreet.in,False,0,0,True
IN,248115,pin-code.org.in,False,0,0,False
IN,248148,eprocure.gov.in,False,0,0,True
IN,248171,nls.ac.in,False,0,0,True
IN,248398,weatheronline.in,False,0,0,True
IN,248417,cpcb.gov.in,False,0,0,True
IN,248438,dei.ac.in,False,0,0,False
IN,248654,centralbankofindia.co.in,False,0,0,True
IN,248761,myjosh.in,False,0,0,True
IN,248781,legrand.co.in,False,1,0,True
IN,248863,ntnindia.co.in,False,0,0,False
IN,249099,yalu.in,False,0,0,True
IN,249310,loopdns.in,False,0,0,True
IN,249746,discoveryplus.in,False,0,0,True
IN,249751,hopbox.in,False,0,0,True
IN,250030,tajmahal.gov.in,False,0,0,True
IN,250149,instrukart.in,False,0,0,False
IN,250406,factly.in,False,0,0,True
IN,250500,zollege.in,False,0,0,False
IN,250535,hs9.in,False,0,0,False
IN,250555,sscsr.gov.in,False,0,0,True
IN,250590,apnaongc.in,False,0,0,False
IN,251115,iitmandi.ac.in,False,0,0,True
IN,251167,newsmeter.in,False,1,0,True
IN,251301,outlive.in,False,0,0,True
IN,251542,casestatus.in,False,0,0,True
IN,252021,aihelp.net.in,False,0,0,True
IN,252258,ux4g.gov.in,False,0,2,True
IN,252548,nestoria.in,False,0,0,False
IN,252748,cet.ac.in,False,0,0,True
IN,252887,pavotvapk.in,False,0,0,True
IN,253390,albony.in,False,0,0,True
IN,253494,lbsnaa.gov.in,False,0,0,True
IN,253714,andaman.gov.in,False,0,0,False
IN,253842,denbroadband.in,False,0,0,False
IN,253951,homes247.in,False,0,0,False
IN,253973,nregastrep.nic.in,False,0,0,False
IN,254006,hahow.in,False,0,0,True
IN,254073,kpwebtech.in,False,0,0,True
IN,254080,hostkey.in,False,0,0,False
IN,254091,csia.in,False,0,0,True
IN,254280,timesinternet.in,False,0,0,True
IN,254494,myra.ac.in,False,0,1,True
IN,254522,ssn.edu.in,False,0,0,False
IN,254582,altnews.in,False,1,0,True
IN,254838,whywe.in,False,0,0,False
IN,255330,inspirisys.co.in,False,0,0,False
IN,255594,activebit.in,False,0,0,True
IN,255681,idbibank.in,False,0,0,False
IN,255838,fatsecret.co.in,False,0,0,True
IN,256076,conferencealerts.in,False,0,0,False
IN,256301,gstcouncil.gov.in,False,0,0,True
IN,256324,punekarnews.in,False,0,0,True
IN,256384,kaya.in,True,2,0,True
IN,256505,bel-india.in,False,0,0,False
IN,256526,maharashtratourism.gov.in,False,1,0,True
IN,256868,orangeinfocom.in,False,0,0,True
IN,257381,univest.in,True,1,3,True
IN,257471,astronauts.com.in,False,0,0,False
IN,257929,iimidr.ac.in,False,0,0,True
IN,257944,soipl.co.in,False,1,0,True
IN,258267,flexicloud.in,False,0,0,True
IN,258675,mkbhavuni.edu.in,False,0,0,True
IN,258754,iob.in,False,0,0,True
IN,258920,nift.ac.in,False,0,0,True
IN,259580,apcp.in,False,0,0,True
IN,260066,tun.in,False,0,0,False
IN,260122,gopkg.in,False,0,0,True
IN,260281,lard.in,False,0,0,False
IN,261247,iiests.ac.in,False,0,0,True
IN,261492,packngo.in,False,1,0,True
IN,261603,isp-host.net.in,False,0,0,False
IN,261671,hazidesaratcollege.ac.in,False,0,0,True
IN,261694,frns.in,False,0,0,True
IN,261717,alserv.in,False,0,0,True
IN,261772,each.co.in,False,0,0,False
IN,261889,stfrancisschool.edu.in,False,0,0,True
IN,261954,thebridge.in,False,2,0,True
IN,262272,realtel.in,False,0,2,True
IN,262675,rgu.ac.in,False,0,0,True
IN,262874,viabtc.in,False,0,0,False
IN,263269,clear.in,False,0,0,True
IN,263375,cept.ac.in,False,0,0,True
IN,263405,indiascienceandtechnology.gov.in,False,0,0,True
IN,264070,warner.co.in,False,0,0,False
IN,264134,g0st.in,False,0,0,False
IN,264594,adonaitechnowares.in,False,0,0,True
IN,264609,kmmcollege.edu.in,False,1,0,True
IN,264693,nitdgp.ac.in,False,0,0,True
IN,264706,e-net.in,False,0,0,True
IN,264810,ahcikhulna.gov.in,False,0,0,True
IN,264838,revos.in,False,0,0,False
IN,265043,overgear.in,False,0,0,False
IN,265131,gail.co.in,False,0,0,False
IN,265235,aboutamazon.in,False,0,0,True
IN,265372,woowa.in,False,0,0,False
IN,265465,cbec.gov.in,False,0,0,False
IN,265509,spinnyworks.in,False,0,0,False
IN,265687,hems.org.in,False,0,0,True
IN,265954,technohacks.in,False,0,0,True
IN,266255,kau.in,False,0,0,False
IN,266320,ceew.in,False,0,0,False
IN,266340,27-tataidc.co.in,False,0,0,False
IN,266353,ncert.gov.in,False,0,0,True
IN,266653,yappe.in,False,0,0,True
IN,266681,mindsanctuary.in,False,0,0,True
IN,266691,tinylink.in,False,0,0,True
IN,266878,pmc.gov.in,False,0,0,True
IN,266954,niscpr.res.in,False,0,0,True
IN,267191,v46wd6uramzkmeeo.in,False,0,0,False
IN,267248,berriz.in,False,1,0,True
IN,267377,iari.res.in,False,0,0,True
IN,267437,weddingz.in,False,0,0,True
IN,267745,growwmf.in,False,1,0,True
IN,267757,ijmdr.in,False,0,0,False
IN,267824,cbic-gst.gov.in,False,0,0,True
IN,268039,v3rm.in,False,0,0,True
IN,268049,thelittleluxurystore.in,False,0,0,True
IN,268083,milesweb.in,True,1,2,True
IN,268189,belltele.in,False,0,0,False
IN,268363,rkmvu.ac.in,False,1,0,True
IN,268973,urchin.in,False,1,0,True
IN,269015,acte.in,False,0,0,True
IN,269533,alphionsee.in,False,0,0,False
IN,269537,lh1.in,False,0,0,True
IN,269636,jsu.edu.in,False,0,0,False
IN,269929,bmctech.co.in,False,0,0,False
IN,269942,karagarga.in,False,0,0,True
IN,270929,stssalumni.co.in,False,1,0,True
IN,271206,zeonet.co.in,False,0,0,True
IN,271692,droom.in,False,1,0,True
IN,271924,dahuaddns.in,False,0,0,False
IN,272083,iiserpune.ac.in,False,0,0,True
IN,272776,orga.in,False,0,0,True
IN,272798,dezerv.in,False,0,0,False
IN,273244,bmctech.in,False,0,0,False
IN,273558,mosdac.gov.in,False,0,0,True
IN,273697,hmel.in,False,0,0,True
IN,273748,digitechniq.in,False,0,0,True
IN,273808,ipu.ac.in,False,0,0,True
IN,273854,icra.in,False,2,0,True
IN,274199,mpgimer.edu.in,False,0,0,True
IN,274431,karmarecycling.in,False,0,0,False
IN,274825,newstodaytamil.in,False,0,0,True
IN,274829,saytechnologies.in,False,0,0,True
IN,274831,nethost.in,False,0,0,True
IN,274927,captnemo.in,False,0,0,True
IN,275159,ndma.gov.in,False,0,0,False
IN,275250,itonlinesecure.in,False,0,0,False
IN,275417,rri.res.in,False,0,0,True
IN,275575,sail.co.in,False,0,0,False
IN,275665,vishvasi.in,False,0,0,False
IN,275957,nalsar.ac.in,False,0,0,True
IN,276387,phoenixcreation.in,False,0,0,True
IN,276420,themomstore.in,True,3,1,True
IN,276780,kissmanga.in,False,0,0,False
IN,276783,ncl.res.in,False,0,0,True
IN,276859,manageserver.in,False,0,0,True
IN,276908,kuk.ac.in,False,0,0,False
IN,277350,hosting.co.in,True,1,2,True
IN,277687,isha.in,False,1,0,True
IN,277796,mzu.edu.in,False,0,0,False
IN,278001,appear.in,False,0,0,False
IN,278450,iiitd.ac.in,False,0,0,False
IN,278470,memetemplates.in,False,0,0,True
IN,278760,momondo.in,False,1,0,True
IN,279125,nearby-petstore.in,False,0,0,False
IN,279129,mylink.co.in,False,0,0,True
IN,279505,zirango.in,False,0,0,False
IN,279531,scobserver.in,False,0,0,True
IN,279831,yenepoya.edu.in,False,0,0,True
IN,280274,cjhosting.in,False,0,0,False
IN,280772,thescmsilk.in,True,2,0,True
IN,280792,cpcl.co.in,False,0,0,False
IN,280825,samco.in,False,1,0,True
IN,280901,groworbit.in,False,0,0,True
IN,281734,akamai.net.in,False,0,0,False
IN,281885,bikedilwado.in,True,3,1,True
IN,282493,dharanisugars.in,False,0,0,False
IN,282686,ttl.in,False,0,0,False
IN,282764,gwave.in,False,0,0,True
IN,282815,rvsoftwares.in,False,0,0,True
IN,282970,minorityaffairs.gov.in,False,0,0,False
IN,283083,vssc.gov.in,False,0,0,True
IN,283167,springworks.in,False,0,0,True
IN,283425,dopt.gov.in,False,0,0,False
IN,283662,jipmer.edu.in,False,0,0,False
IN,283821,aubank.in,False,0,0,False
IN,283874,agtcmuohbt.in,False,0,0,False
IN,284208,xetahost.in,False,0,0,True
IN,284352,itecgoi.in,False,0,0,True
IN,284628,shoptheworld.in,False,0,0,False
IN,284800,cochinport.gov.in,False,0,0,False
IN,285248,jims.in,False,0,0,True
IN,285263,airdesign.in,False,0,0,True
IN,285790,zionrubbers.co.in,False,0,1,True
IN,285927,driv.in,False,0,0,True
IN,286307,positivenews24.in,False,0,0,True
IN,286465,serverbasket.net.in,False,0,0,True
IN,286492,desertpearl.in,False,0,1,True
IN,286499,listenfree.in,False,0,0,True
IN,286580,hssc.gov.in,False,0,0,True
IN,287151,marianicollege.org.in,False,0,0,False
IN,287223,bizanalyst.in,False,0,0,True
IN,287562,growwlite.in,False,0,0,True
IN,287601,expresshealthcare.in,False,0,0,True
IN,287833,informindia.co.in,False,0,0,False
IN,287905,sac.gov.in,False,1,0,True
IN,288063,manit.ac.in,False,0,0,False
IN,288193,mn.gov.in,False,0,0,False
IN,288223,municipaladmn.gov.in,False,0,0,False
IN,288235,ziprecruiter.in,False,0,0,False
IN,288288,techcircle.in,False,0,0,True
IN,288633,motion.ac.in,False,0,0,True
IN,288745,twistytails.in,False,0,0,True
IN,288766,site24x7.in,False,0,1,True
IN,288957,svetacdn.in,False,0,0,False
IN,289261,socialism.in,False,0,0,True
IN,289946,tennews.in,False,0,0,True
IN,290108,diginame.in,False,2,0,True
IN,290170,hdkyl.in,False,0,0,False
IN,290224,asiatech.in,False,0,0,False
IN,290230,voog.in,False,0,0,False
IN,290638,youdial.in,False,0,0,False
IN,290979,bdns.in,False,0,0,False
IN,291087,itsdev.in,False,0,0,False
IN,291158,parksmart.in,False,0,1,True
IN,291749,unigoa.ac.in,False,0,0,True
IN,291933,cci.gov.in,False,0,0,True
IN,291995,docgenie.in,False,0,0,True
IN,292428,indiacsr.in,False,0,0,True
IN,292453,tuitionhub.co.in,False,0,0,False
IN,292512,cyberin.in,False,1,0,True
IN,293108,morth.gov.in,False,0,0,True
IN,293111,communicationstoday.co.in,False,0,0,True
IN,293163,ukrdns.net.in,False,0,0,False
IN,293519,gmcsurat.edu.in,False,0,0,False
IN,293691,breezy.co.in,False,1,0,True
IN,293700,ahcisylhet.gov.in,False,0,0,False
IN,293848,evnts.in,False,0,0,False
IN,294044,aipldevelopersgurgaon.in,False,0,0,False
IN,294059,iffcotokio.co.in,False,0,1,True
IN,294442,machinerypark.in,False,0,0,True
IN,294524,sharptechmediasynergy.in,False,0,0,False
IN,295000,bokeplot.in,False,0,0,True
IN,295277,rutor.org.in,False,0,0,True
IN,295570,graduateme.in,False,0,0,True
IN,295980,istrac.gov.in,False,0,0,True
IN,296051,sndt.ac.in,False,0,0,True
IN,296289,pin-up-win.in,False,0,0,True
IN,296360,credcdn.in,False,0,0,False
IN,296463,cobrasoftwares.in,False,0,0,True
IN,296876,previsionworld.in,False,0,0,True
IN,296941,rlsbb.in,False,0,0,True
IN,296993,nhp.gov.in,False,0,0,False
IN,297276,insight.gov.in,False,0,0,False
IN,297302,jainuniversity.ac.in,False,0,0,True
IN,297364,sanghviecocity.in,False,0,0,False
IN,297472,delhitourism.gov.in,False,0,0,True
IN,297528,todayworldnews.in,False,0,0,False
IN,297628,redf.in,False,0,0,True
IN,297730,inspiringtech.in,False,0,0,False
IN,297850,gsi.gov.in,False,0,0,True
IN,298079,abcconsultants.in,False,0,0,False
IN,298162,swayamprabha.gov.in,False,0,0,False
IN,298642,filesdl.in,False,0,0,True
IN,298726,dialnumber.in,False,0,0,True
IN,298850,praction.in,False,1,0,True
IN,299205,alagappauniversity.ac.in,False,0,0,True
IN,299512,mexc.in,False,2,0,True
IN,299529,go4hosting.in,False,0,0,True
IN,299537,miraeassetmf.co.in,False,1,0,True
IN,299544,itiltd.in,False,0,0,True
IN,299704,94i.in,False,0,0,True
IN,299894,scholarshipsathi.in,False,0,0,False
IN,300178,nii.ac.in,False,0,0,False
IN,300208,onlinemantra.in,True,2,2,True
IN,300236,deltasoftsys.in,False,0,0,True
IN,300590,infa.in,False,0,0,False
IN,300652,l2c2.co.in,False,0,0,True
IN,301016,hostliger.in,False,0,0,False
IN,301025,iift.ac.in,False,0,0,True
IN,301265,eimssoftware.in,False,0,0,False
IN,301666,casinosik.in,False,0,0,True
IN,301722,jarcasting.in,False,0,0,False
IN,301935,trends24.in,False,1,0,True
IN,302425,happybay.in,False,0,0,False
IN,302484,ladakh.gov.in,False,0,0,True
IN,302685,manage.gov.in,False,0,0,True
IN,302745,layboard.in,False,0,0,True
IN,303265,indiandefensenews.in,False,0,0,True
IN,303302,csasmartpay.co.in,False,0,0,True
IN,303498,trawell.in,False,0,0,True
IN,303675,northeasttoday.in,False,0,0,True
IN,303786,originalstuff.in,False,0,0,True
IN,304270,cloudlinuxshare.in,False,0,0,False
IN,304421,dpu.edu.in,False,0,0,True
IN,304607,wnet.net.in,False,1,0,True
IN,304813,navhindtimes.in,False,0,0,False
IN,305139,gurukulinstitution.in,False,0,0,False
IN,305150,registerkaro.in,False,0,0,False
IN,305269,chemicalbook.in,False,0,0,True
IN,305501,ethnicplus.in,True,3,0,True
IN,305707,anonet.in,False,1,0,True
IN,305767,hasteb.in,False,0,0,False
IN,305907,ahduni.edu.in,False,0,0,False
IN,306208,coderplace.in,False,0,0,False
IN,306650,skokka.co.in,False,0,0,False
IN,306743,telexair.in,False,0,0,True
IN,307082,icewireless.co.in,False,0,0,True
IN,307208,eworld.co.in,False,1,0,True
IN,307271,spiderlink.in,False,0,0,True
IN,307373,globalservers.in,False,0,0,True
IN,307421,aatmmnthn.in,False,0,0,True
IN,307485,razorpay.in,False,0,0,False
IN,307740,inc.in,False,0,0,True
IN,307888,dl6.in,False,0,0,False
IN,308124,iimps.edu.in,False,0,0,False
IN,308154,filmyzilla45.in,False,0,0,False
IN,308157,gebyarlorentia.cn.in,False,0,0,True
IN,308307,cybex.in,False,0,0,False
IN,308585,inspex.in,False,0,0,True
IN,308771,click.in,False,0,0,False
IN,309127,allincall.in,False,0,0,False
IN,309366,amns.in,False,0,1,True
IN,309550,codetools.in,False,0,0,False
IN,309791,webkul.in,False,0,0,False
IN,309798,mudra.org.in,False,0,0,False
IN,310591,poojahosting.co.in,False,0,0,True
IN,311009,keyura.in,False,3,0,True
IN,311067,amazonpay.in,False,1,0,True
IN,311198,crto.in,False,0,0,False
IN,311213,iitdh.ac.in,False,0,0,True
IN,311344,iask.in,False,0,0,False
IN,311404,cochinshipyard.in,False,0,0,True
IN,311586,the420.in,False,0,0,True
IN,311887,ndml.in,False,0,0,True
IN,311927,epoojastore.in,False,3,0,True
IN,311991,smu.edu.in,False,0,0,True
IN,312192,currentscience.ac.in,False,0,0,False
IN,312215,bdu.ac.in,False,0,0,False
IN,312230,greentribunal.gov.in,False,0,0,True
IN,312605,filesure.in,False,0,0,True
IN,312666,ifndigitalmarketing.in,False,1,0,True
IN,313096,harikyu.in,False,0,0,False
IN,313181,citizenmatters.in,False,0,0,True
IN,313543,pluxee.in,False,0,0,True
IN,313622,vitsdpr.ac.in,False,0,0,False
IN,313887,nisharindia.in,False,0,0,True
IN,313976,taxscan.in,False,0,0,True
IN,314367,trustedhosting.in,True,1,1,True
IN,314399,acmodasi.in,False,0,0,True
IN,314514,swiggy.in,False,0,0,False
IN,314609,niser.ac.in,False,0,0,True
IN,314819,iitbhilai.ac.in,False,0,0,False
IN,315455,zidi.in,False,0,0,False
IN,315528,mnnit.ac.in,False,0,0,True
IN,315538,cutm.ac.in,False,0,0,True
IN,315621,nidm.gov.in,False,0,0,True
IN,315726,cmi.ac.in,False,0,0,True
IN,315904,intel.in,False,0,0,True
IN,316043,gatewayhouse.in,False,0,0,False
IN,316654,tankbillig.in,False,0,0,True
IN,317113,blss.in,False,0,0,True
IN,317189,rpmcollege.edu.in,False,0,0,True
IN,317522,ikino.in,False,0,0,True
IN,317542,elections.in,False,0,0,True
IN,317582,4site.in,False,0,0,True
IN,317855,indianahospital.in,False,0,0,True
IN,317871,iitpkd.ac.in,False,0,0,True
IN,318375,buyyoutubesubscribers.in,False,2,0,True
IN,318533,wintro.in,False,0,0,True
IN,318546,iimcat.ac.in,False,0,0,True
IN,318639,stjosephschool.co.in,False,0,0,True
IN,318803,cfslchandigarh.gov.in,False,0,0,False
IN,318944,getshort.in,False,0,0,True
IN,319066,slicepay.in,False,0,0,True
IN,319077,amrita.ac.in,False,0,0,False
IN,319209,tesla.co.in,False,0,0,False
IN,319588,ecmpcb.in,False,0,0,True
IN,319596,youtube.in,False,0,0,True
IN,319649,flexype.in,False,1,0,True
IN,320362,777score.in,False,2,0,True
IN,320419,pramesh.in,False,0,0,False
IN,320915,sundaramhome.in,False,0,0,True
IN,321008,doe.gov.in,False,0,0,True
IN,321039,fairplayx.in,False,0,0,False
IN,321854,hostdns.net.in,False,0,0,True
IN,322077,iobroker.in,False,0,0,False
IN,322308,camnext.in,False,3,0,True
IN,322310,ignca.gov.in,False,1,0,True
IN,322388,hcisingapore.gov.in,False,0,0,False
IN,322425,zucai.in,False,0,0,False
IN,322434,bajajbroking.in,True,1,2,True
IN,322610,gerak.in,False,0,0,True
IN,322710,kaspersky.co.in,False,0,1,True
IN,323021,streamready.in,False,0,0,False
IN,323076,sechub.in,False,0,0,True
IN,323159,thinvent.in,False,1,0,True
IN,323413,jainam.in,False,1,0,True
IN,323502,yocoolnet.in,False,0,0,False
IN,323529,busybrain.in,False,0,0,False
IN,323699,trophykart.in,False,0,0,False
IN,323711,itvoice.in,False,1,0,True
IN,323760,aol.in,False,0,0,True
IN,324433,dertz.in,False,0,0,True
IN,324512,estointernet.in,False,0,0,False
IN,324637,theceo.in,False,0,0,True
IN,324765,arunachaltimes.in,False,0,0,True
IN,325035,jiofinance.in,False,0,2,True
IN,325082,mypoojabox.in,True,3,1,True
IN,325355,howtosay.co.in,False,0,0,True
IN,325685,kvs.ac.in,False,0,0,False
IN,325886,lightroommodapks.com.in,False,0,0,True
IN,325900,citybusinesspages.in,False,0,0,False
IN,325976,websiteoffers.co.in,False,0,0,False
IN,326334,allinone.co.in,False,0,0,True
IN,326938,nitte.edu.in,False,0,0,True
IN,327012,sask.co.in,False,0,0,False
IN,327252,sonatech.ac.in,False,0,0,False
IN,327302,cbi.gov.in,False,0,0,False
IN,327349,icfre.gov.in,False,0,0,True
IN,327802,mangalayatan.in,False,0,0,True
IN,327895,idbf.in,False,0,0,True
IN,328125,domainservers.co.in,False,0,0,True
IN,328322,hostnetwork.in,False,0,0,True
IN,328352,p3d.in,False,0,0,True
IN,328855,dotnetwebs.in,True,1,2,True
IN,328887,myfinal11.in,False,1,0,True
IN,328901,red-baron.in,False,0,0,False
IN,329279,avxhm.in,False,0,0,True
IN,329397,dharitriepaper.in,False,0,0,True
IN,329566,legalentityidentifier.in,False,0,0,True
IN,329638,cocloud.in,False,0,0,True
IN,329750,storeking.in,True,2,2,True
IN,330054,dbtech.in,False,0,0,True
IN,330128,dgt.gov.in,False,0,0,True
IN,330182,socialjustice.gov.in,False,0,0,True
IN,330287,sentrynet.in,False,0,0,True
IN,330520,myglobalhost.in,True,2,2,True
IN,330727,k7w.in,False,0,0,False
IN,331076,iisertvm.ac.in,False,0,0,True
IN,331122,mayatech.in,False,0,0,True
IN,331347,fibe.in,False,0,1,True
IN,331449,trustedpartner.in,False,0,0,False
IN,331495,iimps.in,False,0,0,True
IN,331765,tiss.ac.in,False,0,0,False
IN,331954,testpress.in,False,1,0,True
IN,332344,nbu.ac.in,False,0,0,True
IN,332360,shankhnaad.in,False,0,0,True
IN,332528,dtemaharashtra.gov.in,False,0,0,False
IN,332675,motherdns.in,False,0,0,True
IN,333184,splashfragrance.in,True,4,1,True
IN,333396,scapeart.co.in,False,3,0,True
IN,333537,greenalerts.in,False,0,0,True
IN,333569,aknu.edu.in,False,0,0,True
IN,334224,iafpensioners.gov.in,False,0,0,False
EU,47,youtu.be,False,0,0,True
EU,103,actify.nl,False,0,0,True
EU,156,iiko.it,False,0,0,False
EU,206,t-online.de,False,1,0,True
EU,277,mobile.de,False,0,0,True
EU,399,gandi-ns.fr,False,0,0,False
EU,402,amazon.de,False,1,0,True
EU,528,google.de,False,0,0,True
EU,572,free.fr,False,1,0,True
EU,630,amazon.fr,False,2,0,True
EU,643,doctolib.fr,False,0,0,False
EU,705,lemonde.fr,False,1,0,True
EU,721,amazon.es,False,1,0,True
EU,742,amazon.it,False,2,0,True
EU,771,bild.de,False,0,0,True
EU,780,ddnss.de,False,0,0,True
EU,800,welt.de,False,1,0,True
EU,828,lefigaro.fr,False,1,0,True
EU,871,ebay.de,False,0,0,False
EU,892,focus.de,False,0,0,True
EU,893,kleinanzeigen.de,False,1,0,True
EU,963,otto.de,False,2,0,True
EU,965,repubblica.it,False,0,0,True
EU,970,corriere.it,False,0,0,True
EU,996,elmundo.es,False,2,0,True
EU,1036,bund.de,False,0,0,True
EU,1053,orange.fr,False,0,0,True
EU,1054,n-tv.de,False,1,0,True
EU,1064,ouest-france.fr,False,2,0,True
EU,1105,google.fr,False,0,0,True
EU,1128,aftonbladet.se,False,0,0,True
EU,1129,wetteronline.de,False,0,0,True
EU,1178,ad.nl,False,0,0,True
EU,1192,nu.nl,False,0,0,True
EU,1202,leboncoin.fr,False,0,0,False
EU,1213,lequipe.fr,False,0,0,True
EU,1227,marktplaats.nl,False,0,0,True
EU,1241,gazzetta.it,False,1,0,True
EU,1257,hln.be,False,0,0,True
EU,1283,ladepeche.fr,False,2,0,True
EU,1285,vinted.fr,False,1,0,True
EU,1304,actu.fr,False,0,0,True
EU,1306,your-server.de,False,0,0,False
EU,1315,ilfattoquotidiano.it,False,1,0,True
EU,1363,sport.es,False,0,0,False
EU,1367,subito.it,False,0,0,True
EU,1377,leroymerlin.fr,False,0,0,False
EU,1407,idealista.it,False,0,0,False
EU,1408,merkur.de,False,0,0,True
EU,1414,ilmeteo.it,False,1,0,True
EU,1425,inps.it,False,1,0,True
EU,1440,toyhou.se,False,0,0,False
EU,1484,markt.de,False,0,0,True
EU,1503,xvideos.es,False,0,0,True
EU,1505,leroymerlin.es,False,0,0,False
EU,1506,com.be,False,0,0,False
EU,1509,xnxx.es,False,0,0,True
EU,1516,immobiliare.it,False,0,0,False
EU,1528,joyclub.de,False,0,0,True
EU,1572,meteociel.fr,False,1,0,True
EU,1585,ladies.de,False,0,0,True
EU,1593,google.nl,False,0,0,True
EU,1645,google.it,False,0,0,True
EU,1660,flashscore.fr,False,3,0,True
EU,1737,annunci69.it,False,0,0,False
EU,1807,loopia.se,False,0,0,True
EU,1826,spiegel.de,False,1,0,True
EU,1832,eltiempo.es,False,0,0,True
EU,1847,google.es,False,0,0,True
EU,1863,diretta.it,False,2,0,True
EU,1877,tube8.fr,False,0,0,True
EU,1960,rzone.de,False,0,0,False
EU,2131,transip.nl,False,3,0,True
EU,2185,redd.it,False,0,0,True
EU,2263,geoedge.be,False,0,0,False
EU,2284,webgo.de,False,2,0,True
EU,2289,ionos.de,False,4,0,True
EU,2389,libero.it,False,0,0,True
EU,2392,shorturl.at,False,0,0,False
EU,2394,sfr.fr,False,3,0,True
EU,2416,mpg.de,False,0,0,True
EU,2454,strato.de,False,2,0,True
EU,2455,admatic.de,False,0,0,True
EU,2495,web.de,False,0,0,True
EU,2558,ioam.de,False,0,0,True
EU,2586,zeit.de,False,0,0,False
EU,2625,ccc.de,False,0,0,True
EU,2673,cnil.fr,False,0,0,True
EU,2694,heise.de,False,0,3,True
EU,2840,sueddeutsche.de,False,1,0,True
EU,2844,freenet.de,False,3,0,True
EU,2877,second-ns.de,False,0,0,False
EU,2890,skycdn.it,False,0,0,False
EU,2901,univie.ac.at,False,0,0,True
EU,2905,register.it,False,1,0,True
EU,2946,rtve.es,False,1,0,True
EU,2956,check24.de,False,0,0,True
EU,2963,curl.se,False,0,0,True
EU,2991,telenet.be,False,2,0,True
EU,3021,haxx.se,False,0,0,True
EU,3066,joyn.de,False,0,0,True
EU,3092,leparisien.fr,False,0,0,False
EU,3103,idealo.de,False,0,0,True
EU,3117,tagesschau.de,False,0,0,True
EU,3128,google.at,False,0,0,True
EU,3133,cnrs.fr,False,1,0,True
EU,3146,chip.de,False,0,0,True
EU,3170,google.be,False,0,0,True
EU,3185,kahoot.it,False,0,0,True
EU,3219,ziggo.nl,False,1,0,True
EU,3266,franceinfo.fr,False,2,0,True
EU,3342,tagesspiegel.de,False,2,0,True
EU,3371,e-recht24.de,False,0,0,True
EU,3391,google.se,False,0,0,True
EU,3392,zdf.de,False,0,0,True
EU,3396,tfkc.de,False,0,0,False
EU,3425,your-storageshare.de,False,0,0,True
EU,3429,bahn.de,False,0,0,True
EU,3435,orf.at,False,0,0,True
EU,3468,wdr.de,False,0,0,True
EU,3492,ansa.it,False,1,0,True
EU,3493,gesetze-im-internet.de,False,0,0,True
EU,3507,nos.nl,False,1,0,True
EU,3512,abc.es,False,1,0,True
EU,3521,ndr.de,False,0,0,True
EU,3533,amazon.nl,False,2,0,True
EU,3547,fraunhofer.de,False,0,0,True
EU,3554,wanadoo.fr,False,0,0,True
EU,3570,br.de,False,0,0,True
EU,3585,ec-lyon.fr,False,0,0,True
EU,3605,zxcs.nl,False,0,0,False
EU,3643,dhl.de,False,0,0,True
EU,3650,telefonica.de,False,0,0,True
EU,3671,elster.de,False,0,0,True
EU,3676,ardmediathek.de,False,0,0,True
EU,3696,adscale.de,False,0,0,True
EU,3700,arbeitsagentur.de,False,0,0,True
EU,3720,immobilienscout24.de,False,0,0,False
EU,3723,proximus.be,False,0,0,True
EU,3731,cnr.it,False,0,0,True
EU,3829,rte.ie,False,0,0,True
EU,3868,amazon.se,False,1,0,True
EU,3872,weborama.fr,False,0,0,True
EU,3902,nlnetlabs.nl,False,0,1,True
EU,3912,tum.de,False,1,0,True
EU,3921,rwth-aachen.de,False,0,0,True
EU,3928,t-mobile.at,False,3,0,True
EU,3930,bayern.de,False,0,0,True
EU,3933,stern.de,False,1,0,True
EU,3942,nrw.de,False,0,0,False
EU,3951,google.ie,False,0,0,True
EU,3988,rfi.fr,False,0,0,True
EU,4001,aepd.es,False,0,0,True
EU,4028,1und1.de,False,2,0,True
EU,4029,caissedesdepots.fr,False,0,0,True
EU,4033,goethe.de,False,0,0,False
EU,4094,aruba.it,False,1,0,True
EU,4161,kicker.de,False,0,0,False
EU,4168,hessen.de,False,0,0,True
EU,4183,cwi.nl,False,0,0,True
EU,4184,swr.de,False,1,0,True
EU,4187,independent.ie,False,0,0,False
EU,4205,dns.nl,False,0,0,False
EU,4228,derstandard.at,False,1,0,True
EU,4244,zalando.de,True,6,1,True
EU,4249,telenor.se,False,1,0,True
EU,4253,radiofrance.fr,False,0,0,True
EU,4298,uu.nl,False,0,0,True
EU,4300,cloud86.nl,False,0,0,True
EU,4318,uni-heidelberg.de,False,0,0,True
EU,4325,20minutos.es,False,0,0,True
EU,4328,poste.it,True,1,1,True
EU,4341,ebay.it,False,0,0,False
EU,4348,pin.it,False,0,0,True
EU,4363,mdr.de,False,1,0,True
EU,4369,sky.it,False,0,0,True
EU,4391,rtl.de,False,0,0,True
EU,4397,20minutes.fr,False,1,0,True
EU,4421,eldiario.es,False,1,0,True
EU,4433,boe.es,False,0,0,True
EU,4518,lastampa.it,False,1,0,True
EU,4525,skynet.be,False,0,0,True
EU,4538,justpaste.it,False,0,0,True
EU,4543,hosteurope.de,False,0,0,True
EU,4564,siemens.de,True,1,1,True
EU,4577,dfn.de,False,0,0,True
EU,4587,udag.de,False,0,0,False
EU,4597,bnf.fr,False,0,0,True
EU,4650,fu-berlin.de,False,0,0,True
EU,4687,ameli.fr,False,0,0,False
EU,4689,dns.it,False,0,0,False
EU,4707,alice.it,False,0,0,False
EU,4710,blogspot.de,False,0,0,True
EU,4730,caiway.nl,False,0,0,False
EU,4769,telegraaf.nl,False,0,0,False
EU,4785,telekom.de,False,3,0,True
EU,4807,liberation.fr,False,0,0,False
EU,4829,service-public.fr,False,0,0,True
EU,4865,vrt.be,False,1,0,True
EU,4958,eleconomista.es,False,0,0,True
EU,4970,vinted.de,False,1,0,True
EU,4996,tripadvisor.fr,False,0,0,False
EU,5008,kuleuven.be,False,0,0,True
EU,5040,laposte.fr,False,4,0,True
EU,5041,juntadeandalucia.es,False,0,0,True
EU,5061,kaufland.de,False,0,0,False
EU,5074,nic.de,False,0,0,True
EU,5088,krone.at,False,1,0,True
EU,5098,ebay.fr,False,0,0,False
EU,5111,goneo.de,False,0,1,True
EU,5130,mediaset.it,False,0,0,True
EU,5137,berlin.de,False,0,0,True
EU,5147,lesechos.fr,False,0,0,True
EU,5185,legifrance.gouv.fr,False,0,0,False
EU,5197,expressen.se,False,0,0,True
EU,5205,elcorteingles.es,False,4,0,True
EU,5242,allocine.fr,False,0,0,True
EU,5253,fr.de,False,0,0,True
EU,5265,larazon.es,False,0,0,True
EU,5280,tripadvisor.es,False,0,0,False
EU,5288,uni-erlangen.de,False,0,0,True
EU,5316,willhaben.at,False,0,0,True
EU,5323,vodafone-ip.de,False,0,0,False
EU,5349,rainews.it,False,0,0,True
EU,5374,thalia.de,False,0,0,False
EU,5376,lesoir.be,False,0,0,True
EU,5390,sudouest.fr,False,2,0,True
EU,5405,vanityfair.it,False,0,1,True
EU,5421,vodafone.de,False,2,0,True
EU,5426,tripadvisor.it,False,0,0,False
EU,5486,fotocasa.es,False,0,0,True
EU,5488,volkswagen.de,False,0,0,True
EU,5503,hu-berlin.de,False,0,0,True
EU,5507,rtl.fr,False,0,0,True
EU,5516,csic.es,False,0,0,True
EU,5521,netnod.se,False,0,0,True
EU,5535,pagesjaunes.fr,False,0,0,False
EU,5543,uni-hamburg.de,False,0,0,True
EU,5551,immowelt.de,False,0,0,False
EU,5552,dn.se,False,0,0,True
EU,5574,hostnet.nl,True,1,1,True
EU,5583,xs4all.nl,False,0,0,True
EU,5587,amazon.ie,False,2,0,True
EU,5602,adac.de,False,0,0,True
EU,5608,paris.fr,False,2,0,True
EU,5612,francetvinfo.fr,False,2,0,True
EU,5623,tudelft.nl,False,0,0,True
EU,5633,unibo.it,False,1,0,True
EU,5639,credit-agricole.fr,False,1,0,True
EU,5640,autoscout24.de,False,0,0,True
EU,5652,vinted.it,False,1,0,True
EU,5701,rtl.nl,False,0,0,True
EU,5710,lu.se,False,0,0,True
EU,5718,agenziaentrate.gov.it,False,0,0,True
EU,5740,vinted.es,False,1,0,True
EU,5749,uni-muenchen.de,False,0,0,True
EU,5773,bfv.de,False,0,0,True
EU,5788,axc.nl,False,0,0,False
EU,5790,inria.fr,False,0,0,True
EU,5816,blogspot.com.es,False,0,0,True
EU,5817,mediamarkt.de,False,0,0,False
EU,5825,ici.fr,False,2,0,True
EU,5831,uni-bonn.de,False,0,0,True
EU,5836,ilmessaggero.it,False,2,0,True
EU,5840,garanteprivacy.it,False,0,0,True
EU,5858,meinbezirk.at,False,0,0,True
EU,5880,uva.nl,False,0,0,True
EU,5887,nic.fr,False,0,0,True
EU,5899,nieuwsblad.be,False,0,0,False
EU,5907,buienradar.nl,False,0,0,True
EU,5910,belgium.be,False,0,0,True
EU,5919,netcologne.de,False,0,0,True
EU,5929,juris.de,False,0,0,False
EU,5954,blogspot.fr,False,0,0,True
EU,5971,nobearshosting.nl,False,0,0,False
EU,5993,uni-koeln.de,False,0,0,True
EU,5997,giga.de,False,0,0,True
EU,6018,aemet.es,False,0,0,True
EU,6038,lavozdegalicia.es,False,1,0,True
EU,6057,trevenque.es,False,0,0,True
EU,6067,tim.it,False,2,0,True
EU,6076,tf1info.fr,False,1,0,True
EU,6085,louvre.fr,False,1,0,True
EU,6099,rug.nl,False,0,0,True
EU,6100,blocket.se,False,0,0,True
EU,6103,rtbf.be,False,0,0,True
EU,6112,uni-frankfurt.de,False,0,0,True
EU,6117,carrefour.fr,False,0,0,False
EU,6124,caf.fr,False,0,0,True
EU,6149,bundestag.de,False,0,0,True
EU,6177,administracionelectronica.gob.es,False,0,0,True
EU,6181,raiplay.it,False,0,0,True
EU,6190,uni-tuebingen.de,False,0,0,True
EU,6194,spdns.de,False,0,0,True
EU,6219,lavoixdunord.fr,False,0,0,True
EU,6230,letelegramme.fr,False,0,0,True
EU,6234,chefkoch.de,False,1,0,True
EU,6247,svt.se,False,0,0,True
EU,6258,interno.gov.it,False,0,0,True
EU,6269,orange.es,True,2,1,True
EU,6297,obi.de,False,0,0,False
EU,6313,fanpage.it,False,0,0,True
EU,6326,ilpost.it,False,1,0,True
EU,6330,sport1.de,False,2,0,True
EU,6345,ilgiornale.it,False,0,0,True
EU,6350,nirvam.it,False,0,0,True
EU,6386,funda.nl,False,0,0,True
EU,6443,telecinco.es,False,0,0,True
EU,6447,telecomitalia.it,False,0,0,False
EU,6456,leprogres.fr,False,1,0,True
EU,6466,ui-dns.de,False,0,0,False
EU,6468,dhnet.be,False,1,0,True
EU,6499,decathlon.fr,False,0,0,False
EU,6501,ugent.be,False,0,0,True
EU,6532,midilibre.fr,False,1,0,True
EU,6536,europapress.es,False,0,0,True
EU,6555,lidl.de,False,3,0,True
EU,6562,mobilevikings.be,False,1,0,True
EU,6616,uni-stuttgart.de,False,0,0,True
EU,6652,utwente.nl,False,0,0,True
EU,6657,dm.de,False,1,0,True
EU,6663,tue.nl,False,0,0,True
EU,6690,hitta.se,False,0,0,True
EU,6727,meandyourmamahavesomethingincommon.de,False,0,0,False
EU,6739,rp-online.de,False,0,0,True
EU,6743,rae.es,False,0,0,False
EU,6745,di.se,False,0,0,True
EU,6755,uu.se,False,0,0,True
EU,6758,heute.at,False,0,0,True
EU,6762,heraldo.es,False,2,0,True
EU,6770,kth.se,False,0,0,True
EU,6772,2dehands.be,False,1,0,True
EU,6774,carrefour.es,False,0,0,False
EU,6780,sudinfo.be,False,2,0,True
EU,6782,sportschau.de,False,1,0,True
EU,6796,esteri.it,False,0,0,True
EU,6797,bergfex.at,False,0,0,False
EU,6825,vsrv6.nl,False,0,0,False
EU,6838,tu-dresden.de,False,0,0,True
EU,6851,cnews.fr,False,0,0,False
EU,6892,lanouvellerepublique.fr,False,0,0,False
EU,6896,niedersachsen.de,False,0,0,True
EU,6912,trovaprezzi.it,False,0,0,False
EU,6914,uni-kiel.de,False,0,0,True
EU,6922,tvspielfilm.de,False,0,0,False
EU,6933,gelderlander.nl,False,0,0,True
EU,6940,nrc.nl,False,0,0,True
EU,6954,uni-goettingen.de,False,0,0,True
EU,6961,zalando.fr,True,7,1,True
EU,6974,t-ipconnect.de,False,0,0,False
EU,6978,tf1.fr,False,0,0,True
EU,6996,allianz.de,False,0,0,False
EU,6998,liu.se,False,0,0,True
EU,7025,schwaebische.de,False,0,0,True
EU,7048,tchibo.de,False,3,0,True
EU,7061,gamestar.de,False,0,0,False
EU,7080,poliziadistato.it,False,0,0,True
EU,7086,vu.nl,False,0,0,True
EU,7099,comdirect.de,False,0,0,False
EU,7110,ucm.es,False,1,0,True
EU,7114,unirioja.es,False,0,0,True
EU,7156,tag24.de,False,1,0,True
EU,7160,tcd.ie,False,0,0,True
EU,7174,gala.de,False,0,0,True
EU,7207,fussball.de,False,0,0,True
EU,7229,nordkurier.de,False,0,0,True
EU,7250,rijksoverheid.nl,False,0,0,True
EU,7251,domaintechnik.at,False,1,0,True
EU,7255,hornbach.de,False,0,0,False
EU,7280,bundesregierung.de,False,0,0,True
EU,7300,ors.at,False,0,0,False
EU,7314,auchan.fr,True,3,1,True
EU,7319,kino.de,False,0,0,True
EU,7324,united-domains.de,False,2,0,True
EU,7348,bbox.fr,False,2,0,True
EU,7354,virgilio.it,False,0,0,True
EU,7378,ilrestodelcarlino.it,False,1,0,True
EU,7393,your-storagebox.de,False,0,0,True
EU,7403,autoscout24.it,False,0,0,True
EU,7425,filmstarts.de,False,0,0,True
EU,7426,giallozafferano.it,False,0,0,True
EU,7430,eurosport.fr,False,0,0,True
EU,7444,destentor.nl,False,0,0,True
EU,7453,lanazione.it,False,1,0,True
EU,7465,lindependant.fr,False,1,0,True
EU,7476,presseportal.de,False,0,0,True
EU,7481,creditmutuel.fr,False,0,0,True
EU,7492,uni-freiburg.de,False,0,0,True
EU,7545,borsaitaliana.it,False,0,0,True
EU,7567,hemnet.se,False,0,0,False
EU,7569,taz.de,False,0,0,True
EU,7589,ilmattino.it,False,1,0,True
EU,7603,sport.de,False,1,0,True
EU,7632,su.se,False,0,0,True
EU,7634,decathlon.es,False,0,0,False
EU,7650,destatis.de,False,0,0,True
EU,7672,mailin.fr,False,0,0,True
EU,7695,zalando.nl,True,6,1,True
EU,7718,atg.se,False,0,0,True
EU,7722,but.fr,False,2,0,True
EU,7729,sisal.it,False,0,0,True
EU,7745,labanquepostale.fr,False,1,0,True
EU,7788,chronopost.fr,False,0,0,False
EU,7796,gala.fr,False,0,0,True
EU,7797,decathlon.de,False,0,0,False
EU,7807,sporza.be,False,1,0,True
EU,7820,pornpics.de,False,0,0,True
EU,7826,easybell.de,False,0,0,True
EU,7836,scoop.it,False,0,0,True
EU,7856,immoweb.be,False,0,0,True
EU,7864,snai.it,False,1,0,True
EU,7879,volkskrant.nl,False,0,0,True
EU,7917,fdj.fr,False,0,0,False
EU,7972,flexwebhosting.nl,False,1,0,True
EU,7976,zalando.it,True,6,1,True
EU,8005,decathlon.it,False,0,0,False
EU,8006,transfermarkt.it,False,0,0,True
EU,8010,donedeal.ie,False,1,0,True
EU,8014,kriesi.at,False,0,0,True
EU,8017,intersport.fr,False,0,0,False
EU,8019,leggo.it,False,0,0,True
EU,8028,senat.fr,False,0,0,True
EU,8030,conforama.fr,False,0,0,False
EU,8045,zalando.es,True,6,1,True
EU,8064,my-personaltrainer.it,False,0,0,True
EU,8069,ros.ie,False,0,0,True
EU,8157,eventim.de,False,3,0,True
EU,8173,uv.es,False,1,0,True
EU,8208,leroymerlin.it,False,0,0,False
EU,8215,ns.se,False,0,0,False
EU,8241,porno666.nl,False,0,0,False
EU,8258,fantacalcio.it,False,0,0,True
EU,8271,andersnoren.se,False,0,1,True
EU,8288,lefrecce.it,False,0,0,True
EU,8297,hdfilmcehennemi.nl,False,0,0,False
EU,8303,goldbet.it,False,0,0,False
EU,8304,gwdg.de,False,0,0,True
EU,8333,cic.fr,False,0,0,True
EU,8352,umu.se,False,0,0,True
EU,8355,qvc.de,False,5,0,True
EU,8368,skyscanner.es,False,0,0,True
EU,8373,ilgazzettino.it,False,0,0,True
EU,8382,skyscanner.it,False,0,0,True
EU,8394,bonprix.de,False,4,0,True
EU,8452,ruhr24.de,False,0,0,True
EU,8464,agenciatributaria.gob.es,False,0,0,True
EU,8481,melty.fr,False,1,0,True
EU,8508,lottomatica.it,False,0,0,False
EU,8519,impots.gouv.fr,False,1,0,True
EU,8525,mijnwoordenboek.nl,False,0,0,True
EU,8527,voetbalzone.nl,False,0,0,True
EU,8554,dtag.de,False,0,0,False
EU,8568,upm.es,False,0,0,True
EU,8585,manomano.fr,False,0,0,False
EU,8645,loteriasyapuestas.es,False,0,0,True
EU,8670,maxifoot.fr,False,0,2,True
EU,8715,win2day.at,False,0,0,True
EU,8729,ihk.de,False,0,0,True
EU,8779,wbs-law.de,False,0,0,True
EU,8873,flashscore.es,False,2,0,True
EU,8887,tiscali.it,False,0,0,False
EU,8905,uni-leipzig.de,False,0,0,True
EU,8915,ildolomiti.it,False,1,0,True
EU,8920,sciencepost.fr,False,0,0,True
EU,8937,tu-berlin.de,False,0,0,True
EU,8963,dg-datenschutz.de,False,0,0,True
EU,8975,betflag.it,False,0,0,False
EU,9011,uni-regensburg.de,False,0,0,True
EU,9016,zone-turf.fr,False,0,0,True
EU,9027,iliad.it,False,1,0,True
EU,9045,seg-social.gob.es,False,0,0,False
EU,9051,rip.ie,False,0,0,True
EU,9091,planetwin365.it,False,0,0,False
EU,9096,turfomania.fr,False,0,0,False
EU,9106,naturabuy.fr,False,3,0,True
EU,9123,uni-hannover.de,False,0,0,True
EU,9137,semana.es,False,1,0,True
EU,9145,zeturf.fr,False,0,0,True
EU,9167,gegen-hartz.de,False,0,0,True
EU,9173,fcinter1908.it,False,0,0,True
EU,9177,bet365.it,False,0,0,False
EU,9192,electrodepot.fr,True,3,0,True
EU,9286,clave.gob.es,False,0,0,True
EU,9379,gdatasecurity.de,False,0,0,False
EU,9381,ugr.es,False,1,0,True
EU,9435,pinterest.de,False,0,0,True
EU,9454,juegosonce.es,False,1,0,True
EU,9462,francetravail.fr,False,0,0,True
EU,9482,antagus.de,False,0,0,True
EU,9520,deutschlandfunk.de,False,0,0,True
EU,9548,fgov.be,False,0,0,True
EU,9594,citapreviadnie.es,False,0,0,True
EU,9598,obramat.es,False,0,0,False
EU,9684,tecnomat.it,False,0,0,False
EU,9708,overheid.nl,False,0,0,True
EU,9719,service-public.gouv.fr,False,0,0,True
EU,9733,kurier.at,False,1,0,True
EU,9739,mariefrance.fr,False,1,0,True
EU,9747,redlights.be,False,0,0,True
EU,9811,edreams.es,False,0,0,True
EU,9838,mondosanita.it,False,3,0,True
EU,9857,autoriteitpersoonsgegevens.nl,False,0,0,True
EU,9865,quartier-rouge.be,False,0,0,True
EU,9877,aeolservice.es,False,1,0,True
EU,9886,c-srv.de,False,0,0,False
EU,9928,tvguia.es,False,1,0,True
EU,9931,lavuelta.es,False,0,0,True
EU,9939,uni-muenster.de,False,0,0,True
EU,9950,neostrada.nl,False,1,0,True
EU,9974,orange.be,False,2,0,True
EU,9980,sepe.gob.es,False,0,0,False
EU,9993,franceconnect.gouv.fr,False,0,0,True
EU,10098,aol.de,False,0,0,True
EU,10109,racing.nl,False,0,0,True
EU,10145,rediris.es,False,0,0,True
EU,10158,delegaciondelgobierno.gob.es,False,1,0,True
EU,10192,gva.es,False,0,0,False
EU,10221,unimi.it,False,1,0,True
EU,10368,uni-bremen.de,False,0,0,True
EU,10391,milannews.it,False,0,0,True
EU,10393,lepoint.fr,False,0,0,False
EU,10417,myasiantv.es,False,0,0,True
EU,10430,um.es,False,0,0,True
EU,10466,berliner-zeitung.de,False,1,0,True
EU,10510,morgenpost.de,False,3,0,True
EU,10556,umweltbundesamt.de,False,2,0,True
EU,10558,zdfheute.de,False,0,0,True
EU,10601,buienradar.be,False,0,0,True
EU,10606,keymachine.de,False,2,0,True
EU,10645,insee.fr,False,0,0,True
EU,10655,giornalone.it,False,0,0,True
EU,10737,server-he.de,False,0,0,False
EU,10796,uni-jena.de,False,0,0,True
EU,10800,wur.nl,False,0,0,True
EU,10820,auerproxy.de,False,0,0,False
EU,10821,auswaertiges-amt.de,False,0,0,True
EU,10837,lmu.de,False,0,0,True
EU,10846,rai.it,False,0,0,True
EU,10904,nameserverservice.de,False,0,0,False
EU,10919,diplo.de,False,0,0,True
EU,10933,schoolsoft.se,False,0,0,False
EU,10935,aok.de,False,0,0,True
EU,10940,wien.at,False,0,0,True
EU,10947,anony.nl,False,0,0,False
EU,10948,hetzner.de,False,0,1,True
EU,10967,case-battle.nl,False,0,0,True
EU,10996,unipd.it,False,1,0,True
EU,10997,cornelsen.de,False,0,0,True
EU,11013,ucd.ie,False,0,0,False
EU,11014,upv.es,False,0,0,True
EU,11023,tu-darmstadt.de,False,0,0,True
EU,11094,vegamovie.se,False,1,0,True
EU,11237,timmehosting.de,False,0,0,True
EU,11240,publico.es,False,0,0,True
EU,11259,ebay.es,False,0,0,False
EU,11308,thomann.de,False,5,0,True
EU,11309,huffingtonpost.fr,False,0,0,True
EU,11310,hamburg.de,False,0,0,True
EU,11328,sverigesradio.se,False,0,0,True
EU,11354,gu.se,False,0,0,True
EU,11448,datenschutz-generator.de,False,3,0,True
EU,11452,augsburger-allgemeine.de,False,0,0,True
EU,11460,infn.it,False,0,0,True
EU,11547,lieferando.de,False,0,0,False
EU,11553,polimi.it,False,0,0,True
EU,11562,vodafone.it,False,3,0,True
EU,11572,tripadvisor.de,False,0,0,False
EU,11582,denic.de,False,0,0,True
EU,11596,unistra.fr,False,1,0,True
EU,11597,chalmers.se,False,0,0,True
EU,11616,ecomdata.de,False,1,0,True
EU,11625,surfnet.nl,False,0,0,True
EU,11627,svd.se,False,0,0,True
EU,11633,checkdomain.de,False,1,0,True
EU,11658,lexpress.fr,False,1,0,True
EU,11662,tuwien.ac.at,False,0,0,True
EU,11663,blogspot.it,False,0,0,True
EU,11677,posteo.de,False,0,0,True
EU,11727,personio.de,False,0,0,False
EU,11735,tu-chemnitz.de,False,0,0,True
EU,11753,vinted.be,False,1,0,True
EU,11814,fau.de,False,0,0,True
EU,11823,rki.de,False,0,0,True
EU,11825,rlp.de,False,0,0,True
EU,11882,thejournal.ie,False,0,0,True
EU,11887,rabobank.nl,False,0,0,True
EU,11916,dwd.de,False,0,0,True
EU,11924,ntp.se,False,0,0,True
EU,11941,doctolib.de,False,0,0,False
EU,11971,autobild.de,False,0,0,True
EU,11972,ah.nl,True,3,2,True
EU,11990,sante.fr,False,1,0,True
EU,11999,mijndnsserver.nl,False,0,0,False
EU,12039,ru.nl,False,0,0,True
EU,12040,perf1.fr,False,0,0,True
EU,12050,ruhr-uni-bochum.de,False,0,0,True
EU,12053,uniroma1.it,False,0,0,True
EU,12055,abendblatt.de,False,2,0,True
EU,12075,arcor.de,False,0,0,True
EU,12079,pinterest.fr,False,0,0,True
EU,12118,wko.at,False,0,0,True
EU,12150,hosting.de,False,1,0,True
EU,12239,wiwo.de,False,0,0,True
EU,12259,airbnb.fr,False,2,0,True
EU,12270,adg.de,False,1,0,True
EU,12321,wien.gv.at,False,0,0,True
EU,12322,openstreetmap.fr,False,1,0,True
EU,12363,uni-trier.de,False,0,0,True
EU,12423,vlaanderen.be,False,0,0,True
EU,12425,mobiri.se,False,0,1,True
EU,12429,banquepopulaire.fr,False,1,0,True
EU,12444,cope.es,False,0,0,True
EU,12464,ionos.fr,False,4,0,True
EU,12478,unifi.it,False,1,0,True
EU,12480,mijndomein.nl,False,0,0,True
EU,12529,archives-ouvertes.fr,False,0,0,True
EU,12542,uni-ulm.de,False,0,0,True
EU,12567,universiteitleiden.nl,False,0,0,True
EU,12577,belgacom.be,False,0,0,False
EU,12601,uni-kl.de,False,0,0,True
EU,12614,sachsen.de,False,0,0,True
EU,12660,paginegialle.it,False,0,0,False
EU,12668,golem.de,False,0,0,True
EU,12737,dlr.de,False,0,0,True
EU,12743,domainers.de,False,0,0,True
EU,12768,letour.fr,False,0,0,True
EU,12828,rewe.de,False,0,0,False
EU,12835,holidaycheck.de,False,0,0,True
EU,12852,lalibre.be,False,1,0,True
EU,12856,nic.es,False,0,0,True
EU,12895,cultura.gov.it,False,0,0,False
EU,12902,uni-mainz.de,False,0,0,True
EU,12904,uni-bielefeld.de,False,0,0,True
EU,12907,pagesperso-orange.fr,False,0,0,False
EU,12940,vinted.nl,False,1,0,True
EU,12946,inrae.fr,False,1,0,True
EU,12952,uni-saarland.de,False,0,0,True
EU,13002,beniculturali.it,False,0,0,False
EU,13041,bpb.de,False,1,0,True
EU,13046,pourvous.nl,False,2,0,True
EU,13077,parool.nl,False,0,0,True
EU,13104,tele2.se,True,2,2,True
EU,13176,ademe.fr,False,0,0,False
EU,13179,uned.es,False,0,0,True
EU,13196,follow.it,False,0,0,True
EU,13200,ns-webvalue.nl,False,0,0,False
EU,13224,anwb.nl,False,2,0,True
EU,13250,ens.fr,False,0,0,True
EU,13288,coolblue.nl,False,0,0,False
EU,13300,standaard.be,False,0,0,False
EU,13305,ucc.ie,False,0,0,True
EU,13345,stepstone.de,False,0,0,True
EU,13352,uni-wuerzburg.de,False,0,0,True
EU,13356,artfiles.de,False,1,0,True
EU,13372,usal.es,False,1,0,True
EU,13388,unipi.it,False,1,0,True
EU,13405,kaufda.de,False,0,0,True
EU,13478,cineca.it,False,0,0,False
EU,13512,latribune.fr,False,0,0,True
EU,13523,us.es,False,0,0,True
EU,13528,derwesten.de,False,0,0,True
EU,13530,belnet.be,False,0,0,True
EU,13572,ksta.de,False,1,0,True
EU,13631,renater.fr,False,0,0,True
EU,13632,journaldesfemmes.fr,False,0,0,True
EU,13650,assemblee-nationale.fr,False,1,0,True
EU,13661,ns.at,False,0,0,False
EU,13701,unizar.es,False,0,0,True
EU,13742,uni-paderborn.de,False,0,0,True
EU,13761,unito.it,False,0,0,True
EU,13768,abebooks.fr,False,3,0,True
EU,13770,uibk.ac.at,False,0,0,True
EU,13798,demorgen.be,False,0,0,True
EU,13805,ticketone.it,False,3,0,True
EU,13820,hessenschau.de,False,1,0,True
EU,13826,audible.de,False,0,0,True
EU,13837,jvanbreda.be,False,0,0,False
EU,13840,inserm.fr,False,0,0,True
EU,13896,unleashed.be,False,0,0,True
EU,13921,pappers.fr,False,0,0,False
EU,13923,francebleu.fr,False,2,0,True
EU,13958,belastingdienst.nl,False,0,0,True
EU,13999,u-strasbg.fr,False,0,0,False
EU,14061,uni-bayreuth.de,False,0,0,True
EU,14075,muenchen.de,False,1,0,True
EU,14086,deltafibernederland.nl,False,0,0,True
EU,14101,first-id.fr,False,0,0,True
EU,14117,vgwort.de,False,0,0,True
EU,14133,glasvezelactiveren.nl,False,0,0,True
EU,14158,hna.de,False,1,0,True
EU,14168,uma.es,False,0,0,True
EU,14193,sonnen.de,False,0,2,True
EU,14259,pinterest.es,False,0,0,True
EU,14277,belwue.de,False,0,0,True
EU,14305,moviepilot.de,False,0,0,True
EU,14342,daad.de,False,0,0,True
EU,14355,deutschepost.de,False,0,0,True
EU,14379,abebooks.de,False,3,0,True
EU,14381,internic.at,False,0,0,True
EU,14382,uclouvain.be,False,0,0,True
EU,14386,argewebhosting.nl,False,0,0,False
EU,14407,navarra.es,False,0,0,False
EU,14485,uni-due.de,False,0,0,True
EU,14489,mediapart.fr,False,0,0,True
EU,14520,spektrum.de,False,0,0,False
EU,14557,abebooks.it,False,3,0,True
EU,14559,uni-giessen.de,False,0,0,True
EU,14592,laredoute.fr,False,0,0,False
EU,14597,albelli.nl,True,3,1,True
EU,14606,uni-halle.de,False,0,0,True
EU,14608,kpnmail.nl,False,0,0,True
EU,14610,blogspot.nl,False,0,0,True
EU,14621,1blu.de,False,0,0,True
EU,14625,unblog.fr,False,0,0,False
EU,14628,tu-bs.de,False,0,0,True
EU,14633,i-mo.de,False,0,0,False
EU,14664,waz.de,False,2,0,True
EU,14669,nanosystems.it,False,1,0,True
EU,14684,aerzteblatt.de,False,0,0,True
EU,14701,kfw.de,False,0,0,True
EU,14713,de-nserver.de,False,0,0,True
EU,14719,mydealz.de,False,0,0,True
EU,14722,uva.es,False,0,0,True
EU,14735,iarc.fr,False,0,0,True
EU,14771,mopo.de,False,1,0,True
EU,14781,uni-mannheim.de,False,0,0,True
EU,14783,bundesfinanzministerium.de,False,0,0,True
EU,14785,nameservice.at,False,0,0,False
EU,14803,myspreadshop.de,False,0,0,False
EU,14815,mim.gov.it,False,0,0,False
EU,14855,wallstreet-online.de,False,0,0,True
EU,14880,fes.de,False,0,0,True
EU,14893,versatel.de,False,1,0,True
EU,14896,mef.gov.it,False,0,0,True
EU,14979,fastwebnet.it,False,0,0,False
EU,14983,cloudpit.de,False,0,0,False
EU,14990,sonnenbatterie.de,False,0,2,True
EU,14999,test.de,True,2,1,True
EU,15034,online.fr,False,0,0,True
EU,15041,oe24.at,False,1,0,True
EU,15042,telering.at,False,3,0,True
EU,15064,sarenet.es,False,0,0,True
EU,15078,tugraz.at,False,0,0,True
EU,15130,lafeltrinelli.it,False,4,0,True
EU,15131,cea.fr,False,2,0,True
EU,15132,reservix.de,False,0,0,False
EU,15146,tu-dortmund.de,False,0,0,True
EU,15166,gazzettaufficiale.it,False,0,0,True
EU,15173,intel.de,False,0,0,True
EU,15177,estrepublicain.fr,False,1,0,True
EU,15199,glauco.it,False,0,0,True
EU,15210,europe1.fr,False,0,0,False
EU,15211,netzwelt.de,False,0,0,True
EU,15213,assertcom.de,False,0,0,False
EU,15215,corrieredellosport.it,False,1,0,True
EU,15221,uni-marburg.de,False,0,0,True
EU,15228,lima-city.de,False,2,0,True
EU,15231,nltimes.nl,False,0,0,True
EU,15271,prijsmepper.nl,False,0,0,True
EU,15287,bnr.nl,False,0,0,False
EU,15288,nordnet.fr,False,0,0,True
EU,15323,unina.it,False,0,0,True
EU,15333,swp.de,False,2,0,True
EU,15350,fz-juelich.de,False,3,0,True
EU,15377,cervantes.es,False,1,0,True
EU,15382,toom.de,False,2,0,True
EU,15388,ua.es,False,0,0,True
EU,15395,hema.nl,True,4,0,True
EU,15424,jameda.de,False,0,0,True
EU,15431,gouvernement.fr,False,0,0,False
EU,15436,ownit.se,False,2,0,True
EU,15440,persee.fr,False,0,0,True
EU,15451,agenturserver.de,False,0,0,True
EU,15459,edf.fr,False,0,0,True
EU,15467,shz.de,False,1,0,True
EU,15477,salute.gov.it,False,0,0,True
EU,15479,rtl.be,False,0,0,True
EU,15495,smhi.se,False,0,0,True
EU,15516,vinted.se,False,1,0,True
EU,15517,xplosion.de,False,0,0,True
EU,15523,datev.de,False,1,0,True
EU,15546,baden-wuerttemberg.de,False,0,0,True
EU,15581,zum.de,False,1,0,True
EU,15600,ics-vpn.de,False,0,0,True
EU,15617,rijksmuseum.nl,False,0,0,True
EU,15629,zalando.be,True,6,1,True
EU,15640,hsqd.nl,False,0,0,True
EU,15644,lne.es,False,0,0,False
EU,15645,t3n.de,False,0,0,True
EU,15658,qrco.de,False,0,0,False
EU,15697,agpd.es,False,0,0,True
EU,15710,npo.nl,False,0,0,True
EU,15715,o2online.de,False,4,0,True
EU,15729,bundesgesundheitsministerium.de,False,0,0,True
EU,15736,kinepolis.fr,False,1,0,True
EU,15758,ki.se,False,0,0,True
EU,15763,tz.de,False,0,0,True
EU,15769,clever-tanken.de,False,0,0,True
EU,15773,duden.de,False,0,0,True
EU,15812,vol.at,False,0,0,True
EU,15845,bunte.de,False,0,0,True
EU,15857,computerbild.de,False,0,0,True
EU,15862,businessinsider.de,False,0,0,True
EU,15866,lamontagne.fr,False,0,0,False
EU,15868,manomano.es,False,0,0,False
EU,15873,bundeswirtschaftsministerium.de,False,0,0,True
EU,15886,rdcu.be,False,0,0,True
EU,15926,activemind.de,False,1,0,True
EU,15937,smarturl.it,False,0,0,False
EU,15981,mypurecloud.de,False,0,1,True
EU,16030,brandenburg.de,False,0,0,True
EU,16074,bouyguestelecom.fr,False,2,0,True
EU,16076,corpinter.de,False,0,0,False
EU,16077,uni-augsburg.de,False,0,0,True
EU,16087,jussieu.fr,False,0,0,False
EU,16090,bancosantander.es,False,0,0,True
EU,16111,uni-potsdam.de,False,0,0,True
EU,16144,inwx.de,False,3,0,True
EU,16150,cbs.nl,False,0,0,True
EU,16158,airfrance.fr,False,1,0,True
EU,16166,openstreetmap.de,False,0,0,True
EU,16170,ebay-kleinanzeigen.de,False,0,0,False
EU,16171,asfinag.at,False,0,0,False
EU,16215,lasprovincias.es,False,1,0,True
EU,16238,sunet.se,False,0,0,True
EU,16260,idealo.fr,False,0,0,True
EU,16323,virtualhosts.de,False,0,0,False
EU,16329,namesystem.se,False,0,0,False
EU,16338,uam.es,False,0,0,True
EU,16344,polito.it,False,0,0,True
EU,16365,seenthis.se,False,0,0,True
EU,16386,italia.it,False,0,0,True
EU,16406,uni-konstanz.de,False,0,0,True
EU,16415,treccani.it,False,2,0,True
EU,16424,shockmedia.nl,False,0,0,True
EU,16428,nw.de,False,2,0,True
EU,16451,wetteronline.at,False,0,0,True
EU,16469,page-stats.de,False,1,0,True
EU,16480,gamma.nl,False,0,0,False
EU,16489,variomedia.de,False,1,0,True
EU,16491,systembolaget.se,False,0,0,True
EU,16497,jwwb.nl,False,0,0,False
EU,16515,2ememain.be,False,3,0,True
EU,16537,7sur7.be,False,0,0,True
EU,16540,oebb.at,False,0,0,True
EU,16542,ed.nl,False,0,0,True
EU,16564,ard.de,False,0,0,True
EU,16565,manomano.de,False,0,0,False
EU,16568,msa.fr,False,1,0,True
EU,16576,ilfoglio.it,False,0,0,True
EU,16596,chng.it,False,0,0,True
EU,16610,daserste.de,False,0,0,True
EU,16612,engie.fr,False,0,0,True
EU,16616,transfermarkt.fr,False,0,0,True
EU,16621,giz.de,False,0,0,True
EU,16639,mcu.es,False,1,0,True
EU,16640,eur.nl,False,0,0,True
EU,16656,viamichelin.fr,False,1,0,True
EU,16660,tui.nl,False,0,0,True
EU,16664,leidenuniv.nl,False,0,0,True
EU,16669,verbraucherzentrale.de,False,0,0,True
EU,16671,la7.it,False,0,0,True
EU,16683,in2p3.fr,False,0,0,True
EU,16708,casa.it,False,0,0,False
EU,16725,plusline.de,False,0,0,True
EU,16739,eurosport.de,False,0,0,True
EU,16742,aena.es,False,0,0,True
EU,16768,manomano.it,False,0,0,False
EU,16802,ica.se,False,0,0,True
EU,16809,eolas.fr,False,0,0,True
EU,16818,eventbrite.de,False,1,0,True
EU,16819,governo.it,False,0,0,True
EU,16830,unionesarda.it,False,1,0,True
EU,16868,bd.nl,False,0,0,True
EU,16869,hbvl.be,False,0,0,False
EU,16871,trouw.nl,False,0,0,True
EU,16884,castorama.fr,False,0,0,False
EU,16893,deutschlandfunkkultur.de,False,0,0,True
EU,16896,doctissimo.fr,False,0,0,True
EU,16902,wetter.de,False,0,0,True
EU,16906,ircam.fr,False,0,0,True
EU,16921,fastweb.it,False,0,0,True
EU,16925,pnp.de,False,0,0,True
EU,16954,wehkamp.nl,False,0,0,False
EU,16973,ilgiorno.it,False,1,0,True
EU,17026,quoka.de,False,0,0,True
EU,17030,mediamarkt.es,False,0,0,False
EU,17038,ign.es,False,0,0,True
EU,17080,uni-osnabrueck.de,False,0,0,True
EU,17081,uc3m.es,False,0,0,False
EU,17144,ens-lyon.fr,False,0,0,True
EU,17148,epoq.de,False,2,0,True
EU,17170,selfhost.de,False,2,0,True
EU,17178,knipp.de,False,0,0,True
EU,17200,bndestem.nl,False,0,0,True
EU,17214,autoscout24.be,False,0,0,True
EU,17218,ticketmaster.de,False,3,0,True
EU,17226,kb.se,False,0,0,True
EU,17248,apa.at,False,0,0,True
EU,17253,autodoc.de,False,0,0,False
EU,17260,capital.fr,False,0,0,True
EU,17267,univ-lyon1.fr,False,0,0,True
EU,17284,government.nl,False,0,0,True
EU,17312,gamberorosso.it,False,0,0,False
EU,17315,kreiszeitung.de,False,0,0,True
EU,17317,coop.se,True,3,0,True
EU,17328,vertbaudet.fr,False,0,0,False
EU,17329,xxxlutz.de,False,0,0,False
EU,17339,diariodenavarra.es,False,2,0,True
EU,17351,tubantia.nl,False,0,0,True
EU,17367,mnhn.fr,False,0,0,False
EU,17375,lacentrale.fr,False,0,0,False
EU,17404,pmu.fr,False,0,0,True
EU,17411,knotch.it,False,0,0,True
EU,17427,yourwebhoster.nl,False,0,0,False
EU,17495,briteline.de,False,0,0,True
EU,17496,noris.de,False,0,0,True
EU,17512,ultimahora.es,False,1,0,True
EU,17518,uni-graz.at,False,1,0,True
EU,17522,ina.fr,False,0,0,True
EU,17525,fernsehserien.de,False,0,0,True
EU,17531,www.gov.ie,False,0,0,False
EU,17548,wg-gesucht.de,False,0,0,True
EU,17552,jouwweb.nl,False,0,0,True
EU,17553,libelle.nl,False,0,0,True
EU,17573,miodottore.it,False,0,0,True
EU,17582,urssaf.fr,False,0,0,False
EU,17585,fotogramas.es,False,1,0,True
EU,17586,ehu.es,False,0,0,True
EU,17607,aib.ie,False,0,0,True
EU,17609,stuttgarter-zeitung.de,False,1,0,True
EU,17610,uni-rostock.de,False,0,0,True
EU,17615,uniroma2.it,False,0,0,True
EU,17649,ns.nl,False,1,0,True
EU,17658,komoot.de,False,0,0,True
EU,17667,sachsen-anhalt.de,False,0,0,True
EU,17670,govalue.de,False,0,0,True
EU,17709,sg.fr,False,0,1,True
EU,17715,eyeo.it,False,0,0,False
EU,17730,movistar.es,False,0,2,True
EU,17731,charite.de,False,0,0,True
EU,17735,mediaworld.it,False,0,0,False
EU,17745,aboutyou.de,False,3,0,True
EU,17750,interbusiness.it,False,0,0,False
EU,17754,dpd.de,False,0,0,True
EU,17755,weeronline.nl,False,0,0,True
EU,17756,numericable.fr,False,3,0,True
EU,17758,ideal.nl,False,0,1,True
EU,17762,ilportaledellautomobilista.it,False,0,0,True
EU,17779,hdblog.it,False,0,0,True
EU,17784,schlund.de,False,4,0,True
EU,17811,sky.de,True,3,1,True
EU,17822,u-bordeaux.fr,False,0,0,True
EU,17823,deine-tierwelt.de,False,0,0,True
EU,17844,kicktipp.de,False,0,0,True
EU,17857,seg-social.es,False,0,0,True
EU,17861,ine.es,False,0,0,True
EU,17878,inra.fr,False,1,0,True
EU,17879,vinted.at,False,1,0,True
EU,17887,mondialrelay.fr,False,0,0,False
EU,17901,mein-schoener-garten.de,False,1,0,True
EU,17905,vinted.ie,False,1,0,True
EU,17942,redsys.es,False,0,0,True
EU,17950,download.it,False,0,0,False
EU,17972,kdns.fr,False,0,0,True
EU,17977,daft.ie,False,0,0,True
EU,17985,freundin.de,False,0,0,True
EU,17987,geo.de,False,1,0,True
EU,18013,sports.fr,False,1,0,True
EU,18036,skyscanner.de,False,0,0,True
EU,18051,phanet.de,False,0,0,False
EU,18103,zalando.at,True,6,1,True
EU,18112,genealogieonline.nl,False,0,0,True
EU,18114,svenskaspel.se,False,0,0,True
EU,18117,chello.nl,False,1,0,True
EU,18118,arnebrachhold.de,False,0,0,True
EU,18135,libraccio.it,False,3,0,True
EU,18173,jysk.de,False,4,0,True
EU,18180,seeweb.it,False,0,0,True
EU,18183,ulb.ac.be,False,0,0,True
EU,18190,ptb.de,False,0,0,True
EU,18196,meteo60.fr,False,1,0,True
EU,18199,uliege.be,False,0,0,True
EU,18209,avm.de,True,12,1,True
EU,18239,larousse.fr,False,0,0,True
EU,18277,elysee.fr,False,0,0,True
EU,18286,poppen.de,False,0,0,True
EU,18287,arsys.es,True,1,2,True
EU,18303,instyle.de,False,0,0,True
EU,18309,has-sante.fr,False,0,0,True
EU,18313,unive.it,False,1,0,True
EU,18319,dfn.nl,False,0,0,False
EU,18356,bremen.de,False,0,0,False
EU,18377,romatoday.it,False,0,0,True
EU,18407,sportnieuws.nl,False,0,0,True
EU,18414,nativendo.de,False,0,0,True
EU,18419,dw.de,False,0,0,False
EU,18435,hoerzu.de,False,1,0,True
EU,18453,rivm.nl,False,0,0,True
EU,18454,zalando.se,True,6,1,True
EU,18478,slate.fr,False,0,0,True
EU,18511,ard-mcdn.de,False,0,0,False
EU,18513,bundesnetzagentur.de,False,0,0,True
EU,18516,manager-magazin.de,False,0,0,True
EU,18527,ipv64.de,False,0,0,False
EU,18539,amsterdam.nl,False,0,0,True
EU,18559,voetbalprimeur.nl,False,0,0,True
EU,18578,4dcloud.fr,False,0,0,False
EU,18581,charentelibre.fr,False,1,0,True
EU,18589,desy.de,False,0,0,True
EU,18595,meteo.be,False,0,0,True
EU,18602,istat.it,False,0,0,True
EU,18607,lassuranceretraite.fr,False,0,0,True
EU,18652,ilait.se,False,0,0,False
EU,18712,handbrake.fr,False,0,0,True
EU,18717,comingsoon.it,False,0,0,True
EU,18721,skyscanner.fr,False,0,0,True
EU,18746,zimmo.be,False,0,0,False
EU,18764,jazzguitar.be,False,0,0,False
EU,18777,blsp.at,False,0,0,False
EU,18788,lidl.es,False,2,0,True
EU,18816,banque-france.fr,False,0,0,True
EU,18837,hse.de,False,1,0,True
EU,18846,mypurecloud.ie,False,0,1,True
EU,18857,education.fr,False,0,0,False
EU,18871,bmbf.de,False,0,0,True
EU,18888,bet365.es,False,0,0,False
EU,18934,open-internet.nl,False,0,0,False
EU,18949,rufus.ie,False,0,0,True
EU,18950,clara.es,False,0,0,True
EU,18972,ozerov.de,False,0,0,True
EU,19000,eurobet.it,False,0,0,False
EU,19007,eldiariomontanes.es,False,1,0,True
EU,19011,conrad.de,False,0,0,False
EU,19012,kleinezeitung.at,False,0,0,True
EU,19033,elgiganten.se,False,0,0,False
EU,19045,bike-discount.de,False,0,0,False
EU,19049,decathlon.nl,False,0,0,False
EU,19054,eventbrite.it,False,1,0,True
EU,19125,diesiedleronline.de,False,0,0,True
EU,19128,wa.de,False,0,0,True
EU,19147,weda.fr,False,0,0,True
EU,19151,juraforum.de,False,0,0,True
EU,19156,biltema.se,False,1,0,True
EU,19176,billetweb.fr,False,0,0,True
EU,19186,ebay.ie,False,0,0,False
EU,19192,namirial.it,False,2,0,True
EU,19211,elle.fr,False,0,0,False
EU,19243,sma.de,False,0,0,True
EU,19268,milanotoday.it,False,1,0,True
EU,19305,pasteur.fr,False,1,0,True
EU,19307,jcyl.es,False,1,0,True
EU,19315,nabu.de,False,0,0,True
EU,19356,actalis.it,False,2,0,True
EU,19391,larepubliquedespyrenees.fr,False,2,0,True
EU,19406,nsset.be,False,0,0,False
EU,19422,thelocal.se,False,1,0,True
EU,19424,equidia.fr,False,0,0,True
EU,19436,hornbach.nl,False,0,0,False
EU,19467,orizzontescuola.it,False,0,0,False
EU,19486,easyhost.be,False,2,0,True
EU,19489,uniovi.es,False,0,0,True
EU,19504,lws.fr,False,0,2,True
EU,19507,badische-zeitung.de,False,1,0,True
EU,19513,decathlon.be,False,0,0,False
EU,19522,schlundtech.de,False,0,0,True
EU,19527,poco.de,True,4,1,True
EU,19554,eurosport.it,False,0,0,True
EU,19583,madrid.es,False,0,0,True
EU,19586,brocardi.it,False,0,0,True
EU,19601,bundesumweltministerium.de,False,2,0,True
EU,19606,bz-berlin.de,False,1,0,True
EU,19621,uni-kassel.de,False,0,0,True
EU,19666,postnl.nl,False,0,0,True
EU,19679,challenges.fr,False,0,0,True
EU,19705,aida.de,False,0,0,True
EU,19721,unimo.it,False,0,0,True
EU,19732,lidl.fr,False,4,0,True
EU,19745,bricodepot.fr,True,3,1,True
EU,19747,rijksapps.nl,False,0,0,False
EU,19754,lexware.de,False,0,0,True
EU,19788,museodelprado.es,False,0,0,False
EU,19794,telerama.fr,False,0,0,True
EU,19826,meteoam.it,False,0,0,True
EU,19836,deutsche-bank.de,False,0,0,True
EU,19844,officielebekendmakingen.nl,False,0,0,True
EU,19862,unimib.it,False,0,0,True
EU,19863,caixabank.es,False,0,0,True
EU,19869,qvc.it,False,5,0,True
EU,19887,haufe.de,False,0,0,True
EU,19896,vie-publique.fr,False,0,0,True
EU,19954,apotea.se,False,0,0,False
EU,19960,foodsharing.de,False,0,0,True
EU,19969,skyberate.nl,False,0,0,True
EU,19972,weerplaza.nl,False,0,0,True
EU,19985,tvgids.nl,False,0,0,True
EU,20011,internex.at,True,2,0,True
EU,20032,nebenan.de,False,0,0,True
EU,20039,bundesbank.de,False,1,0,True
EU,20044,druni.es,True,5,2,True
EU,20090,rnd.de,False,0,0,False
EU,20097,t-ipnet.de,False,0,0,False
EU,20107,jku.at,False,0,0,True
EU,20117,uco.es,False,1,0,True
EU,20135,gmx.de,False,1,0,True
EU,20158,finanze.it,False,0,0,True
EU,20177,unieuro.it,True,4,0,True
EU,20209,5min.at,False,0,0,True
EU,20217,com.se,False,0,0,True
EU,20239,flashscore.de,False,2,0,True
EU,20244,verivox.de,False,0,0,True
EU,20250,vodafonemail.de,False,0,0,True
EU,20285,jazztel.es,False,2,0,True
EU,20300,freifunk-stuttgart.de,False,0,0,True
EU,20351,dnsmanager.nl,False,0,0,False
EU,20354,dagstuhl.de,False,0,0,True
EU,20387,kas.de,False,0,0,True
EU,20418,administracionespublicas.gob.es,False,0,0,False
EU,20436,parfumo.de,False,0,0,True
EU,20462,lejdd.fr,False,0,0,False
EU,20472,meteoconsult.fr,False,1,0,True
EU,20542,centrepompidou.fr,False,2,0,True
EU,20552,meteo.it,False,0,0,True
EU,20556,bmw.de,False,2,0,True
EU,20562,awi.de,False,0,0,True
EU,20595,lanuovasardegna.it,False,1,0,True
EU,20614,meetic.fr,False,0,0,True
EU,20617,unige.it,False,0,0,True
EU,20648,mdex.de,False,0,0,True
EU,20673,thomann.fr,False,6,0,True
EU,20675,oasport.it,False,1,0,True
EU,20767,musee-orsay.fr,False,0,0,False
EU,20796,camera.it,False,0,0,True
EU,20798,ucl.ac.be,False,0,0,False
EU,20813,uib.es,False,0,0,True
EU,20817,csv-networks.nl,False,1,0,True
EU,20820,regione.lombardia.it,False,0,0,True
EU,20832,klart.se,False,0,0,True
EU,20899,inist.fr,False,0,0,True
EU,20914,isciii.es,False,0,0,True
EU,20915,emploi-territorial.fr,False,1,0,True
EU,20916,psg.fr,False,0,0,True
EU,20917,abendzeitung-muenchen.de,False,1,0,True
EU,20945,redcare.it,False,4,0,True
EU,20947,maastrichtuniversity.nl,False,0,0,True
EU,20961,bricodepot.es,False,0,0,False
EU,21011,glasoperator.nl,False,0,0,False
EU,21012,dpgmedia.nl,False,0,0,True
EU,21043,ibs.it,False,4,0,True
EU,21061,sn.at,False,1,0,True
EU,21074,lidl.it,False,2,0,True
EU,21103,wort-suchen.de,False,0,0,True
EU,21118,soccernews.nl,False,0,0,True
EU,21129,boreus.de,False,0,0,True
EU,21142,sbn.it,False,0,0,True
EU,21156,bmas.de,False,0,0,True
EU,21157,auvergnerhonealpes.fr,False,0,0,True
EU,21194,einfachbacken.de,False,0,0,True
EU,21201,oeaw.ac.at,False,0,0,False
EU,21205,fattoincasadabenedetta.it,False,0,0,False
EU,21221,anses.fr,False,0,0,True
EU,21224,fsolver.fr,False,0,0,False
EU,21227,calcionapoli24.it,False,1,0,True
EU,21231,haystack.es,False,0,0,False
EU,21248,utopia.de,False,0,0,True
EU,21280,fragrantica.es,False,0,0,False
EU,21281,gemo.fr,False,4,0,True
EU,21286,dgt.gob.es,False,0,0,False
EU,21306,pandect.es,True,1,2,True
EU,21308,aragon.es,False,0,0,True
EU,21326,vwfs.de,False,0,0,True
EU,21335,edreams.it,False,0,0,True
EU,21338,ebay.be,False,0,0,False
EU,21339,univ-nantes.fr,False,0,0,True
EU,21371,viet69.be,False,0,0,True
EU,21400,pi-asp.de,False,0,0,False
EU,21430,alarmeringen.nl,False,0,0,True
EU,21436,ligainsider.de,False,1,0,True
EU,21437,dw-world.de,False,0,0,False
EU,21444,radiohost.de,False,0,0,False
EU,21502,genybet.fr,False,1,0,True
EU,21525,rbb24.de,False,1,0,True
EU,21550,finya.de,False,0,0,True
EU,21553,ratp.fr,False,0,0,False
EU,21579,gifi.fr,True,4,0,True
EU,21601,toernooi.nl,False,0,0,True
EU,21626,emmikochteinfach.de,False,0,0,True
EU,21645,meinestadt.de,False,0,0,True
EU,21656,dcu.ie,False,0,0,True
EU,21668,erotikforum.at,False,0,0,True
EU,21676,nintendo.be,False,0,0,True
EU,21721,dansnoscoeurs.fr,False,0,0,False
EU,21728,giustizia.it,False,0,0,True
EU,21751,domainkunden.de,False,0,0,False
EU,21780,sol.de,False,0,0,False
EU,21783,uantwerpen.be,False,0,0,True
EU,21795,eutelia.it,False,0,0,False
EU,21798,dfb.de,False,0,0,True
EU,21808,thesun.ie,False,0,0,True
EU,21809,ifema.es,False,0,0,True
EU,21831,letribunaldunet.fr,False,0,0,True
EU,21833,cofidis.fr,False,0,2,True
EU,21839,thewom.it,False,0,0,True
EU,21841,blogspot.se,False,0,0,True
EU,21855,lotto.de,False,0,0,True
EU,21862,gbv.de,False,0,0,True
EU,21895,educacion.gob.es,False,0,0,True
EU,21907,brocabrac.fr,False,0,0,True
EU,21931,unitn.it,False,0,0,True
EU,21938,barmer.de,False,1,0,True
EU,21992,unicaen.fr,False,2,0,True
EU,21993,rub.de,False,0,0,True
EU,21995,superguidatv.it,False,2,0,True
EU,22000,gratisafhalen.be,False,1,0,True
EU,22039,webme.it,False,0,0,True
EU,22043,allesedv.at,False,0,0,True
EU,22045,cineby.at,False,0,0,False
EU,22053,bmwi.de,False,0,0,True
EU,22076,bhosted.nl,False,2,0,True
EU,22115,grazia.it,False,0,0,True
EU,22129,secoloditalia.it,False,1,0,True
EU,22149,nationalgeographic.com.es,False,0,0,True
EU,22152,livefoot.fr,False,1,0,True
EU,22158,ich-tanke.de,False,0,0,True
EU,22173,diezminutos.es,False,1,0,True
EU,22175,zeturf.be,False,0,0,True
EU,22246,carup.se,False,0,0,True
EU,22278,marcusoscarsson.se,False,0,0,True
EU,22288,familienkost.de,False,0,0,True
EU,22295,meteolive.it,False,1,0,True
EU,22301,culture.fr,False,0,0,True
EU,22311,univ-paris13.fr,False,0,0,True
EU,22391,iltirreno.it,False,0,0,True
EU,22419,huffingtonpost.es,False,0,0,False
EU,22425,mjusticia.gob.es,False,1,0,True
EU,22438,edeka.de,False,0,0,True
EU,22452,deghi.it,False,1,0,True
EU,22489,jdsports.fr,False,3,0,True
EU,22509,elsevier.es,False,0,0,True
EU,22515,wsrv.nl,False,0,0,True
EU,22549,sedecatastro.gob.es,False,1,0,True
EU,22591,adminforge.de,False,0,0,True
EU,22680,uni-oldenburg.de,False,0,0,True
EU,22696,redactie24.be,False,0,0,True
EU,22718,mon-essence.fr,False,0,0,True
EU,22736,santepubliquefrance.fr,False,0,0,True
EU,22739,audi.de,False,0,0,True
EU,22745,ird.fr,False,0,0,True
EU,22767,u-psud.fr,False,0,0,False
EU,22776,superenalotto.it,False,0,0,True
EU,22783,pleinevie.fr,False,0,0,True
EU,22789,solitalian.it,False,0,0,True
EU,22791,lieuxdedrague.fr,False,0,0,True
EU,22795,alcopa-auction.fr,False,0,0,False
EU,22811,mybrt.it,False,0,0,False
EU,22819,saarland.de,False,0,0,False
EU,22834,bollyflix.at,False,0,0,True
EU,22855,svtplay.se,False,0,0,True
EU,22875,anwalt.de,False,0,0,False
EU,22919,vogue.fr,True,2,1,True
EU,22969,tombola.it,False,0,0,False
EU,22982,betfair.es,False,0,0,False
EU,22984,enea.it,False,0,0,False
EU,22994,fcinternews.it,False,0,0,True
EU,23025,pvip.se,False,0,0,True
EU,23033,prodns.de,False,0,0,False
EU,23043,lycos.fr,False,0,0,True
EU,23096,lotto-italia.it,False,0,0,True
EU,23109,epiccare.ie,False,0,0,False
EU,23177,dns-servicios.es,False,0,0,False
EU,23178,raijin-scans.fr,False,0,0,False
EU,23347,onvista.de,False,0,0,True
EU,23349,knmi.nl,False,0,0,True
EU,23381,etudiant.gouv.fr,False,1,0,True
EU,23441,tk.de,False,0,0,True
EU,23444,turfpronos.fr,False,0,0,True
EU,23461,rvo.nl,False,0,0,True
EU,23475,dioezesennetz.de,False,0,0,False
EU,23545,bafin.de,False,0,0,True
EU,23557,blocklist.de,False,0,0,True
EU,23615,geizhals.de,False,0,0,False
EU,23679,demande-logement-social.gouv.fr,False,0,0,True
EU,23745,slon5.at,False,0,0,False
EU,23786,telekom-dienste.de,False,3,0,True
EU,23814,cnam.fr,False,1,0,True
EU,23840,units.it,False,1,0,True
EU,23841,sciencespo.fr,False,0,0,True
EU,23853,sidn.nl,False,0,0,True
EU,23872,letourfemmes.fr,False,0,0,True
EU,23889,pcwelt.de,False,0,0,True
EU,23903,poool.fr,False,0,0,True
EU,23928,smartnews.be,False,0,0,True
EU,23933,nanocosmos.de,False,0,2,True
EU,23936,finanznachrichten.de,False,0,0,True
EU,23942,humanite.fr,True,1,1,True
EU,23951,sdv.fr,False,0,1,True
EU,23956,pcvisit.de,False,1,0,True
EU,23965,univ-lorraine.fr,False,1,0,True
EU,23994,telenet-ops.be,False,0,0,False
EU,24005,nintendo.de,False,0,0,True
EU,24007,abnamro.nl,False,0,0,True
EU,24019,skatteverket.se,False,0,0,True
EU,24027,mtb-news.de,False,0,0,True
EU,24073,slu.se,False,0,0,True
EU,24099,thuisbezorgd.nl,False,0,0,False
EU,24108,in-berlin.de,False,0,0,True
EU,24125,eggsinc.se,False,0,0,True
EU,24174,sorbonne-universite.fr,False,0,0,True
EU,24248,arcor-ip.de,False,0,0,False
EU,24250,nordbayern.de,False,2,0,True
EU,24258,waust.at,False,0,0,False
EU,24284,postbank.de,False,0,0,True
EU,24314,aeroport.fr,False,0,0,True
EU,24315,dataprotection.ie,False,0,0,True
EU,24325,computerbase.de,False,0,0,True
EU,24345,bahnhof.se,False,1,0,True
EU,24377,deutsche-rentenversicherung.de,False,1,0,True
EU,24388,boell.de,False,2,0,True
EU,24405,cantamen.de,False,0,0,True
EU,24406,vtm.be,False,0,0,True
EU,24466,noz.de,False,1,0,True
EU,24469,iss.it,False,0,0,True
EU,24502,inpi.fr,False,3,0,True
EU,24528,uni-wuppertal.de,False,0,0,True
EU,24556,uni-siegen.de,False,0,0,True
EU,24563,startpagina.nl,False,0,0,True
EU,24612,gmx.at,False,1,0,True
EU,24613,difesa.it,False,0,0,True
EU,24679,fff.fr,False,1,0,True
EU,24689,ebay.at,False,0,0,False
EU,24709,uni-duesseldorf.de,False,0,0,True
EU,24718,jimmobile.be,False,0,0,True
EU,24752,franceculture.fr,False,0,0,True
EU,24759,dknadmin.be,False,0,0,False
EU,24772,commerzbank.de,False,0,0,True
EU,24782,nintendo.fr,False,0,0,True
EU,24795,greatnet.de,False,0,0,True
EU,24801,binkdate.nl,False,0,0,True
EU,24811,hearthis.at,False,1,0,True
EU,24821,animeflv.or.at,False,0,0,True
EU,24829,brigitte.de,False,0,0,True
EU,24832,tno.nl,False,0,0,True
EU,24870,kvk.nl,False,0,0,True
EU,24872,consumentenbond.nl,False,0,0,True
EU,24960,bpifrance.fr,False,0,0,False
EU,24965,mz.de,False,0,0,True
EU,24978,telekom.at,False,0,0,False
EU,25007,simplypos.de,False,0,0,False
EU,25039,pinterest.it,False,0,0,True
EU,25042,telekom-domains.de,False,0,0,True
EU,25063,unipa.it,False,1,0,True
EU,25073,unipv.it,False,0,0,True
EU,25078,ticketmaster.es,False,4,0,True
EU,25106,vodafone.es,True,1,3,True
EU,25128,bne.es,False,0,0,False
EU,25158,douglas.de,False,0,0,True
EU,25172,technetbloggers.de,False,0,0,True
EU,25177,hhu.de,False,0,0,True
EU,25179,nic.it,False,0,0,True
EU,25186,rechtspraak.nl,False,0,0,True
EU,25194,geizhals.at,False,0,0,False
EU,25222,ns0.nl,False,0,0,True
EU,25257,auto-motor-und-sport.de,False,0,0,True
EU,25278,thueringen.de,False,0,0,True
EU,25283,egensajt.se,False,1,0,True
EU,25284,univ-lille.fr,False,0,0,True
EU,25344,dupas-sa.fr,False,0,0,False
EU,25356,ad4m.at,False,0,0,True
EU,25384,serviceprovider.nl,False,0,0,True
EU,25414,myleads.fr,False,0,0,False
EU,25472,normattiva.it,False,0,0,True
EU,25489,xel.nl,False,0,0,True
EU,25496,trueserver.nl,False,0,0,False
EU,25509,bsc.es,False,0,0,True
EU,25533,schiphol.nl,False,0,0,False
EU,25546,cdnsrv.de,False,0,0,False
EU,25560,pstmrk.it,False,0,0,True
EU,25565,idcservices.it,False,0,0,False
EU,25582,franceinter.fr,False,0,0,True
EU,25595,vogue.it,True,2,1,True
EU,25607,3sat.de,False,0,0,True
EU,25613,bafa.de,False,0,0,True
EU,25662,ign.fr,False,1,0,True
EU,25710,schleswig-holstein.de,False,0,0,False
EU,25727,scandinavianhosting.se,False,0,0,True
EU,25757,avrotros.nl,False,0,0,True
EU,25776,dgt.es,False,0,0,True
EU,25818,ingv.it,False,0,0,True
EU,25872,sparkasse.de,False,0,2,True
EU,25884,marieclaire.fr,False,0,0,True
EU,25936,chateauversailles.fr,False,1,0,True
EU,25938,amen.fr,False,1,0,True
EU,25992,winfuture.de,False,0,0,True
EU,25996,buecher.de,False,0,0,False
EU,26009,knaw.nl,False,0,0,False
EU,26049,nintendo.nl,False,0,0,True
EU,26054,unice.fr,False,0,0,False
EU,26128,beck.de,False,0,0,True
EU,26134,jpc.de,False,3,0,True
EU,26162,mail.de,False,0,0,True
EU,26166,bit.nl,False,0,0,True
EU,26193,bnnvara.nl,False,0,0,True
EU,26200,uni-greifswald.de,False,0,0,True
EU,26256,dutchnews.nl,False,0,0,True
EU,26282,eventbrite.fr,False,1,0,True
EU,26310,ondacero.es,False,0,0,True
EU,26315,lrz.de,False,0,0,True
EU,26325,ing.nl,False,1,0,True
EU,26341,just-eat.es,False,0,0,False
EU,26367,caisse-epargne.fr,False,1,0,True
EU,26434,ionos.es,False,4,0,True
EU,26435,zaccodigitaltrustlabs.se,False,0,0,False
EU,26475,politie.nl,False,0,0,True
EU,26477,onlinemobilecasinos.de,False,0,0,False
EU,26491,coocaa.nl,False,0,0,False
EU,26512,oxilion.nl,False,0,0,True
EU,26537,mtv.de,False,0,0,True
EU,26591,vub.ac.be,False,0,0,True
EU,26597,classistatic.de,False,0,0,False
EU,26606,dsgvo-gesetz.de,False,0,1,True
EU,26620,fd.nl,False,0,0,True
EU,26636,ehiweb.it,False,2,0,True
EU,26654,fritz-berger.de,False,2,0,True
EU,26661,reseau-canope.fr,False,0,0,False
EU,26673,express.de,False,2,0,True
EU,26685,esy.es,False,0,0,False
EU,26711,irishmirror.ie,False,0,0,True
EU,26726,cirad.fr,False,0,0,True
EU,26790,istruzione.it,False,0,0,False
EU,26822,agid.gov.it,False,0,0,True
EU,26855,bredbandsbolaget.se,False,1,0,True
EU,26864,yourhosting.nl,False,1,0,True
EU,26868,wanadoo.es,False,0,0,False
EU,26888,atruvia.de,False,0,0,True
EU,26902,mitm.it,False,0,0,True
EU,26943,dastelefonbuch.de,False,0,0,True
EU,26945,uvigo.es,False,0,0,True
EU,26956,rebuy.de,False,0,0,False
EU,26957,din.de,False,0,0,True
EU,26963,lto.de,False,0,0,True
EU,26996,ns.ie,False,0,0,False
EU,27002,nexi.it,False,1,0,True
EU,27023,unisa.it,False,0,0,True
EU,27047,vangoghmuseum.nl,False,0,0,True
EU,27053,derstandard.de,False,1,0,True
EU,27056,pcgameshardware.de,False,0,0,True
EU,27080,unicatt.it,False,0,0,True
EU,27098,i-motion.de,False,1,0,True
EU,27116,openpetition.de,False,0,0,True
EU,27118,elitedomains.de,False,0,0,True
EU,27135,dfg.de,False,0,0,True
EU,27162,univ-amu.fr,False,0,0,True
EU,27166,iledefrance.fr,False,0,0,True
EU,27173,blogspot.be,False,0,0,True
EU,27174,dnb.de,False,0,0,True
EU,27189,fh-koeln.de,False,1,0,True
EU,27194,funix.nl,False,0,0,False
EU,27209,innogames.de,False,0,0,True
EU,27210,airbnb.de,False,1,0,True
EU,27245,ac-versailles.fr,False,0,0,False
EU,27351,magwien.gv.at,False,0,0,True
EU,27353,ga.de,False,1,0,True
EU,27359,volksstimme.de,False,0,0,True
EU,27376,tripadvisor.ie,False,0,0,False
EU,27392,hoasted.nl,False,0,0,True
EU,27405,ffe390afd658c19dcbf707e0597b846d.de,False,0,0,False
EU,27454,prosieben.de,False,0,0,True
EU,27499,rexel.fr,False,1,0,True
EU,27513,inaf.it,False,0,0,False
EU,27543,obspm.fr,False,0,0,True
EU,27554,wwf.de,False,0,0,True
EU,27574,wired.it,True,2,1,True
EU,27634,portalbereich.de,False,0,0,True
EU,27659,stockholm.se,False,0,0,True
EU,27667,ujaen.es,False,0,0,True
EU,27697,deutschland.de,False,0,0,True
EU,27705,mainpost.de,False,0,0,True
EU,27708,esmero.nl,False,2,0,True
EU,27717,azubiyo.de,False,0,0,False
EU,27738,trustedshops.de,False,0,0,True
EU,27769,udc.es,False,0,0,True
EU,27779,nuernberg.de,False,1,0,True
EU,27791,okfn.de,False,0,0,True
EU,27794,guenstiger.de,False,0,0,False
EU,27795,pixelx.de,False,0,0,True
EU,27797,nmugroup.se,False,0,0,True
EU,27804,haendlerbund.de,False,1,0,True
EU,27808,register.be,False,0,0,True
EU,27817,vogue.de,True,2,1,True
EU,27826,visa.fr,False,0,0,False
EU,27827,sephora.fr,False,0,0,False
EU,27853,blogg.se,False,0,0,False
EU,27856,usc.es,False,0,0,True
EU,27904,audible.fr,False,0,0,True
EU,27942,it-recht-kanzlei.de,False,0,0,True
EU,27964,carm.es,False,0,0,True
EU,27966,avency.de,False,0,0,True
EU,27970,vistaexpert.it,True,5,1,True
EU,27996,bundeswehr.de,False,0,0,True
EU,28048,regeringen.se,False,0,0,True
EU,28054,ixlhosting.nl,False,0,0,True
EU,28055,kruidvat.nl,False,2,0,True
EU,28058,ulg.ac.be,False,0,0,True
EU,28074,berlios.de,False,2,0,True
EU,28077,pole-emploi.fr,False,0,0,True
EU,28092,icecat.it,False,1,0,True
EU,28100,start-dns.de,False,0,0,False
EU,28105,suedkurier.de,False,0,0,True
EU,28124,bmfsfj.de,False,1,0,True
EU,28148,eram.fr,True,4,1,True
EU,28156,gelocal.it,False,0,0,False
EU,28189,correos.es,False,1,0,True
EU,28227,embl-heidelberg.de,False,0,0,False
EU,28248,lepida.it,False,1,0,True
EU,28264,riksdagen.se,False,1,0,True
EU,28307,visitberlin.de,False,4,0,True
EU,28318,rbb-online.de,False,1,0,True
EU,28333,gq-magazin.de,False,0,1,True
EU,28336,eolo.it,True,1,3,True
EU,28360,developpement-durable.gouv.fr,False,0,0,True
EU,28362,gotoassist.at,False,0,0,False
EU,28408,domserver.de,False,1,0,True
EU,28411,unipr.it,False,1,0,True
EU,28420,infocert.it,True,2,2,True
EU,28426,uca.es,False,1,0,True
EU,28431,wallonie.be,False,0,0,True
EU,28457,idw-online.de,False,0,0,True
EU,28461,uji.es,False,0,0,True
EU,28483,booklooker.de,False,3,0,True
EU,28496,tu-ilmenau.de,False,0,0,True
EU,28497,enedis.fr,False,0,0,True
EU,28547,brutele.be,False,3,0,True
EU,28559,notaires.fr,False,0,0,True
EU,28567,webhostingireland.ie,False,0,0,False
EU,28611,10be.de,False,0,2,True
EU,28617,bvg.de,False,0,0,True
EU,28630,ul.ie,False,0,0,True
EU,28673,dguv.de,False,0,0,True
EU,28708,rmv.de,False,0,0,True
EU,28731,gp.se,False,0,0,True
EU,28752,altroconsumo.it,True,1,1,True
EU,28760,europapark.de,False,0,0,True
EU,28768,nachrichten.at,False,1,0,True
EU,28776,ticketmaster.nl,False,4,0,True
EU,28801,stuve.de,False,0,0,True
EU,28802,dpgmedia.be,False,0,0,True
EU,28804,online.de,False,0,0,False
EU,28819,gsi.de,False,0,0,True
EU,28822,tu-clausthal.de,False,0,0,True
EU,28823,ballou.se,False,0,0,False
EU,28840,ariva.de,False,0,0,True
EU,28844,uni-passau.de,False,0,0,True
EU,28885,rptu.de,False,0,0,True
EU,28889,thelocal.de,False,1,0,True
EU,28890,nikhef.nl,False,0,0,True
EU,28930,mymovies.it,False,0,0,True
EU,28940,unict.it,False,0,0,True
EU,28952,abritel.fr,False,0,0,True
EU,28966,freiepresse.de,False,1,0,True
EU,28985,dyson.it,False,0,0,False
EU,29076,domainmarkt.de,False,0,0,True
EU,29089,gva.be,False,0,0,False
EU,29100,tu-freiberg.de,False,0,0,True
EU,29133,powersrv.de,False,0,0,False
EU,29139,ebay.nl,False,0,0,False
EU,29182,morenutrition.de,True,4,1,True
EU,29184,castillalamancha.es,False,0,0,True
EU,29194,bmwk.de,False,0,0,True
EU,29211,familie.de,False,1,0,True
EU,29238,madavi.de,False,0,0,True
EU,29251,beepworld.de,False,1,0,True
EU,29262,frebsite.nl,False,0,0,True
EU,29275,sr.de,False,0,0,True
EU,29281,lavoro.gov.it,False,1,0,True
EU,29289,nporadio1.nl,False,0,0,True
EU,29291,irishjobs.ie,False,1,0,True
EU,29302,vogel.de,False,0,0,True
EU,29319,agi.it,False,0,0,True
EU,29320,abload.de,False,0,0,False
EU,29366,rheinpfalz.de,False,1,0,True
EU,29399,bbva.es,True,1,2,True
EU,29400,as-infra.de,False,0,0,True
EU,29406,motor-talk.de,False,0,0,True
EU,29408,universite-paris-saclay.fr,False,1,0,True
EU,29419,realworks.nl,False,2,0,True
EU,29420,transfermarkt.de,False,0,0,True
EU,29489,tijd.be,False,0,0,True
EU,29493,staatsbibliothek-berlin.de,False,0,0,True
EU,29495,bundesverfassungsgericht.de,False,0,0,True
EU,29512,bookofra-slot.fr,False,0,2,True
EU,29543,rossmann.de,False,0,0,True
EU,29555,kas-dns-server.de,False,0,0,False
EU,29562,westfalen-blatt.de,False,1,0,True
EU,29588,a-dns-service.de,False,0,0,False
EU,29604,jugendherberge.de,False,0,0,True
EU,29620,domainname.de,False,0,0,True
EU,29664,hugendubel.de,False,0,0,False
EU,29668,dna.fr,False,1,0,True
EU,29682,uah.es,False,0,0,True
EU,29684,werstreamt.es,False,0,0,True
EU,29698,bvb.de,False,0,0,True
EU,29701,manualslib.de,False,0,0,True
EU,29705,diariosur.es,False,2,0,True
EU,29729,winamax.fr,False,2,0,True
EU,29749,uclm.es,False,0,0,False
EU,29751,mercedes-benz.de,False,1,0,True
EU,29759,watson.de,False,0,0,True
EU,29805,bamf.de,False,1,0,True
EU,29815,hse.ie,False,0,0,True
EU,29827,univ-grenoble-alpes.fr,False,1,0,True
EU,29847,gelbeseiten.de,False,0,0,True
EU,29883,u-ga.fr,False,0,0,False
EU,29892,powerdns.de,False,0,0,False
EU,29899,sissa.it,False,0,0,True
EU,29902,fernuni-hagen.de,False,0,0,True
EU,29913,bertelsmann-stiftung.de,False,2,0,True
EU,29935,tmt.de,False,1,0,True
EU,29962,nwzonline.de,False,1,0,True
EU,29970,iledefrance-mobilites.fr,False,0,0,False
EU,29973,weser-kurier.de,False,0,0,True
EU,29987,vodafone.nl,False,1,0,True
EU,29996,geo.fr,False,0,0,True
EU,29999,france.fr,False,1,0,True
EU,30016,bde.es,False,0,0,True
EU,30051,boku.ac.at,False,0,0,True
EU,30063,caib.es,False,0,0,True
EU,30093,unican.es,False,1,0,True
EU,30107,eniris.be,False,0,0,True
EU,30113,aachener-zeitung.de,False,0,0,False
EU,30127,openarchieven.nl,False,0,0,True
EU,30129,thieme-connect.de,False,0,0,True
EU,30168,kinepolis.be,False,0,0,False
EU,30169,stuttgarter-nachrichten.de,False,1,0,True
EU,30173,tng.de,False,0,0,True
EU,30184,urjc.es,False,0,0,True
EU,30209,audible.it,False,0,0,True
EU,30241,heanet.ie,False,1,0,True
EU,30247,webspace-verkauf.de,False,3,0,True
EU,30259,gaug.es,False,0,0,True
EU,30278,avvenire.it,False,0,0,True
EU,30311,renault.fr,False,1,0,True
EU,30314,finanztip.de,False,0,0,True
EU,30320,kataweb.it,False,0,0,True
EU,30336,rdw.nl,False,0,0,True
EU,30340,lehmanns.de,False,0,0,False
EU,30356,drk.de,False,0,0,True
EU,30385,eddie4.nl,False,0,0,False
EU,30386,chiesacattolica.it,False,0,0,True
EU,30404,vidal.fr,False,0,0,True
EU,30410,dasoertliche.de,False,0,0,True
EU,30455,ticketmaster.ie,False,3,0,True
EU,30459,tipico.de,False,1,0,True
EU,30524,astron.nl,False,0,0,True
EU,30528,snafu.de,False,1,0,True
EU,30533,voys.nl,False,0,0,True
EU,30534,joom.it,False,0,0,True
EU,30560,exonet.nl,False,0,0,True
EU,30568,cnes.fr,False,0,0,True
EU,30634,senato.it,False,0,0,True
EU,30654,fewo-direkt.de,False,0,0,True
EU,30668,nameserver.de,False,0,0,False
EU,30746,jpberlin.de,False,0,0,True
EU,30755,airbnb.it,False,2,0,True
EU,30765,nintendo.es,False,0,0,True
EU,30772,letudiant.fr,False,0,0,True
EU,30779,deliveroo.fr,False,5,0,True
EU,30787,volkswagenbank.de,False,0,0,True
EU,30788,safebrands.fr,False,0,0,True
EU,30789,infocamere.it,False,0,0,True
EU,30795,digitale-sammlungen.de,False,0,0,True
EU,30805,ehess.fr,False,0,0,False
EU,30817,work.de,False,0,0,True
EU,30874,mise.gov.it,False,0,0,True
EU,30879,infranken.de,False,0,0,True
EU,30908,uab.es,False,0,0,True
EU,30931,dhm.de,False,0,0,True
EU,30940,gettyimages.ie,False,0,0,False
EU,30947,cnmv.es,False,0,0,False
EU,30969,ovgu.de,False,0,0,True
EU,30977,fact-finder.de,False,1,0,True
EU,30987,ifremer.fr,False,0,0,True
EU,31049,ulpgc.es,False,0,0,False
EU,31054,huffingtonpost.it,False,0,0,True
EU,31055,dice.se,False,2,0,True
EU,31062,diariodesevilla.es,False,1,0,True
EU,31075,upmc.fr,False,0,0,True
EU,31104,zalando-lounge.de,False,2,0,True
EU,31131,bundesgerichtshof.de,False,0,0,True
EU,31144,monde-diplomatique.fr,False,1,0,True
EU,31155,uniba.it,False,0,0,True
EU,31158,defenseurdesdroits.fr,False,1,0,True
EU,31167,notebooksbilliger.de,False,0,0,False
EU,31188,bueromarkt-ag.de,False,0,0,True
EU,31189,iol.it,False,1,0,True
EU,31203,telia.se,True,1,2,True
EU,31223,camcom.it,False,0,0,True
EU,31245,ideal.es,False,0,0,True
EU,31288,rausgegangen.de,False,0,0,False
EU,31303,fnac.es,False,0,0,False
EU,31304,interieur.gouv.fr,False,0,0,False
EU,31327,univ-rennes1.fr,False,0,0,True
EU,31344,paginebianche.it,False,0,0,False
EU,31345,hs-augsburg.de,False,0,0,True
EU,31369,springerprofessional.de,False,0,0,True
EU,31373,doxygen.nl,False,0,0,True
EU,31390,aau.at,False,0,0,True
EU,31403,bitcoin.it,False,0,0,True
EU,31407,sec-ns.de,False,0,0,False
EU,31408,123ns.de,False,0,0,False
EU,31426,vpro.nl,False,0,0,True
EU,31428,unilim.fr,False,0,0,True
EU,31439,berlinale.de,False,1,0,True
EU,31442,stadt-koeln.de,False,0,0,True
EU,31448,s-fg-net.de,False,0,0,False
EU,31454,prensaiberica.es,False,0,0,True
EU,31455,passagen.se,False,1,0,True
EU,31465,tuhh.de,False,0,0,True
EU,31469,ull.es,False,0,0,True
EU,31479,lucardi.nl,False,1,0,True
EU,31517,mitarbeiterangebote.de,False,0,0,True
EU,31519,knack.be,False,0,0,False
EU,31520,plutex.de,False,2,0,True
EU,31566,saarbruecker-zeitung.de,False,2,0,True
EU,31575,ip-projects.de,False,1,0,True
EU,31627,gedidigital.it,False,0,0,False
EU,31641,sepe.es,False,0,0,True
EU,31647,mediasquare.fr,False,0,0,True
EU,31652,inter.it,False,0,0,True
EU,31665,ing.de,False,0,0,True
EU,31668,spamhaushackers.at,False,0,0,False
EU,31669,p7.de,False,0,0,False
EU,31671,uni-sb.de,False,0,0,False
EU,31684,kivbf.de,False,0,0,False
EU,31708,embl.de,False,0,0,True
EU,31720,ui-portal.de,False,0,0,False
EU,31735,dpma.de,False,0,0,True
EU,31759,dnsforge.de,False,0,2,True
EU,31775,azure-dns.de,False,0,0,False
EU,31780,uni-hohenheim.de,False,0,0,True
EU,31789,ccomptes.fr,False,0,0,False
EU,31794,museoreinasofia.es,False,0,0,True
EU,31817,dnssrv.nl,False,0,0,False
EU,31844,enel.it,True,1,3,True
EU,31853,dnsuser.de,False,0,0,False
EU,31868,rtlnieuws.nl,False,0,0,True
EU,31877,aldi-sued.de,False,4,0,True
EU,31953,raccourci.fr,False,0,0,True
EU,31967,uni-koblenz.de,False,0,0,True
EU,31988,uni-bamberg.de,False,0,0,True
EU,32026,lecho.be,False,0,0,True
EU,32030,onisep.fr,False,0,0,False
EU,32031,westermann.de,False,1,0,True
EU,32032,femmeactuelle.fr,False,0,0,True
EU,32048,internet1.de,False,0,0,False
EU,32050,slub-dresden.de,False,0,0,True
EU,32060,sipgate.de,False,0,1,True
EU,32066,meduniwien.ac.at,False,0,0,True
EU,32071,baur.de,False,0,0,False
EU,32106,bancaditalia.it,False,0,0,True
EU,32110,u-paris.fr,False,0,0,True
EU,32157,mediasmart.es,False,0,0,False
EU,32159,u-picardie.fr,False,0,0,True
EU,32164,zoll.de,False,0,0,True
EU,32178,9292.nl,False,0,0,True
EU,32182,cnrtl.fr,False,0,0,True
EU,32187,jccm.es,False,1,0,True
EU,32244,first-ns.de,False,0,0,False
EU,32249,sr.se,False,0,0,True
EU,32250,garr.it,False,0,0,True
EU,32262,payback.de,False,0,0,True
EU,32266,lyon.fr,False,0,0,True
EU,32325,uni-weimar.de,False,0,0,True
EU,32327,tuwien.at,False,0,0,True
EU,32329,helios-gesundheit.de,False,0,0,True
EU,32364,axelspringer.de,False,0,0,True
EU,32370,tripadvisor.nl,False,0,0,False
EU,32378,goip.de,False,0,0,True
EU,32388,travelbook.de,False,0,0,True
EU,32428,gettyimages.de,False,0,0,False
EU,32435,m6.fr,False,0,0,True
EU,32438,pwc.de,False,0,0,True
EU,32517,autoweek.nl,False,0,0,True
EU,32520,libreriauniversitaria.it,False,3,0,True
EU,32528,manage-now.de,False,0,0,True
EU,32531,wu.ac.at,False,0,0,True
EU,32559,mde.es,False,0,0,False
EU,32560,coolblue.de,False,0,0,False
EU,32564,adidas.de,False,0,0,False
EU,32587,ab-in-den-urlaub.de,False,0,0,True
EU,32598,goteborg.se,False,0,0,True
EU,32608,laverdad.es,False,1,0,True
EU,32612,alternate.de,False,2,0,True
EU,32615,ots.at,False,0,0,True
EU,32627,ri.se,False,0,0,True
EU,32650,autostrade.it,False,1,0,True
EU,32651,uniroma3.it,False,0,0,True
EU,32653,polisen.se,False,0,0,True
EU,32663,iac.es,False,1,0,True
EU,32671,onb.ac.at,False,0,0,True
EU,32686,telefonica.es,False,0,0,True
EU,32688,milanofinanza.it,False,1,0,True
EU,32707,traum-ferienwohnungen.de,False,1,0,True
EU,32708,contrataciondelestado.es,False,0,0,True
EU,32715,museum-digital.de,False,0,0,True
EU,32726,oeamtc.at,False,0,0,True
EU,32735,eventbrite.es,False,1,0,True
EU,32747,johanniter.de,False,0,0,True
EU,32748,scb.se,False,0,0,True
EU,32750,meteofrance.fr,False,0,0,True
EU,32795,flaconi.de,False,0,0,False
EU,32802,pricecat.be,False,1,0,True
EU,32806,saechsische.de,False,0,0,False
EU,32831,mtv.fr,False,0,0,True
EU,32844,uni-magdeburg.de,False,0,0,True
EU,32872,datawrapper.de,False,1,0,True
EU,32888,ronet.de,False,0,0,True
EU,32909,handelsregister.de,False,0,0,True
EU,32923,thieme.de,False,0,0,True
EU,32975,gn.gov.ie,False,0,0,False
EU,33000,republicain-lorrain.fr,False,1,0,True
EU,33004,tv4.se,False,0,0,True
EU,33028,today.it,False,0,0,True
EU,33035,r-l-x.de,False,0,0,False
EU,33041,pcgames.de,False,0,0,True
EU,33043,karwei.nl,False,0,0,False
EU,33061,farodevigo.es,False,0,0,False
EU,33062,prsmedia.fr,False,0,0,False
EU,33073,etracker.de,False,0,0,True
EU,33085,fnp.de,False,0,0,True
EU,33111,omroepbrabant.nl,False,0,0,True
EU,33113,bfarm.de,False,0,0,True
EU,33140,apotheken-umschau.de,False,1,0,True
EU,33173,greenpeace.de,False,0,0,True
EU,33192,server-eye.de,False,0,0,True
EU,33206,helvetia.it,False,0,0,True
EU,33210,uecdn.es,False,0,0,False
EU,33227,logoip.de,False,0,0,False
EU,33229,breakingnews.ie,False,0,0,True
EU,33230,intersport.de,False,0,0,False
EU,33269,adr.it,False,0,0,True
EU,33281,bmel.de,False,0,0,False
EU,33288,belgiantrain.be,False,0,0,False
EU,33303,congreso.es,False,0,0,True
EU,33305,webnode.es,False,1,0,True
EU,33331,bosch.de,False,0,0,True
EU,33333,debijenkorf.nl,False,0,0,False
EU,33345,limango.de,True,3,2,True
EU,33350,hwupgrade.it,False,0,0,True
EU,33352,ilmanifesto.it,True,1,1,True
EU,33356,adm.gov.it,False,0,0,True
EU,33369,elle.de,False,0,0,True
EU,33382,inrs.fr,False,0,0,True
EU,33383,sciencesetavenir.fr,False,1,0,True
EU,33385,vivaticket.it,False,0,0,True
EU,33387,northdata.de,False,0,0,True
EU,33389,lvr.de,False,0,0,False
EU,33424,ulb.be,False,0,0,True
EU,33442,duesseldorf.de,False,1,0,True
EU,33445,justeat.it,False,0,0,False
EU,33540,webawere.nl,False,0,0,False
EU,33547,sitehosting.nl,False,2,0,True
EU,33582,oberberg-online.de,False,0,0,False
EU,33629,dmsolutions.de,False,1,0,True
EU,33650,mediamarkt.nl,False,0,0,False
EU,33660,univ-tours.fr,False,0,0,True
EU,33664,iberdrola.es,False,0,0,True
EU,33675,terra.es,False,0,0,False
EU,33703,voo.be,False,3,0,True
EU,33722,nshost2.de,False,0,0,False
EU,33744,sydsvenskan.se,False,0,0,True
EU,33757,messe-stuttgart.de,False,0,0,True
EU,33772,savit.de,False,0,0,True
EU,33789,11freunde.de,False,0,0,True
EU,33791,wtnet.de,False,0,0,True
EU,33792,expedia.de,False,0,0,False
EU,33807,billiger.de,True,1,2,True
EU,33834,docmorris.de,True,1,1,True
EU,33844,playnet.it,False,0,0,True
EU,33893,doctoralia.es,False,0,0,True
EU,33917,tu-braunschweig.de,False,0,0,True
EU,33926,jm-data.at,False,0,0,True
EU,33958,everyeye.it,False,0,0,True
EU,33969,lifen.fr,False,0,0,True
EU,33974,uwv.nl,False,0,0,True
EU,33986,agma-analytics.de,False,0,0,False
EU,34014,schwarzwaelder-bote.de,False,2,0,True
EU,34023,ireland.ie,False,0,0,False
EU,34033,dradio.de,False,0,0,True
EU,34039,simplybook.it,False,1,0,True
EU,34043,suedwestfalenit.de,False,0,0,False
EU,34082,lvz.de,False,0,0,False
EU,34090,zdnet.fr,False,0,0,True
EU,34108,bka.de,False,0,0,False
EU,34127,lovefromallareas.at,False,0,0,False
EU,34144,netto-online.de,False,4,0,True
EU,34151,lotto24.de,False,0,0,False
EU,34164,schulserver.de,False,0,0,True
EU,34179,bergfreunde.de,False,3,0,True
EU,34213,websupport.se,False,3,0,True
EU,34214,knuddels.de,False,0,0,True
EU,34219,abes.fr,False,1,0,True
EU,34236,largus.fr,False,0,0,True
EU,34244,autoscout24.nl,False,0,0,True
EU,34251,age.gob.es,False,0,0,False
EU,34272,kfzteile24.de,False,3,0,True
EU,34275,peek-cloppenburg.de,False,0,0,False
EU,34299,airbnb.es,False,2,0,True
EU,34311,umontpellier.fr,False,0,0,True
EU,34320,lalsace.fr,False,1,0,True
EU,34329,odns.fr,False,0,0,False
EU,34380,zalando.ie,True,6,1,True
EU,34391,affaritaliani.it,False,1,0,True
EU,34427,gettyimages.fr,False,0,0,False
EU,34432,vogue.es,False,0,1,True
EU,34445,distriauto.fr,False,0,0,False
EU,34461,domainoo.fr,False,0,0,False
EU,34473,forumfree.it,False,1,0,True
EU,34476,bonniernews.se,False,0,0,True
EU,34491,planet.nl,False,0,0,True
EU,34495,fft.fr,False,0,0,True
EU,34514,airsoft-verzeichnis.de,False,0,0,True
EU,34515,pharmazeutische-zeitung.de,False,0,0,True
EU,34526,medimops.de,False,0,0,False
EU,34549,iserv.de,False,0,0,True
EU,34562,deutsche-digitale-bibliothek.de,False,0,0,False
EU,34611,galeria.de,False,0,0,False
EU,34621,perlentaucher.de,False,0,0,True
EU,34623,baua.de,False,0,0,False
EU,34626,globetrotter.de,False,0,0,False
EU,34670,telemadrid.es,False,0,0,True
EU,34705,reserva.be,False,0,0,False
EU,34707,liketoknow.it,False,0,0,True
EU,34723,expert.de,False,1,0,True
EU,34755,helvetia.es,False,0,0,True
EU,34768,tchncs.de,False,0,0,True
EU,34776,dwds.de,False,0,0,True
EU,34778,eniro.se,False,0,0,False
EU,34783,sicurezzapostale.it,False,0,0,False
EU,34784,dzbank.de,False,0,0,True
EU,34811,alamy.de,False,1,0,True
EU,34814,beslist.nl,True,1,1,True
EU,34831,bundesarchiv.de,False,2,0,True
EU,34842,bio-link.se,False,0,0,True
EU,34937,limburger.nl,False,0,0,False
EU,34939,dresden.de,False,0,0,True
EU,34941,datenschutz.de,False,0,0,True
EU,34948,consorsbank.de,False,0,0,True
EU,34965,odido.nl,False,2,0,True
EU,34998,1177.se,False,0,0,True
EU,35036,verdi.de,False,0,0,True
EU,35037,zeelandnet.nl,False,0,0,True
EU,35089,unisi.it,False,0,0,True
EU,35111,stuttgart.de,False,0,0,True
EU,35119,twt.it,False,0,0,True
EU,35123,unica.it,False,0,0,True
EU,35129,webnode.fr,False,1,0,True
EU,35134,zooplus.de,False,5,0,True
EU,35149,proxi.nl,False,0,1,True
EU,35151,mueller.de,False,3,0,True
EU,35152,conseil-constitutionnel.fr,False,0,0,True
EU,35162,swr3.de,False,0,0,True
EU,35166,wienerzeitung.at,False,0,0,True
EU,35170,tweedekamer.nl,False,0,0,True
EU,35171,deltares.nl,False,0,0,True
EU,35194,ahk.de,False,0,0,True
EU,35220,leaseweb.nl,False,0,0,True
EU,35258,legaseriea.it,False,0,0,False
EU,35263,wn.de,False,1,0,True
EU,35275,digitalcourage.de,False,0,0,True
EU,35284,lip6.fr,False,1,0,True
EU,35291,bike-components.de,True,2,1,True
EU,35329,humo.be,False,0,0,True
EU,35335,inail.it,False,0,0,True
EU,35343,cyberserv.nl,False,0,0,True
EU,35344,solcon.nl,False,0,0,True
EU,35346,incibe.es,False,0,0,True
EU,35353,schalke04.de,False,0,0,True
EU,35366,hostslim.nl,False,1,0,True
EU,35402,iiasa.ac.at,False,0,0,False
EU,35410,defensa.gob.es,False,1,0,True
EU,35436,uniud.it,False,1,0,True
EU,35456,rollingstone.de,False,0,0,True
EU,35491,hannovermesse.de,False,0,0,True
EU,35503,univ-paris1.fr,False,0,0,True
EU,35504,ddns3-instar.de,False,0,0,False
EU,35510,speicherzentrum.de,False,0,0,True
EU,35512,unipg.it,False,1,0,True
EU,35514,societe-des-avis-garantis.fr,False,3,0,True
EU,35525,ruhrnachrichten.de,True,1,1,True
EU,35532,ticketmaster.fr,False,0,0,False
EU,35571,unicredit.it,False,1,0,True
EU,35575,sbg.ac.at,False,0,0,False
EU,35582,ual.es,False,0,0,True
EU,35595,monoprix.fr,False,0,0,False
EU,35601,frankfurt.de,False,0,0,False
EU,35622,ltu.se,False,0,0,True
EU,35624,dds.nl,False,0,0,True
EU,35645,lycos.de,False,0,0,False
EU,35664,ack.de,False,0,0,True
EU,35706,ardsounds.de,False,0,0,True
EU,35708,katholisch.de,False,0,0,True
EU,35709,verbraucher-schlichter.de,False,0,0,True
EU,35718,haz.de,False,0,0,False
EU,35722,ffr.fr,False,0,0,True
EU,35736,volksfreund.de,False,2,0,True
EU,35737,cica.es,False,0,0,True
EU,35740,blablacar.fr,False,0,0,False
EU,35750,elcomercio.es,False,0,0,True
EU,35761,dvhn.nl,False,0,0,False
EU,35824,internazionale.it,False,0,0,True
EU,35826,brak.de,False,0,0,True
EU,35840,uni-karlsruhe.de,False,0,0,True
EU,35856,gameduell.de,False,0,0,True
EU,35862,online.nl,False,1,0,True
EU,35882,ruv.de,False,1,0,True
EU,35898,brusselsairport.be,False,1,0,True
EU,35918,francetv.fr,False,1,0,True
EU,35919,education.gouv.fr,False,0,0,False
EU,35964,qualitymedianetwork.de,False,0,0,True
EU,36031,sqr.nl,False,0,0,True
EU,36045,hardware.fr,False,0,0,True
EU,36068,maz-online.de,False,0,0,False
EU,36080,mimit.gov.it,False,0,0,True
EU,36100,poderjudicial.es,False,0,0,True
EU,36102,centralesupelec.fr,False,0,0,True
EU,36103,unical.it,False,0,0,True
EU,36128,carlsen.de,False,3,0,True
EU,36156,brgm.fr,False,1,0,True
EU,36159,vi.nl,False,0,0,True
EU,36176,musicstore.de,False,0,0,False
EU,36177,smava.de,False,1,0,True
EU,36186,funkemedien.de,False,0,0,True
EU,36188,alsa.es,False,0,0,False
EU,36199,moviemeter.nl,False,0,0,False
EU,36232,certigna.fr,False,1,0,True
EU,36239,eventbrite.ie,False,1,0,True
EU,36290,coolblue.be,False,0,0,False
EU,36301,ad-magazin.de,True,2,1,True
EU,36312,dfki.de,False,0,0,False
EU,36380,fecyt.es,False,0,0,True
EU,36387,home.nl,False,0,0,True
EU,36404,laola1.at,False,0,0,True
EU,36406,liberoquotidiano.it,False,0,0,True
EU,36430,hoy.es,False,0,0,True
EU,36431,polytechnique.fr,False,0,0,True
EU,36450,mittelbayerische.de,False,0,0,True
EU,36451,idowa.de,False,1,0,True
EU,36455,facebook.de,False,1,0,True
EU,36492,diariodemallorca.es,False,0,0,False
EU,36493,mines-paristech.fr,False,0,0,False
EU,36507,autobid.de,False,0,0,True
EU,36513,apotheke-adhoc.de,False,0,0,True
EU,36524,6cloud.fr,False,0,0,False
EU,36539,bycs.de,False,0,0,True
EU,36544,boerse.de,False,0,0,False
EU,36556,dnstools.nl,False,0,0,False
EU,36594,fekahost.nl,False,0,0,True
EU,36595,inputservice.it,False,0,0,False
EU,36597,rtpslots.de,False,0,0,True
EU,36599,newyorker.de,False,0,0,True
EU,36601,penguin.de,False,0,0,True
EU,36643,csi.it,False,0,0,True
EU,36647,monsterserver.de,False,0,0,True
EU,36662,dumpert.nl,False,0,0,True
EU,36669,telesec.de,False,0,0,True
EU,36679,personio-internal.de,False,0,0,False
EU,36682,univ-lyon2.fr,False,0,0,True
EU,36686,pkwteile.de,False,0,0,False
EU,36687,meinprospekt.de,False,0,0,True
EU,36702,deutschlandradio.de,False,0,0,True
EU,36787,univr.it,False,0,0,True
EU,36789,berliner-kurier.de,False,1,0,True
EU,36796,trafikverket.se,False,0,0,True
EU,36811,sergas.es,False,2,0,True
EU,36850,digid.nl,False,0,0,True
EU,36854,interno.it,False,0,0,True
EU,36862,paddypower.it,False,0,0,False
EU,36868,lth.se,False,0,0,True
EU,36893,bioeg.de,False,0,0,True
EU,36901,fussballdaten.de,False,0,0,False
EU,36909,urlz.fr,False,0,0,False
EU,36913,aphp.fr,False,1,0,True
EU,36923,panorama.it,False,1,0,True
EU,36931,pandora.be,False,0,0,False
EU,36942,mynet.it,False,1,0,True
EU,36970,transportstyrelsen.se,False,0,0,True
EU,37002,hardwareluxx.de,False,0,0,True
EU,37019,testberichte.de,False,0,1,True
EU,37052,rapidshare.de,False,0,0,False
EU,37079,gqmagazine.fr,True,1,1,True
EU,37082,desired.de,False,0,0,True
EU,37088,rhein-zeitung.de,False,0,0,True
EU,37091,juntaex.es,False,0,0,True
EU,37100,pik-potsdam.de,False,0,0,True
EU,37101,casino-mit-gewinnchance.de,False,0,0,True
EU,37136,centraalbeheer.nl,False,0,0,True
EU,37211,fotocommunity.de,False,0,0,False
EU,37212,promiflash.de,False,0,0,True
EU,37213,bmz.de,False,3,0,True
EU,37229,quattroruote.it,False,1,0,True
EU,37230,unidadeditorial.es,False,0,0,True
EU,37241,esquire.de,False,0,0,True
EU,37286,metronieuws.nl,False,0,0,True
EU,37300,isabel.be,False,0,0,True
EU,37343,seld.be,False,0,0,True
EU,37367,leasingmarkt.de,False,0,1,True
EU,37375,blogspot.co.at,False,0,0,True
EU,37390,kruidvat.be,False,3,0,True
EU,37407,etos.nl,True,2,0,True
EU,37430,ewetel.de,False,0,0,False
EU,37456,netclusive.de,False,0,1,True
EU,37466,axa.fr,False,1,0,True
EU,37486,boards.ie,False,0,0,False
EU,37496,mooiedomeinnaam.nl,False,0,0,True
EU,37502,springtools.de,False,0,0,False
EU,37507,vip.nl,False,1,0,True
EU,37518,bb-dns.nl,False,0,0,True
EU,37547,voila.fr,False,0,0,True
EU,37561,screwfix.ie,False,0,0,False
EU,37585,linkiesta.it,False,1,0,True
EU,37599,bestecasinoliste.de,False,0,0,False
EU,37606,francetelevisions.fr,False,0,0,True
EU,37616,hostpress.de,False,1,0,True
EU,37622,tripadvisor.be,False,0,0,False
EU,37641,chaosdorf.de,False,0,0,True
EU,37658,klm.be,False,1,0,True
EU,37669,gamma.be,False,0,0,False
EU,37674,transfermarkt.es,False,0,0,True
EU,37688,veepee.fr,False,5,0,True
EU,37722,archi.fr,False,0,0,False
EU,37732,stimme.de,False,2,0,True
EU,37747,4players.de,False,0,0,True
EU,37773,noen.at,False,0,0,False
EU,37789,uca.fr,False,1,0,True
EU,37804,univpm.it,False,0,0,False
EU,37832,demon.nl,False,0,0,False
EU,37839,elnortedecastilla.es,False,0,0,True
EU,37841,rnz.de,False,2,0,True
EU,37868,paradores.es,False,0,0,False
EU,37887,leipzig.de,False,0,0,True
EU,37894,bmjv.de,False,2,0,True
EU,37900,livedealerspiele.de,False,0,0,False
EU,37908,viceroy.es,True,4,0,True
EU,37914,deutsches-museum.de,False,0,0,True
EU,37932,gettyimages.es,False,0,0,False
EU,37938,dlrg.de,False,0,0,True
EU,37946,capital.de,False,1,0,True
EU,37948,mvv-muenchen.de,False,0,0,True
EU,37951,hannover.de,False,0,0,True
EU,37953,vdab.be,False,0,0,True
EU,37957,aldi-nord.de,False,0,0,True
EU,37958,arbeiterkammer.at,False,1,0,True
EU,37960,wuerth.de,False,3,0,True
EU,37970,icecat.es,False,1,0,True
EU,37977,sosh.fr,False,0,0,True
EU,38019,uffizi.it,False,0,0,True
EU,38072,cheaptickets.nl,False,2,0,True
EU,38131,input.ve.it,False,0,0,True
EU,38137,focus.it,False,0,0,True
EU,38154,ingenieur.de,False,0,0,True
EU,38186,pec.it,False,1,0,True
EU,38188,thueringer-allgemeine.de,False,2,0,True
EU,38190,autoteiledirekt.de,False,0,0,False
EU,38203,cruzroja.es,False,0,0,True
EU,38232,surf.nl,False,0,0,True
EU,38246,tre.se,False,0,1,True
EU,38251,merinfo.se,False,0,0,False
EU,38270,teltarif.de,False,1,0,True
EU,38290,bfs.de,False,1,0,True
EU,38316,thuisarts.nl,False,0,0,True
EU,38359,paruvendu.fr,False,1,0,True
EU,38373,simplebooking.it,False,0,0,True
EU,38420,swipnet.se,False,0,0,False
EU,38435,freepik.es,False,2,0,True
EU,38439,hrworks.de,False,0,0,True
EU,38501,drei.at,False,0,0,True
EU,38537,intred.it,False,1,0,True
EU,38538,ifo.de,False,0,0,True
EU,38581,tomshw.it,False,0,0,False
EU,38588,introweb.nl,False,0,0,False
EU,38589,triple.nl,False,1,0,True
EU,38598,hosted.nl,False,0,0,True
EU,38625,mydirtyhobby.de,False,0,0,True
EU,38639,ntdns.de,False,0,0,False
EU,38659,my3cx.de,False,0,0,False
EU,38665,reichelt.de,False,0,0,False
EU,38666,ac-grenoble.fr,False,0,0,False
EU,38673,eon.de,False,0,0,False
EU,38687,noventi-ora.de,False,0,0,True
EU,38724,weekli.de,False,1,0,True
EU,38730,post.at,False,3,0,True
EU,38760,moebel.de,False,0,0,False
EU,38780,boerse-online.de,False,2,0,True
EU,38787,airbnb.at,False,2,0,True
EU,38800,db-dns.de,False,0,0,False
EU,38803,roportaj.nl,False,0,0,True
EU,38837,bmuv.de,False,2,0,True
EU,38892,fh-muenster.de,False,0,0,True
EU,38911,unex.es,False,0,0,False
EU,38915,moz.de,False,1,0,True
EU,38916,golocal.de,False,0,0,True
EU,38921,theses.fr,False,0,0,False
EU,38935,atosorigin.de,False,0,0,False
EU,38936,u-bourgogne.fr,False,0,0,True
EU,38939,nd-aktuell.de,False,0,0,True
EU,38945,arbetsformedlingen.se,False,0,0,True
EU,38949,hi3gaccess.se,False,0,0,False
EU,38988,fitforfun.de,False,0,0,True
EU,39017,ns35.de,False,0,0,False
EU,39031,keurigonline.nl,False,1,0,True
EU,39051,slon6.at,False,0,0,False
EU,39059,government.se,False,0,0,False
EU,39070,impressum-generator.de,False,0,0,True
EU,39080,t1p.de,False,0,0,True
EU,39089,antenne.de,False,1,0,True
EU,39090,vosgesmatin.fr,False,1,0,True
EU,39097,unimore.it,False,0,0,True
EU,39101,cartecadeaubeaute.fr,False,0,0,False
EU,39119,greenme.it,False,0,0,True
EU,39121,naderman.de,False,0,0,True
EU,39137,actionlogement.fr,False,0,0,True
EU,39175,inrim.it,False,0,0,True
EU,39178,adidas.fr,False,0,0,False
EU,39191,louis.de,True,3,1,True
EU,39192,networkoperations.nl,False,0,0,True
EU,39199,trivago.de,False,0,0,True
EU,39200,ergo.de,False,1,0,True
EU,39203,yelp.be,False,0,2,True
EU,39209,kabel-deutschland.de,False,0,0,False
EU,39212,buytickets.at,False,1,0,True
EU,39223,congstar.de,False,2,0,True
EU,39252,saturn.de,False,0,0,False
EU,39276,v-dns.de,False,0,0,False
EU,39280,wu-wien.ac.at,False,0,0,False
EU,39289,uvsq.fr,False,0,0,True
EU,39293,iltempo.it,False,0,0,True
EU,39319,rcs.it,False,0,0,True
EU,39331,ou.nl,False,0,0,True
EU,39337,chez-alice.fr,False,0,0,False
EU,39373,bnpparibasfortis.be,False,0,1,True
EU,39384,bmu.de,False,2,0,True
EU,39413,netdoktor.de,False,0,0,True
EU,39419,catholique.fr,False,1,0,True
EU,39430,swedbank.se,False,0,0,True
EU,39441,maregionsud.fr,False,0,0,True
EU,39445,asturias.es,False,0,0,True
EU,39450,satserver.nl,False,0,0,True
EU,39478,bnn.de,False,0,0,True
EU,39479,joybuy.de,True,4,1,True
EU,39483,zcom.it,False,0,0,True
EU,39496,club-internet.fr,False,0,0,False
EU,39524,umh.es,False,1,0,True
EU,39525,reisereporter.de,False,0,0,False
EU,39526,leuphana.de,False,0,0,True
EU,39561,santemagazine.fr,False,0,0,True
EU,39570,operadeparis.fr,False,2,0,True
EU,39577,rotterdam.nl,False,0,0,True
EU,39586,com.de,False,1,0,True
EU,39625,backmarket.fr,True,4,2,True
EU,39628,on3cx.de,False,0,0,False
EU,39647,delijn.be,False,0,0,True
EU,39652,paris-normandie.fr,False,1,0,True
EU,39656,th-rosenheim.de,False,0,0,True
EU,39666,bpost.be,False,0,0,True
EU,39676,funpic.de,False,0,0,False
EU,39701,hosttech.at,False,0,0,True
EU,39754,mindfactory.de,False,0,0,True
EU,39775,grootmeesters.nl,False,0,0,True
EU,39794,fok.nl,False,0,0,True
EU,39795,micso.it,False,1,0,True
EU,39802,mein-datenschutzbeauftragter.de,False,0,0,True
EU,39816,fondoambiente.it,False,2,0,True
EU,39853,kundenserver.de,False,0,0,True
EU,39871,realo.be,False,0,0,False
EU,39885,papyrus-gmbh.de,False,1,0,True
EU,39910,univ-poitiers.fr,False,0,0,True
EU,39913,trivago.es,False,0,0,True
EU,39915,alamyimages.fr,False,1,0,True
EU,39944,esselunga.it,False,4,0,True
EU,39952,betfair.it,False,0,0,False
EU,39964,unileon.es,False,0,0,True
EU,39973,fci.be,False,0,0,True
EU,39981,mediaset.es,False,1,0,True
EU,39999,adverts.ie,False,0,0,False
EU,40024,enst.fr,False,2,0,True
EU,40088,jobs.ie,False,0,0,True
EU,40115,dispaccisforzeschi.it,False,0,1,True
EU,40131,mercateo.be,False,2,0,True
EU,40132,stadt-bremerhaven.de,False,0,0,True
EU,40167,oekotest.de,False,1,0,True
EU,40176,pexi.nl,False,0,0,True
EU,40182,vintagestory.at,True,1,2,True
EU,40200,antwerpen.be,False,0,0,True
EU,40204,name-server-kas.de,False,0,0,False
EU,40207,ai-dns.de,False,0,0,False
EU,40231,aquacomputer.de,False,0,0,True
EU,40282,nintendo.at,False,0,0,True
EU,40296,francecompetences.fr,False,0,0,True
EU,40316,noordhollandsdagblad.nl,False,0,0,False
EU,40376,pzc.nl,False,0,0,True
EU,40379,donaukurier.de,False,0,0,True
EU,40384,aktion-mensch.de,False,1,0,True
EU,40387,admagazine.fr,False,0,1,True
EU,40391,bzga.de,False,0,0,True
EU,40394,soscisurvey.de,False,0,0,True
EU,40404,fhg.de,False,0,0,True
EU,40415,kingdread.de,False,0,0,True
EU,40418,rfef.es,False,0,0,False
EU,40422,corriereobjects.it,False,0,0,False
EU,40426,audible.es,False,0,0,True
EU,40470,serviciodecorreo.es,False,0,0,True
EU,40472,idealo.it,False,0,0,True
EU,40474,fram.fr,False,0,1,True
EU,40485,hannover-stadt.de,False,0,0,True
EU,40496,trivago.fr,False,0,0,True
EU,40515,canarias7.es,False,2,0,True
EU,40518,paris-sorbonne.fr,False,0,0,False
EU,40533,ac-aix-marseille.fr,False,0,0,False
EU,40565,uni-luebeck.de,False,0,0,True
EU,40568,sms-murau.at,False,0,0,True
EU,40571,mainns.de,False,0,0,False
EU,40575,wetterzentrale.de,False,0,0,True
EU,40584,tu-muenchen.de,False,0,0,False
EU,40585,courrier-picard.fr,False,2,0,True
EU,40602,htw-berlin.de,False,0,0,True
EU,40607,trivago.it,False,0,0,True
EU,40623,ohou.se,True,1,1,True
EU,40637,flixbus.de,False,1,0,True
EU,40655,netset.se,False,0,0,True
EU,40677,witt-weiden.de,False,3,0,True
EU,40695,autoplus.fr,False,0,0,True
EU,40701,lemarit.de,False,1,0,True
EU,40722,stripchat.be,False,0,0,True
EU,40767,pap.fr,False,0,0,False
EU,40774,gemos-management.de,False,0,0,True
EU,40796,main-echo.de,False,0,0,True
EU,40804,dkrz.de,False,0,0,True
EU,40809,gamepro.de,False,0,0,False
EU,40818,gettyimages.it,False,0,0,False
EU,40836,dila.fr,False,0,0,False
EU,40842,eventbrite.nl,False,1,0,True
EU,40844,mediamarkt.at,False,0,0,False
EU,40849,istruzione.gov.it,False,0,0,False
EU,40855,ac-poitiers.fr,False,0,0,False
EU,40889,tvnow.de,False,0,0,True
EU,40901,lumni.fr,False,0,0,True
EU,40925,pathe.nl,False,0,0,True
EU,40967,aboutyou.nl,False,2,0,True
EU,40981,icecat.de,False,1,0,True
EU,40984,college-de-france.fr,False,0,0,True
EU,40987,universityofgalway.ie,False,0,0,True
EU,40997,planet-wissen.de,False,0,0,True
EU,41003,informacion.es,False,0,0,False
EU,41015,univ-brest.fr,False,0,0,True
EU,41017,yandex.fr,False,0,0,True
EU,41028,computerwoche.de,False,0,0,True
EU,41035,cherry-hosting.nl,False,0,0,True
EU,41040,colruyt.be,False,2,0,True
EU,41044,thelocal.fr,False,1,0,True
EU,41051,robbast.nl,False,0,0,True
EU,41060,salator.es,False,0,0,False
EU,41080,inera.it,False,0,0,True
EU,41096,futurezone.at,False,0,0,True
EU,41106,medunigraz.at,False,0,0,True
EU,41108,ac-normandie.fr,False,0,0,False
EU,41122,parisaeroport.fr,False,0,0,True
EU,41143,gallimard.fr,False,0,0,True
EU,41159,heine.de,False,3,0,True
EU,41163,nintendo.it,False,0,0,True
EU,41172,lci.fr,False,1,0,True
EU,41192,westlotto.de,False,3,0,True
EU,41218,ptcloud.de,False,1,0,True
EU,41223,medialibrary.it,False,1,0,True
EU,41250,iodonna.it,False,0,0,True
EU,41280,huk.de,False,0,0,True
EU,41287,conforama.es,False,4,0,True
EU,41292,eldia.es,False,0,0,False
EU,41301,dnb.nl,False,0,0,True
EU,41320,migrationsverket.se,False,0,0,True
EU,41327,tin.it,False,0,0,False
EU,41345,rmi.fr,False,0,0,False
EU,41348,gofeminin.de,False,1,0,True
EU,41383,bonn.de,False,0,0,True
EU,41463,scarlet.be,False,1,0,True
EU,41487,aon.at,False,0,0,False
EU,41490,marionnaud.fr,False,5,0,True
EU,41505,aerztezeitung.de,False,0,0,True
EU,41506,movistarplus.es,False,0,3,True
EU,41522,insa-lyon.fr,False,1,0,True
EU,41526,zooplus.es,False,3,0,True
EU,41538,naamservert.nl,False,0,0,False
EU,41543,idealo.es,False,0,0,True
EU,41572,oma.be,False,0,0,True
EU,41576,totalenergies.fr,False,0,1,True
EU,41577,uvt.nl,False,0,0,False
EU,41614,paginasamarillas.es,False,0,0,True
EU,41644,ad-hoc-news.de,False,0,0,True
EU,41653,unibocconi.it,False,0,0,True
EU,41666,bsz-bw.de,False,0,0,True
EU,41738,rijnmond.nl,False,0,0,True
EU,41751,maif.fr,False,1,0,True
EU,41758,telepolis.de,False,0,0,True
EU,41779,hagebau.de,False,3,0,True
EU,41784,omni.se,False,0,0,True
EU,41850,lecker.de,False,0,0,True
EU,41872,karlsruhe.de,False,0,0,True
EU,41877,expedia.it,False,0,0,False
EU,41887,rtl-hbbtv.de,False,0,0,False
EU,41914,lc.nl,False,0,0,False
EU,41917,firewall-gateway.de,False,0,0,False
EU,41937,autotrack.nl,False,0,0,True
EU,41939,diw.de,False,0,0,False
EU,41943,iex.nl,False,0,0,True
EU,41944,ilsecoloxix.it,False,0,0,False
EU,41957,tvtoday.de,False,0,0,False
EU,41963,teuteuf.fr,False,0,0,True
EU,41982,vanityfair.fr,False,0,1,True
EU,41999,domainion.at,False,3,0,True
EU,42004,loria.fr,False,0,0,True
EU,42005,next.de,False,3,0,True
EU,42011,iwkoeln.de,False,0,0,True
EU,42012,rueducommerce.fr,True,3,1,True
EU,42032,manualslib.fr,False,0,0,True
EU,42038,avanza.se,False,0,0,True
EU,42072,ynh.fr,False,0,0,False
EU,42082,omroep.nl,False,0,0,True
EU,42088,sosafe.de,False,0,0,True
EU,42090,tvmovie.de,False,0,0,True
EU,42094,independer.nl,False,0,0,True
EU,42113,ams.at,False,0,0,True
EU,42121,nuigalway.ie,False,0,0,True
EU,42135,portaleargo.it,False,0,0,True
EU,42140,tv4play.se,False,1,0,True
EU,42147,bundesrat.de,False,0,0,True
EU,42164,decitre.fr,False,0,0,False
EU,42166,mesinfos.fr,False,0,0,False
EU,42195,zedal.de,False,0,0,True
EU,42199,bahnhof.de,False,0,0,True
EU,42216,freiburg.de,False,1,0,True
EU,42221,canalsur.es,False,0,0,True
EU,42262,op-online.de,False,0,0,True
EU,42263,bordeaux.fr,False,1,0,True
EU,42271,revistavanityfair.es,False,0,0,True
EU,42298,mediasetinfinity.es,False,0,0,True
EU,42314,univ-fcomte.fr,False,0,0,True
EU,42343,rtvnoord.nl,False,0,0,True
EU,42351,ubuntuusers.de,False,0,0,True
EU,42357,wowtv.de,False,2,0,True
EU,42377,toulouse.fr,False,1,0,True
EU,42383,redsara.es,False,0,0,False
EU,42421,visa.de,False,1,0,True
EU,42423,rtvutrecht.nl,False,0,0,True
EU,42426,host-anycast.it,False,0,0,False
EU,42442,braunschweiger-zeitung.de,False,3,0,True
EU,42460,atu.de,False,0,0,False
EU,42522,unibet.fr,False,0,0,False
EU,42534,magic.fr,False,0,0,True
EU,42570,imag.fr,False,0,0,False
EU,42587,targobank.de,False,0,0,True
EU,42614,xunta.es,False,0,0,True
EU,42628,svenskadomaner.se,False,1,0,True
EU,42632,wpprovider.nl,False,0,0,True
EU,42653,auto-doc.fr,False,0,0,False
EU,42673,ajax.nl,False,0,0,True
EU,42681,kb.nl,False,0,0,True
EU,42740,obdev.at,False,0,0,True
EU,42752,fnac.be,False,0,0,False
EU,42753,kiabi.es,False,0,0,False
EU,42760,agirc-arrco.fr,False,0,0,True
EU,42761,rosalux.de,False,0,0,True
EU,42793,bfn.de,False,0,0,True
EU,42795,kpnqwest.it,False,0,0,True
EU,42810,svenskakyrkan.se,False,0,0,True
EU,42811,hartvannederland.nl,False,0,0,True
EU,42815,sciences-po.fr,False,0,0,True
EU,42816,aci.it,False,0,0,True
EU,42818,autodoc.es,False,0,0,False
EU,42824,antagonist.nl,True,1,1,True
EU,42830,nhnieuws.nl,False,0,0,True
EU,42833,teleborsa.it,False,0,0,True
EU,42834,arvato-systems.de,False,0,0,True
EU,42838,superchat.de,False,0,0,True
EU,42846,autoscout24.es,False,0,0,True
EU,42881,deusto.es,False,0,0,True
EU,42903,nationalgeographic.fr,False,0,0,True
EU,42916,afd.fr,False,1,0,True
EU,42935,wanassist.nl,False,0,0,False
EU,42940,deliveroo.it,False,3,0,True
EU,42948,xnameserver.de,False,0,0,False
EU,42967,ottoversand.at,False,0,0,False
EU,42973,iol.ie,False,0,0,False
EU,42978,filmin.es,False,0,0,False
EU,42981,as-nmt.de,False,0,0,False
EU,42991,sovcloud-dns.fr,False,0,0,False
EU,42994,mk.de,False,0,0,True
EU,43008,nn.de,False,1,0,True
EU,43009,ac-dijon.fr,False,0,0,False
EU,43010,delpher.nl,False,0,0,True
EU,43021,costacrociere.it,False,2,0,True
EU,43037,revenue.ie,False,0,0,True
EU,43045,sephora.de,False,0,0,False
EU,43059,stroeermb.de,False,0,0,False
EU,43062,leclercdrive.fr,False,0,0,False
EU,43063,podcast.de,False,0,0,True
EU,43073,laopiniondemalaga.es,False,0,0,False
EU,43079,gesetze-bayern.de,False,0,0,False
EU,43082,onetz.de,False,2,0,True
EU,43118,cdon.se,False,0,0,False
EU,43141,lpo.fr,False,3,0,True
EU,43143,tal.de,False,0,0,True
EU,43163,onleihe.de,False,2,0,True
EU,43177,freitag.de,False,0,0,True
EU,43245,ing.be,False,1,0,True
EU,43246,lunion.fr,False,3,0,True
EU,43249,cookidoo.de,False,0,0,True
EU,43283,laprovincia.es,False,0,0,False
EU,43298,delhaize.be,True,3,2,True
EU,43314,levif.be,False,0,0,False
EU,43348,greenhost.nl,False,0,0,True
EU,43361,fcbarcelona.es,True,2,1,True
EU,43379,tripadvisor.at,False,0,0,False
EU,43400,unife.it,False,0,0,True
EU,43403,windtre.it,False,2,0,True
EU,43414,mr-bricolage.fr,False,0,0,False
EU,43426,autozeitung.de,False,0,0,True
EU,43427,zkm.de,False,0,0,True
EU,43428,fhd.de,False,0,0,True
EU,43433,hoo.be,False,1,0,True
EU,43435,welect.de,False,0,0,True
EU,43462,dge.de,False,0,0,True
EU,43467,euronics.it,True,3,0,True
EU,43498,immobilienscout24.at,False,0,0,False
EU,43531,galaxus.de,False,1,0,True
EU,43539,studysmarter.de,False,0,0,True
EU,43548,ferienhausmiete.de,False,0,0,True
EU,43558,unisalento.it,False,0,0,True
EU,43572,courdecassation.fr,False,0,0,True
EU,43576,kinepolis.nl,False,1,0,True
EU,43577,voici.fr,False,1,0,True
EU,43602,neue-casino-spiele.de,False,0,0,False
EU,43621,kumbe.it,False,0,0,True
EU,43627,maps.ie,False,0,0,False
EU,43672,pixpay.fr,False,2,0,True
EU,43688,ninedegrees.nl,False,1,0,True
EU,43734,newpharma.be,False,0,0,False
EU,43743,idealo.at,False,0,0,True
EU,43747,lacucinaitaliana.it,False,0,1,True
EU,43753,nowtv.it,False,2,0,True
EU,43766,ecodibergamo.it,False,1,0,True
EU,43781,pathe.fr,False,0,0,True
EU,43784,nrwlokalradios.de,False,0,0,False
EU,43797,indebuurt.nl,False,0,0,True
EU,43812,hs-esslingen.de,False,0,0,True
EU,43831,seb.se,False,0,0,True
EU,43850,next.ie,False,2,0,True
EU,43857,cite-sciences.fr,False,0,0,True
EU,43872,laopiniondemurcia.es,False,0,0,False
EU,43889,bwin.de,False,0,0,False
EU,43898,wp.de,False,2,0,True
EU,43906,cun.es,False,0,0,True
EU,43929,zalando-lounge.nl,False,2,0,True
EU,43933,kanzlei-hasselbach.de,False,0,0,True
EU,43943,dgb.de,False,0,0,True
EU,43946,hol.es,False,0,0,False
EU,43957,gdata.de,False,2,0,True
EU,43958,syniva.es,False,0,0,True
EU,43966,raiplaysound.it,False,0,0,True
EU,43992,schuldock.de,False,0,0,False
EU,43993,services-bahn.de,False,0,0,False
EU,44010,lcl.fr,False,1,0,True
EU,44013,mcdonalds.fr,False,0,0,False
EU,44015,ekom21.de,False,0,0,True
EU,44020,sparkasse.at,False,0,0,True
EU,44042,bisafans.de,False,0,0,True
EU,44087,mercadona.es,False,0,0,True
EU,44135,opodo.de,False,0,0,True
EU,44151,digimobil.es,False,0,0,True
EU,44155,sqrt-5041.de,False,0,0,False
EU,44166,duo.nl,False,0,0,True
EU,44176,notino.de,False,0,0,False
EU,44222,khm.at,False,0,1,True
EU,44267,belvedere.at,False,2,0,True
EU,44270,sony.de,True,3,0,True
EU,44275,bibb.de,False,0,0,True
EU,44302,ernstings-family.de,False,3,0,True
EU,44319,allabolag.se,False,0,0,False
EU,44327,ufz.de,False,0,0,True
EU,44401,webwinkelkeur.nl,False,0,0,True
EU,44405,over-blog.fr,False,0,0,True
EU,44420,emp.de,True,3,0,True
EU,44423,urbia.de,False,1,0,True
EU,44451,kayak.fr,False,1,0,True
EU,44456,misterspex.de,False,2,0,True
EU,44493,ictp.it,False,0,0,True
EU,44531,phdns24.es,False,2,0,True
EU,44533,rd.nl,False,0,0,True
EU,44543,justice.fr,False,0,0,True
EU,44547,adfc.de,False,0,0,True
EU,44556,univ-toulouse.fr,False,0,0,True
EU,44612,sellpy.se,False,0,0,True
EU,44628,italiaonline.it,False,1,0,True
EU,44655,mature.nl,False,0,0,True
EU,44656,huma-num.fr,False,1,0,True
EU,44690,model-kartei.de,False,0,0,True
EU,44703,raiffeisen.at,False,0,0,True
EU,44716,agoravox.fr,False,0,0,True
EU,44717,audirsclub.it,False,0,0,True
EU,44736,thalia.at,False,0,0,False
EU,44741,fluege.de,False,1,0,True
EU,44749,cryptpad.fr,False,0,0,True
EU,44780,zonnet.nl,False,0,0,True
EU,44799,vub.be,False,0,0,True
EU,44803,geenstijl.nl,False,0,0,True
EU,44826,elcorreogallego.es,False,0,0,False
EU,44829,apec.fr,False,0,0,False
EU,44842,wz.de,False,1,0,True
EU,44883,boersennews.de,False,0,0,True
EU,44886,liwest.at,False,2,0,True
EU,44897,nrz.de,False,3,0,True
EU,44912,pokewiki.de,False,0,0,True
EU,44931,napoleoncasino.be,False,0,0,False
EU,44934,happn.fr,False,0,0,True
EU,44936,adidas.es,False,0,0,False
EU,44952,gls-pakete.de,False,0,0,False
EU,44960,lancom.de,False,0,0,True
EU,44973,fressnapf.de,True,4,0,True
EU,44985,birkenwald.de,False,0,0,True
EU,44988,blau.de,False,4,0,True
EU,45014,mit.gov.it,False,0,0,False
EU,45021,rundschau-online.de,False,1,0,True
EU,45024,linguee.de,False,0,0,True
EU,45030,bildungsserver.de,False,0,0,True
EU,45043,stroeerws.de,False,0,0,False
EU,45077,infektionsschutz.de,False,0,0,True
EU,45080,prisma.de,False,0,0,False
EU,45097,dkfz.de,False,0,0,True
EU,45101,essen-und-trinken.de,False,0,0,True
EU,45109,omroepwest.nl,False,0,0,True
EU,45127,diariodeleon.es,False,1,0,True
EU,45128,infoclimat.fr,False,1,0,True
EU,45167,notino.fr,False,0,0,False
EU,45176,verfassungsblog.de,False,1,0,True
EU,45187,placetel.de,False,0,1,True
EU,45225,mein-mmo.de,False,0,0,True
EU,45239,accelerated.de,False,2,0,True
EU,45245,eatserver.nl,False,0,0,False
EU,45249,ausbildung.de,False,0,0,True
EU,45287,ccoo.es,False,0,0,True
EU,45307,einzahlungbonus.de,False,0,0,True
EU,45308,teilweise-motorrad.de,False,1,0,True
EU,45347,marokko.nl,False,0,0,False
EU,45383,spin.de,False,0,0,True
EU,45396,yves-rocher.fr,True,5,1,True
EU,45427,webgo24.de,False,2,0,True
EU,45430,siplogin.de,False,0,0,False
EU,45441,weserv.nl,False,0,0,True
EU,45445,xc-ns.de,False,0,0,False
EU,45453,techbook.de,False,0,0,True
EU,45488,html.it,False,0,0,True
EU,45492,univ-paris8.fr,False,0,0,True
EU,45503,mlp.de,False,0,0,True
EU,45527,croix-rouge.fr,False,0,0,True
EU,45539,defensie.nl,False,0,0,True
EU,45582,autosupermarket.it,False,0,0,True
EU,45600,rtvdrenthe.nl,False,0,0,True
EU,45603,cyberport.de,False,0,0,False
EU,45617,nyheter24.se,False,0,0,True
EU,45635,un-hack-bar.de,False,0,0,True
EU,45643,gent.be,False,0,0,True
EU,45647,thehalara.de,False,0,0,True
EU,45658,tuttocitta.it,False,0,0,True
EU,45667,aponet.de,False,0,0,True
EU,45722,arcep.fr,False,1,0,True
EU,45723,met.ie,False,0,0,True
EU,45733,fortnox.se,False,1,0,True
EU,45752,alvolante.it,False,0,0,True
EU,45776,blancheporte.fr,True,3,0,True
EU,45791,oru.se,False,0,0,True
EU,45800,closermag.fr,False,0,0,True
EU,45804,adzuna.de,False,0,0,False
EU,45835,munich-airport.de,False,0,0,True
EU,45895,finances.gouv.fr,False,0,0,False
EU,45897,puboclick.fr,False,0,0,True
EU,45900,creditreform.de,False,0,0,True
EU,45904,praxis.nl,False,0,0,False
EU,45934,masterdns.nl,False,0,0,False
EU,45949,usasexguide.nl,False,0,0,True
EU,45968,ikoula.fr,False,2,0,True
EU,45971,mwn.de,False,0,0,False
EU,45987,grazia.fr,False,1,0,True
EU,46019,zalando-prive.es,False,1,0,True
EU,46040,lr-online.de,False,1,0,True
EU,46041,pdscloud.de,False,0,0,False
EU,46046,matchendirect.fr,False,1,0,True
EU,46051,therapie.de,False,0,0,True
EU,46058,hotelmix.fr,False,0,0,True
EU,46073,editorialedomani.it,False,0,0,True
EU,46082,gfz.de,False,0,0,True
EU,46089,boursedirect.fr,False,0,0,True
EU,46106,multiplayer.it,False,0,0,True
EU,46126,box.nl,False,0,0,True
EU,46131,wrdns.it,False,0,0,False
EU,46149,egun.de,False,0,0,True
EU,46189,wind.it,False,0,0,True
EU,46225,govix.at,False,0,0,True
EU,46232,jds.fr,False,0,0,True
EU,46239,npage.de,False,0,0,False
EU,46255,lasicilia.it,False,2,0,True
EU,46261,parisnanterre.fr,False,1,0,True
EU,46266,kbv.de,False,2,0,True
EU,46275,probe-networks.de,False,0,0,True
EU,46306,unicef.de,False,2,0,True
EU,46319,infogreffe.fr,False,0,0,False
EU,46335,lnu.se,False,0,0,True
EU,46340,ac-rennes.fr,False,0,0,False
EU,46371,joggen-online.de,False,1,0,True
EU,46379,naturitas.es,False,0,0,False
EU,46386,dhlecommerce.nl,False,0,0,True
EU,46393,nocibe.fr,False,2,0,True
EU,46395,antispam-ev.de,False,0,0,True
EU,46404,poddtoppen.se,False,0,0,True
EU,46410,austriansoccerboard.at,False,1,0,True
EU,46420,cnsa.fr,False,0,0,True
EU,46438,home24.de,False,4,0,True
EU,46463,colosseo.it,False,0,0,False
EU,46473,folkhalsomyndigheten.se,False,0,0,True
EU,46532,marseille.fr,False,1,0,True
EU,46538,netzadresse.at,False,1,0,True
EU,46558,varesenews.it,False,1,0,True
EU,46576,autoblog.nl,False,0,0,True
EU,46581,huispedia.nl,False,0,0,False
EU,46589,osthessen-news.de,False,0,0,True
EU,46618,fiduciaweb.it,False,0,0,True
EU,46620,utc.fr,False,0,0,True
EU,46633,autoscout24.fr,False,0,0,True
EU,46636,zaragoza.es,False,0,0,True
EU,46638,spd.de,False,0,0,True
EU,46640,refurbed.de,False,1,0,True
EU,46645,linda.nl,False,0,0,True
EU,46687,df-srv.de,False,0,0,False
EU,46721,h-da.de,False,0,0,True
EU,46723,blogspot.ie,False,0,0,True
EU,46726,peugeot.fr,False,0,0,True
EU,46728,valencia.es,False,0,0,True
EU,46731,htwk-leipzig.de,False,0,0,True
EU,46751,auroradns.nl,False,0,0,False
EU,46763,carrefour.it,True,3,0,True
EU,46768,hd.se,False,0,0,True
EU,46769,zalando-prive.fr,False,3,0,True
EU,46782,f-i.de,False,1,0,True
EU,46785,dlogicns.nl,False,0,0,True
EU,46786,imy.se,False,0,0,True
EU,46807,kinepolis.es,False,1,0,True
EU,46824,btc-echo.de,False,0,0,True
EU,46839,dynaccess.de,False,0,0,True
EU,46841,sweden.se,False,0,0,True
EU,46842,betano.de,False,0,0,False
EU,46843,myvideo.de,False,0,0,True
EU,46848,lvm.de,False,0,0,True
EU,46851,rixtelecom.se,False,0,0,False
EU,46867,klarmobil.de,False,3,0,True
EU,46868,ancestry.de,False,0,0,False
EU,46871,tichyseinblick.de,False,1,0,True
EU,46878,mu.se,False,0,2,True
EU,46879,quellogiusto.it,True,3,1,True
EU,46886,feuxdeforet.fr,False,1,0,True
EU,46917,lagazzettadelmezzogiorno.it,False,4,0,True
EU,46918,mondadoristore.it,False,2,0,True
EU,46919,aemps.es,False,1,0,True
EU,46954,phdns22.es,False,2,0,True
EU,46991,sncf.fr,False,0,0,False
EU,46993,roller.de,True,3,0,True
EU,46998,stayfriends.de,False,0,0,True
EU,47036,socialdeal.nl,False,2,0,True
EU,47048,ac-lille.fr,False,0,0,False
EU,47068,softgarden.de,False,0,0,True
EU,47079,itsg-trust.de,False,0,0,False
EU,47086,redbutton.de,False,1,0,True
EU,47124,htp-tel.de,False,0,0,False
EU,47133,modoo.at,False,0,0,True
EU,47135,citizensinformation.ie,False,0,0,False
EU,47136,sherlock-report.at,False,0,0,False
EU,47144,itzbund.de,False,0,0,True
EU,47175,hoeffner.de,False,2,0,True
EU,47184,kochbar.de,False,0,0,True
EU,47191,gqitalia.it,False,0,1,True
EU,47198,normandie-tourisme.fr,False,0,0,True
EU,47219,deraktionaer.de,False,2,0,True
EU,47222,psyco.fr,False,0,0,True
EU,47262,ciril.fr,False,0,0,False
EU,47278,infolibre.es,False,0,0,True
EU,47282,awsdns-eusc-60.nl,False,0,0,False
EU,47289,otz.de,False,3,0,True
EU,47319,axinet.fr,False,0,0,True
EU,47357,dogado.de,True,3,1,True
EU,47367,salzburg24.at,False,0,0,True
EU,47370,monuments-nationaux.fr,False,0,0,True
EU,47381,thefork.fr,False,0,0,False
EU,47386,codere.es,False,0,0,True
EU,47430,rijkswaterstaat.nl,False,0,0,True
EU,47431,trovacasa.it,False,0,0,True
EU,47434,tesco.ie,False,0,0,False
EU,47454,ekd.de,False,1,0,True
EU,47461,myradns.de,False,0,0,False
EU,47465,linguee.es,False,0,0,True
EU,47476,unamur.be,False,1,0,True
EU,47484,bioimagingcore.be,False,0,0,False
EU,47486,forschung-und-wissen.de,False,0,0,True
EU,47505,eurogamer.de,False,1,0,True
EU,47509,metro.de,False,1,0,True
EU,47529,kik.de,False,4,0,True
EU,47620,bibliotheek.be,False,0,0,False
EU,47622,diariodecadiz.es,False,0,0,True
EU,47644,wahlrecht.de,False,0,0,True
EU,47651,macif.fr,True,1,1,True
EU,47674,cylex.de,False,0,0,False
EU,47696,backmarket.de,True,4,2,True
EU,47701,vienna.at,False,0,0,True
EU,47708,aboutyou.at,False,3,0,True
EU,47733,napoleonsports.be,False,0,0,False
EU,47734,lidl.nl,False,0,0,False
EU,47757,astroshop.de,False,1,0,True
EU,47767,univ-cotedazur.fr,False,1,0,True
EU,47776,econbiz.de,False,2,0,True
EU,47807,maggiolicloud.it,False,0,0,False
EU,47832,e2n.de,False,0,0,True
EU,47846,uthyrningsportal.se,False,0,1,True
EU,47881,rcf.fr,False,0,0,False
EU,47911,butenunbinnen.de,False,1,0,True
EU,47929,tips.at,False,0,0,True
EU,47937,uhu.es,False,1,0,True
EU,47942,oefb.at,False,0,0,True
EU,47947,comperio.it,False,0,0,False
EU,47950,bildstatic.de,False,0,0,False
EU,47963,allianz.at,False,0,0,False
EU,47980,penny.de,False,0,0,True
EU,47988,ksiegarniainternetowa.de,False,1,0,True
EU,48017,ibercaja.es,False,0,0,True
EU,48035,conad.it,False,2,0,True
EU,48036,game.es,True,2,2,True
EU,48037,integra.fr,False,0,1,True
EU,48066,priv.at,False,0,0,False
EU,48087,domusweb.it,False,0,0,True
EU,48095,campact.de,False,0,0,True
EU,48103,tuev-nord.de,False,0,0,True
EU,48119,devk.de,False,0,0,True
EU,48128,cinestar.de,False,0,0,True
EU,48129,extra.ie,False,0,0,True
EU,48130,mercateo.ie,False,1,0,True
EU,48144,forsakringskassan.se,False,0,0,True
EU,48156,fzi.de,False,0,1,True
EU,48160,zooplus.fr,False,5,0,True
EU,48161,jungewelt.de,False,0,0,True
EU,48170,harpersbazaar.de,False,0,0,True
EU,48207,dkb.de,False,0,0,False
EU,48234,qmsystems.de,False,0,0,True
EU,48250,lacaixa.es,False,0,0,True
EU,48287,transfermarkt.nl,False,0,0,True
EU,48300,randstad.it,False,0,0,True
EU,48348,lionhead.nl,False,0,0,False
EU,48351,resilans.se,False,0,0,True
EU,48362,laget.se,False,0,0,True
EU,48380,gds.it,False,0,0,True
EU,48402,facile.it,False,1,0,True
EU,48408,ticketmaster.se,False,3,0,True
EU,48420,mpi.nl,False,0,0,True
EU,48424,th-koeln.de,False,1,0,True
EU,48457,motorradonline.de,False,0,0,True
EU,48458,nederlandseloterij.nl,False,1,0,True
EU,48460,de.de,False,0,0,False
EU,48467,univ-reims.fr,False,0,0,False
EU,48478,viajeselcorteingles.es,False,0,0,True
EU,48490,nikonclub.it,False,0,0,False
EU,48502,rc-network.de,False,0,0,True
EU,48528,meteo.fr,False,0,0,False
EU,48532,verdnatura.es,False,0,0,True
EU,48542,kuleuven.ac.be,False,0,0,False
EU,48559,gameblog.fr,False,1,0,True
EU,48572,zorgkaartnederland.nl,False,0,0,True
EU,48577,kunden.de,False,0,0,False
EU,48591,svenskalag.se,False,0,0,True
EU,48606,univ-angers.fr,False,0,0,True
EU,48618,eintracht.de,False,1,0,True
EU,48644,hypovereinsbank.de,False,0,0,True
EU,48660,vergabeportal.at,False,0,0,True
EU,48662,vademecum.es,False,0,0,True
EU,48684,unime.it,False,0,0,True
EU,48693,nationalarchives.ie,False,0,0,True
EU,48698,pressebox.de,False,0,0,True
EU,48707,irisnet.be,False,0,0,False
EU,48724,andreasneumann.de,False,0,0,False
EU,48727,laopinioncoruna.es,False,0,0,False
EU,48744,jobat.be,False,0,0,False
EU,48755,allgaeuer-zeitung.de,False,1,0,True
EU,48762,nouvelle-aquitaine.fr,False,1,0,True
EU,48764,ma-shops.de,False,2,0,True
EU,48774,edns.de,False,0,0,True
EU,48787,viamichelin.it,False,0,0,True
EU,48797,ui-global-dns.de,False,0,0,False
EU,48799,univ-paris-diderot.fr,False,0,0,True
EU,48819,musin.de,False,0,0,False
EU,48832,concepto.de,False,0,0,True
EU,48835,lopinion.fr,False,0,0,True
EU,48840,fr-online.de,False,0,0,True
EU,48841,drimble.nl,False,0,0,True
EU,48849,jetengine.be,False,0,0,False
EU,48860,caritas.de,False,0,0,True
EU,48874,emetriq.de,False,0,0,True
EU,48890,mynet.at,False,0,0,True
EU,48893,preissuchmaschine.de,False,0,0,False
EU,48896,matmut.fr,False,0,1,True
EU,48908,linguee.fr,False,0,0,True
EU,48913,moto.it,False,0,0,True
EU,48918,corendon.nl,False,0,0,True
EU,48919,fizon.de,False,0,0,True
EU,48956,gioiapura.it,False,3,0,True
EU,48964,travelengine.nl,False,0,0,False
EU,48968,rennrad-news.de,False,0,0,True
EU,48974,omropfryslan.nl,False,0,0,True
EU,48984,adidas.it,False,0,0,False
EU,48994,wuerth.it,True,3,1,True
EU,48996,mvmnet.it,False,0,0,False
EU,49002,dillingen.de,False,0,0,True
EU,49062,hcdns.nl,False,0,0,False
EU,49064,freelancer.de,False,0,0,True
EU,49065,spring-media.de,False,0,0,True
EU,49072,base.be,False,1,0,True
EU,49089,eweka.nl,True,1,3,True
EU,49093,universalis.fr,False,0,0,True
EU,49110,elcorreoweb.es,False,0,0,False
EU,49168,pz-news.de,False,0,0,True
EU,49212,ardaudiothek.de,False,0,0,True
EU,49218,suntcontent.se,False,0,0,True
EU,49237,autoscout24.at,False,0,0,True
EU,49255,monespacesante.fr,False,0,0,True
EU,49259,standaardboekhandel.be,False,3,0,True
EU,49304,pageloft.de,True,1,2,True
EU,49308,expert.nl,False,3,0,True
EU,49328,globus.de,False,0,0,True
EU,49331,skyscanner.nl,False,0,0,True
EU,49342,nationalgeographic.de,False,0,0,True
EU,49369,utbm.fr,False,0,0,True
EU,49371,omeganet.it,False,0,0,True
EU,49375,akadev.de,False,0,0,False
EU,49396,voedingscentrum.nl,False,0,0,True
EU,49409,netuse.de,False,0,0,True
EU,49413,ardennes-etape.be,False,1,0,True
EU,49436,prosite.de,False,0,0,False
EU,49437,elbphilharmonie.de,False,3,0,True
EU,49441,fielmann.de,True,3,1,True
EU,49453,ekomiapps.de,False,0,0,False
EU,49455,servus.at,False,0,0,True
EU,49467,herold.at,False,0,0,True
EU,49471,laregion.es,False,1,0,True
EU,49485,hetnet.nl,False,0,0,True
EU,49501,cinemaxx.de,False,1,0,True
EU,49512,cuisineactuelle.fr,False,2,0,True
EU,49513,rosebikes.de,False,3,0,True
EU,49515,domradio.de,False,1,0,True
EU,49528,frankenpost.de,False,0,0,True
EU,49533,ac-orleans-tours.fr,False,0,0,False
EU,49551,gld.nl,False,0,0,True
EU,49563,istole.it,False,0,0,False
EU,49568,searacon.nl,False,0,0,True
EU,49578,sthrecords.nl,False,1,0,True
EU,49627,medikamente-per-klick.de,True,4,2,True
EU,49630,eroski.es,False,0,0,True
EU,49632,conseil-etat.fr,False,0,0,True
EU,49634,agenziaentrateriscossione.gov.it,False,0,0,True
EU,49651,alpin.de,False,0,0,False
EU,49655,radio.de,False,0,0,True
EU,49656,carrefour.be,False,0,0,False
EU,49677,hpi.de,False,0,0,True
EU,49679,sandaya.fr,False,0,0,True
EU,49697,wuppertal.de,False,0,0,False
EU,49713,myhermes.de,False,0,0,True
EU,49741,xobor.de,False,0,0,True
EU,49745,flaschenpost.de,False,1,0,True
EU,49756,interactivebrokers.ie,False,0,0,True
EU,49785,uberspace.de,False,0,0,True
EU,49795,timeanddate.de,False,0,0,True
EU,49801,marktjagd.de,False,0,0,True
EU,49816,pomf.se,False,0,0,True
EU,49822,kbc.be,False,0,0,True
EU,49835,alamy.it,False,1,0,True
EU,49838,fnmt.es,False,1,0,True
EU,49886,dublinlive.ie,False,0,0,True
EU,49910,snsbank.nl,False,0,0,True
EU,49938,vevor.es,False,3,0,True
EU,49955,cinematheque.fr,False,0,0,True
EU,49960,cntraveller.de,False,0,1,True
EU,50008,rugbyrama.fr,False,0,0,True
EU,50016,oetker.de,False,0,0,True
EU,50025,stedelijk.nl,False,1,0,True
EU,50042,spreadshirt.de,False,2,0,True
EU,50047,bmj.de,False,2,0,True
EU,50050,reflex.at,False,0,0,False
EU,50054,haw-hamburg.de,False,0,0,True
EU,50055,portsdns.se,False,0,0,False
EU,50062,acquistinretepa.it,False,1,0,True
EU,50065,myhomebook.de,False,0,0,True
EU,50096,yahoo.de,False,1,0,True
EU,50103,laas.fr,False,0,0,True
EU,50163,bmvi.de,False,0,0,False
EU,50166,gold.de,False,0,0,True
EU,50175,edpnet.be,False,0,0,False
EU,50186,mps.it,False,1,0,True
EU,50187,jdsports.de,False,3,0,True
EU,50202,funkedigital.de,False,1,0,True
EU,50258,cri.it,False,2,0,True
EU,50280,sedelectronica.es,False,0,0,True
EU,50284,vpn64.de,False,0,0,False
EU,50293,toyota.de,False,3,0,True
EU,50295,die-glocke.de,False,0,0,True
EU,50320,mec.es,False,0,0,False
EU,50337,quicksrv.de,False,0,0,False
EU,50349,efloorball.de,True,2,1,True
EU,50376,diariodeibiza.es,False,0,0,False
EU,50393,joybuy.fr,True,4,1,True
EU,50439,tui.be,False,0,0,False
EU,50447,wsv.de,False,1,0,True
EU,50454,stib-mivb.be,False,1,0,True
EU,50466,mrkoll.se,False,0,0,False
EU,50470,placehold.it,False,0,0,False
EU,50481,expedia.fr,False,0,0,False
EU,50506,christ.de,True,3,0,True
EU,50515,broadview.se,False,0,0,True
EU,50544,bundeskartellamt.de,False,1,0,True
EU,50573,omroepzeeland.nl,False,0,0,True
EU,50580,oogolo.fr,False,0,0,True
EU,50603,la-boite-immo.fr,False,0,0,True
EU,50606,muziekweb.nl,False,0,0,False
EU,50610,france2.fr,False,0,0,False
EU,50625,donnerwetter.de,False,0,0,True
EU,50627,zooplus.it,False,6,0,True
EU,50634,univ-tlse2.fr,False,0,0,True
EU,50635,frankonia.de,False,2,0,True
EU,50641,luxeoverhemden.nl,False,0,0,False
EU,50643,landal.nl,False,1,0,True
EU,50656,laopiniondezamora.es,False,0,0,False
EU,50692,bergzeit.de,False,0,0,True
EU,50699,pearl.de,False,0,0,False
EU,50708,cornucopia.se,False,1,0,True
EU,50717,brico.be,False,0,0,False
EU,50732,smoothr.de,True,1,1,True
EU,50737,citypopulation.de,False,0,0,True
EU,50745,micromania.fr,False,0,0,True
EU,50756,kayak.es,False,2,0,True
EU,50778,businessinsider.es,False,1,0,True
EU,50795,mgen.fr,False,0,0,True
EU,50807,cfwb.be,False,0,0,True
EU,50838,vevor.it,False,3,0,True
EU,50850,quotenet.nl,False,1,0,True
EU,50852,kobv.de,False,0,0,False
EU,50867,espressoshop.se,True,3,3,True
EU,50870,asianews.it,False,0,0,False
EU,50880,hysky.de,False,0,0,True
EU,50897,nordlittoral.fr,False,1,0,True
EU,50923,mediamarkt.be,False,0,0,False
EU,50952,manualslib.es,False,0,0,True
EU,50954,berlin-airport.de,False,0,0,True
EU,50987,robhost.de,True,3,1,True
EU,50995,sat1.de,False,0,0,True
EU,51009,fh-aachen.de,False,0,0,False
EU,51018,asem.it,False,0,0,True
EU,51037,fishbase.se,False,0,0,True
EU,51060,mailprotect.be,False,0,0,False
EU,51077,very.ie,False,0,0,False
EU,51097,phdns6.es,False,2,0,True
EU,51099,myhome.ie,False,0,0,True
EU,51149,koeln.de,False,0,0,True
EU,51176,versatel.nl,False,0,0,False
EU,51182,doctolib.it,False,0,0,False
EU,51191,tageblatt.de,False,0,0,True
EU,51202,vevor.fr,False,3,0,True
EU,51217,npocloud.nl,False,0,0,False
EU,51222,tennis.de,False,0,0,True
EU,51226,vk.se,False,0,0,False
EU,51245,nwo.nl,False,0,0,True
EU,51248,ined.fr,False,0,0,True
EU,51251,die-karte-bitte.de,False,0,0,False
EU,51257,emtmadrid.es,False,0,0,True
EU,51260,fitbook.de,False,0,0,True
EU,51288,aecid.es,False,0,0,True
EU,51297,gardaland.it,False,0,0,False
EU,51303,dortmund.de,False,0,0,False
EU,51324,kinopolis.de,False,0,0,True
EU,51326,opsonline.it,False,0,0,False
EU,51354,ratsit.se,False,0,0,False
EU,51388,vidaxl.nl,True,4,0,True
EU,51389,waarneming.nl,False,0,0,True
EU,51425,binero.se,False,1,0,True
EU,51439,malagahoy.es,False,0,0,True
EU,51465,editions-harmattan.fr,False,0,0,False
EU,51475,boots.ie,False,0,0,True
EU,51500,agenciatributaria.es,False,0,0,False
EU,51504,dday.it,False,0,0,True
EU,51508,wienerlinien.at,False,0,0,True
EU,51522,globus-baumarkt.de,True,3,2,True
EU,51532,unesco.de,False,0,0,True
EU,51545,humanitas.it,False,1,0,True
EU,51546,alcampo.es,True,4,2,True
EU,51578,omroepflevoland.nl,False,0,0,True
EU,51594,grenoble-inp.fr,False,0,0,True
EU,51619,nli.ie,False,0,0,True
EU,51627,notino.ie,False,0,0,False
EU,51630,sharkninja.de,True,4,0,True
EU,51631,dak.de,False,0,0,True
EU,51637,raiolanetworks.es,False,0,1,True
EU,51649,bgbl.de,False,0,0,True
EU,51666,autowereld.nl,False,0,0,True
EU,51673,businessfrance.fr,False,0,1,True
EU,51677,socialsecurity.be,False,0,0,True
EU,51681,resalib.fr,False,0,0,True
EU,51690,studenti.it,False,0,0,True
EU,51702,upo.es,False,0,0,True
EU,51737,waarnemingen.be,False,0,0,True
EU,51748,examens-concours.gouv.fr,False,0,0,False
EU,51752,kba.de,False,0,0,True
EU,51770,boeckler.de,False,0,0,True
EU,51817,handelsbanken.se,False,0,0,True
EU,51821,lampenwelt.de,True,5,0,True
EU,51829,gfz-potsdam.de,False,0,0,True
EU,51845,parcasterix.fr,False,0,0,True
EU,51877,bed-and-breakfast.it,False,1,0,True
EU,51882,podcaster.de,False,0,0,True
EU,51888,steiermark.at,False,0,0,True
EU,51903,zooplus.nl,False,3,0,True
EU,51905,salonemilano.it,False,0,0,True
EU,51925,fruitnnuthealthstore.ie,False,1,0,True
EU,51940,bpce.fr,False,0,0,True
EU,51946,norauto.fr,False,0,0,False
EU,51963,falter.at,False,0,0,True
EU,51970,uol.de,False,0,0,True
EU,51988,mdc-berlin.de,False,0,0,True
EU,52015,speisekarte.de,False,0,0,True
EU,52027,dsmz.de,False,0,0,True
EU,52101,public.fr,False,0,0,True
EU,52114,springermedizin.de,False,0,0,True
EU,52119,vevor.de,False,3,0,True
EU,52123,asnbank.nl,False,0,0,True
EU,52154,winamax.es,False,0,0,False
EU,52158,uni-erfurt.de,False,0,0,True
EU,52164,promo.it,False,0,0,False
EU,52172,dcube-resource.be,False,0,0,True
EU,52194,ullapopken.de,False,3,0,True
EU,52198,gls-spain.es,False,0,0,True
EU,52203,auto-doc.it,False,0,0,False
EU,52207,spielerplus.de,False,1,0,True
EU,52215,motor.es,False,0,0,True
EU,52221,lucky-bike.de,False,3,0,True
EU,52232,tuttocampo.it,False,0,0,False
EU,52246,hero-software.de,False,0,0,True
EU,52261,dsbcontrol.de,False,0,0,True
EU,52283,juedische-allgemeine.de,False,0,0,True
EU,52289,racingnews365.nl,False,0,0,True
EU,52293,promobil.de,False,1,0,True
EU,52294,sj.se,False,1,0,True
EU,52296,securepoint.de,False,0,0,True
EU,52318,maaf.fr,False,0,0,False
EU,52335,gaspedaal.nl,False,0,0,True
EU,52358,larep.fr,False,0,0,False
EU,52373,stol.it,False,0,0,True
EU,52376,geopop.it,False,0,0,True
EU,52380,dia.es,False,2,0,True
EU,52406,udk-berlin.de,False,0,0,True
EU,52410,pbl.nl,False,0,0,True
EU,52417,unt.se,False,0,0,True
EU,52420,agefiph.fr,False,0,0,True
EU,52445,vito.be,False,0,0,True
EU,52467,kn-online.de,False,0,0,False
EU,52494,krzn.de,False,0,0,True
EU,52523,score-media.de,False,0,0,True
EU,52544,vdi.de,False,0,0,True
EU,52563,netid.de,False,0,0,True
EU,52575,deutschlandcard.de,False,0,1,True
EU,52636,cnmc.es,False,0,0,True
EU,52637,phdns.es,False,2,0,True
EU,52638,france3.fr,False,0,0,False
EU,52639,ok.de,False,0,0,False
EU,52652,bancobpm.it,False,1,0,True
EU,52653,nationalgeographic.es,False,0,0,True
EU,52671,xxxlutz.at,False,0,0,False
EU,52676,doctoranytime.be,False,0,0,True
EU,52677,hs-fulda.de,False,0,0,True
EU,52689,blog.de,False,0,0,True
EU,52693,wuv.de,False,1,0,True
EU,52698,laregion.fr,False,0,0,True
EU,52700,maison-travaux.fr,False,0,0,True
EU,52720,toto.nl,False,1,0,True
EU,52721,movieplayer.it,False,0,0,True
EU,52724,mobistar.be,False,0,0,False
EU,52731,kennisnet.nl,False,0,0,True
EU,52738,croixblanche47.fr,False,0,0,True
EU,52749,gutekueche.at,False,1,0,True
EU,52756,gesundheitsinformation.de,False,0,0,True
EU,52757,brt.it,False,1,0,True
EU,52767,cerema.fr,False,1,0,True
EU,52787,acm.nl,False,0,0,True
EU,52801,altrosky.nl,False,0,0,False
EU,52807,sernet.de,False,0,0,True
EU,52826,freeboxos.fr,False,0,0,False
EU,52849,essen.de,False,0,0,True
EU,52853,century21.fr,False,0,0,True
EU,52859,vakantiediscounter.nl,False,0,0,False
EU,52869,drehscheibe-online.de,False,0,0,True
EU,52880,larena.it,False,1,0,True
EU,52881,wielerflits.nl,False,0,0,False
EU,52889,ka-news.de,False,0,0,True
EU,52895,fh-joanneum.at,False,0,0,True
EU,52952,eurosport.es,False,0,0,True
EU,52964,formel1.de,False,0,0,True
EU,53008,luiss.it,False,0,0,True
EU,53022,cadeau-a-la-carte.be,False,0,0,False
EU,53030,br-online.de,False,0,0,True
EU,53041,smartphonehoesjes.nl,False,0,0,False
EU,53048,umea.se,False,0,0,True
EU,53056,publicsenat.fr,False,0,0,True
EU,53088,racetracker.de,False,1,0,True
EU,53112,mangerbouger.fr,False,0,0,True
EU,53116,insuedthueringen.de,False,0,0,True
EU,53139,vgregion.se,False,0,0,True
EU,53162,enac.fr,False,0,0,True
EU,53164,sport.fr,False,2,0,True
EU,53165,businessam.be,False,0,0,False
EU,53173,cineplex.de,False,0,0,False
EU,53182,centerdevice.de,False,0,0,True
EU,53195,stiebel-eltron.de,False,0,0,True
EU,53205,unimedizin-mainz.de,False,0,0,True
EU,53221,eprice.it,False,3,0,True
EU,53227,ind.nl,False,0,0,True
EU,53233,lavozdeasturias.es,False,0,0,True
EU,53234,intratuin.nl,True,3,0,True
EU,53236,univ-rennes.fr,False,0,0,True
EU,53259,deutschlandfunknova.de,False,0,0,True
EU,53260,zdnet.de,False,0,1,True
EU,53284,1and1.fr,False,4,0,True
EU,53288,ac-paris.fr,False,0,0,False
EU,53291,gesundheitsverbund.at,False,0,0,True
EU,53326,i-run.fr,True,2,1,True
EU,53338,adidas.nl,False,0,0,False
EU,53343,upc.es,False,0,0,True
EU,53355,dyson.fr,False,0,0,False
EU,53358,byggahus.se,False,0,0,False
EU,53372,cloudmonsters.nl,False,0,1,True
EU,53380,avocat.fr,False,0,0,True
EU,53389,fcupdate.nl,False,0,0,True
EU,53401,businessinsider.nl,True,1,1,True
EU,53422,2is.nl,False,0,0,True
EU,53423,norauto.es,False,0,0,False
EU,53440,tuxis.nl,False,0,0,True
EU,53445,diplomatie.gouv.fr,False,0,0,False
EU,53472,malmo.se,False,0,0,True
EU,53474,renfe.es,False,0,0,True
EU,53478,joyn.at,False,0,0,True
EU,53492,zalando-prive.it,False,2,0,True
EU,53499,ligaportal.at,False,0,0,True
EU,53507,serienjunkies.de,False,0,0,True
EU,53522,tnx.it,False,0,0,True
EU,53528,stayinformed.de,False,1,0,True
EU,53548,fahrrad-xxl.de,True,2,2,True
EU,53549,statistik.at,False,2,0,True
EU,53551,scinexx.de,False,0,0,True
EU,53561,sovcloud-api.fr,False,0,0,False
EU,53562,enpal.de,False,0,1,True
EU,53577,info-retraite.fr,False,0,0,True
EU,53640,npostart.nl,False,0,0,True
EU,53643,uci-kinowelt.de,False,0,0,False
EU,53646,schlagerparadies.de,False,0,0,True
EU,53680,cronon.de,False,0,0,False
EU,53683,elprogreso.es,False,0,0,True
EU,53697,kentekencheck.nl,False,0,0,True
EU,53710,gall.nl,True,2,0,True
EU,53731,buchmesse.de,False,0,0,True
EU,53761,philips.de,True,4,2,True
EU,53783,immovlan.be,False,0,0,True
EU,53808,hubspot.es,False,0,2,True
EU,53812,hostedxl.nl,False,0,0,True
EU,53838,jeito.nl,False,0,0,True
EU,53882,dnshome.de,False,0,0,True
EU,53918,aranzulla.it,False,0,0,True
EU,53959,rfi.it,False,1,0,True
EU,53970,fotbollskanalen.se,False,0,0,True
EU,53997,giornaledibrescia.it,False,2,0,True
EU,54018,phase-6.de,False,3,0,True
EU,54020,philharmoniedeparis.fr,False,0,0,True
EU,54026,my3cx.fr,False,0,0,False
EU,54035,restaurantguru.it,False,0,0,False
EU,54064,generali.it,False,0,0,True
EU,54070,iphh.de,False,0,0,True
EU,54089,immowelt.at,False,0,0,False
EU,54091,superdeporte.es,False,0,0,False
EU,54093,doccle.be,False,0,0,True
EU,54106,corriereadriatico.it,False,1,0,True
EU,54114,entropia.de,False,0,0,True
EU,54124,iciparisxl.nl,False,3,0,True
EU,54129,univ-rouen.fr,False,0,0,True
EU,54157,hubo.be,False,1,0,True
EU,54167,lansstyrelsen.se,False,0,0,True
EU,54174,d-reizen.nl,False,0,0,True
EU,54176,leichtathletik.de,False,0,0,True
EU,54178,bildderfrau.de,False,1,0,True
EU,54187,suhrkamp.de,False,4,0,True
EU,54211,filmvandaag.nl,False,0,0,True
EU,54245,4hr.de,False,0,0,False
EU,54247,gammvert.fr,False,0,0,False
EU,54250,angelplatz.de,False,0,0,False
EU,54276,myrootnet.nl,False,0,0,True
EU,54277,4p.de,False,0,0,True
EU,54290,play3.de,False,0,0,True
EU,54309,rtl2.de,False,0,0,True
EU,54312,alltricks.fr,False,0,0,False
EU,54314,themoneytizer.fr,False,0,0,False
EU,54317,foreca.es,False,1,0,True
EU,54327,celeste.fr,False,1,0,True
EU,54337,fidal.it,False,0,0,True
EU,54348,swedenabroad.se,False,0,0,True
EU,54356,telefonseelsorge.de,False,1,0,True
EU,54385,omc-dns.de,False,0,0,False
EU,54398,ffh.de,False,0,0,True
EU,54416,tripadvisor.se,False,0,0,False
EU,54418,gnv.it,False,0,0,True
EU,54421,tomaticket.es,False,0,0,False
EU,54429,epi.es,False,0,0,False
EU,54434,dilei.it,False,0,0,True
EU,54435,defas-fgi.de,False,0,0,False
EU,54444,schufa.de,False,1,0,True
EU,54451,automobile-magazine.fr,False,0,0,True
EU,54468,wanadoo.nl,False,0,0,False
EU,54475,telestar.fr,False,0,0,True
EU,54477,oktoberfest.de,False,1,0,True
EU,54491,dental-union.de,False,0,0,True
EU,54511,sl.se,False,0,0,True
EU,54534,rosenheim24.de,False,0,0,True
EU,54537,coggle.it,False,0,0,True
EU,54573,glassdoor.fr,False,0,0,False
EU,54609,srvnl.nl,False,0,0,False
EU,54614,gea.de,False,1,0,True
EU,54617,grandpalais.fr,False,2,0,True
EU,54628,zamg.ac.at,False,0,0,True
EU,54631,at5.nl,False,0,0,True
EU,54665,unich.it,False,0,0,True
EU,54668,ac-nantes.fr,False,0,0,False
EU,54673,booli.se,False,0,0,False
EU,54686,supersrv.de,False,0,0,False
EU,54698,obi.at,False,0,0,False
EU,54721,starbucks.fr,False,4,0,True
EU,54724,hki-jena.de,False,0,0,False
EU,54725,linternaute.fr,False,1,0,True
EU,54730,f3l.de,False,0,0,True
EU,54779,vertbaudet.de,False,0,0,False
EU,54809,gn2-server.de,False,0,0,True
EU,54837,db.de,False,1,0,True
EU,54851,tcl.fr,False,0,0,False
EU,54882,humboldt-foundation.de,False,1,0,True
EU,54918,hbz-nrw.de,False,0,0,True
EU,54930,die-staemme.de,False,0,0,True
EU,54933,lastdodo.nl,False,0,0,False
EU,54944,bookingexperts.nl,False,0,1,True
EU,54950,sephora.it,False,0,0,False
EU,54960,lloria.fr,False,0,0,False
EU,54986,seelmann.it,False,0,0,True
EU,54995,filmtv.it,False,0,0,True
EU,54997,quirinale.it,False,0,0,False
EU,55019,eduserver.de,False,0,0,True
EU,55036,nordea.se,False,0,0,True
EU,55045,sunweb.nl,False,0,0,True
EU,55067,ovoko.fr,False,0,0,False
EU,55113,strato.nl,False,3,0,True
EU,55124,betclic.fr,False,0,0,False
EU,55162,forbes.fr,False,0,0,False
EU,55189,tyreleader.ie,False,0,0,False
EU,55193,uniklinik-freiburg.de,False,0,0,True
EU,55200,kro-ncrv.nl,False,0,0,True
EU,55203,vatlib.it,False,2,0,True
EU,55213,synchrone.be,False,0,0,True
EU,55224,calzatureginevra.it,True,8,1,True
EU,55274,hs-rm.de,False,0,0,True
EU,55276,derwhisky.de,False,0,0,False
EU,55304,joybuy.nl,True,3,1,True
EU,55321,bookingexpert.it,False,0,0,False
EU,55342,uni-linz.ac.at,False,0,0,False
EU,55354,on3cx.fr,False,0,0,False
EU,55366,centralepneus.fr,False,0,0,False
EU,55379,policia.es,False,0,0,True
EU,55443,dic.at,False,1,0,True
EU,55462,nice.fr,False,1,0,True
EU,55466,stadtradeln.de,False,0,0,True
EU,55472,in-der-nahe.de,False,0,0,True
EU,55478,beeldengeluid.nl,False,0,0,True
EU,55493,ofdb.de,False,1,0,True
EU,55495,unibz.it,False,0,0,True
EU,55499,ellos.se,False,0,2,True
EU,55505,homepagemodules.de,False,0,0,True
EU,55533,planetary-networks.de,False,0,0,True
EU,55557,beautyjunkies.de,False,0,0,False
EU,55558,pokerstars.it,False,1,0,True
EU,55576,finanzen.at,False,1,0,True
EU,55581,farmaline.be,False,3,0,True
EU,55585,maynoothuniversity.ie,False,0,0,False
EU,55594,openbank.es,False,0,0,True
EU,55645,lephoceen.fr,False,0,0,False
EU,55674,parship.de,False,0,0,True
EU,55677,adsimple.at,False,2,0,True
EU,55734,ku.de,False,0,0,True
EU,55740,wheresyoured.at,False,1,0,True
EU,55750,ekir.de,False,0,0,True
EU,55757,posterxxl.de,True,4,1,True
EU,55777,brf.be,False,0,0,True
EU,55785,fortuneo.fr,False,1,0,True
EU,55808,pokepedia.fr,False,1,0,True
EU,55830,espn.nl,False,1,0,True
EU,55835,wkda.de,False,0,0,True
EU,55836,allianz.fr,False,0,0,False
EU,55843,judobeppevismara.it,False,0,0,False
EU,55855,schadeautos.nl,False,1,0,True
EU,55900,oireachtas.ie,False,0,0,True
EU,55911,31173.se,False,0,0,True
EU,55920,allmystery.de,False,0,0,True
EU,55922,wissenschaft.de,False,1,0,True
EU,55948,notino.it,False,0,0,False
EU,55954,metromadrid.es,False,0,0,True
EU,55959,vackertvader.se,False,0,0,False
EU,55960,mur.at,False,0,0,True
EU,55968,apodiscounter.de,False,0,0,False
EU,55970,thefork.it,False,0,0,False
EU,55995,vevor.nl,False,3,0,True
EU,56004,klm.nl,False,1,0,True
EU,56009,cicero.de,False,0,1,True
EU,56010,bergfex.de,False,0,0,False
EU,56022,vidaxl.de,True,5,0,True
EU,56045,ac-reunion.fr,False,0,0,False
EU,56047,ecritel.fr,False,0,0,True
EU,56062,zvw.de,False,0,0,True
EU,56078,ln-online.de,False,0,0,False
EU,56099,sasg.de,False,0,0,True
EU,56113,backmarket.es,True,4,2,True
EU,56114,fattureincloud.it,False,0,0,True
EU,56123,futurezone.de,False,0,0,True
EU,56129,deonlinedrogist.nl,True,4,1,True
EU,56131,jollyroom.se,True,2,1,True
EU,56160,pinterest.at,False,0,0,True
EU,56184,joueclub.fr,False,3,0,True
EU,56192,zweirad-stadler.de,True,3,1,True
EU,56203,awsdns-eusc-48.nl,False,0,0,False
EU,56217,nkon.nl,False,0,0,False
EU,56259,voelkner.de,False,0,0,False
EU,56270,syseleven.de,False,0,0,True
EU,56284,smartworld.it,False,0,0,True
EU,56288,mutua.es,False,0,0,True
EU,56314,folderz.nl,False,0,0,True
EU,56339,indomio.es,False,0,0,False
EU,56363,spin.it,False,0,0,True
EU,56375,demotivateur.fr,False,0,0,True
EU,56405,ovs.it,False,1,0,True
EU,56438,echolive.ie,False,1,0,True
EU,56444,flaticon.es,False,0,0,True
EU,56454,univ-st-etienne.fr,False,1,0,True
EU,56471,hostingperte.it,False,0,0,True
EU,56473,gazzettadiparma.it,False,1,0,True
EU,56492,dihk.de,False,0,0,True
EU,56494,uk-erlangen.de,False,0,0,True
EU,56512,bestsrv.de,False,0,0,False
EU,56523,blick.de,False,1,0,True
EU,56524,kijk.nl,False,0,0,True
EU,56555,sunday.de,False,0,0,False
EU,56556,maxvandaag.nl,False,0,0,False
EU,56564,bod.de,False,0,0,True
EU,56574,gruposantander.es,False,0,0,True
EU,56576,lepopulaire.fr,False,0,0,False
EU,56616,unavarra.es,False,0,0,True
EU,56655,consumer.es,False,0,0,True
EU,56672,gooieneemlander.nl,False,0,0,False
EU,56676,autobild.es,False,0,0,True
EU,56683,welingelichtekringen.nl,False,0,0,True
EU,56690,echo-online.de,False,1,0,True
EU,56708,fuldaerzeitung.de,False,0,0,True
EU,56716,dreamies.de,False,0,0,True
EU,56727,skyscanner.ie,False,0,0,True
EU,56751,jdsports.es,False,1,0,True
EU,56760,mytischtennis.de,False,0,0,True
EU,56789,heidelberg.de,False,0,0,True
EU,56799,ostsee-zeitung.de,False,0,0,False
EU,56832,interamt.de,False,0,0,False
EU,56833,absturztau.be,False,0,0,True
EU,56844,mastercard.de,False,0,0,True
EU,56876,atida.fr,True,5,1,True
EU,56904,leparking.fr,False,0,0,True
EU,56914,diariodeburgos.es,False,1,0,True
EU,56921,lomax.se,True,2,1,True
EU,56945,autojournal.fr,False,0,0,True
EU,56969,lechorepublicain.fr,False,0,0,False
EU,56982,jungefreiheit.de,False,0,0,True
EU,56990,han.nl,False,0,0,True
EU,56993,ad-italia.it,True,2,1,True
EU,57005,bundesaerztekammer.de,False,0,0,True
EU,57017,tecnomat.fr,False,0,0,False
EU,57033,allgemeine-zeitung.de,False,1,0,True
EU,57058,hexanet.fr,False,0,0,True
EU,57076,daskochrezept.de,False,0,0,True
EU,57092,corren.se,False,0,0,True
EU,57141,vandenborre.be,False,0,0,False
EU,57156,wlw.de,False,0,0,True
EU,57207,homeandsmart.de,False,1,0,True
EU,57222,apollo.de,False,3,0,True
EU,57229,lemessager.fr,False,0,0,True
EU,57231,w3line.fr,False,0,0,True
EU,57234,firsturl.de,False,0,0,True
EU,57313,stroeerdigitalgroup.de,False,0,0,True
EU,57332,jeugdjournaal.nl,False,1,0,True
EU,57334,lastminute.de,False,0,0,False
EU,57342,laendleanzeiger.at,False,0,0,True
EU,57354,onoffice.de,False,0,0,True
EU,57365,g-ba.de,False,0,0,True
EU,57373,kinoheld.de,False,1,0,True
EU,57377,fachspezifikum.at,False,0,0,False
EU,57385,freelancer.ie,False,0,0,True
EU,57390,peek-cloppenburg.at,False,0,0,False
EU,57397,safeeclipse.de,False,0,0,False
EU,57434,time.nl,False,0,0,True
EU,57454,verwaltungsportal.de,False,0,0,False
EU,57456,flashscore.it,False,2,0,True
EU,57458,mecshopping.it,True,5,0,True
EU,57495,octopuce.fr,False,0,0,True
EU,57502,ledenicheur.fr,False,3,0,True
EU,57510,ol.fr,False,0,0,True
EU,57518,kyago-pagespeed-io.de,False,0,0,True
EU,57521,bonial.fr,False,1,0,True
EU,57526,finanzcheck.de,False,1,0,True
EU,57529,transportes.gob.es,False,0,0,False
EU,57534,harmonie-mutuelle.fr,False,0,0,True
EU,57536,chello.at,False,0,0,False
EU,57552,kiabi.be,False,0,0,False
EU,57554,airbnb.ie,False,2,0,True
EU,57557,mitti.se,False,1,0,True
EU,57567,bergamonews.it,False,0,0,True
EU,57617,surfer.at,False,0,0,False
EU,57618,euroconnect.fr,False,0,0,False
EU,57627,dagensps.se,False,0,0,True
EU,57640,madisoft.it,False,0,0,True
EU,57645,thefork.es,False,0,0,False
EU,57695,anticorruzione.it,False,0,0,True
EU,57703,turbo.fr,False,0,0,True
EU,57710,lascana.de,False,3,0,True
EU,57725,univ-orleans.fr,False,1,0,True
EU,57743,denhaag.nl,False,0,0,True
EU,57750,wyre.be,False,0,0,True
EU,57751,chemie.de,False,0,0,True
EU,57753,medizinfuchs.de,False,1,0,True
EU,57768,isae-supaero.fr,False,0,0,True
EU,57790,admiral.at,False,0,0,True
EU,57798,tuifly.be,False,0,0,True
EU,57848,greetz.nl,False,2,0,True
EU,57868,margriet.nl,False,0,0,True
EU,57873,geodatenzentrum.de,False,0,0,True
EU,57878,petsplace.nl,True,3,1,True
EU,57887,openpr.de,False,0,0,False
EU,57892,inpa.gov.it,False,0,0,True
EU,57918,planetb.fr,False,0,0,True
EU,57954,currys.ie,False,0,0,False
EU,57958,argenta.be,False,0,0,True
EU,57962,unicef.es,False,0,0,False
EU,57972,meta-defense.fr,False,0,0,True
EU,57974,marktstammdatenregister.de,False,0,0,True
EU,57978,sixt.de,False,0,0,False
EU,57986,axera.it,False,1,0,True
EU,57988,come-on.de,False,0,0,True
EU,58050,turfoo.fr,False,0,0,False
EU,58061,intercom.it,False,1,0,True
EU,58093,fletcher.nl,False,0,0,True
EU,58102,bzst.de,False,0,0,True
EU,58109,natuurhuisje.nl,False,0,0,True
EU,58110,naturvardsverket.se,False,0,0,True
EU,58128,devolksbank.nl,False,0,0,True
EU,58143,umcutrecht.nl,False,0,0,True
EU,58156,ccm19.de,True,1,1,True
EU,58165,csnet.nl,False,0,0,True
EU,58167,phdns25.es,False,2,0,True
EU,58182,livesicilia.it,False,0,0,True
EU,58185,ftd.de,False,0,0,True
EU,58208,fachportal-paedagogik.de,False,0,0,True
EU,58210,immoscoop.be,False,0,0,True
EU,58214,miele.de,True,3,1,True
EU,58238,hdm-stuttgart.de,False,0,0,True
EU,58239,ac-nice.fr,False,0,0,False
EU,58244,dyson.se,False,0,0,False
EU,58246,ipax.at,False,0,0,True
EU,58247,emoforum.de,False,0,0,True
EU,58272,lansforsakringar.se,False,0,0,True
EU,58291,hubspot.de,False,0,0,True
EU,58298,vidaxl.fr,True,4,0,True
EU,58321,bwin.es,False,0,0,True
EU,58347,limerickleader.ie,False,0,0,False
EU,58350,accum.se,False,0,0,False
EU,58370,bundespraesident.de,False,0,0,True
EU,58418,suedtirolnews.it,False,1,0,True
EU,58422,sns.it,False,0,0,True
EU,58432,labourseauxlivres.fr,True,5,1,True
EU,58460,babieldns.de,False,0,0,True
EU,58461,nwt.se,False,0,0,True
EU,58470,bibkat.de,False,0,0,True
EU,58487,simplyadmin.de,False,0,0,False
EU,58491,leberry.fr,False,0,0,False
EU,58542,carwow.de,False,0,0,True
EU,58545,unibw.de,False,0,0,True
EU,58546,omoda.nl,False,1,0,True
EU,58558,bokt.nl,False,0,0,False
EU,58564,kfa-juelich.de,False,3,0,True
EU,58582,belsimpel.nl,False,3,0,True
EU,58590,leslibraires.fr,False,1,0,True
EU,58596,akeo.ie,False,0,0,True
EU,58600,astrowoche.de,False,0,0,True
EU,58601,ucconnect.de,False,0,0,False
EU,58605,birthday.se,False,0,0,False
EU,58641,wias-berlin.de,False,0,0,True
EU,58649,randstad.es,False,0,0,True
EU,58659,interpolis.nl,False,2,0,True
EU,58665,tedox.de,True,4,1,True
EU,58683,zentrum-der-gesundheit.de,False,0,0,False
EU,58725,dhbw.de,False,0,0,True
EU,58741,nencinisport.it,False,0,0,False
EU,58746,uni-hildesheim.de,False,0,0,True
EU,58763,swm.de,False,0,1,True
EU,58768,berliner-sparkasse.de,False,0,0,True
EU,58769,dm.at,False,1,0,True
EU,58783,foerderdatenbank.de,False,0,0,True
EU,58791,hochschulstart.de,False,0,0,True
EU,58820,xn--schnppchenportal-ynb.de,False,0,0,True
EU,58847,ur.de,False,0,0,True
EU,58851,wiesbaden.de,False,0,0,True
EU,58877,campdavid-soccx.de,False,3,0,True
EU,58903,kicker.at,False,0,0,False
EU,58908,atlantico.fr,False,1,0,True
EU,58909,animod.de,False,3,0,True
EU,58914,bolsasymercados.es,False,0,0,True
EU,58916,baumschule-horstmann.de,False,0,0,False
EU,58925,celeros.de,False,1,0,True
EU,58937,street-one.de,False,4,0,True
EU,58953,webhosted.nl,False,0,0,False
EU,58980,prim-ns.de,False,0,0,False
EU,58987,emnbelgium.be,False,0,0,True
EU,59018,laredoute.es,False,0,0,False
EU,59028,femina.fr,False,0,0,False
EU,59055,lebensfreunde.de,False,0,0,True
EU,59062,radioeins.de,False,0,0,True
EU,59067,elsevier.nl,False,0,0,False
EU,59075,uniurb.it,False,0,0,True
EU,59076,instyle.es,False,0,0,True
EU,59078,konsumentverket.se,False,0,0,True
EU,59108,talk-point.de,True,3,3,True
EU,59111,premiere.fr,False,0,0,False
EU,59117,ilgiornaledivicenza.it,False,1,0,True
EU,59131,yellohvillage.fr,False,0,0,False
EU,59154,csn.se,False,0,0,True
EU,59157,geofabrik.de,False,0,0,True
EU,59159,lri.fr,False,0,0,True
EU,59175,football365.fr,False,0,0,True
EU,59188,kicks.se,True,2,3,True
EU,59208,farmasave.it,False,5,0,True
EU,59220,ufficiocamerale.it,False,0,0,False
EU,59235,irishstatutebook.ie,False,0,0,True
EU,59236,comviq.se,True,2,1,True
EU,59269,reviersport.de,False,0,0,True
EU,59276,bike-magazin.de,True,2,0,True
EU,59278,profi-dns.at,False,0,0,False
EU,59291,upcbusiness.at,False,0,0,False
EU,59302,ugc.fr,False,1,0,True
EU,59335,gebrauchtwagen.at,False,0,0,True
EU,59336,toyota.es,False,2,0,True
EU,59345,ucon-acrobatics.fr,True,3,1,True
EU,59346,backmarket.it,True,3,2,True
EU,59349,lhgroup.de,False,0,0,False
EU,59352,gethost.nl,False,0,0,True
EU,59365,groupama.fr,False,0,1,True
EU,59367,ub.es,False,0,0,False
EU,59381,uzleuven.be,False,0,0,True
EU,59435,youtube.de,False,0,0,True
EU,59438,apoteket.se,True,1,1,True
EU,59441,gabler.de,False,1,0,True
EU,59447,bever.nl,False,2,0,True
EU,59462,filmtotaal.nl,False,0,0,True
EU,59463,webmo.fr,False,2,0,True
EU,59481,campingwagner.de,False,0,0,True
EU,59496,deutsche-apotheker-zeitung.de,True,1,1,True
EU,59507,viaggiatreno.it,False,0,0,True
EU,59543,engie.be,False,0,0,True
EU,59546,na.se,False,0,0,True
EU,59565,telavox.se,False,3,0,True
EU,59567,elverys.ie,True,4,2,True
EU,59570,website-start.de,False,0,0,False
EU,59593,parismatch.be,False,0,0,True
EU,59609,orientering.se,False,0,0,True
EU,59650,ladige.it,False,0,0,True
EU,59662,deejay.it,False,0,0,True
EU,59667,keukenman.nl,False,0,0,True
EU,59697,webwiki.de,False,0,0,True
EU,59715,lemondeinformatique.fr,False,1,0,True
EU,59721,hs-mittweida.de,False,0,0,True
EU,59725,cetelem.fr,False,1,0,True
EU,59732,ctdo.de,False,1,0,True
EU,59747,bundesanzeiger.de,False,0,0,True
EU,59756,hix.nl,False,0,0,False
EU,59757,radioradicale.it,False,0,0,True
EU,59770,intrend.it,True,2,1,True
EU,59806,algonet.se,False,0,0,False
EU,59811,mt.de,False,2,0,True
EU,59827,mineralienatlas.de,False,1,0,True
EU,59833,sephora.es,False,0,0,False
EU,59837,shopmania.ie,False,0,0,True
EU,59848,impresainungiorno.gov.it,False,0,0,True
EU,59850,topdoctors.es,False,0,0,False
EU,59866,bundesjustizamt.de,False,0,0,True
EU,59872,iospress.nl,False,0,0,True
EU,59890,backenmachtgluecklich.de,False,0,0,True
EU,59892,mercedes-benz.fr,False,0,0,True
EU,59894,gse.it,False,0,0,False
EU,59917,namespace4you.de,False,0,0,False
EU,59920,da-x.de,True,3,0,True
EU,59942,bike24.de,False,0,0,True
EU,59949,napolitoday.it,False,1,0,True
EU,59959,digitaltmuseum.se,False,1,0,True
EU,59960,loveholidays.ie,False,0,0,False
EU,59979,nationalgeographic.nl,False,1,0,True
EU,59983,deporvillage.it,False,0,0,False
EU,59990,tele2.nl,False,2,0,True
EU,60002,mapfre.es,False,0,1,True
EU,60005,epochtimes.de,False,0,0,True
EU,60018,torfs.be,True,2,0,True
EU,60051,cna.at,False,0,0,False
EU,60071,eerstekamer.nl,False,0,0,True
EU,60088,quares.es,False,0,0,False
EU,60099,nic.at,False,0,0,True
EU,60111,jdsports.nl,False,2,0,True
EU,60119,plusonline.nl,False,0,0,False
EU,60132,caseking.de,False,0,0,False
EU,60147,palermotoday.it,False,0,0,True
EU,60157,sportium.es,False,0,0,True
EU,60172,viabovag.nl,False,0,0,True
EU,60183,cgrcinemas.fr,False,0,0,True
EU,60189,veiliginternetten.nl,False,0,0,True
EU,60206,flugrevue.de,False,0,0,True
EU,60215,happy-size.de,False,3,0,True
EU,60227,emerce.nl,False,0,0,True
EU,60229,blablacar.es,False,0,0,False
EU,60230,plus.nl,False,0,0,True
EU,60239,stadium.se,False,0,0,False
EU,60243,verfassungsschutz.de,False,1,0,True
EU,60247,buienalarm.nl,False,0,0,False
EU,60266,wittytv.it,False,0,0,True
EU,60288,bauhaus.se,True,5,1,True
EU,60290,eatsmarter.de,False,0,0,True
EU,60299,bwin.it,False,0,0,True
EU,60337,neuf.fr,False,0,0,False
EU,60343,restaurants.nl,False,0,0,False
EU,60362,just-eat.ie,False,0,0,False
EU,60365,laliga.es,False,0,0,True
EU,60397,cdu.de,False,0,0,True
EU,60417,krueger-dirndl.de,False,0,0,False
EU,60437,kristianstadsbladet.se,False,0,0,True
EU,60445,newpharma.fr,False,0,0,False
EU,60451,retoura.de,True,4,1,True
EU,60472,harveynorman.ie,False,0,0,False
EU,60480,safti.fr,False,0,0,True
EU,60485,nrm.se,False,0,0,True
EU,60495,scapino.nl,False,2,0,True
EU,60499,oggi.it,False,0,0,True
EU,60504,u-cergy.fr,False,0,0,False
EU,60513,thehalara.fr,False,0,0,True
EU,60519,snb.it,False,0,0,True
EU,60528,sport2000.fr,False,4,0,True
EU,60544,elternberatung.at,False,0,0,False
EU,60548,evolutio.es,False,0,0,True
EU,60556,easypara.fr,True,3,2,True
EU,60570,mailplus.nl,False,0,0,False
EU,60578,toyota.fr,False,2,0,True
EU,60585,ladies-forum.de,False,0,0,True
EU,60607,adeli.fr,False,0,0,False
EU,60619,panini.it,True,4,1,True
EU,60665,cinesa.es,False,0,0,False
EU,60697,lejdc.fr,False,0,0,False
EU,60706,schmetterling.de,False,1,0,True
EU,60711,lyonne.fr,False,0,0,False
EU,60713,gijon.es,False,0,0,True
EU,60774,transport-online.nl,False,0,0,True
EU,60777,hs-furtwangen.de,False,0,0,True
EU,60778,tktn.be,False,0,0,False
EU,60785,punto-informatico.it,False,3,0,True
EU,60808,klaravik.se,False,0,3,True
EU,60843,onf.fr,False,1,0,True
EU,60847,bolognatoday.it,False,1,0,True
EU,60850,marieclaire.it,False,1,0,True
EU,60858,disonsdemain.fr,False,0,0,True
EU,60868,belambra.fr,False,0,0,True
EU,60876,fi.se,False,0,0,True
EU,60889,feuvert.fr,False,0,0,False
EU,60896,jmberlin.de,False,0,0,True
EU,60906,klamm.de,False,0,0,True
EU,60927,hollandandbarrett.nl,False,3,0,True
EU,60976,deporvillage.fr,False,0,0,False
EU,60977,maxpy.de,False,0,0,False
EU,60998,gps.ie,True,3,1,True
EU,61009,allianz.it,False,0,0,False
EU,61018,sellpy.de,False,0,0,True
EU,61052,centrepresseaveyron.fr,False,2,0,True
EU,61093,bergfreunde.nl,False,2,0,True
EU,61099,b-tu.de,False,0,0,True
EU,61117,kiabi.it,False,0,0,False
EU,61139,letec.be,False,0,0,False
EU,61179,vfb.de,False,0,0,True
EU,61180,bmf.gv.at,False,0,0,True
EU,61265,automoto.it,False,0,0,True
EU,61274,moncompteformation.gouv.fr,False,0,0,True
EU,61278,kau.se,False,0,0,True
EU,61284,torinotoday.it,False,1,0,True
EU,61289,arla.se,False,1,0,True
EU,61300,chasse-aux-livres.fr,False,0,0,True
EU,61327,baldur-garten.de,True,2,0,True
EU,61358,forbes.es,False,0,0,True
EU,61379,hellofresh.de,False,1,0,True
EU,61382,africamuseum.be,False,0,0,True
EU,61389,inet.se,False,0,0,False
EU,61393,nsd.se,False,0,0,True
EU,61406,miravia.es,False,0,0,True
EU,61414,fxgam.es,False,0,0,True
EU,61415,repl.it,False,0,0,True
EU,61472,dns-net.de,False,0,0,True
EU,61479,donau-uni.ac.at,False,0,0,True
EU,61483,quarks.de,False,0,0,True
EU,61498,regionalheute.de,False,0,0,True
EU,61537,erasmusmc.nl,False,0,0,True
EU,61624,iespana.es,False,0,0,True
EU,61631,lagacetadesalamanca.es,False,2,0,True
EU,61632,einfachkochen.de,False,0,0,True
EU,61637,mypasswordapp.de,False,0,0,True
EU,61638,shop-apotheke.at,False,4,0,True
EU,61647,laprovinciadicomo.it,False,1,0,True
EU,61651,fanfiktion.de,False,1,0,True
EU,61673,biluppgifter.se,False,0,0,False
EU,61706,tchibo.at,False,3,0,True
EU,61709,airbnb.nl,False,2,0,True
EU,61716,gi.de,False,0,0,True
EU,61721,ac-nancy-metz.fr,False,0,0,False
EU,61722,jtl-software.de,False,0,0,True
EU,61729,green-acres.fr,False,0,2,True
EU,61740,telephoneannuaire.fr,False,0,0,False
EU,61750,kurzurlaub.de,False,0,0,True
EU,61753,starcasino.be,False,0,0,True
EU,61756,webhosting.be,False,0,0,True
EU,61807,overpass-api.de,False,0,0,True
EU,61823,starcasino.it,False,0,0,True
EU,61851,partyflock.nl,False,0,0,False
EU,61866,soester-anzeiger.de,False,0,0,True
EU,61874,ivg.it,False,1,0,True
EU,61879,betcity.nl,False,0,0,False
EU,61882,ifw-kiel.de,False,0,0,True
EU,61884,vtwonen.nl,False,0,0,True
EU,61893,disclaimer.de,False,0,0,True
EU,61926,targatocn.it,False,1,0,True
EU,61955,easycosmetic.de,False,2,0,True
EU,61968,univ-paris7.fr,False,0,0,False
EU,61973,thelocal.it,False,1,0,True
EU,61981,santander.de,False,0,0,True
EU,61982,flashscore.nl,False,2,0,True
EU,61985,dirs21.de,False,0,0,True
EU,61988,apotheken.de,False,0,0,True
EU,61999,comune.roma.it,False,0,0,True
EU,62023,grandest.fr,False,0,0,True
EU,62027,flashscore.se,False,2,0,True
EU,62060,digitalfernsehen.de,False,0,0,True
EU,62066,edu.ie,False,0,0,False
EU,62092,123inkt.nl,False,3,0,True
EU,62094,tellows.de,False,0,0,False
EU,62157,cso.ie,False,0,0,True
EU,62159,phdns17.es,False,0,0,True
EU,62167,apotal.de,True,4,2,True
EU,62180,picard.fr,True,3,0,True
EU,62200,prijsvrij.nl,False,0,0,True
EU,62220,hsv.de,False,1,0,True
EU,62222,tecnicadellascuola.it,False,1,0,True
EU,62224,barometern.se,False,0,0,True
EU,62249,streamingtech.de,False,0,0,False
EU,62269,vn.at,False,0,0,True
EU,62273,dfa.ie,False,0,0,False
EU,62294,forbes.it,False,0,0,True
EU,62301,luckia.es,False,0,0,False
EU,62311,fyndiq.se,False,0,0,False
EU,62328,lillemetropole.fr,False,1,0,True
EU,62332,clubalfa.it,False,0,0,True
EU,62333,usine-digitale.fr,False,0,0,False
EU,62364,motoruf.fr,False,1,0,True
EU,62373,meetic.es,False,0,0,True
EU,62382,stylevamp.de,False,0,0,True
EU,62388,sismetenergy.it,False,1,0,True
EU,62426,smp.se,False,0,0,True
EU,62428,op.se,False,1,0,True
EU,62432,irishrail.ie,False,0,0,True
EU,62435,companyweb.be,False,0,0,True
EU,62458,wienkav.at,False,0,0,False
EU,62486,dwdl.de,False,0,0,True
EU,62509,tiendanimal.es,True,2,1,True
EU,62519,aliceadsl.fr,False,0,0,False
EU,62543,nieuws.nl,False,0,0,True
EU,62545,gehalt.de,False,0,0,True
EU,62565,shoplytics.de,False,0,0,True
EU,62578,drezzy.it,False,0,0,True
EU,62629,centerparcs.nl,False,0,0,True
EU,62642,colourbox.es,False,1,0,True
EU,62654,kinky.nl,False,0,0,False
EU,62678,kndns.de,False,0,0,False
EU,62731,leukerecepten.nl,False,0,0,True
EU,62749,unser-ferienprogramm.de,False,0,0,True
EU,62756,eis.de,False,0,0,False
EU,62757,andreasblohm.de,False,0,0,False
EU,62762,winparts.nl,False,0,0,False
EU,62788,pinalli.it,False,0,0,False
EU,62791,kurz-mal-weg.de,False,0,0,True
EU,62797,groupon.fr,False,0,0,False
EU,62806,lamanchelibre.fr,False,0,0,True
EU,62836,namur.be,False,1,0,True
EU,62841,philips.nl,True,3,2,True
EU,62842,red-by-sfr.fr,False,0,0,True
EU,62858,phdns18.es,False,0,0,True
EU,62875,febas.de,False,0,1,True
EU,62902,bet365.de,False,0,0,False
EU,62915,quest.nl,False,1,0,True
EU,62921,hood.de,True,1,2,True
EU,62922,u-pec.fr,False,0,0,True
EU,62937,binged.it,False,0,0,True
EU,62939,dicode.nl,False,0,0,True
EU,62947,fraenkischertag.de,False,2,0,True
EU,62959,besoccer.es,False,0,0,True
EU,62961,tui.fr,False,0,0,True
EU,62994,babypark.nl,True,4,0,True
EU,63006,entertainment.ie,False,0,0,True
EU,63072,vdk.de,False,0,0,True
EU,63093,bureau-vallee.fr,True,4,3,True
EU,63105,ktk.de,False,1,0,True
EU,63106,np-coburg.de,False,1,0,True
EU,63120,quotidianodipuglia.it,False,2,0,True
EU,63127,autoriteprotectiondonnees.be,False,0,0,True
EU,63129,bitdefender.es,False,0,0,True
EU,63139,ube.fr,False,0,0,True
EU,63145,cup24.it,False,0,0,True
EU,63146,bibamagazine.fr,False,0,0,True
EU,63198,uniecampus.it,False,1,0,True
EU,63203,traktorpool.de,False,0,0,False
EU,63216,flixbus.it,False,1,0,True
EU,63239,stileo.it,False,0,0,True
EU,63244,linevast.de,True,1,2,True
EU,63253,walfoot.be,False,0,0,True
EU,63264,uni-dortmund.de,False,0,0,True
EU,63270,lovelybooks.de,False,1,0,True
EU,63285,euronics.de,False,0,0,False
EU,63311,orientacionandujar.es,False,0,0,True
EU,63351,meetic.it,False,0,0,True
EU,63355,funandnews.de,False,0,0,True
EU,63364,ziggozakelijk.nl,False,0,0,True
EU,63388,vistaprint.fr,False,3,0,True
EU,63420,outlook.de,False,0,0,False
EU,63426,coffea.fr,False,4,0,True
EU,63427,norma24.de,True,2,1,True
EU,63440,nen.nl,True,4,0,True
EU,63449,conova.at,False,0,0,False
EU,63450,segmueller.de,False,2,0,True
EU,63460,drmax.it,False,0,0,False
EU,63463,lidl.be,False,3,0,True
EU,63469,unisportstore.de,False,4,0,True
EU,63487,primocanale.it,False,1,0,True
EU,63498,kundencontroller.de,False,0,0,True
EU,63501,autovisie.nl,False,0,0,False
EU,63505,numerique.gouv.fr,False,0,0,True
EU,63506,ac-amiens.fr,False,0,0,False
EU,63514,flixbus.fr,False,1,0,True
EU,63544,schlichtungsstelle-bgg.de,False,0,0,True
EU,63549,gema.de,False,0,0,True
EU,63561,transfer.it,False,0,0,True
EU,63576,shopzilla.it,False,0,0,False
EU,63608,prossl.de,False,0,0,True
EU,63631,rapidmail.de,False,0,1,True
EU,63654,gastromatic.de,False,0,0,True
EU,63663,allas.se,False,0,0,True
EU,63670,formulapassion.it,False,0,0,True
EU,63679,888casino.it,False,1,0,True
EU,63682,secretescapes.de,False,1,0,True
EU,63687,ac-toulouse.fr,False,0,0,False
EU,63691,vincitu.it,False,0,0,False
EU,63722,sanitas.es,False,0,0,True
EU,63744,cajamar.es,False,0,0,True
EU,63750,homestoreandmore.ie,True,5,0,True
EU,63779,sfg-mkg.de,False,0,0,False
EU,63782,stadt-muenster.de,False,0,0,True
EU,63784,loterie-nationale.be,False,0,0,True
EU,63785,vattenfall.de,False,0,0,True
EU,63787,bisping.de,False,0,0,True
EU,63813,fragdenstaat.de,False,0,0,True
EU,63835,volkswagen.fr,False,0,0,True
EU,63840,univ-pau.fr,False,0,0,True
EU,63843,zilverenkruis.nl,False,0,0,True
EU,63860,schule.de,False,0,0,True
EU,63867,viva.nl,False,0,0,False
EU,63879,adif.es,False,0,0,True
EU,63920,ree.es,False,0,0,True
EU,63936,unibet.nl,False,0,0,False
EU,63941,riksbank.se,False,0,0,True
EU,63949,rusdate.de,False,0,0,True
EU,63951,bt.se,False,1,0,True
EU,63956,imtest.de,False,0,0,True
EU,63966,casinobarcelona.es,False,0,0,False
EU,63970,wetterdienst.de,False,0,0,True
EU,63973,hornbach.at,False,0,0,False
EU,63982,hrs.de,False,0,0,True
EU,63994,netonnet.se,False,0,0,False
EU,64041,loesdau.de,False,3,0,True
EU,64047,wiener-staatsoper.at,False,0,0,True
EU,64053,decathlon.ie,False,0,0,False
EU,64083,webnews.it,False,0,0,True
EU,64103,sll.se,False,0,0,False
EU,64112,elfarodeceuta.es,False,0,0,True
EU,64113,myheritage.de,False,2,0,True
EU,64116,univ-mrs.fr,False,0,0,False
EU,64119,myheritage.nl,False,2,0,True
EU,64156,wissen.de,False,0,0,True
EU,64162,peterhahn.de,False,2,0,True
EU,64176,ehorses.de,False,0,0,True
EU,64189,babyone.de,True,5,1,True
EU,64192,papillesetpupilles.fr,False,0,0,True
EU,64193,veneziatoday.it,False,1,0,True
EU,64196,autonews.fr,False,0,0,True
EU,64216,repstatic.it,False,0,0,False
EU,64227,wunderweib.de,True,5,0,True
EU,64249,papvacances.fr,False,0,0,False
EU,64259,bandel-online.de,False,2,0,True
EU,64267,duh.de,False,0,0,True
EU,64270,dnsgigas.es,False,0,0,False
EU,64293,weldom.fr,False,0,0,False
EU,64348,univ-montp3.fr,False,1,0,True
EU,64357,netzwerge.de,False,2,0,True
EU,64358,decorrespondent.nl,False,0,0,True
EU,64383,dekra.de,False,0,0,True
EU,64401,bawag.at,False,0,0,True
EU,64406,uzbrussel.be,False,0,0,True
EU,64412,power.se,False,0,0,True
EU,64427,vakantieveilingen.nl,False,0,0,True
EU,64450,eat.de,False,0,0,True
EU,64474,pensionsmyndigheten.se,False,0,0,True
EU,64476,schuhe-lueke.de,False,4,0,True
EU,64485,gegevensbeschermingsautoriteit.be,False,0,0,True
EU,64493,nutripure.fr,False,0,0,False
EU,64509,koket.se,False,0,0,True
EU,64520,antidiskriminierungsstelle.de,False,0,0,True
EU,64566,diariodelaltoaragon.es,False,0,0,True
EU,64575,mwdns.de,False,0,0,False
EU,64587,nantes.fr,False,0,0,False
EU,64623,pei.de,False,0,0,True
EU,64629,centerparcs.fr,False,0,0,True
EU,64637,autoland.de,True,1,1,True
EU,64649,catawiki.nl,False,1,0,True
EU,64655,figc.it,False,0,0,True
EU,64681,modz.fr,True,2,1,True
EU,64683,melablog.it,False,0,0,True
EU,64697,apotekhjartat.se,False,2,0,True
EU,64699,doveconviene.it,False,0,0,True
EU,64713,globvill.de,False,0,0,False
EU,64720,hccnet.nl,False,0,0,True
EU,64727,bergfex.it,False,0,0,False
EU,64745,lemedecin.fr,False,0,0,True
EU,64758,uhrforum.de,False,0,0,False
EU,64767,sbroker.de,False,0,0,True
EU,64840,bauhaus.at,False,0,0,False
EU,64843,amica.it,False,0,0,True
EU,64845,danisch.de,False,0,0,True
EU,64850,bebasket.fr,False,1,0,True
EU,64865,orias.fr,False,0,0,True
EU,64874,skechers.fr,True,4,2,True
EU,64883,dawum.de,False,0,0,True
EU,64886,haspa.de,False,0,0,True
EU,64887,phdns14.es,False,2,0,True
EU,64888,libris.nl,False,0,0,False
EU,64979,net-entreprises.fr,False,0,0,True
EU,64983,awsdns-eusc-23.fr,False,0,0,False
EU,64996,dirk.nl,True,1,1,True
EU,65031,flair.nl,False,0,0,True
EU,65047,crea-tuweb.es,False,0,0,False
EU,65062,domainssaubillig.de,False,1,0,True
EU,65092,myheritage.es,False,1,0,True
EU,65132,casinos.at,False,0,0,True
EU,65135,infolocale.fr,False,0,0,True
EU,65148,landsend.de,True,3,0,True
EU,65172,banquedesterritoires.fr,False,1,0,True
EU,65195,dns.ie,False,0,0,False
EU,65199,infuturo.it,False,0,0,False
EU,65230,lemoniteur.fr,False,0,0,False
EU,65236,natuurmonumenten.nl,False,0,0,True
EU,65254,nbb.be,False,0,0,True
EU,65259,direct-assurance.fr,False,0,0,True
EU,65260,bbaw.de,False,0,0,True
US,1,google.com,False,0,0,True
US,2,cloudflare.com,False,0,0,True
US,3,facebook.com,False,1,0,True
US,4,gstatic.com,False,0,0,False
US,5,amazonaws.com,False,0,0,True
US,7,googleapis.com,False,0,0,False
US,8,microsoft.com,False,1,1,True
US,9,apple.com,False,2,0,True
US,10,youtube.com,False,0,0,True
US,11,instagram.com,False,1,0,True
US,12,ezviz7.com,False,0,0,False
US,15,domaincontrol.com,False,0,0,False
US,16,twitter.com,False,0,0,True
US,17,linkedin.com,False,1,0,True
US,19,googlevideo.com,False,0,0,False
US,21,hicloudcam.com,False,1,0,True
US,22,googletagmanager.com,False,0,0,False
US,23,office.com,False,0,1,True
US,25,live.com,False,0,0,False
US,26,amazon.com,False,1,0,True
US,27,azure.com,False,0,1,True
US,29,github.com,False,0,0,True
US,31,appsflyersdk.com,False,0,0,False
US,33,bing.com,False,0,0,True
US,35,aaplimg.com,False,0,0,False
US,37,googleusercontent.com,False,0,0,False
US,43,sharepoint.com,False,0,1,True
US,45,microsoftonline.com,False,0,0,False
US,46,netflix.com,False,0,0,True
US,48,x.com,False,0,0,True
US,50,digicert.com,False,0,0,True
US,51,skype.com,False,0,0,True
US,52,icloud.com,False,0,0,True
US,53,pinterest.com,False,0,0,True
US,54,googledomains.com,False,0,0,True
US,56,whatsapp.com,False,1,0,True
US,57,tiktok.com,False,0,0,True
US,59,googlesyndication.com,False,0,0,True
US,60,yahoo.com,False,2,0,True
US,61,gvt1.com,False,0,0,False
US,62,windowsupdate.com,False,0,0,False
US,64,roblox.com,False,0,0,True
US,66,adobe.com,False,0,0,True
US,69,spotify.com,False,0,0,True
US,71,zoom.us,False,0,0,True
US,74,msn.com,False,0,0,True
US,75,qq.com,False,0,0,True
US,77,tiktokcdn.com,False,0,0,False
US,80,opera.com,False,0,2,True
US,81,baidu.com,False,0,0,True
US,83,tiktokv.com,False,0,0,True
US,86,vimeo.com,False,0,0,True
US,87,chatgpt.com,False,0,0,False
US,88,f5.com,False,0,0,True
US,89,cloudflare-dns.com,False,0,0,True
US,90,gvt2.com,False,0,0,False
US,91,cdninstagram.com,False,0,0,False
US,92,openai.com,False,0,0,False
US,93,a2z.com,False,0,0,False
US,94,nginx.com,False,0,1,True
US,97,highwebmedia.com,False,0,0,False
US,99,blogspot.com,False,0,0,True
US,100,dellemc.com,False,2,0,True
US,101,yuga.com,False,0,0,True
US,102,wordpress.com,False,0,0,False
US,107,reddit.com,False,0,0,True
US,108,ytimg.com,False,0,0,False
US,109,samsung.com,False,2,1,True
US,111,windows.com,False,0,0,True
US,112,ui.com,False,1,0,True
US,114,office365.com,False,0,0,False
US,115,amazonvideo.com,False,0,0,True
US,118,epicgames.com,False,0,0,False
US,120,registrar-servers.com,False,0,0,True
US,121,triplinkintl.com,False,0,0,True
US,123,outlook.com,False,0,0,False
US,125,google-analytics.com,False,0,0,True
US,129,dnsowl.com,False,0,0,False
US,131,dropbox.com,True,1,2,True
US,133,snapchat.com,False,0,0,True
US,135,intuit.com,False,1,0,True
US,136,vk.com,False,1,0,True
US,137,app-measurement.com,False,0,0,False
US,138,aliyuncs.com,False,0,0,False
US,139,app-analytics-services.com,False,0,0,False
US,142,amazon-adsystem.com,False,0,0,False
US,144,kaspersky.com,False,0,0,True
US,149,dns-parking.com,False,0,0,False
US,150,godaddy.com,False,0,0,False
US,151,unity3d.com,False,0,0,True
US,152,afternic.com,False,0,0,True
US,153,criteo.com,False,1,0,True
US,154,gravatar.com,False,0,0,True
US,155,tumblr.com,False,0,0,True
US,158,nytimes.com,False,0,0,False
US,159,jomodns.com,False,0,0,False
US,162,fastly-edge.com,False,0,0,False
US,163,webex.com,False,1,0,True
US,164,hichina.com,False,0,0,True
US,165,xiaomi.com,False,0,0,True
US,166,example.com,False,0,0,True
US,167,paypal.com,True,1,2,True
US,168,shopify.com,False,1,0,True
US,170,discord.com,False,0,0,True
US,171,msftncsi.com,False,0,0,False
US,172,lsrelayaccess.com,False,0,0,False
US,173,spectrum.com,False,0,3,True
US,177,msftconnecttest.com,False,0,0,False
US,180,applovin.com,False,0,0,True
US,185,macromedia.com,False,0,0,True
US,186,hosting24.com,False,0,3,True
US,187,android.com,False,0,0,True
US,191,paytmfirstgames.com,False,0,0,True
US,192,vedcdnlb.com,False,0,0,False
US,193,flickr.com,False,0,0,True
US,195,soundcloud.com,False,1,0,True
US,196,shiabank.com,False,0,0,False
US,201,namebrightdns.com,False,0,0,False
US,202,googleadservices.com,False,0,0,False
US,203,medium.com,False,0,0,False
US,204,theguardian.com,False,2,1,True
US,205,cnn.com,False,1,0,True
US,207,ebay.com,False,0,0,False
US,208,ubuntu.com,False,0,0,True
US,210,bytefcdn-oversea.com,False,0,0,False
US,211,ailawandorder.com,False,0,0,False
US,212,youtube-nocookie.com,False,0,0,False
US,213,cdn-apple.com,False,0,0,False
US,214,oracle.com,False,0,0,False
US,215,ksyuncdn.com,False,0,0,False
US,216,ggpht.com,False,0,0,False
US,217,shifen.com,False,0,0,False
US,219,ttdns2.com,False,0,0,False
US,220,forbes.com,False,0,0,True
US,221,bbc.com,False,0,0,True
US,222,sciencedirect.com,False,0,0,False
US,225,scorecardresearch.com,False,0,0,True
US,227,cdngslb.com,False,0,0,False
US,228,crashlytics.com,False,0,1,True
US,234,cisco.com,False,0,0,True
US,236,adsafeprotected.com,False,0,0,True
US,240,rubiconproject.com,False,0,0,True
US,241,stripe.com,True,1,1,True
US,242,vungle.com,False,0,1,True
US,245,rbxcdn.com,False,0,0,False
US,246,userapi.com,False,1,0,True
US,248,alidns.com,False,0,0,True
US,250,canva.com,False,0,0,False
US,252,meraki.com,False,0,0,True
US,253,samsungcloud.com,False,0,0,True
US,254,wsdvs.com,False,0,0,False
US,256,taboola.com,False,0,0,True
US,258,media-amazon.com,False,0,0,False
US,260,hubspot.com,False,0,1,True
US,261,roku.com,False,1,0,True
US,262,mtgglobals.com,False,0,0,True
US,265,arubanetworks.com,False,0,0,True
US,266,imdb.com,False,0,0,True
US,268,namecheap.com,False,0,0,False
US,269,gmail.com,False,0,0,True
US,270,capcutapi.com,False,0,0,False
US,272,alibabadns.com,False,0,0,False
US,273,adnxs.com,False,0,0,False
US,274,name-services.com,False,0,0,False
US,276,wixsite.com,False,0,0,True
US,278,hcaptcha.com,False,0,0,True
US,279,forter.com,False,2,2,True
US,280,miui.com,False,0,0,True
US,281,pubmatic.com,False,0,0,False
US,286,ibm.com,False,0,0,True
US,287,aliyuncsslbintl.com,False,0,0,False
US,290,booking.com,False,0,0,True
US,291,reuters.com,False,0,0,False
US,292,dnsmadeeasy.com,False,0,0,True
US,293,awswaf.com,False,0,0,False
US,294,appsflyer.com,False,0,0,True
US,295,googleblog.com,False,0,0,True
US,296,salesforce.com,False,0,2,True
US,298,licdn.com,False,0,0,False
US,299,amplitude.com,False,0,1,True
US,300,nflximg.com,False,0,0,False
US,301,tinyurl.com,False,0,0,True
US,304,springer.com,False,1,0,True
US,305,mzstatic.com,False,2,0,True
US,306,hp.com,False,2,0,True
US,307,autodesk.com,False,2,0,True
US,308,tiktokcdn-us.com,False,0,0,False
US,310,nature.com,False,0,0,True
US,311,steampowered.com,False,1,0,True
US,312,inmobi.com,False,0,0,True
US,313,weibo.com,False,0,0,True
US,316,avast.com,False,0,2,True
US,321,alibaba.com,False,1,0,True
US,322,weather.com,False,0,0,True
US,323,casalemedia.com,False,0,0,True
US,325,douyincdn.com,False,0,0,False
US,327,heytapmobile.com,False,0,0,False
US,330,ip-api.com,False,0,0,True
US,331,wiley.com,False,3,0,True
US,333,mi.com,False,0,0,True
US,334,samsungqbe.com,False,0,0,False
US,336,etsy.com,False,0,0,False
US,338,aliyun.com,False,0,0,True
US,339,dell.com,False,2,0,True
US,341,shalltry.com,False,0,0,True
US,344,name.com,False,1,0,True
US,345,weebly.com,False,1,0,True
US,346,smartadserver.com,False,0,0,True
US,348,bilibili.com,False,1,0,True
US,349,tbcache.com,False,0,0,False
US,352,naver.com,False,0,0,True
US,353,slack.com,False,0,0,True
US,354,ea.com,False,2,0,True
US,355,myshopify.com,False,0,0,False
US,356,trustpilot.com,False,0,0,False
US,358,hostgator.com,False,0,0,False
US,359,doubleverify.com,False,0,0,True
US,362,checkpoint.com,False,0,0,True
US,367,twc.com,False,0,3,True
US,368,tp-link.com,False,0,0,True
US,369,worldnic.com,False,0,0,False
US,370,washingtonpost.com,False,1,0,True
US,371,gitlab.com,False,0,0,True
US,373,tradingview.com,False,1,0,True
US,374,opendns.com,False,0,0,True
US,375,allawnos.com,False,0,0,False
US,376,zendesk.com,True,1,2,True
US,378,gamepass.com,False,0,0,False
US,379,nvidia.com,False,0,0,True
US,380,issuu.com,False,0,0,True
US,382,volcfcdndvs.com,False,0,0,False
US,386,datadoghq.com,False,0,2,True
US,387,bloomberg.com,False,0,0,False
US,389,tagomi.com,False,0,0,False
US,390,plesk.com,False,2,0,True
US,391,wsj.com,False,0,0,False
US,393,samsungcloudsolution.com,False,0,0,False
US,394,mozilla.com,False,0,0,True
US,395,browser-intake-datadoghq.com,False,0,0,False
US,397,yandex.com,False,0,0,True
US,398,tiktokv.us,False,0,0,False
US,400,calendly.com,False,0,0,True
US,401,amazontrust.com,False,0,0,True
US,403,globo.com,False,0,0,True
US,406,vecdnlb.com,False,0,0,False
US,408,espn.com,False,1,0,True
US,409,ibyteimg.com,False,0,0,False
US,411,expireddomains.com,False,0,0,False
US,412,shopifysvc.com,False,0,0,False
US,416,whecloud.com,False,0,0,False
US,417,brave.com,False,0,0,True
US,419,indeed.com,False,0,0,False
US,420,unsplash.com,False,0,0,True
US,421,kwai-pro.com,False,0,0,True
US,423,dropcatch.com,False,0,0,True
US,424,163.com,False,0,0,True
US,426,netease.com,False,0,0,True
US,427,go.com,False,1,0,True
US,429,firefox-portal-detection.com,False,0,0,True
US,430,heytapdl.com,False,0,0,False
US,431,duckduckgo.com,False,0,0,True
US,434,rocket-cdn.com,False,0,0,False
US,435,steamcommunity.com,False,1,0,True
US,436,dailymotion.com,False,0,0,True
US,439,tiktokcdn-eu.com,False,0,0,False
US,440,temu.com,False,3,0,True
US,441,supercell.com,False,0,0,True
US,442,huawei.com,False,0,0,True
US,443,intel.com,False,0,0,True
US,445,kaspersky-labs.com,False,0,0,False
US,447,bluehost.com,False,0,0,False
US,448,launchdarkly.com,False,0,0,True
US,449,taobao.com,False,1,0,True
US,450,paloaltonetworks.com,False,0,0,True
US,451,substack.com,False,0,0,True
US,452,aliexpress.com,False,0,0,True
US,453,chinamobile.com,False,0,0,False
US,454,awsglobalaccelerator.com,False,0,0,False
US,456,duolingo.com,False,0,0,True
US,457,publicnode.com,False,0,0,True
US,458,kwaipros.com,False,0,0,True
US,459,businessinsider.com,False,1,1,True
US,463,googletagservices.com,False,0,0,False
US,464,aol.com,False,0,0,True
US,466,pixabay.com,False,0,0,False
US,467,myqcloud.com,False,0,0,False
US,469,vercel-dns-016.com,False,0,0,False
US,472,firetvcaptiveportal.com,False,0,0,False
US,474,byteglb.com,False,0,0,False
US,476,goodreads.com,False,0,0,True
US,477,wp.com,False,0,0,False
US,479,walmart.com,False,3,0,True
US,480,okta.com,False,0,1,True
US,481,cnbc.com,False,0,0,True
US,483,mikrotik.com,False,0,0,True
US,484,avsxappcaptiveportal.com,False,0,0,False
US,485,statista.com,False,1,0,True
US,487,vivoglobal.com,False,0,0,True
US,489,ezvizlife.com,False,1,0,True
US,490,list-manage.com,False,0,0,False
US,492,quora.com,False,0,0,False
US,496,gotinder.com,False,1,0,True
US,497,addtoany.com,False,0,0,True
US,498,mcafee.com,True,1,1,True
US,499,bdydns.com,False,0,0,False
US,500,fandom.com,False,0,0,False
US,501,sohu.com,False,0,0,True
US,502,wbx2.com,False,0,0,False
US,504,markmonitor.com,False,0,0,True
US,505,shein.com,True,1,1,True
US,506,sc-gw.com,False,0,0,False
US,510,ui-dns.com,False,0,0,False
US,511,dynatrace.com,False,0,2,True
US,513,amazonalexa.com,False,1,0,True
US,514,wswebcdn.com,False,0,0,False
US,515,newrelic.com,False,0,0,True
US,516,mediatek.com,False,0,0,True
US,520,docker.com,False,0,0,True
US,522,cloudflareinsights.com,False,0,0,True
US,525,indiatimes.com,False,0,0,True
US,526,scribd.com,False,2,0,True
US,527,stackoverflow.com,False,0,0,False
US,530,elasticbeanstalk.com,False,0,0,False
US,531,foxnews.com,False,0,0,True
US,532,mysql.com,False,0,0,True
US,534,squarespacedns.com,False,0,0,False
US,535,eventbrite.com,False,1,0,True
US,537,tplinkcloud.com,False,0,0,True
US,541,exp-tas.com,False,0,0,False
US,542,icanhazip.com,False,0,0,True
US,544,azure-dns.com,False,0,0,False
US,545,blogger.com,False,0,0,True
US,547,capcut.com,False,0,0,True
US,548,oup.com,False,0,0,True
US,550,trendmicro.com,False,0,0,True
US,551,adobedtm.com,False,0,0,False
US,552,squarespace.com,False,1,0,True
US,555,myhuaweicloud.com,False,0,0,False
US,557,grammarly.com,False,0,0,True
US,558,firefox.com,False,0,0,True
US,559,visualstudio.com,False,0,0,True
US,560,icloud-content.com,False,0,0,True
US,561,wired.com,False,0,0,True
US,562,ft.com,False,0,0,False
US,564,fast.com,False,0,0,True
US,565,digitalocean.com,False,0,0,True
US,569,jquery.com,False,0,0,True
US,571,nstld.com,False,0,0,False
US,573,tandfonline.com,False,0,0,False
US,577,vidaahub.com,False,0,0,False
US,578,e2ro.com,False,0,0,False
US,579,time.com,False,0,0,True
US,580,vercel-dns-3.com,False,0,0,False
US,582,share-dns.com,False,0,0,False
US,583,deviantart.com,False,1,0,True
US,584,oraclecloud.com,False,0,0,False
US,585,dreamhost.com,False,2,0,True
US,586,eset.com,False,2,0,True
US,588,qlivecdn.com,False,0,0,False
US,591,360yield.com,False,0,0,True
US,592,hicloud.com,False,0,0,True
US,593,teamviewer.com,False,0,0,True
US,594,supertms.com,False,0,0,False
US,596,tripadvisor.com,False,0,0,False
US,598,palmplaystore.com,False,0,0,True
US,601,anthropic.com,False,0,0,True
US,604,threads.com,False,2,0,True
US,605,usatoday.com,False,0,0,True
US,606,vercel-dns-017.com,False,0,0,False
US,607,braze.com,False,0,0,True
US,608,playstation.com,False,1,0,True
US,611,klaviyo.com,False,0,0,True
US,612,comcast.com,False,1,0,True
US,613,cdn20.com,False,0,0,False
US,616,my.com,False,0,0,False
US,617,3lift.com,False,0,0,True
US,619,target.com,False,3,1,True
US,620,rlcdn.com,False,0,0,False
US,621,hotjar.com,False,1,0,True
US,624,mdpi.com,False,0,0,True
US,627,atlassian.com,False,0,0,True
US,632,wix.com,False,0,0,True
US,633,nintendo.com,False,1,0,True
US,634,onetrust.com,False,0,0,True
US,635,accuweather.com,False,0,0,True
US,636,force.com,False,0,0,False
US,638,ikea.com,False,1,0,True
US,640,alicdn.com,False,0,0,False
US,642,linode.com,False,0,0,True
US,644,ups.com,False,0,0,True
US,645,bytedns1.com,False,0,0,False
US,647,tencent.com,False,0,0,True
US,648,techcrunch.com,False,0,1,True
US,650,jotform.com,False,1,0,True
US,651,sagepub.com,False,1,0,True
US,652,msidentity.com,False,0,0,False
US,653,nike.com,False,3,0,True
US,654,sharethrough.com,False,0,0,True
US,655,samsungapps.com,False,0,0,False
US,656,2gis.com,False,1,0,True
US,660,easebar.com,False,0,0,False
US,665,ks-cdn.com,False,0,0,False
US,667,footprintdns.com,False,0,0,False
US,668,redhat.com,False,0,0,True
US,669,withgoogle.com,False,0,0,True
US,671,britannica.com,False,0,0,False
US,672,verisign.com,False,0,0,True
US,673,primevideo.com,False,0,0,True
US,674,stackadapt.com,False,0,0,True
US,675,elpais.com,False,0,0,False
US,676,merriam-webster.com,False,0,0,False
US,681,sophos.com,False,0,0,True
US,684,surveymonkey.com,False,0,0,True
US,685,xhamster.com,False,0,0,True
US,687,dotomi.com,False,0,0,True
US,688,anydesk.com,False,0,0,False
US,689,yelp.com,False,0,0,False
US,690,dailymail.com,False,1,0,True
US,691,optimizely.com,False,0,0,True
US,695,wps.com,False,0,2,True
US,697,wpguardian.com,False,0,0,True
US,698,kick.com,False,0,0,True
US,699,viber.com,False,0,0,True
US,700,hihonorcloud.com,False,0,0,True
US,702,marriott.com,False,0,0,False
US,704,cbsnews.com,False,0,0,True
US,706,outbrain.com,False,0,0,True
US,707,twimg.com,False,0,0,False
US,708,warnerbros.com,False,1,0,True
US,709,uk.com,False,1,0,True
US,714,parklogic.com,False,0,0,True
US,715,herokuapp.com,False,0,0,False
US,716,fb.com,False,1,0,True
US,717,samsungacr.com,False,0,0,False
US,723,vedsalb.com,False,0,0,False
US,725,pinimg.com,False,0,0,True
US,726,ring.com,True,3,1,True
US,728,meta.com,False,2,1,True
US,731,id5-sync.com,False,0,0,True
US,732,porkbun.com,False,3,0,True
US,734,uber.com,False,0,0,True
US,735,bandcamp.com,False,0,0,True
US,737,cnet.com,False,0,1,True
US,738,airbnb.com,False,2,0,True
US,739,bamgrid.com,False,0,0,False
US,740,stripchat.com,False,0,0,True
US,741,alipaydns.com,False,0,0,False
US,743,asus.com,False,0,1,True
US,744,nmrodam.com,False,0,0,False
US,745,bugsnag.com,False,0,0,True
US,746,globalsign.com,False,0,0,True
US,748,mailchimp.com,False,0,0,True
US,749,tiktokpangle.us,False,0,0,False
US,750,xboxlive.com,False,0,0,False
US,752,quantserve.com,False,0,0,False
US,753,githubusercontent.com,False,0,0,False
US,756,dbankcloud.com,False,0,0,True
US,757,creativecdn.com,False,0,0,True
US,758,imgur.com,False,0,0,True
US,762,imrworldwide.com,False,0,0,False
US,763,agkn.com,False,0,0,False
US,768,mediafire.com,False,0,0,True
US,769,fontawesome.com,False,0,0,True
US,770,homedepot.com,False,1,0,True
US,772,eeroup.com,False,0,0,False
US,774,mlb.com,False,0,0,True
US,778,orderbox-dns.com,False,0,0,False
US,779,lijit.com,False,0,0,True
US,781,gumgum.com,False,1,1,True
US,782,steamstatic.com,False,0,0,False
US,785,box.com,False,0,0,True
US,786,nikkei.com,False,0,0,True
US,789,mckinsey.com,False,0,0,False
US,790,shopeemobile.com,False,0,0,False
US,791,bestbuy.com,False,1,1,True
US,792,cdnhwc1.com,False,0,0,False
US,793,zillow.com,False,0,0,True
US,794,sedo.com,False,0,0,True
US,798,herokudns.com,False,0,0,False
US,802,gafg.com,False,0,0,False
US,803,ovscdns.com,False,0,0,False
US,804,wattpad.com,False,0,0,True
US,805,lenovo.com,False,3,0,True
US,806,apnews.com,False,0,0,False
US,807,fiverr.com,False,2,0,True
US,809,ted.com,False,0,0,True
US,810,no-ip.com,False,1,0,True
US,811,moloco.com,False,0,0,True
US,812,curseforge.com,False,0,0,False
US,813,prnewswire.com,False,0,0,True
US,815,mixpanel.com,False,0,0,True
US,816,liadm.com,False,0,0,False
US,817,disneyplus.com,False,0,0,True
US,818,samsungosp.com,False,0,0,True
US,819,rakuten.com,False,1,0,True
US,820,xbox.com,False,2,0,True
US,821,zoom.com,False,0,0,True
US,822,people.com,False,0,0,False
US,823,erome.com,False,0,0,True
US,824,adjust.com,False,0,0,False
US,827,discordapp.com,False,0,0,True
US,829,zoho.com,False,0,0,True
US,832,33across.com,False,0,0,False
US,834,ryanair.com,False,0,0,True
US,835,xvideos.com,False,0,0,True
US,837,me.com,False,0,0,True
US,838,usps.com,False,0,0,True
US,843,deepl.com,False,1,1,True
US,844,turn.com,False,0,0,False
US,845,goskope.com,False,0,0,False
US,847,spotifycdn.com,False,0,0,False
US,848,kunluncan.com,False,0,0,False
US,849,agoda.com,False,1,0,True
US,850,blackberry.com,False,0,0,True
US,851,unpkg.com,False,0,0,True
US,852,lwsdns.com,False,0,0,True
US,855,binance.com,False,0,0,True
US,856,att.com,False,1,0,True
US,858,theverge.com,False,0,0,True
US,859,yieldmo.com,False,0,0,False
US,860,onlyfans.com,False,0,0,False
US,862,discogs.com,False,0,0,False
US,863,odoo.com,False,1,0,True
US,864,pexels.com,False,0,0,False
US,865,livejournal.com,False,0,0,True
US,867,onetag-sys.com,False,0,0,True
US,869,fbsbx.com,False,0,0,False
US,872,life360.com,False,0,0,False
US,875,chess.com,False,1,0,True
US,877,abovedomains.com,False,0,0,True
US,878,jetbrains.com,False,0,0,True
US,880,dnse0.com,False,0,0,False
US,881,synology.com,False,0,0,True
US,882,adgrx.com,False,0,0,False
US,883,wcdnga.com,False,0,0,False
US,884,figma.com,False,1,0,True
US,885,cloudinary.com,False,0,0,True
US,887,myspace.com,False,0,0,False
US,888,biblegateway.com,False,0,0,True
US,891,it.com,False,0,0,False
US,894,ssl-images-amazon.com,False,0,0,False
US,896,appspot.com,False,0,0,True
US,897,nbcnews.com,False,1,1,True
US,899,disqus.com,False,0,0,True
US,900,pornhub.com,False,0,0,True
US,901,patreon.com,False,0,0,True
US,902,bytefcdn.com,False,0,0,False
US,907,dnse2.com,False,0,0,False
US,910,ys7.com,False,1,0,True
US,915,wyzecam.com,True,3,2,True
US,916,lg.com,False,1,0,True
US,917,360safe.com,False,0,0,False
US,918,arcgis.com,False,0,0,True
US,920,coupang.com,False,0,0,False
US,922,immedia-semi.com,False,0,0,False
US,923,buydomains.com,False,0,0,False
US,924,bankofamerica.com,False,0,0,True
US,925,hugedomains.com,False,0,0,False
US,927,latimes.com,False,0,0,True
US,928,volcgslb.com,False,0,0,False
US,931,eu-1-id5-sync.com,False,0,0,False
US,934,seedtag.com,False,0,0,True
US,935,starlink.com,False,1,0,True
US,936,qualtrics.com,False,0,0,True
US,938,tiktokw.us,False,0,0,True
US,939,flashtalking.com,False,0,0,False
US,941,genius.com,False,0,0,True
US,943,deloitte.com,False,1,0,True
US,946,fidelity.com,False,0,0,True
US,947,queniuaa.com,False,0,0,False
US,948,trendyol.com,False,0,0,False
US,950,tailscale.com,False,0,0,True
US,951,youku.com,False,0,0,True
US,953,miwifi.com,False,0,0,True
US,954,chaturbate.com,False,0,0,True
US,955,note.com,False,0,0,True
US,957,eporner.com,False,0,0,True
US,958,leiniao.com,False,0,0,True
US,961,jd.com,False,0,0,True
US,964,smartthings.com,False,3,1,True
US,967,hm.com,False,0,0,False
US,968,lowes.com,False,2,0,True
US,969,namecheaphosting.com,False,0,0,False
US,971,cdnhwc2.com,False,0,0,False
US,972,webmd.com,False,1,0,True
US,977,app-ads-services.com,False,0,0,True
US,978,xnxx.com,False,0,0,True
US,982,nexusmods.com,False,0,0,False
US,983,ancestry.com,False,0,0,False
US,984,pccc.com,False,0,0,True
US,985,poki.com,False,1,0,True
US,986,classlink.com,False,0,1,True
US,987,conviva.com,False,1,0,True
US,989,xerox.com,False,3,0,True
US,990,ubi.com,False,0,0,True
US,991,playrix.com,False,0,0,True
US,993,sofascore.com,False,0,0,False
US,994,kwai.com,False,0,0,True
US,995,btloader.com,False,0,0,False
US,997,transsion-os.com,False,0,0,False
US,998,faphouse.com,False,0,0,False
US,1000,heytapmobi.com,False,0,0,True
US,1001,flightradar24.com,False,0,0,False
US,1002,investopedia.com,False,0,0,False
US,1003,flipkart.com,False,2,1,True
US,1005,nationalgeographic.com,False,0,0,True
US,1006,costco.com,False,3,0,True
US,1008,flashscore.com,False,2,0,True
US,1009,bol.com,False,0,0,False
US,1010,statcounter.com,False,0,0,True
US,1011,onesignal.com,False,0,0,True
US,1013,amemv.com,False,0,0,True
US,1014,tsyndicate.com,False,0,0,True
US,1015,xing.com,False,0,0,True
US,1016,gtm-a2b2.com,False,0,0,False
US,1018,hilton.com,False,0,0,False
US,1019,healthline.com,False,0,0,True
US,1020,unrulymedia.com,False,0,0,True
US,1021,jimdo.com,False,1,0,True
US,1024,xhcdn.com,False,0,0,False
US,1026,stackexchange.com,False,0,0,False
US,1029,nextcloud.com,False,0,0,True
US,1030,youronlinechoices.com,False,0,0,True
US,1031,infobae.com,False,0,0,True
US,1032,eu.com,False,1,0,True
US,1035,kohls.com,False,0,0,False
US,1038,theatlantic.com,False,0,0,False
US,1040,letterboxd.com,False,0,0,False
US,1042,nexon.com,False,0,0,True
US,1044,zhihu.com,False,0,0,True
US,1046,garmin.com,False,0,1,True
US,1048,typeform.com,False,0,0,True
US,1049,wise.com,False,1,2,True
US,1050,freepik.com,False,1,0,True
US,1051,moneycontrol.com,False,1,0,True
US,1052,douyinvod.com,False,0,0,False
US,1055,kueezrtb.com,False,0,0,True
US,1056,inkuai.com,False,0,0,True
US,1058,app-analytics-services-att.com,False,0,0,False
US,1062,instructure.com,False,0,0,True
US,1068,netgear.com,False,3,0,True
US,1075,tiktokrow-cdn.com,False,0,0,False
US,1076,clever.com,False,0,0,True
US,1077,expedia.com,False,0,0,False
US,1078,goal.com,False,1,0,True
US,1079,huffpost.com,False,0,0,True
US,1080,bytefcdn-ttpus.com,False,0,0,False
US,1084,samsungiotcloud.com,False,0,0,False
US,1086,i18n-pglstatp.com,False,0,0,False
US,1087,xiaohongshu.com,False,0,0,True
US,1092,redfin.com,False,0,0,True
US,1093,as.com,False,0,0,False
US,1095,bfmtv.com,False,1,0,True
US,1096,auvik.com,False,0,0,True
US,1099,ilovepdf.com,False,0,0,True
US,1100,crazygames.com,True,1,2,True
US,1101,marca.com,False,1,0,True
US,1103,magnific.com,False,1,0,True
US,1108,smilewanted.com,False,0,0,True
US,1109,alikunlun.com,False,0,0,False
US,1110,tabelog.com,False,0,0,True
US,1113,gofundme.com,False,1,0,True
US,1114,kslawin.com,False,0,0,True
US,1115,aparat.com,False,0,0,True
US,1118,t-mobile.com,False,2,0,True
US,1119,skysports.com,False,0,0,True
US,1120,mi-img.com,False,0,0,False
US,1121,lge.com,False,1,0,True
US,1123,tplinknbu.com,False,0,0,False
US,1124,riotgames.com,False,0,2,True
US,1125,gsmarena.com,False,0,0,True
US,1126,tnaflix.com,False,1,0,True
US,1130,cookpad.com,False,0,0,True
US,1131,amd.com,False,2,0,True
US,1132,alipay.com,False,0,0,True
US,1134,zijieapi.com,False,0,0,False
US,1135,service-now.com,False,0,2,True
US,1137,giphy.com,False,0,0,True
US,1138,mythad.com,False,0,0,False
US,1139,opera-api.com,False,0,0,False
US,1144,auth0.com,True,1,2,True
US,1145,vivo.com,False,0,0,True
US,1146,kickstarter.com,False,0,0,False
US,1149,nypost.com,False,1,0,True
US,1150,meethue.com,True,2,2,True
US,1159,dyingbirds.com,False,0,0,False
US,1160,company-target.com,False,0,0,False
US,1161,clarin.com,False,1,2,True
US,1162,byteoversea.com,False,0,0,False
US,1163,ultimate-guitar.com,False,0,0,True
US,1166,ltwebstatic.com,False,0,0,False
US,1167,economist.com,False,0,0,False
US,1168,tendawifi.com,False,0,0,False
US,1169,lgtvcommon.com,False,0,0,False
US,1170,akamaitechnologies.com,False,0,0,False
US,1171,dafont.com,False,0,0,True
US,1173,susercontent.com,False,0,0,False
US,1176,privacy-mgmt.com,False,0,0,False
US,1179,xhaccess.com,False,0,0,True
US,1181,one.com,False,0,0,True
US,1184,douyin.com,False,0,0,True
US,1185,wetter.com,False,0,0,True
US,1190,theconversation.com,False,0,0,True
US,1193,elconfidencial.com,False,0,0,True
US,1194,xhamster2.com,False,0,0,True
US,1195,indiamart.com,False,0,0,True
US,1196,websitewelcome.com,False,0,0,False
US,1198,dcinside.com,False,0,0,True
US,1200,fmkorea.com,False,1,0,True
US,1201,nextlgsdp.com,False,0,0,False
US,1204,sahibinden.com,False,0,0,False
US,1207,pimpbunny.com,False,0,0,True
US,1208,janitorai.com,False,0,0,False
US,1210,cricinfo.com,False,0,0,True
US,1211,myntra.com,False,3,0,True
US,1212,siemens.com,False,1,1,True
US,1214,pornpics.com,False,0,0,True
US,1215,ay267.com,False,0,0,True
US,1216,spankbang.com,False,0,0,False
US,1221,kwcdn.com,False,0,0,False
US,1222,xhopen.com,False,0,0,True
US,1224,julydns.com,False,0,0,True
US,1226,meesho.com,False,0,0,False
US,1228,phncdn.com,False,0,0,False
US,1231,pandora.com,False,0,0,True
US,1233,tradplusad.com,False,1,0,True
US,1235,dlsite.com,False,0,0,True
US,1237,ovhcloud.com,False,1,0,True
US,1238,sectigo.com,False,2,0,True
US,1240,xhamster19.com,False,0,0,True
US,1244,amap.com,False,0,0,True
US,1245,digikala.com,False,0,0,True
US,1249,digitaloceanspaces.com,False,0,0,True
US,1252,dnse1.com,False,0,0,False
US,1254,deepseek.com,False,0,0,True
US,1255,fetlife.com,False,0,0,False
US,1256,idealista.com,False,0,0,False
US,1261,adaether.com,False,0,0,False
US,1262,kakao.com,False,0,0,True
US,1263,livedoor.com,False,0,0,True
US,1264,tesla.com,False,0,0,False
US,1265,amp-endpoint2.com,False,0,0,False
US,1266,ultradns.com,False,1,0,True
US,1267,cdiscount.com,False,0,0,True
US,1270,mundodeportivo.com,False,1,0,True
US,1271,livescore.com,False,1,0,True
US,1274,makemytrip.com,False,0,0,False
US,1275,ap4r.com,False,0,0,False
US,1280,youporn.com,False,0,0,True
US,1281,litnet.com,False,0,0,True
US,1284,ruliweb.com,False,0,0,True
US,1287,dribbble.com,False,0,0,True
US,1288,badoo.com,False,0,0,True
US,1290,us.com,False,1,0,True
US,1292,mydramalist.com,False,0,0,True
US,1293,luugy.com,False,0,0,True
US,1294,bmj.com,False,0,0,False
US,1295,psychologytoday.com,False,0,0,True
US,1296,naukri.com,False,0,0,True
US,1298,cricbuzz.com,False,0,0,True
US,1303,ovh.com,False,0,1,True
US,1305,noodlemagazine.com,False,0,0,False
US,1308,xhtotal.com,False,0,0,True
US,1311,mmechocaptiveportal.com,False,0,0,False
US,1314,xvideos-cdn.com,False,0,0,False
US,1317,cootlogix.com,False,0,0,False
US,1319,netkeiba.com,False,0,0,True
US,1320,boyfriendtv.com,False,0,0,False
US,1322,xhspot.com,False,0,0,True
US,1323,justdial.com,False,0,0,True
US,1326,playhop.com,False,1,1,True
US,1328,xhname.com,False,0,0,True
US,1329,fortune.com,False,0,0,True
US,1330,vercel-dns.com,False,0,0,False
US,1331,faphouse2.com,False,0,0,False
US,1333,meteofrance.com,False,1,0,True
US,1334,donmai.us,False,0,0,False
US,1335,hai8g.com,False,0,0,True
US,1337,manulife-sinochem.com,False,0,1,True
US,1338,redtube.com,False,0,0,True
US,1340,pornone.com,False,0,0,True
US,1347,funpay.com,False,0,0,True
US,1348,youjizz.com,False,0,0,True
US,1349,wswebpic.com,False,0,0,False
US,1353,thisvid.com,False,0,0,True
US,1358,varzesh3.com,False,1,0,True
US,1359,aznude.com,False,0,0,True
US,1360,asurascans.com,False,0,0,True
US,1362,wshifen.com,False,0,0,False
US,1364,xhsocial.com,False,0,0,True
US,1374,biomedcentral.com,False,1,0,True
US,1375,mongodb.com,False,0,0,True
US,1379,haberler.com,False,1,0,True
US,1380,sportybet.com,False,1,0,True
US,1383,nikkansports.com,False,1,0,True
US,1384,wayground.com,False,0,0,True
US,1387,bookmyshow.com,False,0,0,False
US,1388,nesine.com,False,1,0,True
US,1392,platorelay.com,False,0,0,False
US,1396,twilio.com,False,0,0,True
US,1399,okdiario.com,False,0,0,True
US,1403,businesswire.com,False,0,0,True
US,1404,syosetu.com,False,0,0,True
US,1405,9ffyu1g9c.com,False,0,0,False
US,1406,ixl.com,False,0,0,True
US,1409,huffingtonpost.com,False,0,0,True
US,1411,rule34video.com,False,0,0,True
US,1416,dw.com,False,0,0,True
US,1417,property24.com,False,0,0,True
US,1419,elsevier.com,False,0,0,True
US,1427,cronista.com,False,0,0,True
US,1429,action.com,False,0,0,False
US,1430,tapad.com,False,0,0,True
US,1431,ukdevilz.com,False,0,0,False
US,1435,aljazeera.com,False,0,0,True
US,1436,sotwe.com,False,0,0,False
US,1441,jamfcloud.com,False,0,0,True
US,1444,gamebanana.com,False,0,0,True
US,1445,3bmeteo.com,False,1,0,True
US,1447,loobygamesonline.com,False,0,0,True
US,1448,omg10.com,False,0,0,True
US,1451,evo-games.com,False,0,0,False
US,1455,myinstants.com,False,0,0,False
US,1456,cardmarket.com,False,0,0,False
US,1458,fapello.com,False,0,0,True
US,1462,jagran.com,False,0,0,True
US,1463,gcash.com,False,0,0,True
US,1464,imagefap.com,False,0,0,True
US,1469,inxxx.com,False,0,0,True
US,1471,theblowers.com,False,0,0,False
US,1472,hdporncomics.com,False,1,0,True
US,1473,ixxx.com,False,0,0,False
US,1475,klikbca.com,False,0,0,True
US,1476,liteapks.com,False,0,0,True
US,1477,luxuretv.com,False,0,0,False
US,1478,technorail.com,False,0,0,False
US,1480,pussyspace.com,False,0,0,True
US,1485,bblaa.com,False,0,0,True
US,1486,letsporn.com,False,0,0,True
US,1487,xvideos2.com,False,0,0,True
US,1489,ninisite.com,False,0,0,True
US,1493,xnxx2.com,False,0,0,True
US,1494,vivox.com,False,0,0,True
US,1495,torob.com,False,0,0,True
US,1496,1mg.com,False,1,0,True
US,1497,sondakika.com,False,0,0,True
US,1500,sxyprn.com,False,0,0,False
US,1504,notion.com,False,0,0,True
US,1508,testbook.com,False,0,0,True
US,1511,kooora.com,False,0,0,True
US,1518,crn77.com,False,0,0,True
US,1522,fatalmodel.com,False,0,0,False
US,1525,admanmedia.com,False,0,0,True
US,1530,missav123.com,False,0,0,False
US,1534,hola.com,False,0,0,True
US,1539,superporn.com,False,0,0,True
US,1542,shahvani.com,False,0,0,True
US,1544,xnxx-arabic.com,False,0,0,True
US,1545,rayjump.com,False,0,0,True
US,1550,luticlip.com,False,0,0,True
US,1553,xhwide.com,False,0,0,True
US,1554,ijavhd.com,False,0,0,True
US,1555,deezer.com,False,0,0,True
US,1559,sexlog.com,False,0,0,True
US,1562,utorrent.com,False,1,0,True
US,1564,bikewale.com,False,0,0,True
US,1565,fuq.com,False,0,0,False
US,1567,croxyproxy.com,False,1,0,True
US,1568,mat6tube.com,False,0,0,True
US,1570,rustdesk.com,False,1,0,True
US,1573,porn300.com,False,0,0,True
US,1579,qorno.com,False,0,0,False
US,1580,xvv1deos.com,False,0,0,True
US,1583,serviporno.com,False,0,0,True
US,1591,oddspark.com,False,0,0,True
US,1592,kompoz2.com,False,0,0,True
US,1594,nya2.com,False,0,0,True
US,1595,buzzfeed.com,False,0,0,True
US,1596,shutterstock.com,False,0,0,False
US,1597,twpornstars.com,False,0,0,False
US,1603,okxxx1.com,False,1,0,True
US,1605,chordtela.com,False,0,0,False
US,1606,indoav.com,False,0,0,True
US,1607,betika.com,False,0,0,True
US,1611,desitales2.com,False,0,0,True
US,1612,supjav.com,False,0,0,False
US,1613,indiansexstories3.com,False,0,0,True
US,1614,bingoplus.com,False,0,0,False
US,1617,txnhh.com,False,0,0,True
US,1618,freewebnovel.com,False,0,0,False
US,1619,ss.com,False,0,0,True
US,1621,njavtv.com,False,0,0,False
US,1622,sexalarab.com,False,0,0,False
US,1623,skokka.com,False,0,0,False
US,1624,colliderporn.com,False,0,0,True
US,1625,wnacg.com,False,0,0,True
US,1626,playfabapi.com,False,0,0,False
US,1627,nustargame.com,False,0,0,True
US,1628,bakusai.com,False,0,0,True
US,1632,fabswingers.com,False,0,0,True
US,1634,eepurl.com,False,0,0,True
US,1637,xvideos-ar.com,False,0,0,True
US,1639,piccoma.com,False,0,0,True
US,1642,sexnyk.com,False,0,0,True
US,1643,lecturas.com,False,0,0,True
US,1644,mileroticos.com,False,1,0,True
US,1648,smadex.com,False,0,0,True
US,1649,tiktokio.com,False,0,0,True
US,1652,wonporn.com,False,0,0,True
US,1655,ey43.com,False,0,0,True
US,1656,darkero.com,False,0,0,True
US,1661,hotxv.com,False,0,0,True
US,1663,an1.com,False,0,0,True
US,1667,afribaba.com,False,0,0,False
US,1668,animanch.com,False,0,0,False
US,1669,twkan.com,False,0,0,False
US,1671,skipthegames.com,False,0,0,False
US,1675,zebawy.com,False,0,0,True
US,1676,xosodaiphat.com,False,0,0,True
US,1679,sportfilm800.com,False,0,0,True
US,1682,xorgasmo.com,False,0,0,True
US,1685,xxx18hot.com,False,0,0,False
US,1686,arionplay.com,False,0,0,False
US,1688,arbada.com,False,0,0,True
US,1690,arabtnt.com,False,0,0,True
US,1695,betking.com,False,0,0,False
US,1699,site.com,False,0,1,True
US,1700,vtwenty.com,False,0,0,False
US,1705,manhwaweb.com,False,0,0,True
US,1707,bancodevenezuela.com,False,1,0,True
US,1708,humoruniv.com,False,0,0,True
US,1709,momon-ga.com,False,1,0,True
US,1712,ojogodobicho.com,False,0,0,False
US,1713,pornobrasil.com,False,0,0,True
US,1714,choiceadvantage.com,False,0,0,True
US,1716,tremorhub.com,False,0,0,False
US,1718,salonboard.com,False,0,0,True
US,1720,thscore99.com,False,1,0,True
US,1722,fabguys.com,False,0,0,True
US,1727,packzy.com,False,0,0,True
US,1730,mobiledokan.com,False,0,2,True
US,1732,sun.com,False,0,0,True
US,1733,triunfobet.com,False,2,0,True
US,1734,koselarab.com,False,0,0,False
US,1738,albumaty.com,False,0,0,True
US,1739,gvt1-cn.com,False,0,0,False
US,1742,xahani.com,False,0,0,False
US,1743,pagibigfundservices.com,False,0,0,True
US,1746,wpastra.com,True,2,1,True
US,1749,tamilsexzone.com,False,0,0,True
US,1750,scan-manga.com,False,0,0,False
US,1752,pornoborshch.com,False,0,0,True
US,1753,blizzard.com,False,0,1,True
US,1757,loteriadehoy.com,False,0,0,True
US,1758,satta-king-fast.com,False,0,0,False
US,1762,javwow.com,False,0,0,False
US,1765,maynoe.com,False,0,0,True
US,1766,antarvasna3.com,False,0,0,True
US,1768,sexvid1.com,False,0,0,True
US,1769,staseraintv.com,False,0,0,True
US,1771,freesexkahani.com,False,0,0,True
US,1772,desitelugusex.com,False,0,0,True
US,1773,xn--12c1ezaww.com,False,0,0,True
US,1774,vnsextop1.com,False,0,0,False
US,1776,33apk.com,False,0,0,True
US,1779,sambad.com,False,0,0,True
US,1784,usnews.com,False,2,0,True
US,1789,playinboss.com,False,0,0,True
US,1793,iscorp.com,False,0,0,True
US,1794,xxxvideosind.com,False,0,0,True
US,1797,gartner.com,False,0,0,False
US,1799,hostinger.com,False,0,3,True
US,1800,videoxx.com,False,0,0,True
US,1806,enable-javascript.com,False,0,0,True
US,1809,russianfood.com,False,0,0,True
US,1810,akismet.com,False,0,0,False
US,1814,hik-connect.com,False,0,0,True
US,1815,gpcloudservice.com,False,0,0,False
US,1818,forebet.com,False,0,0,False
US,1819,rfihub.com,False,0,0,False
US,1820,adfuse-ssp.com,False,0,0,False
US,1823,intercom.com,False,0,2,True
US,1825,qcloud.com,False,0,0,True
US,1828,overwolf.com,False,1,0,True
US,1829,medallia.com,False,0,0,True
US,1833,scryfall.com,False,0,0,True
US,1834,apdcdn.com,False,0,0,False
US,1838,avira.com,False,1,1,True
US,1839,xvideos3.com,False,0,0,True
US,1840,xincache.com,False,0,0,False
US,1841,kargo.com,False,0,0,True
US,1842,mgslb.com,False,0,0,False
US,1843,cloudflarestorage.com,False,0,0,False
US,1844,gshifen.com,False,0,0,False
US,1845,ueiwsp.com,False,0,0,False
US,1849,vmware.com,False,0,0,True
US,1851,hover.com,False,1,0,True
US,1852,fc2.com,False,0,0,True
US,1854,izy0.com,False,0,0,True
US,1855,contextweb.com,False,0,0,True
US,1859,newsweek.com,False,1,0,True
US,1860,w3schools.com,False,0,0,True
US,1864,rapid7.com,False,0,0,True
US,1865,pornocarioca.com,False,0,0,True
US,1869,fedex.com,False,0,0,True
US,1870,happy-porn.com,False,0,0,True
US,1872,salthasher.com,False,0,0,False
US,1875,football.com,False,1,0,True
US,1879,newyorker.com,False,1,1,True
US,1882,166.com,False,0,0,False
US,1883,trello.com,False,1,0,True
US,1885,adroll.com,False,0,1,True
US,1886,loteriasdominicanas.com,False,0,0,False
US,1895,xn--l3ca4b6dsc1b.com,False,0,0,True
US,1896,av19t.com,False,0,0,True
US,1897,cpmstar.com,False,0,0,True
US,1898,bitdefender.com,False,0,0,True
US,1900,lolpol3.com,False,0,0,True
US,1902,thenkiri.com,False,1,0,True
US,1904,tvmon1.com,False,0,0,False
US,1905,xfinity.com,False,1,0,True
US,1908,meslibertines.com,False,0,0,False
US,1910,i993.com,False,0,0,True
US,1914,streamrizz.com,False,0,0,False
US,1917,rncdn7.com,False,0,0,False
US,1919,firebaseio.com,False,0,0,True
US,1921,waze.com,False,0,0,True
US,1929,arstechnica.com,False,0,0,True
US,1931,rwwsje.com,False,0,0,False
US,1944,filmyzilla63.com,False,1,0,True
US,1947,filmyzilla56.com,False,1,0,True
US,1951,filmyzilla62.com,False,1,0,True
US,1953,blacktoon418.com,False,0,0,True
US,1955,trustarc.com,False,0,0,True
US,1957,myvzw.com,False,0,0,False
US,1958,zdnet.com,False,0,1,True
US,1961,akamai.com,False,0,1,True
US,1962,ipredictive.com,False,0,0,False
US,1963,shopifycloud.com,False,0,0,True
US,1967,bytedns3.com,False,0,0,False
US,1968,investing.com,False,0,0,False
US,1969,cloud.com,False,0,0,True
US,1970,sciencedaily.com,False,1,0,True
US,1973,bybanking.com,False,0,0,False
US,1975,yimg.com,False,0,0,True
US,1976,geocities.com,False,0,0,False
US,1977,adrta.com,False,0,0,True
US,1979,sitescout.com,False,0,0,True
US,1980,pusher.com,False,0,0,True
US,1982,marketwatch.com,False,0,0,False
US,1983,sky.com,False,1,1,True
US,1984,xundns.com,False,0,0,False
US,1985,scientificamerican.com,False,2,0,True
US,1986,elegantthemes.com,False,0,0,True
US,1987,office365.us,False,0,0,True
US,1988,omnitagjs.com,False,0,0,False
US,1989,udemy.com,False,0,0,False
US,1993,beget.com,False,0,0,True
US,1996,systemdns.com,False,0,0,False
US,1997,1password.com,False,1,0,True
US,1998,indexww.com,False,0,0,True
US,2001,xinhuanet.com,False,0,0,True
US,2002,register.com,False,0,0,False
US,2006,vice.com,False,1,0,True
US,2007,norton.com,False,0,0,True
US,2008,hulu.com,False,1,0,True
US,2010,ruidongcloud.com,False,0,0,False
US,2013,sinaedge.com,False,0,0,False
US,2014,dnse3.com,False,0,0,False
US,2016,thelancet.com,False,0,0,False
US,2018,hetzner.com,False,0,1,True
US,2020,mapbox.com,False,0,2,True
US,2022,iqiyi.com,False,0,0,True
US,2023,samsungknox.com,False,0,0,True
US,2024,mathtag.com,False,0,0,False
US,2025,git-scm.com,False,0,0,True
US,2026,oreilly.com,False,1,0,True
US,2027,wikihow.com,False,2,0,True
US,2028,pubmnet.com,False,0,0,False
US,2029,ubnt.com,False,1,0,True
US,2031,iubenda.com,False,0,0,True
US,2032,moengage.com,False,0,0,True
US,2035,deepintent.com,False,0,0,True
US,2036,mercadolibre.com,False,0,0,True
US,2037,bigcommerce.com,False,1,0,True
US,2038,themeisle.com,False,0,0,True
US,2039,dhl.com,False,0,0,True
US,2040,isappcloud.com,False,0,0,False
US,2041,squareup.com,False,0,0,True
US,2042,microsoftpersonalcontent.com,False,0,0,False
US,2043,euronews.com,False,0,0,True
US,2044,1drv.com,False,0,0,False
US,2045,bytefcdn-ttpeu.com,False,0,0,False
US,2047,fastcompany.com,False,0,0,False
US,2048,jamanetwork.com,False,0,0,False
US,2051,garenanow.com,False,0,0,False
US,2059,rackspace.com,False,0,0,True
US,2060,strava.com,False,2,0,True
US,2065,richaudience.com,False,0,0,True
US,2067,bootstrapcdn.com,False,0,0,True
US,2068,techtarget.com,False,0,0,True
US,2069,startappservice.com,False,0,0,False
US,2070,aadrm.com,False,0,0,False
US,2071,wpengine.com,False,1,0,True
US,2072,redditstatic.com,False,0,0,False
US,2074,dondominio.com,False,1,0,True
US,2076,postrelease.com,False,0,0,False
US,2077,meetup.com,False,0,0,True
US,2078,ssrn.com,False,0,0,False
US,2080,clevertap-prod.com,False,0,0,True
US,2081,springserve.com,False,0,0,True
US,2082,deepl-cdn.com,False,0,0,False
US,2083,ninjarmm.com,False,0,1,True
US,2087,logitech.com,False,2,2,True
US,2088,dnse4.com,False,0,0,False
US,2089,typepad.com,False,0,0,False
US,2091,tripod.com,False,0,0,False
US,2093,sogou.com,False,0,0,True
US,2094,cpanel.com,False,0,2,True
US,2097,umeng.com,False,0,2,True
US,2098,connatix.com,False,0,0,True
US,2099,intentiq.com,False,0,0,True
US,2100,romarg.com,False,0,0,True
US,2103,canvas-user-content.com,False,0,0,False
US,2105,wechat.com,False,0,0,True
US,2106,truste.com,False,0,0,True
US,2109,getbootstrap.com,False,0,0,True
US,2111,acrobat.com,False,1,0,True
US,2112,about.com,False,0,0,False
US,2115,hotels.com,False,0,0,False
US,2116,broadcom.com,False,0,0,True
US,2117,wunderground.com,False,1,0,True
US,2119,ign.com,False,0,0,True
US,2120,trip.com,False,0,0,True
US,2121,livechatinc.com,False,0,2,True
US,2122,gizmodo.com,False,0,0,True
US,2124,igamecj.com,False,0,0,False
US,2125,opera-api2.com,False,0,0,False
US,2126,segment.com,False,0,0,True
US,2128,snowflake.com,False,0,0,True
US,2129,matterport.com,False,3,0,True
US,2130,gvt3.com,False,0,0,False
US,2132,npmjs.com,False,0,0,False
US,2133,discomax.com,False,0,0,False
US,2134,easy4ipcloud.com,False,0,0,False
US,2137,acronis.com,False,0,2,True
US,2139,timeanddate.com,False,0,0,False
US,2140,automattic.com,False,0,0,True
US,2142,globenewswire.com,False,0,0,True
US,2143,salesforceliveagent.com,False,0,2,True
US,2147,truecaller.com,False,0,0,True
US,2150,bitrixphone.com,False,0,0,False
US,2151,revenuecat.com,False,0,0,True
US,2152,ticketmaster.com,False,3,0,True
US,2153,aibixby.com,False,0,0,False
US,2156,eskimi.com,False,0,0,True
US,2158,otm-r.com,False,0,0,False
US,2159,bplslb.com,False,0,0,False
US,2160,evernote.com,False,1,0,True
US,2162,dropbox-dns.com,False,0,0,False
US,2163,sony.com,False,0,0,True
US,2165,sonobi.com,False,0,0,True
US,2167,hpe.com,False,0,0,True
US,2170,ahrefs.com,False,0,0,True
US,2171,adobelogin.com,False,0,0,False
US,2173,yotpo.com,False,0,0,True
US,2175,feinidi.com,False,0,2,True
US,2177,mashable.com,False,0,0,True
US,2180,meitu.com,False,0,0,True
US,2181,ihg.com,False,1,0,True
US,2182,apple-cloudkit.com,False,0,0,False
US,2183,mparticle.com,False,0,0,True
US,2186,barnesandnoble.com,False,1,0,True
US,2188,digicertdns.com,False,0,0,False
US,2189,samsungdm.com,False,0,0,False
US,2190,cafe24.com,False,0,0,True
US,2191,lync.com,False,0,0,False
US,2192,queniuck.com,False,0,0,False
US,2196,tiktokglobalshopv.com,False,0,0,False
US,2197,aniview.com,False,0,0,True
US,2199,umbrella.com,False,0,0,True
US,2201,adobess.com,False,0,0,False
US,2204,fyber.com,False,0,0,True
US,2206,mwbsys.com,False,0,0,False
US,2207,bytedance.com,False,0,0,True
US,2208,tribalfusion.com,False,0,0,False
US,2209,trustedstack.com,False,0,0,True
US,2210,fliphtml5.com,False,0,0,False
US,2211,posthog.com,False,0,2,True
US,2213,exelator.com,False,0,0,False
US,2214,proofpoint.com,False,0,0,True
US,2215,sap.com,False,0,0,False
US,2216,kunlungr.com,False,0,0,False
US,2217,symantec.com,False,0,0,True
US,2220,unity.com,False,0,0,True
US,2221,mastercard.com,False,0,0,True
US,2222,engadget.com,False,0,0,True
US,2223,dynamics.com,False,0,1,True
US,2224,ecdnx.com,False,0,0,False
US,2225,asana.com,False,0,0,True
US,2227,wpsdns.com,False,0,0,False
US,2228,datto.com,False,0,0,True
US,2230,pwc.com,False,0,0,True
US,2231,adsmoloco.com,False,0,0,True
US,2233,mmcdn.com,False,0,0,True
US,2236,americanexpress.com,False,1,0,True
US,2237,adkernel.com,False,0,0,True
US,2238,sureserver.com,False,0,0,False
US,2242,medicalnewstoday.com,False,0,0,True
US,2244,typekit.com,False,0,0,True
US,2245,freefiremobile.com,False,0,0,True
US,2246,didiglobal.com,False,0,0,True
US,2247,made-in-china.com,False,2,0,True
US,2249,onmicrosoft.com,False,0,0,False
US,2252,gallup.com,False,0,0,True
US,2254,sedoparking.com,False,0,0,True
US,2255,cursorvm.com,False,0,0,False
US,2256,semrush.com,False,0,0,True
US,2257,constantcontact.com,False,0,0,False
US,2259,onrender.com,False,0,2,True
US,2260,thousandeyes.com,False,0,0,True
US,2261,coinbase.com,False,0,0,False
US,2262,verizon.com,False,0,0,True
US,2264,variety.com,False,1,1,True
US,2266,mgid.com,False,0,0,True
US,2268,snapkit.com,False,0,0,True
US,2269,constellix.com,False,0,0,True
US,2270,atom.com,False,1,0,True
US,2272,inmotionhosting.com,False,0,0,False
US,2274,fifa.com,False,0,0,True
US,2275,sharethis.com,False,0,2,True
US,2276,laravel.com,False,0,1,True
US,2278,kraken.com,False,0,0,True
US,2281,hsforms.com,False,0,0,False
US,2282,drweb.com,False,1,0,True
US,2283,amp-endpoint3.com,False,0,0,False
US,2286,adswizz.com,False,1,0,True
US,2287,doppiocdn.com,False,0,0,False
US,2288,photobucket.com,False,0,0,True
US,2290,wtxcdn.com,False,0,0,False
US,2293,messenger.com,False,1,0,True
US,2295,cctv.com,False,0,0,True
US,2296,a-mx.com,False,0,0,False
US,2298,trellix.com,False,0,0,True
US,2299,oaiusercontent.com,False,0,0,False
US,2304,hotmail.com,False,0,0,False
US,2305,quantummetric.com,False,1,0,True
US,2306,generatepress.com,False,2,0,True
US,2308,feedburner.com,False,0,0,True
US,2309,blueapron.com,False,0,0,False
US,2310,tiqcdn.com,False,0,0,False
US,2311,cookiebot.com,False,0,0,True
US,2315,1688.com,False,2,0,True
US,2316,tdnsv5.com,False,0,0,False
US,2318,openwebmp.com,False,0,0,False
US,2320,innovid.com,False,1,0,True
US,2322,garena.com,False,0,0,True
US,2323,useinsider.com,False,1,0,True
US,2326,techradar.com,False,1,0,True
US,2328,juicyscore.com,False,0,0,True
US,2330,screenconnect.com,False,0,0,True
US,2332,tospotify.com,False,0,0,False
US,2335,ycombinator.com,False,1,0,True
US,2336,dnsip.com,False,0,0,False
US,2338,bixbyllm.com,False,0,0,False
US,2339,rspamd.com,False,0,0,True
US,2340,grafana.com,False,0,0,True
US,2341,lego.com,False,0,0,False
US,2343,sendbird.com,False,0,0,True
US,2344,cymru.com,False,0,0,True
US,2347,network-auth.com,False,0,0,False
US,2350,politico.com,False,0,0,False
US,2352,infomaniak.com,False,0,1,True
US,2353,vox.com,False,0,0,True
US,2354,qianxun.com,False,0,0,False
US,2355,mysecurecloudhost.com,False,0,0,False
US,2356,quantcount.com,False,0,0,False
US,2357,yximgs.com,False,0,0,False
US,2358,dropboxusercontent.com,False,0,0,False
US,2362,so.com,False,0,0,True
US,2365,fullstory.com,False,1,0,True
US,2368,marketingcloudapis.com,False,0,0,False
US,2369,chartboost.com,False,0,0,True
US,2370,kasserver.com,False,0,0,True
US,2371,hoyoverse.com,False,0,0,True
US,2375,tynt.com,False,0,0,True
US,2379,infocyte.com,False,0,0,False
US,2380,crowdstrike.com,True,2,6,True
US,2381,bigcartel.com,False,0,0,True
US,2384,pullcm.com,False,0,0,False
US,2387,disney.com,False,1,0,True
US,2390,nflxext.com,False,0,0,False
US,2391,doordash.com,False,0,0,False
US,2395,nielsen.com,False,2,0,True
US,2397,oculus.com,False,2,1,True
US,2398,hyatt.com,False,0,0,False
US,2400,verkada.com,False,0,0,True
US,2401,tq-tungsten.com,False,0,0,False
US,2404,hihonor.com,False,0,1,True
US,2405,inbake.com,False,0,0,False
US,2406,gameanalytics.com,False,0,1,True
US,2408,java.com,False,0,0,True
US,2409,dnsv5.com,False,0,0,False
US,2410,fbpigeon.com,False,0,0,False
US,2411,klarna.com,True,2,1,True
US,2412,sascdn.com,False,0,0,False
US,2413,supersonicads.com,False,0,0,False
US,2415,instacart.com,False,1,0,True
US,2421,windy.com,False,0,0,True
US,2423,ringcentral.com,False,0,0,True
US,2424,spbycdn.com,False,0,0,False
US,2428,dtscout.com,False,0,0,True
US,2429,jimdofree.com,False,0,0,False
US,2430,samsungconsent.com,False,0,0,False
US,2432,netscape.com,False,0,0,True
US,2433,tappx.com,False,0,0,False
US,2434,geocomply.com,False,0,1,True
US,2435,inc.com,False,0,0,False
US,2437,adthrive.com,False,0,0,True
US,2438,test-cdn-kkk.com,False,0,0,False
US,2440,miro.com,False,0,0,True
US,2442,samsungelectronics.com,False,0,0,False
US,2443,iheart.com,False,0,0,True
US,2445,co.com,False,0,0,True
US,2447,nordvpn.com,False,0,0,False
US,2450,surfshark.com,False,0,0,True
US,2456,moodle.com,False,0,0,True
US,2457,adp.com,False,0,0,True
US,2458,ford.com,False,0,0,True
US,2462,upwork.com,False,0,0,False
US,2463,auth0edge.com,False,0,0,False
US,2464,claude.com,False,0,0,True
US,2465,geotrust.com,False,0,0,True
US,2466,sl-reverse.com,False,0,0,False
US,2469,meituan.com,False,0,0,True
US,2470,ztomy.com,False,0,0,False
US,2471,wsglb0.com,False,0,0,False
US,2472,istockphoto.com,False,0,0,False
US,2474,dnspod.com,False,0,0,True
US,2476,fanduel.com,False,1,0,True
US,2477,mixcloud.com,False,1,0,True
US,2480,flurry.com,False,0,0,True
US,2483,rollingstone.com,False,1,0,True
US,2485,afafb.com,False,0,0,False
US,2486,lgsmartad.com,False,0,0,False
US,2487,sparteo.com,False,0,0,False
US,2488,crunchyroll.com,False,0,0,False
US,2489,okx.com,False,0,0,True
US,2490,ey.com,False,0,0,True
US,2491,nba.com,False,2,0,True
US,2492,bazaarvoice.com,False,0,0,True
US,2494,volces.com,False,0,0,False
US,2496,redditmedia.com,False,0,0,True
US,2497,oaistatic.com,False,0,0,False
US,2498,de.com,False,1,0,True
US,2499,here.com,False,0,0,True
US,2500,distmed.com,False,0,0,False
US,2502,siriusxm.com,False,1,0,True
US,2503,lww.com,False,0,0,False
US,2504,fotmob.com,False,0,0,True
US,2505,applvn.com,False,0,0,False
US,2506,traffmonetizer.com,False,0,0,True
US,2507,slate.com,False,1,0,True
US,2509,polymarket.com,True,1,2,True
US,2513,abcnews.com,False,0,0,True
US,2514,steamcontent.com,False,0,0,False
US,2515,betweendigital.com,False,0,0,True
US,2516,ourwebcdnvip.com,False,0,0,False
US,2517,urbanairship.com,False,0,0,True
US,2518,gettyimages.com,False,0,0,False
US,2519,ssl.com,False,2,0,True
US,2520,digg.com,False,0,0,True
US,2521,canonical.com,False,0,0,True
US,2523,queniucf.com,False,0,0,False
US,2524,evergage.com,False,0,1,True
US,2527,mossturbo.com,False,0,0,False
US,2528,onedrive.com,False,0,1,True
US,2530,coinmarketcap.com,False,0,0,True
US,2532,vercel-dns-013.com,False,0,0,False
US,2533,mojohost.com,False,0,0,True
US,2534,rr.com,False,0,0,False
US,2535,xxpkg.com,False,0,0,False
US,2538,captcha-delivery.com,False,0,0,False
US,2540,yammer.com,False,0,0,True
US,2541,adtelligent.com,False,0,0,True
US,2542,wetransfer.com,False,1,0,True
US,2545,iionads.com,False,0,0,True
US,2547,bumble.com,False,0,0,True
US,2548,lastpass.com,False,1,0,True
US,2549,getyourguide.com,False,0,0,False
US,2550,pcmag.com,False,0,0,True
US,2551,hotwire.com,False,0,1,True
US,2552,ifeng.com,False,0,0,True
US,2553,tidal.com,False,0,0,False
US,2556,immunet.com,False,0,0,False
US,2557,mlstatic.com,False,0,0,False
US,2559,paramountplus.com,False,1,0,True
US,2560,scmp.com,False,0,0,True
US,2562,auth0app.com,False,0,0,False
US,2563,doubao.com,False,0,1,True
US,2564,audible.com,False,0,0,True
US,2565,gboxlab.com,False,0,0,True
US,2566,samsungapis.com,False,0,0,False
US,2568,ureca-lab.com,False,0,0,False
US,2569,minutemedia-prebid.com,False,0,0,False
US,2572,aibotplatform.com,False,0,0,False
US,2573,tmall.com,False,1,0,True
US,2576,hollywoodreporter.com,False,2,0,True
US,2577,wayfair.com,False,2,0,True
US,2578,zend.com,False,0,0,True
US,2580,hbomax.com,False,0,0,True
US,2581,entrepreneur.com,False,0,0,True
US,2582,jwplayer.com,False,0,0,True
US,2584,vinted.com,False,1,0,True
US,2585,pphosted.com,False,0,0,False
US,2587,igodigital.com,False,0,0,False
US,2588,axios.com,False,0,0,False
US,2589,qz.com,False,0,0,False
US,2590,ezvizru.com,False,1,0,True
US,2591,itv.com,False,1,0,True
US,2592,slackb.com,False,0,0,False
US,2596,accenture.com,False,0,0,True
US,2597,wikia.com,False,0,0,False
US,2600,douban.com,False,0,0,True
US,2602,rt.com,False,0,0,True
US,2603,resume.com,False,0,0,True
US,2605,dropboxapi.com,True,1,2,True
US,2606,flaticon.com,False,0,0,False
US,2607,lgtvsdp.com,False,0,0,False
US,2610,bumlam.com,False,0,0,False
US,2613,powerbi.com,False,0,0,True
US,2617,brightspace.com,False,0,0,True
US,2619,technologyreview.com,False,0,0,True
US,2620,peacocktv.com,True,2,2,True
US,2622,parallels.com,False,0,3,True
US,2626,sharepointonline.com,False,0,0,False
US,2627,rockstargames.com,False,0,0,True
US,2629,weplayapp.com,False,0,0,True
US,2630,eurodns.com,False,1,0,True
US,2632,isnssdk.com,False,0,0,False
US,2635,rainberrytv.com,False,0,0,True
US,2640,paywb.com,False,0,0,True
US,2641,zdassets.com,False,0,0,False
US,2642,snssdk.com,False,0,0,True
US,2643,lgthinq.com,False,1,0,True
US,2644,clickup.com,False,0,0,True
US,2645,indriverapp.com,False,0,0,False
US,2647,kuaishou.com,False,0,0,True
US,2649,match.com,False,0,0,False
US,2650,histats.com,False,0,0,True
US,2651,urldefense.com,False,0,0,True
US,2652,strpst.com,False,0,0,False
US,2654,max.com,False,0,0,True
US,2655,amplifyapp.com,False,0,0,False
US,2659,joinmassive.com,False,1,0,True
US,2661,ndtv.com,False,0,0,True
US,2662,webrootcloudav.com,False,1,0,True
US,2665,databricks.com,False,0,0,True
US,2666,kgslb.com,False,0,0,False
US,2669,tenable.com,False,1,0,True
US,2674,bcelive.com,False,0,0,False
US,2675,pacloudflare.com,False,0,0,False
US,2677,ndcpp-os.com,False,0,0,False
US,2679,sfgate.com,False,1,0,True
US,2680,visa.com,False,1,0,True
US,2681,affirm.com,False,0,1,True
US,2684,starbucks.com,False,0,0,True
US,2685,harman.com,False,0,0,False
US,2686,thehill.com,False,1,0,True
US,2687,visualwebsiteoptimizer.com,False,1,0,True
US,2689,zefrdata.com,False,0,0,False
US,2690,tdnsv6.com,False,0,0,False
US,2691,wshareit.com,False,0,0,True
US,2693,ko-fi.com,False,0,0,False
US,2695,ti.com,False,1,1,True
US,2696,wpscdn.com,False,0,0,False
US,2698,sfmc-marketing.com,False,0,0,False
US,2700,nextdoor.com,False,0,0,True
US,2701,bing-pe.com,False,0,0,True
US,2702,getpocket.com,False,0,0,True
US,2703,safedk.com,False,0,0,False
US,2704,easybrain.com,False,0,0,True
US,2706,dnsv4.com,False,0,0,False
US,2707,accor.com,False,0,0,True
US,2708,indazn.com,False,0,0,False
US,2709,myq-cloud.com,False,0,0,False
US,2710,listdl.com,False,0,0,False
US,2712,vtex.com,False,1,0,True
US,2713,padlet.com,False,1,0,True
US,2714,riskified.com,False,0,0,False
US,2716,kochava.com,False,1,0,True
US,2717,cookieyes.com,True,1,2,True
US,2719,rumble.com,False,0,0,False
US,2721,robin-flow.com,False,0,0,False
US,2722,google.us,False,0,0,True
US,2725,thomsonreuters.com,False,0,0,True
US,2726,woocommerce.com,False,2,0,True
US,2727,livescience.com,False,0,0,True
US,2728,theglobeandmail.com,False,0,0,True
US,2730,adguard.com,False,1,0,True
US,2732,amp-endpoint1.com,False,0,0,False
US,2733,marzaent.com,False,0,0,True
US,2734,alibabacorp.com,False,0,0,False
US,2735,brandbucket.com,False,0,0,False
US,2736,envato.com,False,0,0,True
US,2737,gamespot.com,False,0,0,False
US,2738,vidazoo.com,False,0,0,False
US,2742,sportradar.com,False,1,0,True
US,2743,splashtop.com,False,0,0,True
US,2747,mydramawave.com,False,0,0,True
US,2748,hindustantimes.com,False,0,2,True
US,2749,iotcplatform.com,False,0,0,False
US,2751,suno.com,False,0,2,True
US,2754,uribl.com,False,0,0,True
US,2755,uisp.com,False,0,0,True
US,2756,mojang.com,False,0,0,True
US,2757,sketchfab.com,False,1,0,True
US,2758,olympics.com,False,2,0,True
US,2759,bcvcdn.com,False,0,0,False
US,2760,smithsonianmag.com,False,0,0,True
US,2763,cell.com,False,0,0,False
US,2764,dnse5.com,False,0,0,False
US,2765,comodoca.com,False,2,0,True
US,2769,ttlivecdn.com,False,0,0,False
US,2770,douyinpic.com,False,0,0,False
US,2772,aliexpress-media.com,False,0,0,False
US,2773,baifentan.com,False,0,0,False
US,2774,ksapisrv.com,False,0,0,True
US,2775,pemsrv.com,False,0,0,False
US,2777,newscientist.com,False,0,0,True
US,2779,ads-twitter.com,False,0,0,False
US,2780,ksord.com,False,0,0,True
US,2781,hisavana.com,False,0,0,True
US,2782,cdnhwc3.com,False,0,0,False
US,2783,mmstat.com,False,0,0,False
US,2785,glanceapis.com,False,0,0,False
US,2786,grok.com,True,1,2,True
US,2788,ibytedtos.com,False,0,0,False
US,2792,capitalone.com,False,0,0,True
US,2793,indiegogo.com,False,0,0,False
US,2794,webs.com,False,0,0,True
US,2796,samsungnyc.com,False,0,0,False
US,2797,capitalonegslbex.com,False,0,0,False
US,2800,webflow.com,False,1,0,True
US,2801,nest.com,False,0,0,True
US,2804,kunlunsl.com,False,0,0,False
US,2808,dalyfeds.com,False,0,0,True
US,2809,incognia.com,False,0,0,True
US,2810,salesforce-scrt.com,False,0,2,True
US,2811,shazam.com,False,0,0,True
US,2812,system-monitor.com,False,0,0,True
US,2813,ctmail.com,False,0,0,False
US,2817,capcutapi.us,False,0,0,False
US,2818,ufileos.com,False,0,0,False
US,2819,addthis.com,False,0,0,False
US,2820,cdnhwczba04.com,False,0,0,False
US,2822,indianexpress.com,False,0,0,True
US,2824,zscaler.com,False,0,0,True
US,2825,toutiao.com,False,0,0,True
US,2826,elastic-cloud.com,False,0,0,False
US,2827,gname-dns.com,False,0,0,False
US,2828,dssott.com,False,0,0,False
US,2829,bsgslb.com,False,0,0,False
US,2830,a2hosting.com,True,2,1,True
US,2831,simplisafe.com,False,3,0,True
US,2836,tuyaeu.com,False,0,0,False
US,2837,vimeocdn.com,False,0,0,False
US,2839,discovery.com,False,0,0,True
US,2841,msftstatic.com,False,0,0,False
US,2842,howstuffworks.com,False,0,0,True
US,2845,gumroad.com,False,0,0,True
US,2846,wxlivecdn.com,False,0,0,False
US,2847,bizjournals.com,False,0,0,False
US,2851,mfadsrvr.com,False,0,0,True
US,2853,podbean.com,False,0,0,True
US,2854,realtor.com,False,0,0,False
US,2860,kbz0pwvxmv.com,False,1,0,True
US,2861,powerapps.com,False,0,2,True
US,2862,googlesource.com,False,0,0,True
US,2865,mihanwebhost.com,False,1,0,True
US,2867,tealiumiq.com,False,0,0,True
US,2868,philips.com,False,3,2,True
US,2872,html-load.com,False,0,0,False
US,2873,datadoghq-browser-agent.com,False,0,0,False
US,2876,unisoc.com,False,0,0,True
US,2878,xnxx-cdn.com,False,0,0,False
US,2879,usertrust.com,False,0,0,False
US,2880,pullcf.com,False,0,0,True
US,2887,stumbleupon.com,False,0,0,True
US,2888,browser-intake-us5-datadoghq.com,False,0,0,False
US,2891,line-apps.com,False,0,0,False
US,2893,dns.com,False,0,0,True
US,2894,ubisoft.com,False,0,0,True
US,2897,venturebeat.com,False,0,0,False
US,2907,stackdns.com,False,0,0,False
US,2909,tvsquared.com,False,1,0,True
US,2910,glance-cdn.com,False,0,0,False
US,2912,jwpltx.com,False,0,0,True
US,2914,mathworks.com,False,0,0,True
US,2919,chicagotribune.com,False,0,0,True
US,2921,bt.com,False,0,0,True
US,2922,schwab.com,False,0,0,True
US,2923,unrealengine.com,False,0,0,False
US,2925,robinhood.com,False,0,0,True
US,2927,allstate.com,False,0,0,True
US,2929,zapier.com,False,0,0,True
US,2930,history.com,False,0,0,True
US,2931,prezi.com,False,0,2,True
US,2932,glassdoor.com,False,0,0,False
US,2933,imageshack.us,False,0,0,True
US,2934,thawte.com,False,0,0,True
US,2935,rottentomatoes.com,False,0,0,True
US,2939,sonos.com,False,2,0,True
US,2942,directnic.com,False,2,0,True
US,2943,foggymorningmist.com,False,0,0,False
US,2945,freshdesk.com,False,0,1,True
US,2947,mapquest.com,False,0,0,True
US,2949,airtable.com,False,0,0,True
US,2950,redbubble.com,False,0,0,False
US,2951,al-adtech.com,False,0,0,False
US,2954,asahi.com,False,1,0,True
US,2957,microsoftazuread-sso.com,False,0,0,False
US,2960,x-cdn-static.com,False,1,0,True
US,2965,ctinets.com,False,0,0,False
US,2966,adition.com,False,0,0,False
US,2967,medscape.com,False,0,0,True
US,2968,blismedia.com,False,0,0,False
US,2969,crealitycloud.com,False,0,0,True
US,2972,ubereats.com,False,0,0,False
US,2973,goguardian.com,False,0,0,True
US,2974,crazyegg.com,False,0,0,True
US,2975,nokia.com,False,0,0,True
US,2976,blxrbdn.com,False,0,0,False
US,2977,kpmg.com,False,0,0,True
US,2980,thehindu.com,False,1,0,True
US,2981,modusygunaciro.com,False,0,0,True
US,2983,cloudflareclient.com,False,0,0,False
US,2984,dnsimple.com,False,0,0,True
US,2985,lenta.com,False,0,0,False
US,2986,tenor.com,False,0,0,True
US,2989,secb2b.com,False,0,0,False
US,2992,gotowebinar.com,False,0,0,True
US,2994,dbankcdn.com,False,0,0,True
US,2995,irishtimes.com,False,1,0,True
US,2996,laracasts.com,False,0,0,True
US,2997,malwarebytes.com,False,1,1,True
US,2998,wellsfargo.com,False,0,0,True
US,2999,yumpu.com,False,0,0,True
US,3000,fortinet.com,False,0,2,True
US,3001,argotunnel.com,False,0,0,False
US,3002,panasonic.com,False,0,0,True
US,3004,v-videoapp.com,False,0,0,True
US,3005,justia.com,False,0,0,False
US,3007,starmakerstudios.com,False,0,0,True
US,3008,hostedemail.com,False,0,0,False
US,3011,atomile.com,False,0,0,True
US,3012,geoipcheck.com,False,0,0,False
US,3019,libsyn.com,False,1,0,True
US,3020,calameo.com,False,0,0,True
US,3023,nasdaq.com,False,0,0,True
US,3024,vercel.com,False,0,2,True
US,3027,nheos.com,False,0,0,False
US,3029,moz.com,False,1,0,True
US,3031,france24.com,False,0,0,True
US,3032,vrbo.com,False,0,0,False
US,3033,callrail.com,False,0,0,True
US,3035,caniuse.com,False,0,0,True
US,3036,citrix.com,False,0,0,True
US,3037,workdaysuv.com,False,0,0,False
US,3038,awsdns-29.com,False,0,0,False
US,3041,softonic.com,False,0,0,True
US,3047,unmsapp.com,False,0,0,True
US,3048,intercomcdn.com,False,0,2,True
US,3049,awsdns-27.com,False,0,0,False
US,3053,instructables.com,False,0,0,True
US,3054,toasttab.com,False,0,0,False
US,3057,nfl.com,False,0,0,True
US,3058,foodnetwork.com,False,0,0,True
US,3061,pastebin.com,False,0,0,True
US,3062,rudderstack.com,False,0,1,True
US,3063,yg5sjx5kzy.com,False,1,0,True
US,3065,symcb.com,False,0,0,False
US,3068,mookie1.com,False,0,0,False
US,3070,awsdns-03.com,False,0,0,False
US,3071,tmtreader.com,False,0,0,False
US,3073,hellotalk8.com,False,1,0,True
US,3075,adidas.com,False,0,0,False
US,3076,microsoft.us,False,0,0,False
US,3077,queniuak.com,False,0,0,False
US,3083,takeaway.com,False,0,0,False
US,3084,miniclippt.com,False,0,0,False
US,3085,telstra.com,False,2,1,True
US,3086,egnyte.com,False,0,0,True
US,3087,passport.com,False,0,0,False
US,3088,sfmc-content.com,False,0,0,False
US,3096,gcd-dns.com,False,0,0,False
US,3097,gm.com,False,0,0,True
US,3098,watchguard.com,False,0,0,True
US,3101,n-able.com,False,0,0,False
US,3104,today.com,True,1,4,True
US,3105,sas.com,False,0,0,True
US,3107,brevo.com,False,0,2,True
US,3109,llamarpc.com,False,0,0,False
US,3110,threatlocker.com,False,0,0,True
US,3111,loom.com,False,0,0,True
US,3113,hdslb.com,False,0,0,False
US,3114,splunkcloud.com,False,0,0,False
US,3116,grindr.com,False,0,2,True
US,3118,drmgms.com,False,0,0,True
US,3122,domaindetails.com,False,0,2,True
US,3123,cbssports.com,False,1,0,True
US,3127,theregister.com,False,0,0,True
US,3131,tableau.com,False,0,0,True
US,3132,newsbreak.com,False,0,2,True
US,3134,heyzine.com,False,1,0,True
US,3137,seek.com,False,0,0,False
US,3138,duosecurity.com,False,0,3,True
US,3139,parastorage.com,False,0,0,False
US,3141,myftpupload.com,False,0,0,False
US,3142,crunchbase.com,False,0,0,True
US,3144,s-microsoft.com,False,0,0,False
US,3145,awsdns-11.com,False,0,0,False
US,3148,gannett-dns.com,False,0,0,False
US,3151,ttwstatic.com,False,0,0,False
US,3154,deere.com,False,1,0,True
US,3155,e1c-ops.com,False,0,0,False
US,3156,ttdns3.com,False,0,0,False
US,3157,weibocdn.com,False,0,0,False
US,3158,ciscospark.com,False,1,0,True
US,3159,acuityplatform.com,False,0,0,False
US,3161,mncdn.com,False,0,0,False
US,3164,mountain.com,False,0,0,True
US,3166,xero.com,False,0,0,True
US,3167,elle.com,False,2,1,True
US,3168,jampp.com,False,1,0,True
US,3169,tmz.com,False,1,0,True
US,3171,bybit.com,False,0,0,True
US,3174,btinternet.com,False,0,0,False
US,3178,amxrtb.com,False,0,0,True
US,3179,bttrack.com,False,0,0,True
US,3180,traveloka.com,False,1,0,True
US,3181,modrinth.com,False,0,0,True
US,3182,angelfire.com,False,0,0,False
US,3183,esquire.com,False,1,1,True
US,3184,ebaystatic.com,False,0,0,False
US,3187,webcontentassessor.com,False,0,0,False
US,3192,thingiverse.com,False,0,0,True
US,3193,tcylgslb.com,False,0,0,False
US,3196,thrtle.com,False,0,0,True
US,3201,senderscore.com,False,0,0,True
US,3202,awsdns-37.com,False,0,0,False
US,3204,quizlet.com,False,0,0,False
US,3207,vogue.com,False,1,0,True
US,3208,bitnami.com,False,0,0,True
US,3209,logicnow.us,False,0,0,False
US,3210,novell.com,False,0,0,True
US,3211,monday.com,False,0,1,True
US,3213,zynga.com,False,0,0,True
US,3215,int08h.com,False,0,0,True
US,3217,vanguard.com,False,0,0,True
US,3218,cygwin.com,False,0,0,True
US,3220,alchemer.com,False,0,0,False
US,3221,rkdms.com,False,0,0,True
US,3222,ctnsnet.com,False,0,0,False
US,3224,emb-api.com,False,0,0,False
US,3225,banahosting.com,False,2,0,True
US,3226,cvent.com,False,0,0,True
US,3227,docusign.com,False,0,0,True
US,3229,awmdm.com,False,0,0,False
US,3230,walgreens.com,True,2,1,True
US,3231,chase.com,False,0,0,True
US,3234,qh-cdn.com,False,0,0,False
US,3235,citi.com,False,0,0,True
US,3236,fool.com,False,0,0,True
US,3237,website-files.com,False,0,0,False
US,3238,samsunghealth.com,False,0,0,True
US,3240,uhc.com,False,0,0,False
US,3242,queniubg.com,False,0,0,False
US,3246,mystrikingly.com,False,2,0,True
US,3247,the-ozone-project.com,False,0,0,True
US,3249,adentifi.com,False,0,0,True
US,3250,awsdns-52.com,False,0,0,False
US,3251,tomshardware.com,False,1,0,True
US,3255,billboard.com,False,1,0,True
US,3259,dmxleo.com,False,0,0,False
US,3260,awsdns-24.com,False,0,0,False
US,3262,walkme.com,False,0,0,True
US,3263,coca-cola.com,False,0,0,True
US,3264,goodhousekeeping.com,True,1,1,True
US,3265,onaudience.com,False,0,0,True
US,3268,sproutsocial.com,False,0,2,True
US,3272,opsgenie.com,False,0,0,True
US,3274,tokopedia.com,False,2,0,True
US,3276,nianticlabs.com,False,0,1,True
US,3278,zara.com,False,0,0,True
US,3279,dictionary.com,False,0,0,True
US,3283,siteforce.com,False,0,2,True
US,3284,voximplant.com,False,0,1,True
US,3287,iterable.com,False,1,0,True
US,3288,dvr163.com,False,0,0,True
US,3290,razorpay.com,False,1,0,True
US,3291,allrecipes.com,False,0,0,False
US,3292,marphezis.com,False,0,0,False
US,3293,flipboard.com,False,2,0,True
US,3294,awsdns-30.com,False,0,0,False
US,3295,delta.com,False,0,0,True
US,3298,thetimes.com,False,1,0,True
US,3301,nate.com,False,1,0,True
US,3302,tesco.com,False,0,0,False
US,3303,thedailybeast.com,False,1,0,True
US,3304,hootsuite.com,False,1,0,True
US,3305,cosmopolitan.com,False,1,1,True
US,3306,bidvol.com,False,0,0,True
US,3307,honor.com,False,0,1,True
US,3310,mediavine.com,False,0,0,True
US,3311,zdnscloud.com,False,0,0,False
US,3312,cursor.com,False,0,0,True
US,3314,ning.com,False,0,0,True
US,3317,webnovel.com,False,0,0,False
US,3319,tradingeconomics.com,False,0,0,True
US,3320,gap.com,True,2,2,True
US,3322,namefind.com,False,0,0,False
US,3324,samsclub.com,False,3,0,True
US,3325,awsdns-26.com,False,0,0,False
US,3328,awsdns-33.com,False,0,0,False
US,3330,coloros.com,False,0,0,True
US,3331,awsdns-13.com,False,0,0,False
US,3332,pinduoduo.com,False,0,0,True
US,3335,revcontent.com,False,0,0,True
US,3336,dinahosting.com,False,0,0,True
US,3337,lavanguardia.com,False,1,0,True
US,3344,coingecko.com,False,0,0,False
US,3347,aa.com,False,0,0,False
US,3349,flightaware.com,False,0,2,True
US,3350,wasabisys.com,False,0,0,True
US,3352,mcdonalds.com,False,1,0,True
US,3354,hotmart.com,False,2,0,True
US,3355,ondemand.com,False,0,0,False
US,3356,1digitech.com,False,0,0,True
US,3357,walmartimages.com,False,0,0,False
US,3358,gog.com,True,1,1,True
US,3359,dnsv2.com,False,0,0,False
US,3365,awsdns-39.com,False,0,0,False
US,3368,postman.com,False,1,0,True
US,3369,asos.com,False,1,0,True
US,3370,giantpanda.com,False,0,1,True
US,3372,claudeusercontent.com,False,0,0,True
US,3375,acoustic-adm.com,False,0,0,False
US,3376,ftstatic.com,False,0,0,False
US,3377,pokemon.com,False,0,0,True
US,3379,syncingbridge.com,False,0,0,False
US,3383,protrafficinspector.com,False,0,0,False
US,3384,kaltura.com,False,0,1,True
US,3385,liveintent.com,False,0,0,True
US,3386,nextmillmedia.com,False,0,0,False
US,3387,samplicio.us,False,0,0,True
US,3389,msi.com,False,0,1,True
US,3390,dns-finder.com,False,0,0,False
US,3394,awsdns-20.com,False,0,0,False
US,3395,awsdns-41.com,False,0,0,False
US,3399,zeotap.com,False,0,0,False
US,3400,shopifycdn.com,False,0,0,False
US,3401,ml314.com,False,0,0,False
US,3403,googlehosted.com,False,0,0,False
US,3405,ouraring.com,False,4,0,True
US,3407,operacdn.com,False,0,0,True
US,3409,foursquare.com,False,0,0,True
US,3410,awsdns-16.com,False,0,0,False
US,3411,epam.com,False,0,0,False
US,3413,servenobid.com,False,0,0,False
US,3414,adotmob.com,False,0,0,True
US,3415,pandasecurity.com,False,0,0,True
US,3416,awsdns-62.com,False,0,0,False
US,3418,bidease.com,False,0,0,True
US,3419,awsdns-42.com,False,0,0,False
US,3420,macys.com,False,0,0,False
US,3423,lifehacker.com,False,0,0,True
US,3426,w2rt6byl5nf1opmc-a.com,False,0,0,False
US,3430,awsdns-49.com,False,0,0,False
US,3433,awsdns-08.com,False,0,0,False
US,3434,mossru.com,False,0,0,False
US,3437,nymag.com,False,0,0,True
US,3438,deadline.com,False,1,0,True
US,3440,jio.com,False,0,0,True
US,3441,brightcloud.com,False,0,0,True
US,3442,feedly.com,False,0,1,True
US,3443,mediagotechnology.com,False,0,0,False
US,3444,mail.com,False,0,0,True
US,3445,copper6.com,False,0,1,True
US,3446,mobilefuse.com,False,0,0,True
US,3447,awsdns-35.com,False,0,0,False
US,3448,aviasales.com,False,1,0,True
US,3449,oppomobile.com,False,0,0,True
US,3453,sankuai.com,False,0,0,False
US,3454,redislabs.com,False,0,0,True
US,3455,leagueoflegends.com,False,0,0,True
US,3456,rezync.com,False,0,0,False
US,3458,pbstck.com,False,0,0,False
US,3460,lenovomm.com,False,0,0,True
US,3461,samsungpositioning.com,False,0,0,False
US,3463,queniuyk.com,False,0,0,False
US,3464,awsdns-43.com,False,0,0,False
US,3465,stspg-customer.com,False,0,0,False
US,3466,asuscomm.com,False,0,0,False
US,3467,awsdns-07.com,False,0,0,False
US,3469,chartbeat.com,False,0,2,True
US,3471,printercloud.com,False,0,0,False
US,3472,awsdns-59.com,False,0,0,False
US,3473,wixstatic.com,False,0,0,False
US,3474,qnap.com,False,1,0,True
US,3475,securegatewayaccess.com,False,0,0,True
US,3476,zemanta.com,False,1,0,True
US,3477,powerplatform.com,False,0,1,True
US,3479,163img.com,False,0,0,False
US,3481,pcloud.com,False,0,0,True
US,3484,sentry-cdn.com,False,0,0,False
US,3485,dnszi.com,False,0,0,True
US,3486,uefa.com,False,0,0,True
US,3487,spglobal.com,False,0,0,False
US,3488,awsdns-25.com,False,0,0,False
US,3489,galaxy-cdn.com,False,0,0,False
US,3490,teepublic.com,False,0,0,False
US,3491,digital.com,False,0,0,False
US,3494,azureedge.us,False,0,0,False
US,3497,timeout.com,False,0,0,True
US,3499,wikidot.com,False,0,0,True
US,3500,schneevonmorgen.com,False,0,0,True
US,3501,parsely.com,False,0,0,True
US,3502,hpeprint.com,False,0,0,False
US,3503,awsdns-34.com,False,0,0,False
US,3504,awsdns-47.com,False,0,0,False
US,3508,domain.com,False,0,0,False
US,3511,500px.com,False,0,0,True
US,3513,microsoftonline.us,False,0,0,False
US,3515,awsdns-61.com,False,0,0,False
US,3516,zebra.com,False,0,0,True
US,3519,houzz.com,False,0,0,True
US,3520,avg.com,False,0,0,True
US,3524,unity3dusercontent.com,False,0,0,False
US,3525,zaloapp.com,False,0,0,True
US,3526,artstation.com,False,0,0,False
US,3527,united.com,False,1,0,True
US,3528,urbandictionary.com,False,2,0,True
US,3530,awsdns-12.com,False,0,0,False
US,3531,hubapi.com,False,0,0,True
US,3532,wistia.com,False,0,0,True
US,3535,smugmug.com,False,0,0,True
US,3536,awsdns-15.com,False,0,0,False
US,3538,smartsheet.com,False,0,0,True
US,3539,movetv.com,False,0,0,False
US,3540,awsdns-54.com,False,0,0,False
US,3542,ymmobi.com,False,0,0,False
US,3544,awsdns-22.com,False,0,0,False
US,3545,replit.com,False,0,0,True
US,3546,lgtviot.com,False,0,0,False
US,3549,hs-scripts.com,False,0,0,False
US,3550,honeywell.com,False,0,0,True
US,3552,mimecast.com,False,0,0,True
US,3553,prismaaccess.com,False,0,0,False
US,3555,jftechws.com,False,0,0,True
US,3556,dish.com,False,2,0,True
US,3562,colorlib.com,False,0,0,True
US,3563,123rf.com,False,1,0,True
US,3564,pointtoserver.com,False,0,0,False
US,3565,backblaze.com,False,0,0,True
US,3566,judns.com,False,0,0,True
US,3567,ebsco.com,False,0,0,True
US,3568,venmo.com,False,1,1,True
US,3569,custhelp.com,False,0,0,False
US,3572,value-domain.com,False,0,0,True
US,3573,jimdosite.com,False,0,0,False
US,3577,domaintools.com,False,0,2,True
US,3578,iqm.com,False,0,0,True
US,3580,buzzsprout.com,False,0,0,True
US,3582,microsoft365.com,False,0,0,True
US,3584,com.com,False,1,0,True
US,3586,abebooks.com,False,2,0,True
US,3587,awsdns-10.com,False,0,0,False
US,3588,redbull.com,False,1,0,True
US,3589,awsdns-48.com,False,0,0,False
US,3590,digitaltrends.com,False,0,0,True
US,3591,trkn.us,False,0,0,False
US,3593,inmarsat.com,False,0,0,True
US,3595,brightcove.com,False,0,0,True
US,3598,sundaysky.com,False,0,0,True
US,3600,proquest.com,False,0,0,False
US,3601,scene7.com,False,0,0,False
US,3603,undertone.com,False,0,0,False
US,3607,charlestonroadregistry.com,False,0,0,True
US,3608,celtra.com,False,0,0,True
US,3609,rtbwise.com,False,0,0,True
US,3611,ad-score.com,False,0,0,True
US,3612,thefreedictionary.com,False,0,0,False
US,3613,hepsiburada.com,False,2,1,True
US,3614,skyvegas.com,False,0,0,False
US,3615,slack-edge.com,False,0,0,False
US,3616,oray.com,False,1,0,True
US,3617,buzzoola.com,False,0,0,True
US,3618,awsdns-53.com,False,0,0,False
US,3619,awsdns-57.com,False,0,0,False
US,3620,awsdns-58.com,False,0,0,False
US,3622,osano.com,False,0,0,True
US,3623,acorns.com,False,0,0,True
US,3627,ladsp.com,False,0,0,False
US,3628,insightexpressai.com,False,0,0,True
US,3633,awsdns-36.com,False,0,0,False
US,3635,bitly.com,False,0,0,True
US,3636,fivecdm.com,False,0,0,False
US,3637,awsdns-46.com,False,0,0,False
US,3638,eum-appdynamics.com,False,0,0,False
US,3639,chosun.com,False,0,0,True
US,3640,aws.com,False,0,0,True
US,3641,technoratimedia.com,False,0,0,False
US,3644,hs-banner.com,False,0,0,False
US,3645,gitee.com,False,0,0,True
US,3646,vanityfair.com,False,0,0,True
US,3647,measureadv.com,False,0,0,False
US,3648,faceit.com,False,0,0,False
US,3651,trimble.com,False,0,0,True
US,3653,dingtalk.com,False,0,1,True
US,3655,qcomgeo2.com,False,0,0,False
US,3657,paysafecard.com,False,0,0,True
US,3658,wscdns.com,False,0,0,False
US,3660,invisioncic.com,False,0,0,False
US,3663,58.com,False,0,0,True
US,3664,awsdns-06.com,False,0,0,False
US,3667,au.com,False,0,0,True
US,3669,boston.com,False,1,0,True
US,3670,zimbra.com,False,0,0,True
US,3672,awsdns-56.com,False,0,0,False
US,3673,xkcd.com,False,0,0,True
US,3675,proofpoint.us,False,0,0,False
US,3677,samsungads.com,False,0,0,True
US,3678,over-blog.com,False,0,0,True
US,3680,onenote.com,False,0,0,True
US,3684,virustotal.com,False,0,0,True
US,3685,twinrdengine.com,False,0,0,False
US,3686,legacy.com,False,0,0,True
US,3687,porsche.com,False,1,0,True
US,3688,mercedes-benz.com,False,0,0,True
US,3689,awsdns-51.com,False,0,0,False
US,3690,dashlane.com,False,0,0,True
US,3692,bac.com,False,0,0,False
US,3693,awsdns-02.com,False,0,0,False
US,3694,bounceexchange.com,False,0,0,True
US,3695,apkpure.com,False,0,0,False
US,3697,bentley.com,True,2,1,True
US,3699,tencentclb.com,False,0,0,False
US,3702,pushwoosh.com,False,0,0,True
US,3706,awsdns-01.com,False,0,0,False
US,3707,awsdns-04.com,False,0,0,False
US,3711,netlify.com,False,0,2,True
US,3716,bstatic.com,False,0,0,False
US,3717,awsdns-23.com,False,0,0,False
US,3718,awsdns-40.com,False,0,0,False
US,3725,kingsgroupgames.com,False,0,0,False
US,3726,nydailynews.com,False,1,0,True
US,3727,foxbusiness.com,False,1,0,True
US,3728,scopus.com,False,0,0,False
US,3729,awsdns-38.com,False,0,0,False
US,3730,samsungcloudcdn.com,False,0,0,False
US,3733,feverup.com,False,2,0,True
US,3735,chron.com,False,2,0,True
US,3736,hackaday.com,False,0,0,True
US,3737,awsdns-17.com,False,0,0,False
US,3739,elementor.com,False,0,0,True
US,3740,staticflickr.com,False,0,0,False
US,3741,jumpcloud.com,False,0,0,True
US,3744,awsdns-14.com,False,0,0,False
US,3749,loxonecloud.com,False,0,0,True
US,3750,awsdns-45.com,False,0,0,False
US,3751,bitwarden.com,False,0,0,True
US,3754,qualcomm.com,False,0,0,True
US,3756,quillbot.com,False,0,0,False
US,3760,themegrill.com,False,0,0,False
US,3763,tiktokpangle-cdn-us.com,False,0,0,False
US,3764,chrome.com,False,0,1,True
US,3765,rapidssl.com,False,0,0,True
US,3766,huntington.com,False,0,0,True
US,3768,termsfeed.com,False,0,0,False
US,3770,archdaily.com,False,0,0,True
US,3771,centurygame.com,False,0,0,True
US,3772,uniqlo.com,False,0,0,False
US,3773,awsdns-55.com,False,0,0,False
US,3775,toyota.com,False,0,0,True
US,3777,glpals.com,False,0,0,False
US,3778,salon.com,False,1,0,True
US,3779,cvs.com,False,2,0,True
US,3780,awsdns-19.com,False,0,0,False
US,3781,proxmox.com,False,0,0,True
US,3782,libbyshelf.com,False,0,0,False
US,3783,securityfocus.com,False,0,0,True
US,3784,pndsn.com,False,0,0,False
US,3788,mercari.com,False,0,0,False
US,3792,sprinklr.com,False,0,0,True
US,3793,symcd.com,False,0,0,False
US,3797,voanews.com,False,0,0,True
US,3798,knowbe4.com,False,0,0,True
US,3799,johndeerecloud.com,False,0,0,False
US,3800,wordfence.com,False,0,0,True
US,3801,razer.com,False,2,0,True
US,3802,similarweb.com,False,1,0,True
US,3805,netsuite.com,False,0,0,True
US,3806,smallpdf.com,False,0,0,True
US,3807,adsbynimbus.com,False,0,1,True
US,3808,awsdns-05.com,False,0,0,False
US,3809,awsdns-21.com,False,0,0,False
US,3810,awsdns-50.com,False,0,0,False
US,3811,wurl.com,False,0,0,True
US,3814,cloudappsecurity.com,False,0,1,True
US,3815,axis.com,False,0,0,True
US,3817,perl.com,False,0,0,True
US,3819,tcgplayer.com,False,2,0,True
US,3820,onclouddns.com,False,0,0,False
US,3821,lonelyplanet.com,False,0,0,True
US,3823,dnsv1.com,False,0,0,False
US,3824,socdm.com,False,0,0,False
US,3825,samsungrs.com,False,0,0,False
US,3826,ctrip.com,False,0,0,True
US,3830,dynamicyield.com,False,0,0,False
US,3831,se.com,False,1,1,True
US,3836,premierleague.com,False,1,0,True
US,3837,gifshow.com,False,0,0,True
US,3838,cadent.com,False,0,0,True
US,3839,awsdns-28.com,False,0,0,False
US,3842,srv53.com,False,0,0,False
US,3847,teacherspayteachers.com,False,2,0,True
US,3848,srmdata.com,False,0,0,False
US,3853,taoa.com,False,0,0,True
US,3856,xboxservices.com,False,0,0,False
US,3858,morningstar.com,False,0,0,False
US,3860,awsdns-09.com,False,0,0,False
US,3861,awsdns-44.com,False,0,0,False
US,3865,espncdn.com,False,1,0,True
US,3866,awsdns-60.com,False,0,0,False
US,3867,ixigua.com,False,0,0,True
US,3869,tuyaus.com,False,0,0,False
US,3874,hudl.com,False,1,0,True
US,3875,chewy.com,False,0,0,False
US,3877,stickyadstv.com,False,0,0,False
US,3880,4shared.com,False,0,0,True
US,3884,flixcdn.com,False,0,0,False
US,3885,bell-labs.com,False,0,0,True
US,3886,lokalise.com,False,0,0,True
US,3888,xe.com,False,0,0,True
US,3890,instabug.com,False,0,0,True
US,3893,business-standard.com,False,0,0,True
US,3896,demandbase.com,False,0,2,True
US,3897,searchengineland.com,False,0,0,False
US,3898,donga.com,False,1,0,True
US,3900,leadconnectorhq.com,False,0,0,True
US,3905,routledge.com,False,1,0,True
US,3906,hugedomainsdns.com,False,0,0,False
US,3907,awsdns-18.com,False,0,0,False
US,3908,twingate.com,False,0,2,True
US,3910,oaistatsig.com,False,0,0,False
US,3911,snowflakecomputing.com,False,0,0,True
US,3913,namebright.com,False,0,0,True
US,3914,cn.com,False,1,0,True
US,3915,bostonglobe.com,False,3,0,True
US,3916,dmca.com,True,1,2,True
US,3917,gitea.com,False,0,0,True
US,3919,geforce.com,False,0,0,True
US,3920,coindesk.com,False,0,0,True
US,3923,global-e.com,False,0,0,True
US,3925,fox.com,False,1,0,True
US,3926,ebayimg.com,False,0,0,False
US,3927,pcworld.com,False,0,0,True
US,3929,jedox.com,False,1,0,True
US,3931,space.com,False,1,0,True
US,3934,farfetch.com,False,0,0,False
US,3936,wandera.com,False,0,0,True
US,3937,awsdns-63.com,False,0,0,False
US,3938,capitaloneshopping.com,False,0,0,True
US,3941,taxssp.com,False,0,0,False
US,3943,wattloom.com,False,0,0,True
US,3944,prestashop.com,False,1,0,True
US,3946,sportradarserving.com,False,0,0,True
US,3947,eastmoney.com,False,0,0,True
US,3948,braintree-api.com,False,0,0,False
US,3949,sprig.com,False,0,1,True
US,3952,backblazeb2.com,False,0,0,True
US,3954,queniusz.com,False,0,0,False
US,3955,rackcdn.com,False,0,0,False
US,3956,uidapi.com,False,0,0,False
US,3957,zimperium.com,False,0,0,True
US,3958,clickagy.com,False,0,0,True
US,3959,rokt.com,False,1,0,True
US,3960,macrumors.com,False,0,0,True
US,3961,ekatox.com,False,0,0,True
US,3962,komoot.com,False,0,0,True
US,3964,bk6bba-resources.com,False,0,0,False
US,3965,volcfcdndvs1.com,False,0,0,False
US,3966,hereapi.com,False,0,0,False
US,3972,sketchup.com,False,0,2,True
US,3975,nbcuni.com,False,0,0,True
US,3977,awin1.com,False,1,0,True
US,3978,snapfish.com,False,2,0,True
US,3980,telefonica.com,False,0,0,True
US,3981,bitget.com,False,0,0,True
US,3982,habr.com,False,0,0,True
US,3983,owhealth.com,False,0,0,True
US,3985,news18.com,False,0,2,True
US,3986,studocu.com,False,0,0,False
US,3987,humeysha.com,False,0,0,False
US,3989,si.com,False,1,0,True
US,3990,getui.com,False,0,0,True
US,3992,jpost.com,False,0,0,True
US,3993,mintegral.com,False,0,0,True
US,3994,pruffme.com,False,0,0,True
US,3995,menshealth.com,False,1,1,True
US,3998,streamtheworld.com,False,0,0,True
US,4000,permutive.com,False,0,0,True
US,4005,cars.com,False,0,0,False
US,4006,intergient.com,False,0,0,False
US,4007,volvocars.com,False,1,0,True
US,4008,findagrave.com,False,0,0,True
US,4012,1capp.com,False,0,0,True
US,4013,helpshift.com,False,0,0,True
US,4015,tobsnssdk.com,False,0,0,False
US,4017,elespanol.com,False,3,0,True
US,4019,360totalsecurity.com,False,0,0,True
US,4020,cquotient.com,False,0,0,False
US,4021,economictimes.com,False,0,2,True
US,4022,g2.com,False,0,0,False
US,4024,poshmark.com,False,1,0,True
US,4025,easydns.com,True,1,1,True
US,4026,cxense.com,False,0,0,True
US,4027,vecteezy.com,False,3,0,True
US,4031,rei.com,False,1,0,True
US,4032,bitrix24.com,False,1,0,True
US,4038,pananames.com,False,0,0,True
US,4039,brandmetrics.com,False,0,0,False
US,4040,hbo.com,False,0,0,True
US,4043,fang.com,False,0,0,True
US,4044,mosspf.com,False,0,0,False
US,4045,globalconnetct.com,False,0,0,False
US,4046,hiyaapi.com,False,0,0,False
US,4047,byteplusvod.com,False,0,0,False
US,4048,straitstimes.com,False,1,0,True
US,4051,screenrant.com,False,0,0,True
US,4054,tripcdn.com,False,0,0,False
US,4056,buymeacoffee.com,False,1,0,True
US,4057,awsdns-00.com,False,0,0,False
US,4058,grandviewresearch.com,False,0,0,True
US,4064,wordreference.com,False,0,0,True
US,4068,gameloft.com,False,0,0,True
US,4069,awsdns-32.com,False,0,0,False
US,4071,myworkdayjobs.com,False,0,0,False
US,4075,thestar.com,False,2,0,True
US,4076,rome2rio.com,False,0,0,False
US,4078,dazn.com,False,0,0,True
US,4082,britishairways.com,False,0,0,True
US,4083,arlo.com,False,0,0,False
US,4084,abb.com,False,0,0,True
US,4085,immutable.com,False,0,0,True
US,4089,identrust.com,False,0,0,True
US,4090,penguinrandomhouse.com,False,1,0,True
US,4091,skimresources.com,False,0,0,False
US,4092,veeam.com,False,0,0,True
US,4095,wufoo.com,False,1,0,True
US,4099,cdn-cookieyes.com,False,0,0,False
US,4100,creditkarma.com,False,0,0,True
US,4101,365scores.com,False,0,0,True
US,4102,heroku.com,False,0,0,True
US,4103,gpubgm.com,False,0,0,False
US,4104,visualcapitalist.com,False,2,0,True
US,4107,timesofisrael.com,False,0,0,False
US,4109,iherb.com,False,0,0,False
US,4112,ollama.com,False,0,0,True
US,4114,comodo.com,False,0,0,True
US,4115,p-cdn.us,False,0,0,False
US,4116,tlivesdk.com,False,0,0,False
US,4118,awsdns-31.com,False,0,0,False
US,4119,udn.com,False,0,0,True
US,4121,signifyd.com,False,1,0,True
US,4123,ketchcdn.com,False,0,0,True
US,4124,mktoresp.com,False,0,0,False
US,4125,seekingalpha.com,True,1,2,True
US,4128,bingapis.com,False,0,0,False
US,4129,byteimg.com,False,0,0,False
US,4130,xhpingcdn.com,False,0,0,True
US,4135,hotstar.com,False,0,0,True
US,4136,dreamstime.com,False,0,0,True
US,4137,carfax.com,False,0,0,True
US,4138,virtualmin.com,False,0,0,True
US,4140,bcebos.com,False,0,0,False
US,4143,githubcopilot.com,False,0,0,False
US,4144,formula1.com,False,0,0,True
US,4145,volcgtm.com,False,0,0,False
US,4146,a-ads.com,False,0,0,True
US,4147,heytapimg.com,False,0,0,True
US,4150,apachelounge.com,False,0,0,True
US,4151,konghq.com,False,0,0,True
US,4152,mogujie.com,False,0,0,True
US,4158,mux.com,False,0,0,True
US,4162,thenextweb.com,False,1,0,True
US,4163,dji.com,False,2,1,True
US,4164,sibforms.com,False,0,0,False
US,4172,glulive.com,False,0,0,False
US,4173,marinetraffic.com,False,0,0,False
US,4174,parrot-flow.com,False,0,0,False
US,4175,tpd-soe.com,False,0,0,False
US,4177,hybrid-analysis.com,False,0,0,True
US,4180,farlightgames.com,False,0,0,True
US,4185,tk0x1.com,False,0,0,True
US,4186,os-lb.com,False,0,0,False
US,4189,carnival.com,False,0,0,True
US,4191,findlaw.com,False,0,0,False
US,4192,xhamsterlive.com,False,0,0,True
US,4193,steamconnecttest.com,False,0,0,True
US,4195,clmbtech.com,False,0,0,False
US,4197,handelsblatt.com,False,0,0,True
US,4199,topdns.com,False,0,0,False
US,4201,forticloud.com,False,0,0,True
US,4202,sonicwall.com,False,0,0,True
US,4203,wakuhyfeserucu.com,False,0,0,True
US,4204,ice.com,False,0,0,True
US,4207,easyjet.com,False,0,0,False
US,4208,boardgamegeek.com,False,0,0,False
US,4209,pippio.com,False,0,0,False
US,4212,fnac.com,False,3,3,True
US,4222,vzwwo.com,False,0,0,False
US,4223,seattletimes.com,False,1,0,True
US,4224,abtasty.com,False,0,0,False
US,4234,appboy.com,False,0,0,True
US,4235,shutterfly.com,False,1,0,True
US,4237,adyen.com,False,1,0,True
US,4238,noon.com,False,3,0,True
US,4240,bfmio.com,False,0,0,False
US,4241,buffer.com,False,0,0,True
US,4246,maxesads.com,False,0,0,False
US,4248,kit.com,False,0,1,True
US,4250,westernunion.com,False,0,0,True
US,4251,spreaker.com,False,0,0,True
US,4252,mheducation.com,False,2,0,True
US,4258,ru.com,False,0,0,False
US,4261,nanit.com,True,3,2,True
US,4265,southwest.com,False,0,0,True
US,4266,trusteer.com,False,0,0,True
US,4267,dramaboxdb.com,False,1,0,True
US,4268,swrve.com,False,0,0,False
US,4270,mailerlite.com,False,0,0,True
US,4271,kia.com,False,0,0,True
US,4272,second-ns.com,False,0,0,False
US,4275,mobilityware.com,False,0,0,False
US,4279,kompas.com,False,1,1,True
US,4281,guzelhosting.com,False,0,0,False
US,4284,livemint.com,False,1,0,True
US,4285,airasia.com,False,0,0,True
US,4290,viator.com,False,0,0,False
US,4292,leetcode.com,False,0,0,False
US,4293,wikipedia.com,False,0,0,True
US,4297,hakunaymatata.com,False,0,0,False
US,4302,internet-measurement.com,False,0,0,True
US,4303,cyberark.com,False,0,0,True
US,4305,ubs.com,False,0,0,True
US,4306,r7ops.com,False,0,0,False
US,4307,computerworld.com,False,0,0,True
US,4310,kunlunaq.com,False,0,0,False
US,4311,queniuiq.com,False,0,0,False
US,4312,quicksetcloud.com,False,0,0,False
US,4313,sportskeeda.com,False,0,0,False
US,4315,tubitv.com,False,0,0,True
US,4316,hyundai.com,False,1,0,True
US,4317,iotbing.com,False,0,0,False
US,4319,pendingrenewaldeletion.com,False,0,0,False
US,4320,iq.com,False,0,0,True
US,4321,betterstackdata.com,False,0,0,True
US,4322,db.com,False,0,0,True
US,4323,dmm.com,False,1,0,True
US,4327,compass.com,False,0,1,True
US,4329,phpbb.com,False,0,0,False
US,4331,livechat.com,False,0,2,True
US,4332,opentable.com,False,0,0,False
US,4336,maticooads.com,False,0,0,False
US,4338,upstart.com,False,0,0,True
US,4340,ucweb.com,False,0,0,True
US,4342,bcg.com,False,0,0,True
US,4343,sumup.com,False,0,0,True
US,4345,outbrainimg.com,False,0,0,False
US,4347,runescape.com,False,0,0,True
US,4349,snopes.com,False,1,0,True
US,4351,priceline.com,False,0,1,True
US,4352,unioneeu.com,False,0,0,False
US,4353,163jiasu.com,False,0,0,False
US,4354,growcdnssedge.com,False,0,0,False
US,4359,boomplaymusic.com,False,0,0,False
US,4361,wolt.com,True,3,2,True
US,4367,linksynergy.com,False,0,0,False
US,4371,detik.com,False,0,0,True
US,4378,flipsnack.com,False,0,0,True
US,4379,pstatp.com,False,0,0,False
US,4380,todoist.com,False,0,0,True
US,4383,immersivelabs.com,False,0,0,True
US,4384,telogis.com,False,0,0,True
US,4385,verywellhealth.com,False,0,0,False
US,4387,hpdaas.com,False,0,0,True
US,4392,bet365.com,False,0,0,False
US,4398,techlab-cdn.com,False,0,0,False
US,4399,nbc.com,False,1,0,True
US,4400,camscanner.com,False,0,0,True
US,4401,boutell.com,False,0,0,True
US,4404,producthunt.com,False,0,0,True
US,4405,myfitnesspal.com,False,1,0,True
US,4406,voxicheck.com,False,0,0,False
US,4408,sacdnssedge.com,False,0,0,False
US,4411,awsapprunner.com,False,0,0,False
US,4413,bpigagtm.com,False,0,0,False
US,4415,spaceship.com,False,0,0,False
US,4418,mcusercontent.com,False,0,0,False
US,4419,directadmin.com,False,0,0,True
US,4420,alphadnszone.com,False,0,0,False
US,4423,huaweicloud-dns.com,False,0,0,False
US,4424,beyondtrustcloud.com,False,0,0,False
US,4428,ew.com,False,0,0,False
US,4429,belkin.com,True,4,2,True
US,4430,crypto.com,False,1,1,True
US,4432,lxdns.com,False,0,0,False
US,4435,zmaticoo.com,False,0,0,True
US,4436,revolve.com,False,0,0,True
US,4437,mercadopago.com,False,1,0,True
US,4438,echostarcdn.com,False,0,0,False
US,4439,paylocity.com,False,0,0,True
US,4440,cargurus.com,False,1,0,True
US,4441,homestead.com,False,0,0,False
US,4442,ngxcld.com,False,0,0,False
US,4443,bible.com,False,0,0,True
US,4447,alltrails.com,False,2,0,True
US,4450,nbcuott.com,False,0,0,False
US,4454,answers.com,False,0,0,True
US,4457,code42.com,False,0,0,True
US,4458,terabox.com,False,0,0,True
US,4459,howtogeek.com,False,0,0,True
US,4461,kadencewp.com,False,2,0,True
US,4463,krushmedia.com,False,0,0,True
US,4464,domainnamedns.com,False,0,0,False
US,4465,meteoblue.com,False,0,0,True
US,4468,tplinkra.com,False,0,0,False
US,4469,rediff.com,False,0,0,True
US,4470,browsiprod.com,False,0,0,False
US,4473,viglink.com,False,0,0,True
US,4474,alipayobjects.com,False,0,0,False
US,4477,chinaz.com,False,0,0,True
US,4479,barracudanetworks.com,False,0,0,True
US,4480,wampserver.com,False,0,0,False
US,4481,namepros.com,False,0,0,False
US,4483,kaggle.com,False,0,0,True
US,4484,sway.com,False,0,0,True
US,4485,hashicorp.com,False,0,0,False
US,4490,msdn.com,False,0,0,True
US,4491,fitbit.com,False,0,0,True
US,4492,aliexpress.us,False,0,0,True
US,4494,victoriassecret.com,False,0,0,False
US,4495,ttcdn-us.com,False,0,0,False
US,4498,ettdnsv.com,False,0,0,False
US,4499,coxautoinc.com,False,0,1,True
US,4501,tanium.com,False,0,0,True
US,4506,allawntech.com,False,0,0,True
US,4507,talkie-ai.com,False,0,0,True
US,4508,kobo.com,False,0,0,False
US,4511,justwatch.com,False,2,0,True
US,4513,fujitsu.com,False,0,0,False
US,4514,principal.com,False,0,0,True
US,4515,p-cdn.com,False,0,0,False
US,4519,aliyuncsslb.com,False,0,0,False
US,4520,etrade.com,False,0,2,True
US,4522,seagate.com,False,3,0,True
US,4523,guardingvision.com,False,0,0,True
US,4524,azure.us,False,0,0,False
US,4527,actionverb.com,False,0,2,True
US,4529,dyn.com,False,0,0,True
US,4531,mac.com,False,2,0,True
US,4532,newegg.com,False,3,0,True
US,4537,latamairlines.com,False,0,0,True
US,4542,uadns.com,False,1,0,True
US,4544,zomato.com,False,0,0,True
US,4545,kwimgs.com,False,0,0,True
US,4546,futbin.com,False,0,0,False
US,4549,activision.com,False,0,0,True
US,4551,qcloudcdn.com,False,0,0,False
US,4553,joom.com,False,0,0,True
US,4555,gr.com,False,0,0,False
US,4556,verywellmind.com,False,0,0,False
US,4557,jobstreet.com,False,0,0,False
US,4558,uniview.com,False,0,0,True
US,4559,zoominfo.com,False,0,2,True
US,4560,foxsports.com,False,1,0,True
US,4563,cognitivlabs.com,False,0,0,False
US,4568,amplify.com,False,0,0,True
US,4569,hga050.com,False,0,0,False
US,4570,popsci.com,False,0,0,True
US,4572,pearson.com,False,0,0,True
US,4574,appiersig.com,False,0,0,False
US,4575,picsart.com,False,0,0,True
US,4576,mobolize.com,False,0,0,True
US,4578,mooo.com,False,0,0,False
US,4579,searchenginejournal.com,False,0,0,True
US,4580,preply.com,False,1,0,True
US,4585,htsc.com,False,0,0,True
US,4588,kayak.com,False,1,0,True
US,4591,newgrounds.com,False,0,0,False
US,4593,feednews.com,False,0,0,True
US,4595,ahcdn.com,False,0,0,True
US,4598,statsig.com,False,0,0,True
US,4600,freelancer.com,False,0,0,True
US,4603,soax.com,False,1,0,True
US,4605,southernliving.com,False,0,0,False
US,4609,oppo.com,False,0,0,True
US,4610,huya.com,False,0,0,True
US,4612,attdns.com,False,0,0,False
US,4613,config-security.com,False,0,0,False
US,4614,pbase.com,False,0,0,True
US,4616,chapturist.com,False,0,0,False
US,4620,hookspf.com,False,0,0,False
US,4622,dns-tm.com,False,0,0,False
US,4626,warthunder.com,False,0,0,True
US,4627,protectmyapp.com,False,0,0,True
US,4629,thetrainline.com,False,3,0,True
US,4632,ndcpp.com,False,0,0,False
US,4633,remotepc.com,False,0,0,True
US,4635,queniukw.com,False,0,0,False
US,4636,rentalcars.com,False,1,0,True
US,4637,espncricinfo.com,False,0,0,True
US,4638,fcomet.com,False,0,0,False
US,4639,adsurge.com,False,0,0,True
US,4640,livestream.com,False,1,0,True
US,4642,aaa.com,False,0,0,True
US,4643,proof-dns.com,False,0,0,False
US,4644,netgate.com,False,0,0,True
US,4645,queniusy.com,False,0,0,False
US,4646,speedtestcustom.com,False,0,1,True
US,4651,tlivecdn.com,False,0,0,False
US,4653,xhscdn.com,False,0,0,False
US,4656,zappos.com,False,1,0,True
US,4660,byte008.com,False,0,0,False
US,4661,anticheatexpert.com,False,0,0,True
US,4662,barrons.com,False,0,0,False
US,4663,salesmartly.com,False,0,0,True
US,4664,ntp-fireos.com,False,0,0,False
US,4665,kakaku.com,False,0,0,True
US,4666,cloudflare-gateway.com,False,0,0,False
US,4667,ov1o.com,False,0,0,False
US,4670,dutils.com,False,0,0,True
US,4672,dhgate.com,False,0,0,True
US,4673,redditspace.com,False,0,0,False
US,4674,txlivecdn.com,False,0,0,False
US,4675,ecombdapi.com,False,0,0,False
US,4678,onamae.com,False,0,0,False
US,4679,impact.com,False,0,0,True
US,4682,icio.us,False,0,0,False
US,4686,foreignpolicy.com,False,0,0,True
US,4693,photofolio.com,False,0,1,True
US,4694,xda-developers.com,False,0,0,True
US,4695,pipopay.com,False,0,0,False
US,4696,shb-sync.com,False,0,0,True
US,4698,parade.com,False,0,0,False
US,4700,tomsguide.com,False,0,0,True
US,4701,reolink.com,False,3,1,True
US,4702,neilpatel.com,False,0,0,False
US,4705,brother.com,True,3,0,True
US,4708,myqnapcloud.com,False,0,0,True
US,4711,bytegecko.com,False,0,0,False
US,4713,musescore.com,False,0,0,False
US,4714,zohopublic.com,False,0,0,True
US,4718,zee5.com,False,1,0,True
US,4719,expressvpn.com,False,0,0,True
US,4720,exacttarget.com,False,0,1,True
US,4722,zuimeitianqi.com,False,0,0,True
US,4723,whitepages.com,False,1,1,True
US,4726,cnblogs.com,False,0,0,True
US,4728,infolinks.com,False,0,0,True
US,4732,ecwid.com,False,1,0,True
US,4733,eatingwell.com,False,0,0,False
US,4734,reverbnation.com,False,1,0,True
US,4737,boredpanda.com,False,0,0,False
US,4738,ndmdhs.com,False,0,0,False
US,4740,hyprmx.com,False,0,0,True
US,4743,ivideon.com,False,0,0,True
US,4744,collider.com,False,0,0,True
US,4747,getgo.com,False,0,0,False
US,4749,eitaa.com,False,0,0,True
US,4751,casio.com,False,0,0,False
US,4752,tclking.com,False,0,0,True
US,4754,wondershare.com,False,0,0,True
US,4755,samsunghrm.com,False,0,0,True
US,4756,adtng.com,False,0,0,False
US,4758,boxofficemojo.com,False,0,0,True
US,4760,parentsquare.com,False,0,0,True
US,4761,dyndns.com,False,1,0,True
US,4765,wowhead.com,False,0,0,True
US,4766,patch.com,False,0,0,True
US,4767,wal-mart.com,False,3,0,True
US,4774,cambiumtds.com,False,0,0,False
US,4776,glbimg.com,False,0,0,False
US,4777,spacex.com,False,0,0,True
US,4781,nespresso.com,True,5,1,True
US,4782,lycos.com,False,0,0,True
US,4787,trulia.com,False,0,0,True
US,4790,eagllwin.com,False,0,0,True
US,4791,onlamp.com,False,0,0,True
US,4792,band.us,False,0,0,True
US,4793,dialmyapp.com,False,0,0,True
US,4797,johnlewis.com,False,2,3,True
US,4799,360qhcdn.com,False,0,0,False
US,4800,hatenablog.com,False,0,0,True
US,4801,ulta.com,True,2,1,True
US,4803,desync.com,False,0,0,True
US,4806,channel4.com,False,1,0,True
US,4809,liquidweb.com,False,2,0,True
US,4810,mosyle.com,False,0,0,True
US,4813,youversionapi.com,False,0,0,False
US,4814,draftkings.com,False,1,0,True
US,4817,freshworks.com,False,0,0,False
US,4819,appdome.com,False,0,2,True
US,4821,popularmechanics.com,False,0,1,True
US,4822,eufylife.com,True,1,1,True
US,4824,bittorrent.com,True,1,2,True
US,4827,webengage.com,False,0,0,True
US,4830,bilivideo.com,False,0,0,False
US,4831,ultradns2.com,False,0,0,False
US,4832,atlasobscura.com,False,0,0,False
US,4833,fastecn.com,False,0,0,False
US,4834,amspbs.com,False,0,0,True
US,4835,b2clogin.com,False,0,0,False
US,4837,dtscdn.com,False,0,0,False
US,4839,tinkercad.com,False,0,0,True
US,4840,dtvce.com,False,0,0,False
US,4841,bluestacks.com,False,0,2,True
US,4844,nerdwallet.com,False,0,0,True
US,4846,youdao.com,False,1,0,True
US,4848,adweek.com,False,1,0,True
US,4850,zoneedit.com,False,1,0,True
US,4851,bankrate.com,False,0,0,True
US,4853,schoology.com,False,0,0,True
US,4855,worldtimeserver.com,False,1,0,True
US,4856,omniroot.com,False,0,0,False
US,4857,blinkit.com,False,0,0,False
US,4859,theknot.com,False,0,0,True
US,4860,dickssportinggoods.com,False,0,0,False
US,4861,marksandspencer.com,False,2,2,True
US,4863,thejeu.com,False,0,0,False
US,4866,realme.com,False,0,0,True
US,4867,kroger.com,False,0,0,False
US,4868,janusaent.com,False,0,0,True
US,4869,nifty.com,False,0,0,True
US,4872,blackrock.com,False,1,1,True
US,4874,apartments.com,False,0,0,False
US,4875,sndcdn.com,False,1,0,True
US,4876,youboranqs01.com,False,0,0,False
US,4880,hgtv.com,False,1,0,True
US,4883,abc.com,False,0,0,True
US,4884,cbslocal.com,False,1,0,True
US,4885,magnite.com,False,0,0,True
US,4887,dolynkcloud.com,False,0,0,False
US,4888,infobip.com,False,0,0,True
US,4892,tunein.com,False,1,0,True
US,4893,apptentive.com,False,0,0,False
US,4894,peatix.com,False,0,0,True
US,4896,progressive.com,False,0,0,True
US,4897,tdatamaster.com,False,0,0,False
US,4898,honeygain.com,False,1,0,True
US,4901,tabletcaptiveportal.com,False,0,0,False
US,4903,anker-in.com,False,0,0,True
US,4905,dayforcehcm.com,False,0,0,True
US,4906,thestreet.com,False,0,0,False
US,4907,9mod.com,False,0,0,False
US,4909,msnbc.com,True,1,1,True
US,4911,youngjoygame.com,False,0,0,False
US,4916,campaign-archive.com,False,0,0,False
US,4919,zyxel.com,False,0,0,True
US,4920,blackspider.com,False,0,0,False
US,4921,ladbrokes.com,False,0,0,True
US,4922,alamy.com,False,0,0,True
US,4923,edmunds.com,False,0,0,False
US,4924,sephora.com,False,2,0,True
US,4925,qualys.com,False,0,0,True
US,4926,rnote.com,False,0,0,False
US,4928,manualslib.com,False,0,0,False
US,4929,buildkite.com,False,1,0,True
US,4932,mtv.com,False,0,0,True
US,4933,myportfolio.com,False,0,0,True
US,4934,blackboard.com,False,0,0,True
US,4938,shopee.com,False,0,0,True
US,4939,glance.com,False,0,2,True
US,4941,3ds.com,False,0,0,True
US,4946,wsimg.com,False,0,0,False
US,4947,flowgpt.com,False,0,0,False
US,4949,pardot.com,False,0,1,True
US,4951,boyuanhulian.com,False,0,0,True
US,4952,delish.com,False,0,1,True
US,4953,acast.com,False,0,0,True
US,4955,zohocdn.com,False,0,0,False
US,4960,appnext.com,False,0,0,True
US,4963,bleepingcomputer.com,False,0,0,True
US,4967,jivox.com,False,2,0,True
US,4968,rm358.com,False,0,0,True
US,4969,sellvir.com,False,1,0,True
US,4971,crazymaplestudios.com,False,0,0,True
US,4972,coveo.com,False,0,0,True
US,4973,prweb.com,False,0,0,True
US,4975,pushd.com,False,3,1,True
US,4977,canon.com,False,0,0,True
US,4978,youradchoices.com,False,0,0,False
US,4980,midjourney.com,False,0,0,False
US,4982,motorola.com,True,3,1,True
US,4983,tubemogul.com,False,0,0,True
US,4985,homes.com,False,0,0,False
US,4987,simply.com,False,0,0,True
US,4988,lufthansa.com,False,0,0,False
US,4989,king.com,False,0,0,True
US,4991,channelnewsasia.com,False,0,0,True
US,4992,clover.com,False,0,0,True
US,4999,nizixun.com,False,0,0,False
US,5004,2miners.com,False,0,1,True
US,5007,businessweek.com,False,0,0,False
US,5009,bvfcdn.com,False,0,0,False
US,5010,codeforces.com,False,0,0,False
US,5016,weixinbridge.com,False,0,0,False
US,5018,sooplive.com,False,0,0,True
US,5019,meli.com,False,0,0,True
US,5021,byteeffecttos-g.com,False,0,0,False
US,5022,supabase.com,False,0,1,True
US,5023,queniuum.com,False,0,0,False
US,5024,vix.com,False,0,0,True
US,5029,biblehub.com,False,0,0,True
US,5031,goooooooooooooooooooooooooooooooooooooooooooooooooooooooooogle.com,False,0,0,False
US,5032,harpersbazaar.com,False,2,1,True
US,5033,project-limelight.com,False,0,0,False
US,5034,theweathernetwork.com,False,0,0,True
US,5035,hotornot.com,False,0,0,True
US,5038,aoneroom.com,False,0,0,False
US,5039,ixbt.com,False,0,0,True
US,5043,rogers.com,False,0,0,True
US,5044,qzwxrtyk.com,False,0,0,False
US,5045,nominaltechno.com,False,0,0,False
US,5046,counterpane.com,False,0,0,False
US,5047,lyft.com,False,0,0,True
US,5049,dynadot.com,False,3,0,True
US,5050,emirates.com,False,0,0,False
US,5052,heytapdownload.com,False,0,0,False
US,5053,wizzair.com,False,0,0,False
US,5054,zazzle.com,False,4,0,True
US,5057,dan.com,False,0,0,True
US,5058,softpedia.com,False,0,0,False
US,5059,nameshift.com,False,1,0,True
US,5062,acehardware.com,False,0,0,False
US,5063,freshchat.com,False,0,0,False
US,5064,tinypass.com,False,0,0,True
US,5065,upcloudlb.com,False,0,0,False
US,5066,zstaticcdn.com,False,0,0,True
US,5069,kxcdn.com,False,0,0,False
US,5070,washingtontimes.com,False,3,0,True
US,5071,dynu.com,False,0,0,True
US,5072,jcpenney.com,True,4,1,True
US,5073,rednotecdn.com,False,0,0,False
US,5075,youm7.com,False,0,0,True
US,5076,wolfram.com,False,0,0,True
US,5078,gamestop.com,False,0,0,False
US,5079,mango.com,False,0,0,False
US,5080,fastcgi.com,False,0,0,False
US,5084,alexa.com,False,0,0,True
US,5085,gdfsnt.com,False,0,0,False
US,5086,qvc.com,False,3,0,True
US,5089,rsasecurity.com,False,0,0,False
US,5090,invisalign.com,False,0,0,True
US,5091,moovitapp.com,False,0,0,True
US,5092,deccanherald.com,False,0,0,True
US,5094,gdflpr.com,False,0,0,False
US,5095,turbify.com,False,0,0,True
US,5096,michelin.com,False,0,1,True
US,5099,drugs.com,False,0,0,True
US,5100,qunar.com,False,0,0,True
US,5101,larksuite.com,False,0,0,True
US,5103,expiredwixdomain.com,False,0,0,False
US,5104,vizio.com,True,1,1,True
US,5105,test.com,False,0,0,False
US,5106,hostmonster.com,False,0,0,False
US,5108,roche.com,False,0,0,True
US,5109,vultr.com,False,0,0,False
US,5110,makerworld.com,False,0,0,False
US,5113,acer.com,False,0,0,True
US,5114,fieldlabeling.com,False,0,0,True
US,5115,tranplanet.com,False,0,0,False
US,5116,serverwatch.com,False,0,0,True
US,5117,bricklink.com,False,1,0,True
US,5120,tailwindcss.com,False,0,0,True
US,5122,bw9iawxl.com,False,0,0,False
US,5123,aboutamazon.com,False,0,0,True
US,5129,aramco.com,False,0,0,True
US,5132,webtoons.com,False,0,0,True
US,5134,gq.com,False,0,0,True
US,5136,detailroi.com,False,0,0,False
US,5139,mediamelon.com,False,0,0,True
US,5141,stripecdn.com,True,1,1,True
US,5143,goodrx.com,False,0,1,True
US,5144,aptrinsic.com,False,0,0,True
US,5149,tritondigital.com,False,0,1,True
US,5152,pressreader.com,False,0,0,True
US,5154,pingone.com,False,0,0,False
US,5157,coupangcdn.com,False,0,0,False
US,5158,ora.com,False,1,0,True
US,5160,changeip.com,False,1,0,True
US,5162,ilsole24ore.com,False,0,0,True
US,5167,espressif.com,False,0,0,True
US,5168,lilly.com,False,0,0,False
US,5169,sbixby.com,False,0,0,False
US,5172,yolasite.com,False,0,0,False
US,5173,kotaku.com,False,0,0,True
US,5174,azurerms.com,False,0,0,False
US,5181,siteground.us,False,0,0,False
US,5183,yougov.com,False,1,0,True
US,5184,iii.com,False,0,0,True
US,5188,louisvuitton.com,False,1,0,True
US,5189,jbl.com,False,0,0,False
US,5190,infogram.com,False,0,0,True
US,5192,hindawi.com,False,0,0,False
US,5193,br.com,False,1,0,True
US,5196,eltiempo.com,False,2,0,True
US,5198,paddypower.com,False,0,0,False
US,5202,nordstrom.com,False,0,0,True
US,5204,bill.com,False,0,0,True
US,5207,beeg.com,False,0,0,True
US,5211,algolianet.com,False,0,0,True
US,5215,telus.com,False,0,0,False
US,5218,chinatimes.com,False,1,0,True
US,5219,nhl.com,False,0,0,True
US,5222,skool.com,False,0,0,True
US,5223,forrester.com,False,1,0,True
US,5226,dssedge.com,False,0,0,False
US,5227,monster.com,False,0,0,False
US,5236,adlightning.com,False,0,0,True
US,5238,idnscloud.com,False,0,0,False
US,5243,icq.com,False,0,0,True
US,5245,adguard-dns.com,False,1,0,True
US,5246,pdflib.com,False,0,0,True
US,5247,stretchoid.com,False,0,0,True
US,5254,chinanetcenter.com,False,0,0,False
US,5259,byteintlapi.com,False,0,0,False
US,5267,brdtnet.com,False,0,0,False
US,5268,outlookindia.com,False,0,0,True
US,5269,ddnsfree.com,False,0,0,False
US,5270,usaa.com,False,0,0,True
US,5272,byd.com,False,0,0,True
US,5273,xhchannel.com,False,0,0,True
US,5275,joinhoney.com,False,1,0,True
US,5276,kozow.com,False,0,0,False
US,5278,devicetask.com,False,0,0,False
US,5279,knowyourmeme.com,False,0,0,True
US,5286,saasprotection.com,False,0,0,False
US,5287,cybertrust.com,False,0,0,False
US,5289,hostingersite.com,False,0,0,False
US,5290,gta5-mods.com,False,0,0,True
US,5291,everydayhealth.com,False,0,1,True
US,5292,depositphotos.com,False,1,0,True
US,5293,tinder.com,False,1,0,True
US,5294,remitly.com,False,0,1,True
US,5297,ionos.com,False,3,0,True
US,5298,dominos.com,False,1,0,True
US,5300,cloudflareportal.com,False,0,0,False
US,5303,stadtgame.com,False,1,0,True
US,5304,revolut.com,False,0,0,False
US,5306,imageshack.com,False,0,0,True
US,5307,techrepublic.com,False,1,0,True
US,5309,thebalancemoney.com,False,0,0,False
US,5311,skylinewebcams.com,False,0,0,True
US,5313,tractorsupply.com,False,1,1,True
US,5315,grab.com,False,0,0,True
US,5317,kwai-pay.com,False,0,0,True
US,5318,cbsivideo.com,False,0,0,False
US,5320,aiscore.com,False,0,0,False
US,5322,csmonitor.com,False,0,0,True
US,5326,framer.com,False,1,0,True
US,5327,komect.com,False,0,0,True
US,5328,miamiherald.com,False,0,0,True
US,5330,vcmdiawe.com,False,0,0,True
US,5332,globalvisionad.com,False,0,0,True
US,5335,wallapop.com,False,1,0,True
US,5337,queniuuf.com,False,0,0,False
US,5339,planetminecraft.com,False,0,0,False
US,5340,powerschool.com,False,0,0,True
US,5341,kugou.com,False,0,0,True
US,5342,laravel-news.com,False,0,0,True
US,5343,demonii.com,False,0,0,True
US,5344,uservoice.com,False,0,1,True
US,5345,rylkngdm.com,False,0,0,True
US,5346,overleaf.com,False,0,0,True
US,5348,mercurynews.com,False,3,0,True
US,5350,ibispaint.com,False,0,0,True
US,5353,qodeinteractive.com,False,1,0,True
US,5355,filmaffinity.com,False,0,0,False
US,5356,stake.com,False,0,0,False
US,5357,apicgate.com,False,0,0,False
US,5358,blooket.com,False,0,0,False
US,5359,classdojo.com,False,0,0,True
US,5363,capcutvod.com,False,0,0,False
US,5366,dndbeyond.com,False,0,1,True
US,5367,illusionblack.com,False,0,0,False
US,5368,ssiloc.com,False,0,0,False
US,5370,g2a.com,False,0,0,False
US,5375,gulfnews.com,False,1,0,True
US,5378,webthing.com,False,0,0,False
US,5380,rainbird.com,False,0,0,True
US,5381,dallasnews.com,False,2,0,True
US,5382,minecraftservices.com,False,0,0,False
US,5384,baomoi.com,False,0,0,True
US,5388,maxpreps.com,False,1,0,True
US,5389,unifi-ai.com,False,0,0,False
US,5391,lothar.com,False,0,0,True
US,5392,kwaicdn.com,False,0,0,False
US,5393,cointelegraph.com,False,0,0,True
US,5395,travelandleisure.com,False,0,0,False
US,5396,upi.com,False,0,0,False
US,5398,alibaba-inc.com,False,0,0,True
US,5400,swiftkey.com,False,1,1,True
US,5401,breitbart.com,False,0,0,True
US,5403,respawn.com,False,0,0,True
US,5404,experian.com,False,0,0,True
US,5406,almasryalyoum.com,False,0,0,True
US,5407,alldatasheet.com,False,0,0,False
US,5409,audiomack.com,False,1,0,True
US,5412,emarketer.com,False,0,0,False
US,5413,ptsecurity.com,False,0,0,False
US,5415,cricketwireless.com,True,2,1,True
US,5416,dropz-k.com,False,0,0,False
US,5418,gamerant.com,False,0,0,True
US,5419,freeipapi.com,False,0,0,True
US,5423,free-reels.com,False,0,0,True
US,5425,sina.com,False,2,0,True
US,5427,meraki-sdavc-saas.com,False,0,0,False
US,5428,eyeo.com,False,0,0,True
US,5430,benzinga.com,False,0,0,False
US,5431,smule.com,False,0,0,True
US,5432,wallpapers.com,False,3,0,True
US,5436,cdnhwcuim119.com,False,0,0,False
US,5437,makeuseof.com,False,0,0,True
US,5438,cbr.com,False,0,0,True
US,5440,sberbank-tele.com,False,1,3,True
US,5444,betano.com,False,0,0,False
US,5445,ovh.us,False,1,0,True
US,5448,linkvertise.com,False,0,0,True
US,5449,mydlink.com,False,0,0,True
US,5451,myworkday.com,False,0,0,True
US,5452,xxxbule.com,False,0,0,True
US,5453,gaijinent.com,False,0,0,True
US,5454,activemetering.com,False,0,0,False
US,5456,menards.com,False,1,0,True
US,5462,felenasoft.com,False,0,0,True
US,5464,myheritage.com,False,1,0,True
US,5465,fabulous.com,False,2,0,True
US,5470,golux.com,False,0,0,False
US,5471,zerocdn.com,False,0,0,True
US,5473,firebaseapp.com,False,0,1,True
US,5475,arkoselabs.com,False,1,1,True
US,5477,thinkwithgoogle.com,False,0,0,True
US,5478,gotomeeting.com,False,0,0,True
US,5482,desmos.com,False,0,0,True
US,5485,digitalcaramel.com,False,0,0,False
US,5489,filesusr.com,False,0,0,False
US,5490,atptour.com,False,0,0,False
US,5491,prodigygame.com,False,0,0,True
US,5492,fansly.com,False,0,0,True
US,5495,overdrive.com,False,0,0,True
US,5496,yndx-cdn.com,False,0,0,False
US,5497,ck-ie.com,False,0,0,False
US,5500,transfermarkt.com,False,0,0,True
US,5501,boeing.com,False,0,0,True
US,5502,athemes.com,False,2,0,True
US,5504,apkmirror.com,False,0,0,True
US,5505,tinypic.com,False,0,0,False
US,5508,emxdgt.com,False,0,0,True
US,5509,royalmail.com,False,0,0,True
US,5510,gigya.com,False,0,0,False
US,5511,luma.com,False,0,0,True
US,5513,brivo.com,False,0,0,True
US,5515,chinanews.com,False,0,0,True
US,5519,frdmhere.com,False,0,0,False
US,5520,milanuncios.com,False,0,0,True
US,5522,bytegslb.com,False,0,0,False
US,5523,facebook-hardware.com,False,0,0,False
US,5528,thermofisher.com,False,3,0,True
US,5529,metal-archives.com,False,0,0,False
US,5531,braintreegateway.com,False,0,0,True
US,5532,surriel.com,False,0,0,False
US,5536,ravelry.com,False,0,0,True
US,5537,flexport.com,False,0,0,True
US,5538,tistory.com,False,0,0,True
US,5540,splunk.com,False,0,0,True
US,5541,ono.com,False,0,0,False
US,5542,evgnet.com,False,0,0,False
US,5544,ebscohost.com,False,0,0,True
US,5545,imunify360.com,False,0,0,False
US,5549,volcmcdn3.com,False,0,0,False
US,5550,barracuda.com,False,0,0,True
US,5554,oktacdn.com,False,0,0,False
US,5555,raspberrypi.com,False,0,0,False
US,5556,hrzn-nxt.com,False,0,0,False
US,5557,finviz.com,False,0,0,True
US,5559,linternaute.com,False,1,0,True
US,5561,8x8.com,False,0,0,False
US,5562,outboundproxy.com,False,0,0,False
US,5563,avid.com,False,0,0,False
US,5564,bleacherreport.com,False,1,0,True
US,5565,kustomerapp.com,False,0,0,True
US,5566,nbcsports.com,False,2,0,True
US,5568,justgiving.com,False,0,0,True
US,5572,yango.com,False,1,0,True
US,5573,9to5mac.com,False,0,0,True
US,5576,tribunnews.com,False,0,0,False
US,5578,255md.com,False,0,0,True
US,5580,tradeinn.com,False,4,0,True
US,5582,swarovski.com,False,3,0,True
US,5584,telkomsel.com,False,0,0,True
US,5586,royalcaribbean.com,False,0,2,True
US,5588,lexisnexis.com,False,0,0,True
US,5590,localytics.com,False,0,0,True
US,5591,squarespace-cdn.com,False,0,0,False
US,5592,polygon.com,False,0,0,True
US,5593,travelaudience.com,False,0,0,True
US,5594,startribune.com,False,0,0,False
US,5596,sputniknews.com,False,0,0,False
US,5597,caranddriver.com,False,0,1,True
US,5598,cdnhwc6.com,False,0,0,False
US,5600,betterhelp.com,False,0,0,True
US,5603,iplanet.com,False,0,0,False
US,5604,lulu.com,False,3,1,True
US,5605,gslbjpmchase.com,False,0,0,False
US,5606,decodo.com,False,0,2,True
US,5607,360.com,False,0,1,True
US,5610,oath.com,False,0,0,True
US,5611,hankyung.com,False,0,0,True
US,5614,skechers.com,True,3,4,True
US,5618,logicmonitor.com,False,1,1,True
US,5619,yeastar.com,False,0,0,True
US,5620,atera.com,False,0,0,False
US,5621,goto.com,False,0,0,True
US,5622,sciencealert.com,False,0,0,True
US,5624,survicate.com,False,0,0,True
US,5625,nj.com,False,0,0,False
US,5626,orbitz.com,False,0,0,False
US,5628,ria.com,False,0,0,False
US,5629,mypurecloud.com,False,0,1,True
US,5634,sankei.com,False,1,0,True
US,5637,n11.com,False,0,0,False
US,5641,ibosscloud.com,False,0,0,True
US,5643,kucoin.com,False,0,0,True
US,5644,3m.com,False,0,0,True
US,5646,media6degrees.com,False,0,0,True
US,5647,emerald.com,False,0,0,False
US,5648,baseball-reference.com,False,0,0,False
US,5649,digikey.com,False,0,0,False
US,5651,fhvfd.com,False,0,0,True
US,5654,neverssl.com,False,0,0,True
US,5655,securly.com,False,0,0,True
US,5656,withbuddies.com,False,0,0,True
US,5658,tradedoubler.com,False,1,0,True
US,5659,hubpages.com,False,0,0,False
US,5660,jpmorgan.com,False,0,0,True
US,5662,corel.com,False,0,0,True
US,5663,cam4.com,False,1,0,True
US,5664,tildacdn.com,False,0,0,True
US,5668,xxx.com,False,0,0,True
US,5669,wolframalpha.com,False,0,0,True
US,5670,marthastewart.com,False,0,0,False
US,5671,capcutstatic.com,False,0,0,False
US,5674,qvdt3feo.com,False,0,0,True
US,5677,abplive.com,False,1,0,True
US,5680,sinsay.com,False,0,0,True
US,5682,financialcontent.com,False,0,0,True
US,5684,vistaprint.com,False,2,0,True
US,5685,nationalpost.com,False,2,0,True
US,5686,falabella.com,False,3,0,True
US,5690,cudaops.com,False,0,0,False
US,5691,cengage.com,False,3,0,True
US,5692,cdnhwctnm107.com,False,0,0,False
US,5694,aircanada.com,False,0,0,True
US,5698,1cfresh.com,False,0,0,True
US,5699,bustle.com,False,0,0,True
US,5703,sweetwater.com,False,0,0,False
US,5704,smashingmagazine.com,False,0,0,True
US,5707,imagemagick.com,False,0,0,False
US,5708,codeplex.com,False,1,1,True
US,5709,tomtom.com,False,0,0,True
US,5711,faipod.com,False,0,0,False
US,5712,qobuz.com,False,0,0,True
US,5716,obihai.com,False,0,0,False
US,5721,harborfreight.com,False,0,0,False
US,5723,architecturaldigest.com,False,0,0,True
US,5726,konami.com,False,0,0,True
US,5728,cctld.us,False,0,0,False
US,5729,onthemarket.com,False,0,1,True
US,5731,bidderstack.com,False,0,0,False
US,5733,real.com,False,0,0,True
US,5734,tripledotapi.com,False,0,0,False
US,5736,china.com,False,0,0,True
US,5737,ziprecruiter.com,False,0,0,True
US,5738,codecademy.com,False,0,0,True
US,5743,jagex.com,False,0,0,True
US,5744,prokerala.com,False,0,0,True
US,5746,melolostatic.com,False,0,0,False
US,5747,thespruce.com,False,0,0,False
US,5748,groupon.com,False,0,0,False
US,5752,citigroup.com,False,0,0,True
US,5753,barchart.com,False,0,0,True
US,5754,verkada-lan.com,False,0,0,False
US,5756,byspotify.com,False,0,0,False
US,5757,degruyter.com,False,1,0,True
US,5758,trueconf.com,False,0,2,True
US,5762,vfsglobal.com,False,0,0,True
US,5764,geocaching.com,False,0,0,True
US,5766,namasha.com,False,0,0,True
US,5767,jennymovies.com,False,0,0,True
US,5768,blacknight.com,False,2,0,True
US,5776,angi.com,False,0,0,False
US,5777,theepochtimes.com,False,1,0,True
US,5779,radissonhotels.com,False,0,0,False
US,5781,adobesc.com,False,0,0,False
US,5787,zopim.com,False,0,2,True
US,5791,besoccer.com,False,0,0,True
US,5793,thinkific.com,False,0,0,False
US,5795,xgroovy.com,False,1,0,True
US,5799,ddsmain.com,False,0,0,True
US,5800,sendgrid.com,False,0,0,True
US,5802,capgemini.com,False,0,0,True
US,5804,championat.com,False,0,0,True
US,5805,fuximain.com,False,0,0,False
US,5806,takealot.com,False,0,0,False
US,5807,letras.com,False,0,1,True
US,5808,yaplakal.com,False,0,0,False
US,5809,afterpay.com,False,1,0,True
US,5810,gs.com,False,0,0,True
US,5813,sohu01.com,False,0,0,False
US,5814,jiosaavn.com,False,0,0,True
US,5815,samsara.com,False,0,1,True
US,5824,carmax.com,False,0,0,True
US,5827,eonline.com,False,0,0,True
US,5828,beehiiv.com,False,0,2,True
US,5829,cbs.com,False,1,0,True
US,5830,queniurc.com,False,0,0,False
US,5833,apachetoday.com,False,0,0,True
US,5834,dianping.com,False,0,0,True
US,5837,pcgamer.com,False,1,0,True
US,5838,okjds8z.com,False,0,0,False
US,5842,streamable.com,False,0,0,True
US,5845,haberturk.com,False,1,0,True
US,5846,wyndhamhotels.com,False,1,0,True
US,5848,movieweb.com,False,0,0,True
US,5850,xlgmedia.com,False,0,0,True
US,5851,jivosite.com,False,0,0,True
US,5852,leavenworth-net.com,False,0,0,True
US,5853,thriftbooks.com,False,0,0,True
US,5856,i-ready.com,False,0,0,True
US,5859,vidio.com,False,1,0,True
US,5860,rylmtch.com,False,0,0,True
US,5861,idc.com,False,0,0,True
US,5863,bmwgroup.com,False,0,0,True
US,5864,depop.com,False,0,0,False
US,5866,onepeloton.com,False,2,0,True
US,5867,pagesix.com,False,0,0,True
US,5868,ibtimes.com,False,0,0,True
US,5872,igvita.com,False,0,1,True
US,5873,pantip.com,False,1,0,True
US,5875,flippingbook.com,False,0,0,True
US,5876,capterra.com,False,0,0,False
US,5877,tenjin.com,False,0,0,True
US,5879,govdelivery.com,False,0,0,True
US,5882,playtika.com,False,0,0,True
US,5883,serverbid.com,False,0,0,False
US,5884,workday.com,False,0,0,True
US,5886,micpn.com,False,0,0,True
US,5888,bhphotovideo.com,False,0,0,False
US,5892,ghanaweb.com,False,1,0,True
US,5894,cesuyun.com,False,0,0,False
US,5895,pixeldrain.com,False,1,0,True
US,5896,itunes.com,False,1,0,True
US,5900,namemc.com,False,0,0,False
US,5902,guinnessworldrecords.com,False,2,0,True
US,5903,itglue.com,False,0,0,True
US,5905,lululemon.com,False,0,0,False
US,5906,haaretz.com,False,0,0,True
US,5908,hoyolab.com,False,0,0,True
US,5913,pornhat.com,False,1,0,True
US,5914,xunlei.com,False,0,1,True
US,5915,getdropbox.com,True,1,2,True
US,5917,orange.com,False,0,0,True
US,5918,5egytucuw.com,False,0,0,False
US,5921,dcloudlive.com,False,0,0,False
US,5927,substackcdn.com,False,0,0,False
US,5930,getpostman.com,False,1,0,True
US,5931,queniuso.com,False,0,0,False
US,5932,this-domain-for-sale.com,False,0,0,False
US,5934,rtactivate.com,False,0,0,False
US,5936,glosbe.com,False,0,0,True
US,5939,darknessporn.com,False,0,0,False
US,5941,fandango.com,False,1,0,True
US,5944,huaweicloud.com,False,1,1,True
US,5945,empik.com,False,1,1,True
US,5947,web.com,False,0,0,False
US,5949,gelbooru.com,False,0,0,True
US,5950,braze-images.com,False,0,0,False
US,5951,53.com,False,0,2,True
US,5953,autotrader.com,False,0,0,True
US,5955,liebertpub.com,False,0,0,False
US,5957,tnt-ea.com,False,0,0,False
US,5959,reference.com,False,0,0,True
US,5960,trustedshops.com,False,0,0,True
US,5961,hostedrmm.com,False,0,0,False
US,5962,basf.com,False,0,0,True
US,5965,turnitin.com,False,0,0,False
US,5966,webstaurantstore.com,True,4,1,True
US,5967,sporcle.com,False,0,0,False
US,5972,hexun.com,False,0,0,True
US,5975,stabletransit.com,False,0,0,False
US,5978,ivoox.com,False,0,0,True
US,5979,cat.com,False,0,0,True
US,5983,ohthree.com,False,0,0,False
US,5986,oneindia.com,False,0,0,False
US,5988,mentalfloss.com,False,0,0,True
US,5989,muumuu-domain.com,False,2,0,True
US,5990,ageverif.com,False,0,0,True
US,5991,livehwc4.com,False,0,0,False
US,5992,marketo.com,False,0,0,True
US,5998,timeshighereducation.com,False,0,0,True
US,5999,sqills.com,False,0,0,True
US,6000,sa.com,False,0,0,False
US,6002,womenshealthmag.com,False,1,1,True
US,6003,fourseasons.com,False,2,0,True
US,6005,camsoda.com,False,0,0,False
US,6006,suntimes.com,False,1,0,True
US,6007,cgtn.com,False,0,0,True
US,6009,sonyliv.com,False,0,0,True
US,6010,networksolutions.com,False,0,0,False
US,6015,gopuff.com,False,0,0,False
US,6016,ledauphine.com,False,0,0,True
US,6017,anyrtb.com,False,0,0,False
US,6020,truthsocial.com,False,0,0,False
US,6022,pointclickcare.com,False,0,0,True
US,6023,secondlife.com,False,0,0,True
US,6024,cio.com,False,0,0,True
US,6025,lilithgame.com,False,0,0,False
US,6026,stripchatgirls.com,False,0,0,True
US,6027,amazonsilk.com,False,0,0,True
US,6031,yesstyle.com,False,2,0,True
US,6035,createjs.com,False,0,0,True
US,6036,manageengine.com,False,0,0,True
US,6039,whiterabbitpress.com,False,0,0,True
US,6040,deribit.com,False,0,0,True
US,6041,mobileiron.com,False,0,0,True
US,6042,obsproject.com,False,0,0,True
US,6043,diy.com,False,0,0,False
US,6045,symfony.com,False,0,2,True
US,6047,hollisterco.com,False,0,0,False
US,6049,loggly.com,False,0,0,True
US,6052,appfolio.com,False,0,2,True
US,6053,mehrnews.com,False,0,0,True
US,6054,taboolanews.com,False,0,0,True
US,6055,catawiki.com,False,1,0,True
US,6058,razersynapse.com,False,0,0,False
US,6061,jeuxvideo.com,False,0,0,False
US,6064,nyt.com,False,0,0,False
US,6065,l-tike.com,False,0,0,True
US,6066,aastocks.com,False,0,0,True
US,6072,motherjones.com,False,0,0,True
US,6074,dezeen.com,False,1,0,True
US,6077,uno-geo-dns.com,False,0,0,False
US,6079,ahagamecenter.com,False,0,0,True
US,6081,9gag.com,False,1,0,True
US,6082,adobecces.com,False,0,0,False
US,6084,plaync.com,False,1,0,True
US,6086,pair.com,False,1,0,True
US,6088,logitechg.com,True,2,1,True
US,6090,uptodown.com,False,0,0,True
US,6091,treasuredata.com,False,0,0,True
US,6092,yallakora.com,False,0,0,True
US,6093,medtronic.com,False,0,1,True
US,6094,klook.com,False,0,0,False
US,6095,getadblock.com,False,0,0,True
US,6098,shell.com,False,0,0,True
US,6105,aetna.com,False,0,0,True
US,6106,bayer.com,False,0,0,True
US,6108,mgtv.com,False,0,0,True
US,6109,narto-drama.com,False,0,0,True
US,6110,paypalobjects.com,False,0,0,False
US,6111,hk01.com,False,0,0,True
US,6113,ipsos.com,False,0,0,True
US,6114,huaweicloudwaf.com,False,0,0,False
US,6115,goldmansachs.com,False,0,0,True
US,6116,dexscreener.com,False,0,0,False
US,6118,menlosecurity.com,False,0,1,True
US,6120,pla3.com,False,0,0,True
US,6121,td.com,False,0,0,True
US,6122,shaalaa.com,False,0,0,False
US,6125,diigo.com,False,0,0,True
US,6128,semana.com,False,1,0,True
US,6129,apuestatotal.com,False,0,0,False
US,6132,aptoide.com,False,0,0,True
US,6134,ricoh.com,False,0,0,True
US,6135,jcphi.com,False,0,0,True
US,6137,avon.com,False,0,0,False
US,6140,xfree.com,False,0,0,False
US,6141,marvel.com,False,0,0,False
US,6143,controlup.com,False,0,0,True
US,6144,godaddysites.com,False,0,0,False
US,6146,dnb.com,False,0,2,True
US,6150,housing.com,False,0,1,True
US,6153,ahnlab.com,False,0,0,True
US,6155,niceincontact.com,False,0,1,True
US,6156,queniubh.com,False,0,0,False
US,6159,jigsawplanet.com,False,0,0,True
US,6160,formstack.com,False,0,0,True
US,6161,bip.com,False,0,0,True
US,6162,gaiaonline.com,False,0,0,True
US,6163,qwant.com,False,0,0,True
US,6164,basecamp.com,False,0,0,True
US,6165,threatdown.com,False,0,0,True
US,6166,clientgear.com,False,0,0,False
US,6168,vonedge.com,False,0,0,False
US,6170,rtbhouse.com,False,0,0,True
US,6173,mygaru.com,False,0,0,True
US,6174,informer.com,False,0,0,False
US,6175,liftdsp.com,False,0,0,True
US,6176,computrabajo.com,False,0,0,True
US,6179,ecobee.com,True,2,1,True
US,6180,cashparking.com,False,0,0,False
US,6184,facemojikeyboard.com,False,0,1,True
US,6185,boursorama.com,False,1,0,True
US,6188,thoughtco.com,False,0,0,False
US,6192,tutsplus.com,False,0,0,True
US,6193,bpmlt.com,False,0,0,False
US,6195,comonxp.com,False,0,0,False
US,6198,swagbucks.com,False,0,0,True
US,6199,insider.com,False,1,1,True
US,6200,yodobashi.com,False,1,0,True
US,6201,mynet.com,False,0,0,True
US,6207,adnkronos.com,False,0,0,True
US,6209,ifixit.com,True,2,0,True
US,6210,bluecava.com,False,0,0,True
US,6215,paychex.com,False,0,0,True
US,6216,webnode.com,False,1,0,True
US,6217,bilicdn1.com,False,0,0,False
US,6218,wolterskluwer.com,False,0,0,False
US,6221,euractiv.com,False,0,0,False
US,6222,honda.com,False,0,1,True
US,6223,cloudflareaccess.com,False,0,0,True
US,6225,thisisdax.com,False,0,0,True
US,6232,nykaa.com,False,0,0,False
US,6233,mattermost.com,False,0,0,True
US,6237,wpzoom.com,False,2,0,True
US,6240,epluscdn.com,False,0,0,False
US,6245,netshort.com,False,0,0,True
US,6246,literotica.com,False,0,0,True
US,6248,liveramp.com,False,0,0,True
US,6250,securedvisit.com,False,0,0,True
US,6251,azcentral.com,False,0,0,False
US,6255,oregonlive.com,False,0,0,False
US,6256,joker.com,False,1,0,True
US,6257,sb-cd.com,False,0,0,False
US,6260,trs-dns.com,False,0,0,False
US,6263,degruyterbrill.com,False,1,0,True
US,6264,dnv.com,False,0,0,True
US,6268,denverpost.com,False,3,0,True
US,6271,miniclip.com,False,0,0,True
US,6272,fastly.com,False,0,0,True
US,6274,jwpcdn.com,False,0,0,False
US,6277,nonamesec.com,False,0,0,False
US,6280,lifeaiot.com,False,0,0,True
US,6281,prudential.com,False,0,0,True
US,6282,foundationapi.com,False,0,0,True
US,6283,gestiondecuenta.com,False,0,0,True
US,6285,tlivesource.com,False,0,0,False
US,6286,solitaired.com,False,0,0,True
US,6287,musixmatch.com,False,0,0,True
US,6291,yamaha.com,False,0,0,True
US,6295,playerok.com,False,0,0,False
US,6296,tpbid.com,False,0,0,True
US,6302,payhip.com,False,0,0,False
US,6303,heapanalytics.com,False,0,0,True
US,6304,eeroupdate.com,False,0,0,False
US,6309,sleepycat.com,False,0,0,False
US,6310,cigna.com,False,0,0,True
US,6311,haproxy.com,False,0,0,True
US,6314,nseindia.com,False,0,0,True
US,6316,obozrevatel.com,False,1,0,True
US,6319,2osb.com,False,0,0,True
US,6320,metropoles.com,False,0,0,True
US,6322,axs.com,False,0,0,False
US,6325,royalroad.com,False,0,0,False
US,6331,wowscale.com,False,0,0,False
US,6333,accompany.com,False,0,0,True
US,6334,monetixads.com,False,0,0,True
US,6335,iot-dns.com,False,0,0,False
US,6337,parismatch.com,False,0,0,True
US,6338,sanook.com,False,0,0,True
US,6340,icons8.com,False,0,0,False
US,6343,cimri.com,False,0,0,False
US,6344,vulture.com,False,0,0,True
US,6346,oreillyauto.com,False,1,0,True
US,6347,sbnation.com,False,2,0,True
US,6348,playdigo.com,False,1,0,True
US,6349,liputan6.com,False,0,0,True
US,6352,amplreq.com,False,0,0,False
US,6357,smartrecruiters.com,False,0,0,True
US,6359,techsmith.com,True,2,3,True
US,6363,funinexch.com,False,0,0,True
US,6364,vwgroup.com,False,1,0,True
US,6365,telia.com,False,1,2,True
US,6368,bambuser.com,False,1,0,True
US,6369,wyze.com,True,3,2,True
US,6370,esri.com,False,2,0,True
US,6371,ximalaya.com,False,0,0,True
US,6372,gamesradar.com,False,0,0,True
US,6373,razerzone.com,False,0,0,True
US,6376,happymh.com,False,0,0,False
US,6377,reserved.com,False,0,0,True
US,6378,grigorik.com,False,0,0,False
US,6380,scholastic.com,False,0,0,True
US,6382,emol.com,False,0,0,True
US,6387,tagsrvcs.com,False,0,0,True
US,6390,hurelax.com,False,0,0,True
US,6391,assamesesexvideos.com,False,0,0,True
US,6392,filmyzilla52.com,False,1,0,True
US,6394,microsoftcasualgames.com,False,0,0,True
US,6397,videoamp.com,False,0,0,True
US,6399,netafraz.com,False,0,0,True
US,6401,wetvinfo.com,False,0,0,False
US,6402,byjus.com,False,0,0,True
US,6403,tlivepush.com,False,0,0,False
US,6406,spendsdetachment.com,False,0,0,True
US,6407,michaels.com,False,2,0,True
US,6410,mywot.com,False,0,0,True
US,6418,pubnub.com,False,0,0,True
US,6419,forexfactory.com,False,0,0,False
US,6420,academy.com,False,2,2,True
US,6421,newrepublic.com,False,0,0,True
US,6424,gaana.com,False,0,2,True
US,6426,narvar.com,False,1,2,True
US,6427,lazada.com,False,0,0,True
US,6428,pyrus.com,False,0,0,True
US,6429,ashemaletube.com,False,0,0,False
US,6430,funplus.com,False,0,0,True
US,6431,dnsexit.com,False,0,0,True
US,6432,ask.com,False,0,0,True
US,6435,poolbinance.com,False,0,0,False
US,6436,nairaland.com,False,0,0,False
US,6437,thenation.com,False,0,0,True
US,6440,nngroup.com,False,1,0,True
US,6441,bigbasket.com,False,0,0,False
US,6444,rgnameserver.com,False,0,0,False
US,6445,thesimsresource.com,False,2,0,True
US,6448,genially.com,False,0,2,True
US,6449,ghostery.com,False,0,2,True
US,6451,cinemark.com,False,1,0,True
US,6457,vesselfinder.com,False,0,0,True
US,6459,cnnindonesia.com,False,0,0,True
US,6461,appdynamics.com,False,0,0,True
US,6464,rateyourmusic.com,False,0,0,False
US,6465,protonvpn.com,False,0,0,True
US,6467,hpsmart.com,False,0,0,True
US,6471,superbthemes.com,False,3,0,True
US,6472,yoast.com,False,2,1,True
US,6474,evri.com,False,1,0,True
US,6475,taylorfrancis.com,False,0,0,False
US,6478,bbcgoodfood.com,False,0,0,True
US,6479,easports.com,False,1,0,True
US,6480,eiga.com,False,0,0,True
US,6481,theporndude.com,False,0,0,True
US,6482,procyclingstats.com,False,0,0,False
US,6485,comparethemarket.com,False,0,0,False
US,6489,swiggy.com,False,0,0,False
US,6493,freep.com,False,0,0,False
US,6494,whatismyipaddress.com,False,0,0,False
US,6495,verizonwireless.com,False,0,0,True
US,6496,bidtheatre.com,False,0,0,True
US,6500,themeansar.com,False,1,0,True
US,6505,tacobell.com,False,0,0,False
US,6508,wikiwand.com,False,0,0,False
US,6509,contentful.com,False,0,0,False
US,6512,cqloud.com,False,0,0,False
US,6513,qh-lb.com,False,0,0,False
US,6515,springeropen.com,False,1,0,True
US,6516,gksmdns.com,False,0,0,False
US,6517,turbosquid.com,False,0,0,False
US,6519,lidl.com,False,0,0,True
US,6522,gscdn.com,False,0,0,False
US,6524,xn--pckua2a7gp15o89zb.com,False,0,0,True
US,6525,infoworld.com,False,0,0,True
US,6526,seloger.com,False,0,0,False
US,6527,fortnite.com,False,0,0,False
US,6528,logmein.com,False,0,0,True
US,6529,runwayml.com,False,0,0,True
US,6531,chess-results.com,False,0,0,True
US,6535,haveibeenpwned.com,False,0,2,True
US,6537,st.com,False,2,0,True
US,6538,concursolutions.com,False,0,0,True
US,6541,pososite.com,False,0,0,False
US,6543,ipxserve.com,False,0,0,True
US,6544,xhamster3.com,False,0,0,True
US,6546,ajio.com,False,0,0,False
US,6547,freecash.com,False,0,0,True
US,6548,coolmathgames.com,False,1,0,True
US,6551,vps-vids.com,False,0,0,False
US,6556,vzbi.com,False,0,0,False
US,6557,bedbathandbeyond.com,False,3,0,True
US,6559,sfchronicle.com,False,1,0,True
US,6560,twnodes.com,False,0,0,False
US,6563,evidon.com,False,0,0,False
US,6564,fragrantica.com,False,0,0,True
US,6565,turkishairlines.com,False,0,0,True
US,6567,appsheet.com,False,0,0,True
US,6568,apple-mapkit.com,False,0,0,False
US,6570,hobbylobby.com,False,2,0,True
US,6575,kgns3.com,False,0,0,False
US,6581,stream-io-api.com,False,0,0,False
US,6586,qiniudns.com,False,0,0,False
US,6587,msdmanuals.com,False,0,0,True
US,6591,fareharbor.com,False,1,0,True
US,6592,news24.com,False,0,0,False
US,6594,expediapartnercentral.com,False,0,0,True
US,6595,monotaro.com,False,2,0,True
US,6596,ksyun.com,False,0,0,True
US,6600,iloveimg.com,False,0,0,True
US,6601,pixels.com,False,1,0,True
US,6603,wwd.com,False,2,1,True
US,6605,awsstatic.com,False,0,0,False
US,6606,eaton.com,False,0,0,True
US,6609,jetblue.com,False,0,0,True
US,6610,microchip.com,False,0,0,True
US,6614,practo.com,False,0,0,True
US,6615,mexc.com,False,2,0,True
US,6618,mumsnet.com,False,0,0,True
US,6619,goibibo.com,False,0,0,False
US,6623,relevant-digital.com,False,0,0,True
US,6626,freeconvert.com,False,1,0,True
US,6628,vistarsagency.com,False,0,0,True
US,6633,star4live.com,False,0,0,True
US,6635,stubhub.com,False,0,0,False
US,6640,sportinglife.com,False,1,0,True
US,6641,arubainstanton.com,False,0,0,True
US,6642,jnj.com,False,0,0,True
US,6645,goodnotes-devops.com,False,0,0,False
US,6647,journaldemontreal.com,False,0,0,False
US,6651,eater.com,False,0,0,True
US,6654,finalfantasyxiv.com,False,0,0,True
US,6658,device9.com,False,0,0,False
US,6660,volc-dns.com,False,0,0,False
US,6664,inquirer.com,False,2,0,True
US,6665,netvigator.com,False,0,0,True
US,6668,svr-algorix.com,False,0,0,False
US,6672,adtdp.com,False,0,0,True
US,6675,cadenaser.com,False,1,0,True
US,6676,darty.com,False,0,0,False
US,6678,spacedaily.com,False,2,0,True
US,6681,telecomsvc.com,False,0,0,True
US,6682,birkenstock.com,False,2,0,True
US,6687,ridewithvia.com,False,0,0,True
US,6692,groupme.com,False,0,0,True
US,6694,goo-net.com,False,1,0,True
US,6695,sniffies.com,False,0,0,False
US,6697,funnyjunk.com,False,1,0,True
US,6700,sandiegouniontribune.com,False,1,0,True
US,6701,rs-online.com,False,0,0,True
US,6702,adage.com,False,0,0,True
US,6703,dpreview.com,False,0,0,True
US,6704,statefarm.com,False,1,1,True
US,6705,torrid.com,False,0,0,False
US,6711,getpublica.com,False,0,0,True
US,6713,catchthemes.com,False,1,0,True
US,6715,prothomalo.com,False,0,0,True
US,6716,maersk.com,False,0,2,True
US,6717,vivawebhost.com,False,0,0,False
US,6718,fullxh.com,False,0,0,True
US,6722,india.com,False,0,0,True
US,6724,smartcasttv.com,False,0,0,False
US,6728,elcorreo.com,False,2,0,True
US,6729,greylabeldelivery.com,False,0,0,False
US,6730,sling.com,False,2,0,True
US,6735,theintercept.com,False,0,0,True
US,6741,androidauthority.com,False,0,0,False
US,6742,onedio.com,False,0,0,True
US,6744,credly.com,False,0,0,True
US,6746,teslamotors.com,False,0,0,False
US,6749,icims.com,False,0,0,True
US,6751,sophosupd.com,False,0,0,False
US,6756,whoop.com,False,0,0,False
US,6757,hostpapa.com,False,1,0,True
US,6759,gcloudcs.com,False,0,0,False
US,6761,altavista.com,False,0,0,True
US,6763,truepeoplesearch.com,False,0,0,False
US,6765,goodnotes.com,False,0,2,True
US,6766,salesforce-sites.com,False,0,2,True
US,6769,adminml.com,False,0,0,False
US,6773,akakce.com,False,0,0,False
US,6775,freshservice.com,False,0,0,True
US,6777,tencent-cloud.com,False,0,0,False
US,6778,newatlas.com,False,0,0,True
US,6779,travian.com,False,0,0,True
US,6786,tecnoera.com,False,0,0,True
US,6788,puma.com,False,4,0,True
US,6789,collinsdictionary.com,False,0,0,False
US,6790,marketscreener.com,False,0,0,True
US,6791,lahuashanbx.com,False,0,0,False
US,6792,bodis.com,False,0,0,False
US,6793,astro.com,False,1,0,True
US,6794,eukdns.com,False,0,0,True
US,6799,freewebs.com,False,0,0,True
US,6801,futurism.com,False,0,0,True
US,6804,playbattlegrounds.com,False,0,0,False
US,6810,walkerplus.com,False,0,0,True
US,6812,torn.com,False,0,0,False
US,6815,chanel.com,False,0,0,False
US,6817,zbporn.com,False,0,0,True
US,6819,noip.com,False,1,0,True
US,6820,digmawifi.com,False,0,0,False
US,6821,resetera.com,False,0,0,True
US,6823,thumbtack.com,False,0,0,True
US,6826,js7k.com,False,0,0,False
US,6827,cardekho.com,False,0,0,True
US,6828,eloqua.com,False,0,0,False
US,6829,redgifs.com,False,0,0,True
US,6830,vivaldi.com,False,0,2,True
US,6836,outdooractive.com,False,1,0,True
US,6839,raptive.com,False,0,0,True
US,6840,thegioididong.com,False,0,0,False
US,6841,kimi.com,False,0,0,True
US,6842,dawn.com,False,0,0,False
US,6843,smythstoys.com,False,0,0,True
US,6845,callofduty.com,False,0,0,True
US,6846,abxxx.com,False,0,0,True
US,6848,qatarairways.com,False,0,0,True
US,6849,typing.com,False,0,0,True
US,6853,nicematin.com,False,1,0,True
US,6854,usbank.com,False,0,0,True
US,6855,sage.com,False,0,0,False
US,6856,illumin.com,False,0,0,True
US,6864,xn--ngstr-lra8j.com,False,0,0,False
US,6867,brand-display.com,False,0,0,True
US,6868,allmusic.com,False,0,0,False
US,6869,eksisozluk.com,False,0,0,False
US,6870,backlinko.com,False,0,0,True
US,6871,imvu.com,False,1,0,True
US,6873,s-onetag.com,False,0,0,False
US,6876,me-qr.com,False,0,2,True
US,6878,togetter.com,False,0,0,True
US,6881,ensonhaber.com,False,0,0,True
US,6882,colossusssp.com,False,0,0,False
US,6884,workspaceone.com,False,0,1,True
US,6886,telegram.com,False,0,0,False
US,6888,dns-redirect.com,False,0,0,False
US,6889,mediarithmics.com,False,0,0,True
US,6890,mordorintelligence.com,False,0,0,True
US,6893,morganstanley.com,False,0,0,True
US,6898,zjcdn.com,False,0,0,False
US,6900,teachable.com,True,1,2,True
US,6903,anysex.com,False,0,0,True
US,6907,zoologyfibre.com,False,0,0,True
US,6908,pornoxo.com,False,0,0,False
US,6910,boardgamearena.com,False,0,0,True
US,6913,famousbirthdays.com,False,1,0,True
US,6918,shareasale.com,True,1,2,True
US,6919,ecer.com,False,1,0,True
US,6920,like-video.com,False,0,0,False
US,6921,toptal.com,False,0,0,False
US,6926,dlink.com,False,0,0,True
US,6928,midasbuy.com,False,0,0,True
US,6934,elperiodico.com,False,0,0,False
US,6935,wn.com,False,1,0,True
US,6936,bartleby.com,False,0,0,False
US,6937,cudasvc.com,False,0,0,False
US,6939,thesaurus.com,False,0,0,True
US,6942,convertkit.com,False,0,1,True
US,6944,sklum.com,False,2,1,True
US,6951,mapy.com,False,0,0,True
US,6962,whatnot.com,False,0,0,False
US,6963,myherbalife.com,False,0,0,True
US,6966,cnstrc.com,False,0,0,False
US,6967,zillowstatic.com,False,0,0,False
US,6971,qihucdn.com,False,0,0,False
US,6972,sex.com,False,1,0,True
US,6979,ixigo.com,False,0,0,False
US,6980,adda247.com,False,1,2,True
US,6982,mql5.com,False,1,1,True
US,6983,signupgenius.com,False,0,1,True
US,6987,quran.com,False,0,0,True
US,6993,monopolygo.com,False,0,0,True
US,6994,stradivarius.com,False,0,0,True
US,6999,webpt.com,False,0,0,True
US,7002,hqporner.com,False,0,0,True
US,7003,imostatic.com,False,0,0,False
US,7005,alcmpn.com,False,0,0,False
US,7006,cnbcindonesia.com,False,0,0,True
US,7010,researchnow.com,False,0,0,True
US,7012,instant-gaming.com,False,2,0,True
US,7013,ygosu.com,False,1,0,True
US,7017,a2dns.com,False,0,0,False
US,7018,cbre.com,False,0,0,False
US,7019,cal.com,False,0,0,True
US,7021,carvana.com,False,0,0,False
US,7022,b2c.com,False,0,0,False
US,7023,neopets.com,False,0,0,True
US,7027,cdnhwc7.com,False,0,0,False
US,7028,truist.com,False,0,0,True
US,7029,soccerway.com,False,2,0,True
US,7030,exlibrisgroup.com,False,0,0,True
US,7031,grainger.com,False,0,0,False
US,7035,tube8.com,False,0,0,True
US,7036,thenationalnews.com,False,1,0,True
US,7038,seondnsresolve.com,False,0,0,True
US,7040,courtlistener.com,False,0,0,False
US,7044,ladesk.com,False,0,2,True
US,7045,pricecharting.com,False,1,0,True
US,7047,tumbex.com,False,0,0,True
US,7053,starfall.com,False,0,0,True
US,7055,emptyhammock.com,False,0,0,True
US,7056,rokutime.com,False,0,0,False
US,7059,treehugger.com,False,0,0,False
US,7060,crowncoinscasino.com,False,0,0,True
US,7063,cmtelematics.com,False,0,0,True
US,7064,hackernoon.com,False,0,0,True
US,7066,amarujala.com,False,0,2,True
US,7069,stylevana.com,True,3,1,True
US,7072,medicalxpress.com,False,0,0,True
US,7075,ad-stir.com,False,0,0,True
US,7079,djangoproject.com,False,1,0,True
US,7081,minecraftskins.com,False,0,0,False
US,7084,supportview.com,False,0,0,False
US,7085,hextom.com,False,0,0,True
US,7094,chocolateplatform.com,False,0,0,True
US,7095,coppel.com,False,1,3,True
US,7097,worldpopulationreview.com,False,0,0,True
US,7101,crowd-umlaut.com,False,0,0,False
US,7104,sofi.com,False,0,0,False
US,7105,scotsman.com,False,0,0,False
US,7108,epson.com,False,0,0,True
US,7109,streamlabs.com,True,1,1,True
US,7111,flightrising.com,False,0,0,True
US,7113,tiktok-minis.us,False,0,0,False
US,7116,jup9.com,False,0,0,True
US,7119,viralxxxporn.com,False,0,0,True
US,7121,health.com,False,0,0,False
US,7123,military.com,False,0,0,True
US,7124,crossthegame.com,False,1,0,True
US,7126,foodandwine.com,False,0,0,False
US,7127,mxpnl.com,False,0,0,False
US,7128,myisolved.com,False,0,0,True
US,7131,gladly.com,False,1,0,True
US,7132,xhfanclub.com,False,0,0,True
US,7134,buzzfeednews.com,False,1,0,True
US,7135,onefootball.com,False,1,0,True
US,7136,ngrok.com,False,0,2,True
US,7137,square-enix.com,False,0,0,True
US,7138,chmfin.com,False,0,0,True
US,7139,haber7.com,False,1,0,True
US,7140,the-sun.com,False,0,0,True
US,7142,lazybumblebee.com,False,0,0,False
US,7143,gopro.com,False,3,2,True
US,7144,yclients.com,False,0,0,True
US,7147,countryliving.com,False,2,1,True
US,7148,googlepages.com,False,0,0,False
US,7153,vodafone.com,False,0,0,True
US,7154,pornzog.com,False,0,0,True
US,7155,servicenow.com,False,0,2,True
US,7157,vedantu.com,False,0,0,True
US,7159,biccamera.com,False,0,0,False
US,7161,vidoomy.com,False,0,0,True
US,7164,tuasaude.com,False,0,0,True
US,7166,fortnitetracker.com,False,0,0,False
US,7168,theyarehuge.com,False,0,0,True
US,7172,bandlab.com,False,0,0,True
US,7175,91mobiles.com,False,0,0,False
US,7179,attheraces.com,False,0,0,True
US,7182,moneyforward.com,False,0,0,True
US,7183,exponea.com,False,0,0,False
US,7184,paymaya.com,False,0,2,True
US,7185,etoro.com,False,1,0,True
US,7187,newsmax.com,False,0,0,True
US,7189,gingerall.com,False,0,0,False
US,7192,control4.com,False,0,0,True
US,7194,worldatlas.com,False,0,0,True
US,7197,puzztake.com,False,0,0,False
US,7198,lansweeper.com,False,0,0,False
US,7200,kiabi.com,False,0,0,False
US,7201,tivoservice.com,False,0,0,False
US,7202,ekitan.com,False,0,0,True
US,7203,iqiyipic.com,False,0,0,False
US,7204,securebrowser.com,False,0,0,False
US,7210,mackolik.com,False,1,0,True
US,7211,mendeley.com,False,0,0,False
US,7213,adsmeasurement.com,False,0,0,False
US,7214,gamifyspace.com,False,0,0,True
US,7216,pixlr.com,True,1,2,True
US,7219,uline.com,False,1,0,True
US,7220,easy4ip.com,False,0,0,False
US,7221,gotoassist.com,False,0,0,True
US,7222,uberinternal.com,False,0,0,False
US,7225,thredup.com,False,0,0,False
US,7226,twstalker.com,False,0,0,False
US,7232,ajc.com,False,1,0,True
US,7234,bain.com,False,0,0,True
US,7235,pxltag.com,False,0,0,False
US,7236,superuser.com,False,0,0,False
US,7237,hentaiera.com,False,0,0,True
US,7239,xv-ru.com,False,0,0,True
US,7241,samsungmobile.com,False,0,0,False
US,7242,eredmenyek.com,False,2,0,True
US,7243,skypicker.com,False,0,0,True
US,7247,kbb.com,False,0,0,False
US,7249,nme.com,False,0,0,True
US,7252,nouvelobs.com,False,0,0,True
US,7253,opentext.com,False,0,0,True
US,7254,bhaskar.com,False,0,2,True
US,7258,mobirise.com,False,0,0,True
US,7259,2ksports.com,False,1,0,True
US,7262,gunbroker.com,False,0,0,False
US,7267,observer.com,False,0,0,True
US,7270,bytetcdn.com,False,0,0,False
US,7271,upravel.com,False,0,0,True
US,7273,workdeadlinededicate.com,False,0,0,True
US,7276,coupahost.com,False,0,0,False
US,7278,filimo.com,False,0,0,True
US,7281,nestle.com,False,0,0,False
US,7282,stardewvalleywiki.com,False,0,0,True
US,7283,cloudflareok.com,False,0,0,False
US,7286,ks-live.com,False,0,0,False
US,7287,truoptik.com,False,0,0,False
US,7288,wtr-lab.com,False,0,0,True
US,7291,hentaifox.com,False,0,0,True
US,7292,earnin.com,False,0,1,True
US,7295,bms.com,False,0,0,True
US,7298,list-manage1.com,False,0,0,False
US,7305,rockwellautomation.com,False,0,0,True
US,7308,lngtd.com,False,0,0,False
US,7312,bet9ja.com,False,0,0,True
US,7317,thescore.com,False,1,0,True
US,7322,robertsspaceindustries.com,False,0,0,True
US,7326,podscribe.com,False,2,0,True
US,7327,zabbix.com,False,0,0,True
US,7330,steaminventoryhelper.com,False,0,0,False
US,7336,olxcdn.com,False,0,0,False
US,7337,firstcry.com,False,3,0,True
US,7340,windowsphone.com,False,0,0,True
US,7344,bhg.com,False,0,0,False
US,7345,wpenginepowered.com,False,0,0,False
US,7349,setn.com,False,0,0,True
US,7351,sanspo.com,False,1,0,True
US,7352,51cg1.com,False,0,0,True
US,7353,topuniversities.com,False,0,0,False
US,7355,artnet.com,False,0,0,False
US,7358,mambu.com,False,0,0,True
US,7361,basalam.com,False,2,0,True
US,7363,ultipro.com,False,0,0,False
US,7365,123av.com,False,0,0,True
US,7370,shop-apotheke.com,False,4,0,True
US,7371,gameforge.com,False,0,0,True
US,7375,baltimoresun.com,False,0,0,True
US,7376,carwale.com,False,0,0,True
US,7380,freeprivacypolicy.com,False,0,0,False
US,7383,catonetworks.com,False,0,0,True
US,7386,five64dmv.com,False,0,0,False
US,7391,cleveland.com,False,0,0,False
US,7394,codashop.com,False,1,0,True
US,7396,ouedkniss.com,False,0,0,True
US,7397,adikteev.com,False,0,0,True
US,7401,powerreviews.com,False,0,0,True
US,7404,ukrainealarm.com,False,0,0,True
US,7405,finnair.com,False,2,1,True
US,7406,farming-simulator.com,False,0,0,True
US,7407,encyclopedia.com,False,0,0,True
US,7411,huyatvns.com,False,0,0,False
US,7412,405kk.com,False,0,0,True
US,7413,dunelm.com,False,3,1,True
US,7414,alibabachengdun.com,False,0,0,False
US,7415,blogs.com,False,0,0,False
US,7416,eldebate.com,False,0,0,True
US,7417,batch.com,False,0,0,True
US,7420,pfizer.com,False,0,0,False
US,7421,lgappstv.com,False,0,0,True
US,7428,de-tencentclb.com,False,0,0,False
US,7431,tiermaker.com,False,0,0,False
US,7434,statnews.com,False,1,0,True
US,7435,coub.com,False,1,0,True
US,7437,bbpos.com,False,0,0,False
US,7438,wordstream.com,False,0,0,False
US,7439,azuregov-dns.us,False,0,0,False
US,7440,ally.com,False,0,0,True
US,7442,zerodha.com,False,0,0,True
US,7445,sejda.com,False,0,0,True
US,7446,dior.com,False,0,0,False
US,7448,caddyserver.com,False,0,0,True
US,7450,study.com,False,0,0,False
US,7452,aceimg.com,False,0,0,True
US,7454,tycsports.com,False,0,0,True
US,7458,attentivemobile.com,False,0,0,True
US,7462,messefrankfurt.com,False,0,0,True
US,7464,urdupoint.com,False,0,0,False
US,7468,supercp.com,False,0,0,False
US,7470,simplecast.com,False,0,0,True
US,7474,futbol24.com,False,0,0,True
US,7477,itemsatis.com,False,0,0,False
US,7479,fresha.com,False,1,0,True
US,7482,bamboohr.com,False,0,0,True
US,7483,ccb.com,False,0,0,False
US,7484,bigbadtoystore.com,False,0,0,False
US,7486,klevu.com,False,0,0,True
US,7487,pointmediatracker.com,False,0,0,False
US,7488,dola.com,False,0,1,True
US,7490,boulanger.com,False,0,0,True
US,7493,cloudwaysapps.com,False,0,0,False
US,7498,booksy.com,False,0,2,True
US,7500,mtrtb.com,False,0,0,True
US,7501,alodokter.com,False,0,0,True
US,7504,wiselg.com,False,0,0,False
US,7509,lpsg.com,False,0,0,True
US,7511,dnshigh.com,False,0,0,True
US,7513,ezydomain.com,False,0,0,False
US,7514,gitbook.com,False,0,0,True
US,7517,wordplays.com,False,0,0,False
US,7520,kaptcha.com,False,0,0,False
US,7521,thalesgroup.com,False,0,0,True
US,7522,suse.com,False,2,0,True
US,7525,axonixgrid.com,False,0,0,False
US,7527,macromill.com,False,0,0,True
US,7529,palmettostatearmory.com,False,0,0,False
US,7531,4dvertible.com,False,0,0,False
US,7532,videojs.com,False,0,0,True
US,7536,underarmour.com,False,4,0,True
US,7540,sudoku.com,False,0,0,True
US,7541,realizationnewestfangs.com,False,0,0,True
US,7543,punchng.com,False,1,0,True
US,7548,newlook.com,False,3,0,True
US,7551,manoramaonline.com,False,0,2,True
US,7552,foundationdns.com,False,0,0,True
US,7556,freshworksapi.com,False,0,0,False
US,7558,meteomedia.com,False,1,0,True
US,7559,mathrubhumi.com,False,1,0,True
US,7561,astro-seek.com,False,0,0,False
US,7565,ezoicns.com,False,0,0,False
US,7570,bambulab.com,False,0,0,False
US,7571,halodoc.com,False,0,1,True
US,7572,leakgallery.com,False,1,0,True
US,7577,icalculator.com,False,0,0,False
US,7578,routingsrvr.com,False,0,0,False
US,7579,canvaslms.com,False,0,0,True
US,7580,famethemes.com,False,1,0,True
US,7581,bytelb.com,False,0,0,False
US,7583,discovermagazine.com,False,0,0,False
US,7586,xhwebsite.com,False,0,0,True
US,7588,allegro.com,False,0,0,False
US,7591,kitco.com,False,0,0,True
US,7592,asda.com,False,0,0,False
US,7594,thekitchn.com,False,0,0,True
US,7601,assets-yammer.com,False,0,0,False
US,7606,lioden.com,False,0,0,True
US,7607,acuityscheduling.com,False,0,0,True
US,7610,rule34.us,False,0,0,True
US,7613,ziare.com,False,0,0,True
US,7614,clashofclans.com,False,0,0,True
US,7615,cafepress.com,True,2,1,True
US,7618,airbus.com,False,0,0,True
US,7622,printerval.com,False,4,0,True
US,7625,theonion.com,False,1,1,True
US,7626,articulate.com,False,0,1,True
US,7627,ubaoli.com,False,0,0,False
US,7628,n0c.com,False,0,0,False
US,7629,tapology.com,False,0,0,False
US,7630,gayporntube.com,False,1,0,True
US,7631,transcend-cdn.com,False,0,0,False
US,7633,ottadvisors.com,False,0,0,True
US,7636,lithium.com,False,0,0,False
US,7637,cdnhwcljk104.com,False,0,0,False
US,7639,leadsquared.com,False,0,0,False
US,7640,msport.com,False,0,0,True
US,7643,f2pool.com,False,0,0,True
US,7644,misspark.com,False,0,0,False
US,7648,livehindustan.com,False,0,2,True
US,7651,mouser.com,False,0,0,False
US,7654,zvuk.com,False,0,0,True
US,7655,bynder.com,False,0,0,True
US,7659,pbxai.com,False,0,0,False
US,7662,rolimons.com,False,0,0,True
US,7664,plista.com,False,0,0,False
US,7665,a47b.com,False,0,0,False
US,7669,tickettailor.com,False,1,0,True
US,7671,anzu-us.com,False,0,0,False
US,7673,ig.com,False,0,0,True
US,7677,clearscore.com,False,0,0,True
US,7679,schneier.com,False,0,0,False
US,7680,jet2holidays.com,False,1,0,True
US,7681,cleverreach.com,False,0,0,True
US,7682,zerogpt.com,False,0,0,True
US,7688,edmentum.com,False,0,0,True
US,7689,privateinternetaccess.com,False,0,0,False
US,7691,mail-archive.com,False,0,0,True
US,7692,appboycdn.com,False,0,0,False
US,7696,p6sai.com,False,0,0,False
US,7697,caesars.com,False,0,0,True
US,7698,drift.com,False,0,0,True
US,7701,magicbricks.com,False,0,0,True
US,7702,logi.com,False,2,2,True
US,7703,fotoscapes.com,False,2,0,True
US,7705,abbott.com,False,0,0,True
US,7706,usvisa-info.com,False,0,0,True
US,7709,24ur.com,False,0,0,True
US,7710,rixengine.com,False,0,0,True
US,7716,masrawy.com,False,0,0,True
US,7720,spacebattles.com,False,0,0,True
US,7724,cargocollective.com,False,0,0,True
US,7728,dienmayxanh.com,False,0,0,False
US,7736,privatesocks5.com,False,0,0,False
US,7737,ledger.com,False,1,1,True
US,7738,ruijienetworks.com,False,0,0,True
US,7740,impactcdn.com,False,0,0,False
US,7744,99acres.com,False,1,0,True
US,7750,bp.com,False,0,0,False
US,7751,speechpro.com,False,0,0,True
US,7752,starfieldtech.com,False,0,0,True
US,7754,ugnas.com,False,0,0,True
US,7755,tuttosport.com,False,1,0,True
US,7756,gotoresolve.com,False,0,0,True
US,7758,forocoches.com,False,1,0,True
US,7760,balance-x.com,False,0,0,True
US,7762,bricks-co.com,False,0,0,False
US,7765,davivienda.com,False,0,0,True
US,7766,thenounproject.com,False,1,0,True
US,7769,washingtonexaminer.com,False,0,0,True
US,7773,xfinityhome.com,False,0,0,False
US,7774,appleinsider.com,False,0,0,False
US,7777,startappelb.com,False,0,0,False
US,7781,ual.com,False,0,0,False
US,7784,uquiz.com,False,0,0,False
US,7786,boomtrain.com,False,0,0,True
US,7787,vhlcentral.com,False,0,0,True
US,7791,vatanbilgisayar.com,False,0,0,False
US,7792,audioeye.com,False,0,0,False
US,7793,pensador.com,False,1,0,True
US,7794,sofifa.com,False,0,0,False
US,7799,embedly.com,False,0,0,True
US,7800,livechatenterprise.com,False,0,2,True
US,7802,charter.com,False,0,3,True
US,7808,uta-net.com,False,0,0,False
US,7810,autohero.com,False,2,1,True
US,7811,bitchute.com,False,0,0,True
US,7812,auappservice.com,False,0,0,False
US,7816,getresponse.com,False,0,0,True
US,7817,creativethemes.com,False,0,0,False
US,7818,royalbank.com,False,0,0,False
US,7823,kuiniuca.com,False,0,0,False
US,7825,reson8.com,False,0,0,False
US,7828,decolar.com,False,0,0,False
US,7831,wurflcloud.com,False,0,0,False
US,7833,cm.com,False,1,0,True
US,7834,qiniup.com,False,0,0,False
US,7835,amazonses.com,False,0,0,True
US,7837,optum.com,False,0,0,True
US,7838,coinmaster.com,False,1,0,True
US,7839,humblebundle.com,False,1,0,True
US,7840,otzovik.com,False,0,0,False
US,7841,biography.com,False,2,0,True
US,7843,jetpunk.com,False,0,0,False
US,7844,tibia.com,False,0,0,True
US,7845,telcel.com,False,1,0,True
US,7848,askubuntu.com,False,0,0,False
US,7849,tvpixel.com,False,0,0,False
US,7850,linodeusercontent.com,False,0,0,False
US,7851,ridibooks.com,False,0,0,False
US,7852,getredo.com,True,1,1,True
US,7853,elcinema.com,False,0,0,True
US,7857,amazon-dss.com,False,0,0,False
US,7861,proxysite.com,False,0,0,False
US,7862,milffox.com,False,0,0,True
US,7863,hanbiro.com,False,0,0,True
US,7866,technorati.com,False,0,0,True
US,7868,kunlunhuf.com,False,0,0,False
US,7874,creative-serving.com,False,0,0,False
US,7877,userreport.com,False,0,0,False
US,7878,browserstack.com,False,0,1,True
US,7881,porngameshub.com,False,2,0,True
US,7882,violity.com,False,0,0,False
US,7883,pisos.com,False,0,0,True
US,7885,noticiasaominuto.com,False,0,0,True
US,7887,tubegalore.com,False,0,0,False
US,7888,tkmaxx.com,False,0,0,True
US,7890,huanqiu.com,False,0,0,False
US,7892,purepeople.com,False,0,0,True
US,7895,clerk.com,False,1,0,True
US,7897,mlive.com,False,0,0,False
US,7898,ketchjs.com,False,0,0,False
US,7899,tubesafari.com,False,0,0,True
US,7901,frontapp.com,False,0,0,True
US,7902,namequery.com,False,0,0,False
US,7903,brightcovecdn.com,False,0,0,False
US,7906,healow.com,False,0,0,True
US,7908,vorwerk-digital.com,False,0,0,False
US,7909,spokeo.com,False,0,0,True
US,7911,pixieset.com,False,0,1,True
US,7912,linkplay.com,False,1,0,True
US,7913,simonandschuster.com,False,0,0,False
