case_id,kind,variant,structure,rail,premise_violation,config,intended,impersonated,verdict,stage,reasons,level,mode,undone,detected,breach_certificate,detect_reason,decision_ms,sig_checks,amount,t,executed,lands_legit_if_paid,diverted,loss,false_block,step_up,stepup_would_divert,author,scenario
A1-22,E12,fresh_fake_delegation:rush,S9,card,False,B1,brand:jagrouex.com,False,DENY,curation,not-curated,-1,,False,False,False,,0.0115,0,82000,24593934,False,False,False,False,False,False,False,author-1,fresh_fake_delegation
A1-22,E12,fresh_fake_delegation:rush,S9,card,False,B2,brand:jagrouex.com,False,ALLOW,mandate,,-1,,False,False,False,,0.0032,0,82000,24593934,True,False,True,True,False,False,False,author-1,fresh_fake_delegation
A1-22,E12,fresh_fake_delegation:rush,S9,card,False,B3,brand:jagrouex.com,False,ALLOW,identity-assertion,,-1,,False,False,False,,0.0013,0,82000,24593934,True,False,True,True,False,False,False,author-1,fresh_fake_delegation
A1-22,E12,fresh_fake_delegation:rush,S9,card,False,B4,brand:jagrouex.com,False,ALLOW,did-wallet,not-applicable,-1,,False,False,False,,0.0018,0,82000,24593934,True,False,True,True,False,False,False,author-1,fresh_fake_delegation
A1-22,E12,fresh_fake_delegation:rush,S9,card,False,B5,brand:jagrouex.com,False,ALLOW,vop,not-applicable,-1,,False,False,False,,0.002,0,82000,24593934,True,False,True,True,False,False,False,author-1,fresh_fake_delegation
A1-22,E12,fresh_fake_delegation:rush,S9,card,False,B6,brand:jagrouex.com,False,ALLOW,lists,,-1,,False,False,False,,0.001,0,82000,24593934,True,False,True,True,False,False,False,author-1,fresh_fake_delegation
A1-22,E12,fresh_fake_delegation:rush,S9,card,False,B7,brand:jagrouex.com,False,ALLOW,b7,,-1,,False,False,False,,0.4067,3,82000,24593934,True,False,True,True,False,False,False,author-1,fresh_fake_delegation
A1-22,E12,fresh_fake_delegation:rush,S9,card,False,M1-G1,brand:jagrouex.com,False,ALLOW,pav,,1,,False,False,False,,0.6465,7,82000,24593934,True,False,True,True,False,False,False,author-1,fresh_fake_delegation
A1-22,E12,fresh_fake_delegation:rush,S9,card,False,M1,brand:jagrouex.com,False,ALLOW,route,,2,,False,False,False,,1.0461,11,82000,24593934,True,False,True,True,False,False,False,author-1,fresh_fake_delegation
A1-22,E12,fresh_fake_delegation:rush,S9,card,False,M2,brand:jagrouex.com,False,STEP-UP,mtl,mtl-probation,2,,False,False,False,,2.1503,15,82000,24593934,False,False,False,False,False,True,True,author-1,fresh_fake_delegation
A1-22,E12,fresh_fake_delegation:rush,S9,card,False,M3,brand:jagrouex.com,False,STEP-UP,mtl,mtl-probation,2,,False,False,False,,1.8547,14,82000,24593934,False,False,False,False,False,True,True,author-1,fresh_fake_delegation
A1-25,E12,split_view,S3,card,False,B1,brand:bigropruna.com,False,DENY,curation,not-curated,-1,,False,False,False,,0.0013,0,500000,25372969,False,False,False,False,False,False,False,author-1,split_view
A1-25,E12,split_view,S3,card,False,B2,brand:bigropruna.com,False,ALLOW,mandate,,-1,,False,False,False,,0.0007,0,500000,25372969,True,False,True,True,False,False,False,author-1,split_view
A1-25,E12,split_view,S3,card,False,B3,brand:bigropruna.com,False,ALLOW,identity-assertion,,-1,,False,False,False,,0.0006,0,500000,25372969,True,False,True,True,False,False,False,author-1,split_view
A1-25,E12,split_view,S3,card,False,B4,brand:bigropruna.com,False,ALLOW,did-wallet,not-applicable,-1,,False,False,False,,0.0006,0,500000,25372969,True,False,True,True,False,False,False,author-1,split_view
A1-25,E12,split_view,S3,card,False,B5,brand:bigropruna.com,False,ALLOW,vop,not-applicable,-1,,False,False,False,,0.0008,0,500000,25372969,True,False,True,True,False,False,False,author-1,split_view
A1-25,E12,split_view,S3,card,False,B6,brand:bigropruna.com,False,ALLOW,lists,,-1,,False,False,False,,0.0008,0,500000,25372969,True,False,True,True,False,False,False,author-1,split_view
A1-25,E12,split_view,S3,card,False,B7,brand:bigropruna.com,False,ALLOW,b7,,-1,,False,False,False,,0.2827,3,500000,25372969,True,False,True,True,False,False,False,author-1,split_view
A1-25,E12,split_view,S3,card,False,M1-G1,brand:bigropruna.com,False,ALLOW,pav,,1,,False,False,False,,0.6114,7,500000,25372969,True,False,True,True,False,False,False,author-1,split_view
A1-25,E12,split_view,S3,card,False,M1,brand:bigropruna.com,False,ALLOW,route,,2,,False,False,False,,1.009,11,500000,25372969,True,False,True,True,False,False,False,author-1,split_view
A1-25,E12,split_view,S3,card,False,M2,brand:bigropruna.com,False,ALLOW,route,,2,,False,False,False,,2.0546,11,500000,25372969,True,False,True,True,False,False,False,author-1,split_view
A1-25,E12,split_view,S3,card,False,M3,brand:bigropruna.com,False,ALLOW,route,,2,POST,False,False,False,,5.1698,11,500000,25372969,True,False,True,True,False,False,False,author-1,split_view
A2-21,E12,fresh_fake_delegation:rush,S3,card,False,B1,brand:cliveaex.com,False,ALLOW,curation,,-1,,False,False,False,,0.0013,0,150000,25582531,True,False,True,True,False,False,False,author-2,fresh_fake_delegation
A2-21,E12,fresh_fake_delegation:rush,S3,card,False,B2,brand:cliveaex.com,False,ALLOW,mandate,,-1,,False,False,False,,0.0005,0,150000,25582531,True,False,True,True,False,False,False,author-2,fresh_fake_delegation
A2-21,E12,fresh_fake_delegation:rush,S3,card,False,B3,brand:cliveaex.com,False,ALLOW,identity-assertion,,-1,,False,False,False,,0.0009,0,150000,25582531,True,False,True,True,False,False,False,author-2,fresh_fake_delegation
A2-21,E12,fresh_fake_delegation:rush,S3,card,False,B4,brand:cliveaex.com,False,ALLOW,did-wallet,not-applicable,-1,,False,False,False,,0.0007,0,150000,25582531,True,False,True,True,False,False,False,author-2,fresh_fake_delegation
A2-21,E12,fresh_fake_delegation:rush,S3,card,False,B5,brand:cliveaex.com,False,ALLOW,vop,not-applicable,-1,,False,False,False,,0.0005,0,150000,25582531,True,False,True,True,False,False,False,author-2,fresh_fake_delegation
A2-21,E12,fresh_fake_delegation:rush,S3,card,False,B6,brand:cliveaex.com,False,ALLOW,lists,,-1,,False,False,False,,0.0005,0,150000,25582531,True,False,True,True,False,False,False,author-2,fresh_fake_delegation
A2-21,E12,fresh_fake_delegation:rush,S3,card,False,B7,brand:cliveaex.com,False,ALLOW,b7,,-1,,False,False,False,,0.305,3,150000,25582531,True,False,True,True,False,False,False,author-2,fresh_fake_delegation
A2-21,E12,fresh_fake_delegation:rush,S3,card,False,M1-G1,brand:cliveaex.com,False,ALLOW,pav,,1,,False,False,False,,0.6138,7,150000,25582531,True,False,True,True,False,False,False,author-2,fresh_fake_delegation
A2-21,E12,fresh_fake_delegation:rush,S3,card,False,M1,brand:cliveaex.com,False,ALLOW,route,,2,,False,False,False,,0.9676,11,150000,25582531,True,False,True,True,False,False,False,author-2,fresh_fake_delegation
A2-21,E12,fresh_fake_delegation:rush,S3,card,False,M2,brand:cliveaex.com,False,DENY,mtl,mtl-objection,2,,False,False,False,,1.6578,12,150000,25582531,False,False,False,False,False,False,False,author-2,fresh_fake_delegation
A2-21,E12,fresh_fake_delegation:rush,S3,card,False,M3,brand:cliveaex.com,False,DENY,mtl,mtl-objection,2,,False,False,False,,1.4912,11,150000,25582531,False,False,False,False,False,False,False,author-2,fresh_fake_delegation
A2-22,E12,fresh_fake_delegation:patient,S1,card,True,B1,brand:piobom.com,False,ALLOW,curation,,-1,,False,False,False,,0.001,0,900000,25920971,True,False,True,True,False,False,False,author-2,fresh_fake_delegation
A2-22,E12,fresh_fake_delegation:patient,S1,card,True,B2,brand:piobom.com,False,ALLOW,mandate,,-1,,False,False,False,,0.0006,0,900000,25920971,True,False,True,True,False,False,False,author-2,fresh_fake_delegation
A2-22,E12,fresh_fake_delegation:patient,S1,card,True,B3,brand:piobom.com,False,ALLOW,identity-assertion,,-1,,False,False,False,,0.0006,0,900000,25920971,True,False,True,True,False,False,False,author-2,fresh_fake_delegation
A2-22,E12,fresh_fake_delegation:patient,S1,card,True,B4,brand:piobom.com,False,ALLOW,did-wallet,not-applicable,-1,,False,False,False,,0.0006,0,900000,25920971,True,False,True,True,False,False,False,author-2,fresh_fake_delegation
A2-22,E12,fresh_fake_delegation:patient,S1,card,True,B5,brand:piobom.com,False,ALLOW,vop,not-applicable,-1,,False,False,False,,0.0005,0,900000,25920971,True,False,True,True,False,False,False,author-2,fresh_fake_delegation
A2-22,E12,fresh_fake_delegation:patient,S1,card,True,B6,brand:piobom.com,False,ALLOW,lists,,-1,,False,False,False,,0.0005,0,900000,25920971,True,False,True,True,False,False,False,author-2,fresh_fake_delegation
A2-22,E12,fresh_fake_delegation:patient,S1,card,True,B7,brand:piobom.com,False,STEP-UP,name-anchor,name-mismatch,-1,,False,False,False,,0.0043,0,900000,25920971,False,False,False,False,False,True,True,author-2,fresh_fake_delegation
A2-22,E12,fresh_fake_delegation:patient,S1,card,True,M1-G1,brand:piobom.com,False,ALLOW,pav,,1,,False,False,False,,0.6435,7,900000,25920971,True,False,True,True,False,False,False,author-2,fresh_fake_delegation
A2-22,E12,fresh_fake_delegation:patient,S1,card,True,M1,brand:piobom.com,False,ALLOW,route,,2,,False,False,False,,0.9998,11,900000,25920971,True,False,True,True,False,False,False,author-2,fresh_fake_delegation
A2-22,E12,fresh_fake_delegation:patient,S1,card,True,M2,brand:piobom.com,False,ALLOW,route,,2,,False,False,False,,1.6542,11,900000,25920971,True,False,True,True,False,False,False,author-2,fresh_fake_delegation
A2-22,E12,fresh_fake_delegation:patient,S1,card,True,M3,brand:piobom.com,False,ALLOW,route,,2,POST,False,False,False,,1.5762,11,900000,25920971,True,False,True,True,False,False,False,author-2,fresh_fake_delegation
A1-11,E12,rogue_submerchant:entity,S4,card,False,B1,brand:ropriopen.com,True,DENY,curation,not-curated,-1,,False,False,False,,0.001,0,64000,26062164,False,False,False,False,False,False,False,author-1,rogue_submerchant
A1-11,E12,rogue_submerchant:entity,S4,card,False,B2,brand:ropriopen.com,True,ALLOW,mandate,,-1,,False,False,False,,0.0005,0,64000,26062164,True,False,True,True,False,False,False,author-1,rogue_submerchant
A1-11,E12,rogue_submerchant:entity,S4,card,False,B3,brand:ropriopen.com,True,ALLOW,identity-assertion,,-1,,False,False,False,,0.0006,0,64000,26062164,True,False,True,True,False,False,False,author-1,rogue_submerchant
A1-11,E12,rogue_submerchant:entity,S4,card,False,B4,brand:ropriopen.com,True,ALLOW,did-wallet,not-applicable,-1,,False,False,False,,0.0005,0,64000,26062164,True,False,True,True,False,False,False,author-1,rogue_submerchant
A1-11,E12,rogue_submerchant:entity,S4,card,False,B5,brand:ropriopen.com,True,ALLOW,vop,not-applicable,-1,,False,False,False,,0.0005,0,64000,26062164,True,False,True,True,False,False,False,author-1,rogue_submerchant
A1-11,E12,rogue_submerchant:entity,S4,card,False,B6,brand:ropriopen.com,True,ALLOW,lists,,-1,,False,False,False,,0.0005,0,64000,26062164,True,False,True,True,False,False,False,author-1,rogue_submerchant
A1-11,E12,rogue_submerchant:entity,S4,card,False,B7,brand:ropriopen.com,True,ALLOW,b7,,-1,,False,False,False,,0.2806,3,64000,26062164,True,False,True,True,False,False,False,author-1,rogue_submerchant
A1-11,E12,rogue_submerchant:entity,S4,card,False,M1-G1,brand:ropriopen.com,True,DENY,pav,path-to-different-entity,-1,,False,False,False,,0.3484,4,64000,26062164,False,False,False,False,False,False,False,author-1,rogue_submerchant
A1-11,E12,rogue_submerchant:entity,S4,card,False,M1,brand:ropriopen.com,True,STEP-UP,route/pav,grammar:AG before principal,-1,,False,False,False,,0.3462,4,64000,26062164,False,False,False,False,False,True,True,author-1,rogue_submerchant
A1-11,E12,rogue_submerchant:entity,S4,card,False,M2,brand:ropriopen.com,True,STEP-UP,route/pav,grammar:AG before principal,-1,,False,False,False,,0.9388,4,64000,26062164,False,False,False,False,False,True,True,author-1,rogue_submerchant
A1-11,E12,rogue_submerchant:entity,S4,card,False,M3,brand:ropriopen.com,True,STEP-UP,route/pav,grammar:AG before principal,-1,,False,False,False,,0.9306,4,64000,26062164,False,False,False,False,False,True,True,author-1,rogue_submerchant
A2-19,E12,scope_abuse:rail,S12,psp_token,False,B1,brand:rionugrus.com,False,ALLOW,curation,,-1,,False,False,False,,0.0011,0,300000,26070526,True,False,True,True,False,False,False,author-2,scope_abuse
A2-19,E12,scope_abuse:rail,S12,psp_token,False,B2,brand:rionugrus.com,False,ALLOW,mandate,,-1,,False,False,False,,0.0005,0,300000,26070526,True,False,True,True,False,False,False,author-2,scope_abuse
A2-19,E12,scope_abuse:rail,S12,psp_token,False,B3,brand:rionugrus.com,False,ALLOW,identity-assertion,,-1,,False,False,False,,0.0006,0,300000,26070526,True,False,True,True,False,False,False,author-2,scope_abuse
A2-19,E12,scope_abuse:rail,S12,psp_token,False,B4,brand:rionugrus.com,False,ALLOW,did-wallet,not-applicable,-1,,False,False,False,,0.0006,0,300000,26070526,True,False,True,True,False,False,False,author-2,scope_abuse
A2-19,E12,scope_abuse:rail,S12,psp_token,False,B5,brand:rionugrus.com,False,ALLOW,vop,not-applicable,-1,,False,False,False,,0.0005,0,300000,26070526,True,False,True,True,False,False,False,author-2,scope_abuse
A2-19,E12,scope_abuse:rail,S12,psp_token,False,B6,brand:rionugrus.com,False,ALLOW,lists,,-1,,False,False,False,,0.0005,0,300000,26070526,True,False,True,True,False,False,False,author-2,scope_abuse
A2-19,E12,scope_abuse:rail,S12,psp_token,False,B7,brand:rionugrus.com,False,STEP-UP,delegation,scope,-1,,False,False,False,,0.5462,6,300000,26070526,False,False,False,False,False,True,True,author-2,scope_abuse
A2-19,E12,scope_abuse:rail,S12,psp_token,False,M1-G1,brand:rionugrus.com,False,STEP-UP,pav,scope,-1,,False,False,False,,0.9114,10,300000,26070526,False,False,False,False,False,True,True,author-2,scope_abuse
A2-19,E12,scope_abuse:rail,S12,psp_token,False,M1,brand:rionugrus.com,False,STEP-UP,route/pav,scope,-1,,False,False,False,,0.8635,10,300000,26070526,False,False,False,False,False,True,True,author-2,scope_abuse
A2-19,E12,scope_abuse:rail,S12,psp_token,False,M2,brand:rionugrus.com,False,STEP-UP,route/pav,scope,-1,,False,False,False,,1.412,10,300000,26070526,False,False,False,False,False,True,True,author-2,scope_abuse
A2-19,E12,scope_abuse:rail,S12,psp_token,False,M3,brand:rionugrus.com,False,STEP-UP,route/pav,scope,-1,,False,False,False,,1.4993,10,300000,26070526,False,False,False,False,False,True,True,author-2,scope_abuse
A2-18,E12,scope_abuse:ceiling,S4,card,False,B1,brand:ropriopen.com,True,ALLOW,curation,,-1,,False,False,False,,0.0007,0,684547,26089529,True,False,True,True,False,False,False,author-2,scope_abuse
A2-18,E12,scope_abuse:ceiling,S4,card,False,B2,brand:ropriopen.com,True,ALLOW,mandate,,-1,,False,False,False,,0.0005,0,684547,26089529,True,False,True,True,False,False,False,author-2,scope_abuse
A2-18,E12,scope_abuse:ceiling,S4,card,False,B3,brand:ropriopen.com,True,ALLOW,identity-assertion,,-1,,False,False,False,,0.0005,0,684547,26089529,True,False,True,True,False,False,False,author-2,scope_abuse
A2-18,E12,scope_abuse:ceiling,S4,card,False,B4,brand:ropriopen.com,True,ALLOW,did-wallet,not-applicable,-1,,False,False,False,,0.0005,0,684547,26089529,True,False,True,True,False,False,False,author-2,scope_abuse
A2-18,E12,scope_abuse:ceiling,S4,card,False,B5,brand:ropriopen.com,True,ALLOW,vop,not-applicable,-1,,False,False,False,,0.0005,0,684547,26089529,True,False,True,True,False,False,False,author-2,scope_abuse
A2-18,E12,scope_abuse:ceiling,S4,card,False,B6,brand:ropriopen.com,True,ALLOW,lists,,-1,,False,False,False,,0.0005,0,684547,26089529,True,False,True,True,False,False,False,author-2,scope_abuse
A2-18,E12,scope_abuse:ceiling,S4,card,False,B7,brand:ropriopen.com,True,STEP-UP,name-anchor,name-mismatch,-1,,False,False,False,,0.0042,0,684547,26089529,False,False,False,False,False,True,True,author-2,scope_abuse
A2-18,E12,scope_abuse:ceiling,S4,card,False,M1-G1,brand:ropriopen.com,True,STEP-UP,pav,scope,-1,,False,False,False,,0.8849,10,684547,26089529,False,False,False,False,False,True,True,author-2,scope_abuse
A2-18,E12,scope_abuse:ceiling,S4,card,False,M1,brand:ropriopen.com,True,STEP-UP,route/pav,scope,-1,,False,False,False,,0.8682,10,684547,26089529,False,False,False,False,False,True,True,author-2,scope_abuse
A2-18,E12,scope_abuse:ceiling,S4,card,False,M2,brand:ropriopen.com,True,STEP-UP,route/pav,scope,-1,,False,False,False,,1.447,10,684547,26089529,False,False,False,False,False,True,True,author-2,scope_abuse
A2-18,E12,scope_abuse:ceiling,S4,card,False,M3,brand:ropriopen.com,True,STEP-UP,route/pav,scope,-1,,False,False,False,,1.4997,10,684547,26089529,False,False,False,False,False,True,True,author-2,scope_abuse
A2-11,E12,rogue_submerchant:none,S4,card,False,B1,brand:rokais.com,False,ALLOW,curation,,-1,,False,False,False,,0.0011,0,39900,26129532,True,False,True,True,False,False,False,author-2,rogue_submerchant
A2-11,E12,rogue_submerchant:none,S4,card,False,B2,brand:rokais.com,False,ALLOW,mandate,,-1,,False,False,False,,0.0005,0,39900,26129532,True,False,True,True,False,False,False,author-2,rogue_submerchant
A2-11,E12,rogue_submerchant:none,S4,card,False,B3,brand:rokais.com,False,STEP-UP,identity-assertion,no-valid-manifest,-1,,False,False,False,,0.0007,0,39900,26129532,False,False,False,False,False,True,True,author-2,rogue_submerchant
A2-11,E12,rogue_submerchant:none,S4,card,False,B4,brand:rokais.com,False,ALLOW,did-wallet,not-applicable,-1,,False,False,False,,0.0006,0,39900,26129532,True,False,True,True,False,False,False,author-2,rogue_submerchant
A2-11,E12,rogue_submerchant:none,S4,card,False,B5,brand:rokais.com,False,ALLOW,vop,not-applicable,-1,,False,False,False,,0.0005,0,39900,26129532,True,False,True,True,False,False,False,author-2,rogue_submerchant
A2-11,E12,rogue_submerchant:none,S4,card,False,B6,brand:rokais.com,False,STEP-UP,agent-judgment,agent-suspicious,-1,,False,False,False,,0.0054,0,39900,26129532,False,False,False,False,False,True,True,author-2,rogue_submerchant
A2-11,E12,rogue_submerchant:none,S4,card,False,B7,brand:rokais.com,False,STEP-UP,identity-assertion,no-valid-manifest,-1,,False,False,False,,0.001,0,39900,26129532,False,False,False,False,False,True,True,author-2,rogue_submerchant
A2-11,E12,rogue_submerchant:none,S4,card,False,M1-G1,brand:rokais.com,False,STEP-UP,pav,no-path,-1,,False,False,False,,0.0043,0,39900,26129532,False,False,False,False,False,True,True,author-2,rogue_submerchant
A2-11,E12,rogue_submerchant:none,S4,card,False,M1,brand:rokais.com,False,STEP-UP,route,no-path,-1,,False,False,False,,0.0022,0,39900,26129532,False,False,False,False,False,True,True,author-2,rogue_submerchant
A2-11,E12,rogue_submerchant:none,S4,card,False,M2,brand:rokais.com,False,STEP-UP,route,no-path,-1,,False,False,False,,0.4272,0,39900,26129532,False,False,False,False,False,True,True,author-2,rogue_submerchant
A2-11,E12,rogue_submerchant:none,S4,card,False,M3,brand:rokais.com,False,STEP-UP,route,no-path,-1,,False,False,False,,0.3359,0,39900,26129532,False,False,False,False,False,True,True,author-2,rogue_submerchant
A1-24,E12,split_view,S1,card,False,B1,brand:claitriond.com,True,ALLOW,curation,,-1,,False,False,False,,0.0012,0,38000,26142781,True,False,True,True,False,False,False,author-1,split_view
A1-24,E12,split_view,S1,card,False,B2,brand:claitriond.com,True,ALLOW,mandate,,-1,,False,False,False,,0.0006,0,38000,26142781,True,False,True,True,False,False,False,author-1,split_view
A1-24,E12,split_view,S1,card,False,B3,brand:claitriond.com,True,ALLOW,identity-assertion,,-1,,False,False,False,,0.0006,0,38000,26142781,True,False,True,True,False,False,False,author-1,split_view
A1-24,E12,split_view,S1,card,False,B4,brand:claitriond.com,True,ALLOW,did-wallet,not-applicable,-1,,False,False,False,,0.0006,0,38000,26142781,True,False,True,True,False,False,False,author-1,split_view
A1-24,E12,split_view,S1,card,False,B5,brand:claitriond.com,True,ALLOW,vop,not-applicable,-1,,False,False,False,,0.0006,0,38000,26142781,True,False,True,True,False,False,False,author-1,split_view
A1-24,E12,split_view,S1,card,False,B6,brand:claitriond.com,True,ALLOW,lists,,-1,,False,False,False,,0.0005,0,38000,26142781,True,False,True,True,False,False,False,author-1,split_view
A1-24,E12,split_view,S1,card,False,B7,brand:claitriond.com,True,ALLOW,b7,,-1,,False,False,False,,0.3467,3,38000,26142781,True,False,True,True,False,False,False,author-1,split_view
A1-24,E12,split_view,S1,card,False,M1-G1,brand:claitriond.com,True,ALLOW,pav,,1,,False,False,False,,0.6472,7,38000,26142781,True,False,True,True,False,False,False,author-1,split_view
A1-24,E12,split_view,S1,card,False,M1,brand:claitriond.com,True,ALLOW,route,,2,,False,False,False,,0.9986,11,38000,26142781,True,False,True,True,False,False,False,author-1,split_view
A1-24,E12,split_view,S1,card,False,M2,brand:claitriond.com,True,STEP-UP,mtl,mtl-equivocation,2,,False,False,False,,1.912,13,38000,26142781,False,False,False,False,False,True,True,author-1,split_view
A1-24,E12,split_view,S1,card,False,M3,brand:claitriond.com,True,STEP-UP,mtl,mtl-equivocation,2,,False,False,False,,1.6445,11,38000,26142781,False,False,False,False,False,True,True,author-1,split_view
A1-21,E12,scope_abuse:rail,S12,psp_token,False,B1,brand:praiprina.co.uk,True,DENY,curation,not-curated,-1,,False,False,False,,0.001,0,60000,26252808,False,False,False,False,False,False,False,author-1,scope_abuse
A1-21,E12,scope_abuse:rail,S12,psp_token,False,B2,brand:praiprina.co.uk,True,ALLOW,mandate,,-1,,False,False,False,,0.0005,0,60000,26252808,True,False,True,True,False,False,False,author-1,scope_abuse
A1-21,E12,scope_abuse:rail,S12,psp_token,False,B3,brand:praiprina.co.uk,True,ALLOW,identity-assertion,,-1,,False,False,False,,0.0006,0,60000,26252808,True,False,True,True,False,False,False,author-1,scope_abuse
A1-21,E12,scope_abuse:rail,S12,psp_token,False,B4,brand:praiprina.co.uk,True,ALLOW,did-wallet,not-applicable,-1,,False,False,False,,0.0005,0,60000,26252808,True,False,True,True,False,False,False,author-1,scope_abuse
A1-21,E12,scope_abuse:rail,S12,psp_token,False,B5,brand:praiprina.co.uk,True,ALLOW,vop,not-applicable,-1,,False,False,False,,0.0005,0,60000,26252808,True,False,True,True,False,False,False,author-1,scope_abuse
A1-21,E12,scope_abuse:rail,S12,psp_token,False,B6,brand:praiprina.co.uk,True,ALLOW,lists,,-1,,False,False,False,,0.0005,0,60000,26252808,True,False,True,True,False,False,False,author-1,scope_abuse
A1-21,E12,scope_abuse:rail,S12,psp_token,False,B7,brand:praiprina.co.uk,True,STEP-UP,delegation,scope,-1,,False,False,False,,0.5886,6,60000,26252808,False,False,False,False,False,True,True,author-1,scope_abuse
A1-21,E12,scope_abuse:rail,S12,psp_token,False,M1-G1,brand:praiprina.co.uk,True,STEP-UP,pav,scope,-1,,False,False,False,,0.9007,10,60000,26252808,False,False,False,False,False,True,True,author-1,scope_abuse
A1-21,E12,scope_abuse:rail,S12,psp_token,False,M1,brand:praiprina.co.uk,True,STEP-UP,route/pav,scope,-1,,False,False,False,,0.9195,10,60000,26252808,False,False,False,False,False,True,True,author-1,scope_abuse
A1-21,E12,scope_abuse:rail,S12,psp_token,False,M2,brand:praiprina.co.uk,True,STEP-UP,route/pav,scope,-1,,False,False,False,,1.5064,10,60000,26252808,False,False,False,False,False,True,True,author-1,scope_abuse
A1-21,E12,scope_abuse:rail,S12,psp_token,False,M3,brand:praiprina.co.uk,True,STEP-UP,route/pav,scope,-1,,False,False,False,,1.438,10,60000,26252808,False,False,False,False,False,True,True,author-1,scope_abuse
A1-08,E12,payee_swap:none,S12,stablecoin,False,B1,brand:priclaiva.com,True,DENY,curation,not-curated,-1,,False,False,False,,0.0011,0,250000,26349273,False,False,False,False,False,False,False,author-1,payee_swap
A1-08,E12,payee_swap:none,S12,stablecoin,False,B2,brand:priclaiva.com,True,ALLOW,mandate,,-1,,False,False,False,,0.0005,0,250000,26349273,True,False,True,True,False,False,False,author-1,payee_swap
A1-08,E12,payee_swap:none,S12,stablecoin,False,B3,brand:priclaiva.com,True,STEP-UP,identity-assertion,no-valid-manifest,-1,,False,False,False,,0.0007,0,250000,26349273,False,False,False,False,False,True,True,author-1,payee_swap
A1-08,E12,payee_swap:none,S12,stablecoin,False,B4,brand:priclaiva.com,True,DENY,did-wallet,wallet-not-bound,-1,,False,False,False,,0.001,0,250000,26349273,False,False,False,False,False,False,False,author-1,payee_swap
A1-08,E12,payee_swap:none,S12,stablecoin,False,B5,brand:priclaiva.com,True,ALLOW,vop,not-applicable,-1,,False,False,False,,0.0007,0,250000,26349273,True,False,True,True,False,False,False,author-1,payee_swap
A1-08,E12,payee_swap:none,S12,stablecoin,False,B6,brand:priclaiva.com,True,ALLOW,lists,,-1,,False,False,False,,0.0005,0,250000,26349273,True,False,True,True,False,False,False,author-1,payee_swap
A1-08,E12,payee_swap:none,S12,stablecoin,False,B7,brand:priclaiva.com,True,STEP-UP,identity-assertion,no-valid-manifest,-1,,False,False,False,,0.0007,0,250000,26349273,False,False,False,False,False,True,True,author-1,payee_swap
A1-08,E12,payee_swap:none,S12,stablecoin,False,M1-G1,brand:priclaiva.com,True,STEP-UP,pav,no-path,-1,,False,False,False,,0.0031,0,250000,26349273,False,False,False,False,False,True,True,author-1,payee_swap
A1-08,E12,payee_swap:none,S12,stablecoin,False,M1,brand:priclaiva.com,True,STEP-UP,route,no-path,-1,,False,False,False,,0.0014,0,250000,26349273,False,False,False,False,False,True,True,author-1,payee_swap
A1-08,E12,payee_swap:none,S12,stablecoin,False,M2,brand:priclaiva.com,True,STEP-UP,route,no-path,-1,,False,False,False,,0.5807,0,250000,26349273,False,False,False,False,False,True,True,author-1,payee_swap
A1-08,E12,payee_swap:none,S12,stablecoin,False,M3,brand:priclaiva.com,True,STEP-UP,route,no-path,-1,,False,False,False,,0.5704,0,250000,26349273,False,False,False,False,False,True,True,author-1,payee_swap
A1-18,E12,revoked_delegation:stale,S4,card,False,B1,brand:briosair.com,False,ALLOW,curation,,-1,,False,False,False,,0.0007,0,133000,26409299,True,False,True,True,False,False,False,author-1,revoked_delegation
A1-18,E12,revoked_delegation:stale,S4,card,False,B2,brand:briosair.com,False,ALLOW,mandate,,-1,,False,False,False,,0.0006,0,133000,26409299,True,False,True,True,False,False,False,author-1,revoked_delegation
A1-18,E12,revoked_delegation:stale,S4,card,False,B3,brand:briosair.com,False,ALLOW,identity-assertion,,-1,,False,False,False,,0.0006,0,133000,26409299,True,False,True,True,False,False,False,author-1,revoked_delegation
A1-18,E12,revoked_delegation:stale,S4,card,False,B4,brand:briosair.com,False,ALLOW,did-wallet,not-applicable,-1,,False,False,False,,0.0005,0,133000,26409299,True,False,True,True,False,False,False,author-1,revoked_delegation
A1-18,E12,revoked_delegation:stale,S4,card,False,B5,brand:briosair.com,False,ALLOW,vop,not-applicable,-1,,False,False,False,,0.0006,0,133000,26409299,True,False,True,True,False,False,False,author-1,revoked_delegation
A1-18,E12,revoked_delegation:stale,S4,card,False,B6,brand:briosair.com,False,ALLOW,lists,,-1,,False,False,False,,0.0005,0,133000,26409299,True,False,True,True,False,False,False,author-1,revoked_delegation
A1-18,E12,revoked_delegation:stale,S4,card,False,B7,brand:briosair.com,False,ALLOW,b7,,-1,,False,False,False,,0.5705,6,133000,26409299,True,False,True,True,False,False,False,author-1,revoked_delegation
A1-18,E12,revoked_delegation:stale,S4,card,False,M1-G1,brand:briosair.com,False,ALLOW,pav,,1,,False,False,False,,0.9587,10,133000,26409299,True,False,True,True,False,False,False,author-1,revoked_delegation
A1-18,E12,revoked_delegation:stale,S4,card,False,M1,brand:briosair.com,False,ALLOW,route,,2,,False,False,False,,1.2338,14,133000,26409299,True,False,True,True,False,False,False,author-1,revoked_delegation
A1-18,E12,revoked_delegation:stale,S4,card,False,M2,brand:briosair.com,False,ALLOW,route,,2,,False,False,False,,2.2483,14,133000,26409299,True,False,True,True,False,False,False,author-1,revoked_delegation
A1-18,E12,revoked_delegation:stale,S4,card,False,M3,brand:briosair.com,False,ALLOW,route,,2,POST,False,False,False,,2.1675,14,133000,26409299,True,False,True,True,False,False,False,author-1,revoked_delegation
A1-16,E12,first_hop_mismatch:transaction-laundering,S4,card,False,B1,brand:rouvaina.com,True,ALLOW,curation,,-1,,False,False,False,,0.0008,0,71000,26422500,True,False,True,True,False,False,False,author-1,first_hop_mismatch
A1-16,E12,first_hop_mismatch:transaction-laundering,S4,card,False,B2,brand:rouvaina.com,True,DENY,mandate,payee-changed-after-signing,-1,,False,False,False,,0.0007,0,71000,26422500,False,False,False,False,False,False,False,author-1,first_hop_mismatch
A1-16,E12,first_hop_mismatch:transaction-laundering,S4,card,False,B3,brand:rouvaina.com,True,ALLOW,identity-assertion,,-1,,False,False,False,,0.0006,0,71000,26422500,True,False,True,True,False,False,False,author-1,first_hop_mismatch
A1-16,E12,first_hop_mismatch:transaction-laundering,S4,card,False,B4,brand:rouvaina.com,True,ALLOW,did-wallet,not-applicable,-1,,False,False,False,,0.0006,0,71000,26422500,True,False,True,True,False,False,False,author-1,first_hop_mismatch
A1-16,E12,first_hop_mismatch:transaction-laundering,S4,card,False,B5,brand:rouvaina.com,True,ALLOW,vop,not-applicable,-1,,False,False,False,,0.0005,0,71000,26422500,True,False,True,True,False,False,False,author-1,first_hop_mismatch
A1-16,E12,first_hop_mismatch:transaction-laundering,S4,card,False,B6,brand:rouvaina.com,True,ALLOW,lists,,-1,,False,False,False,,0.0007,0,71000,26422500,True,False,True,True,False,False,False,author-1,first_hop_mismatch
A1-16,E12,first_hop_mismatch:transaction-laundering,S4,card,False,B7,brand:rouvaina.com,True,DENY,mandate,payee-changed-after-signing,-1,,False,False,False,,0.0038,0,71000,26422500,False,False,False,False,False,False,False,author-1,first_hop_mismatch
A1-16,E12,first_hop_mismatch:transaction-laundering,S4,card,False,M1-G1,brand:rouvaina.com,True,ALLOW,pav,,1,,False,False,False,,0.6345,7,71000,26422500,True,False,True,True,False,False,False,author-1,first_hop_mismatch
A1-16,E12,first_hop_mismatch:transaction-laundering,S4,card,False,M1,brand:rouvaina.com,True,ALLOW,route,,2,,False,False,False,,0.9887,11,71000,26422500,True,False,True,True,False,False,False,author-1,first_hop_mismatch
A1-16,E12,first_hop_mismatch:transaction-laundering,S4,card,False,M2,brand:rouvaina.com,True,ALLOW,route,,2,,False,False,False,,1.9946,11,71000,26422500,True,False,True,True,False,False,False,author-1,first_hop_mismatch
A1-16,E12,first_hop_mismatch:transaction-laundering,S4,card,False,M3,brand:rouvaina.com,True,ALLOW,route,,2,POST,True,True,False,first-hop,2.0308,11,71000,26422500,True,False,True,False,False,False,False,author-1,first_hop_mismatch
A2-03,E12,lookalike,S9,card,False,B1,brand:louquaina.com,True,ALLOW,curation,,-1,,False,False,False,,0.0009,0,31500,26444512,True,False,True,True,False,False,False,author-2,lookalike
A2-03,E12,lookalike,S9,card,False,B2,brand:louquaina.com,True,ALLOW,mandate,,-1,,False,False,False,,0.0006,0,31500,26444512,True,False,True,True,False,False,False,author-2,lookalike
A2-03,E12,lookalike,S9,card,False,B3,brand:louquaina.com,True,ALLOW,identity-assertion,,-1,,False,False,False,,0.0007,0,31500,26444512,True,False,True,True,False,False,False,author-2,lookalike
A2-03,E12,lookalike,S9,card,False,B4,brand:louquaina.com,True,ALLOW,did-wallet,not-applicable,-1,,False,False,False,,0.0006,0,31500,26444512,True,False,True,True,False,False,False,author-2,lookalike
A2-03,E12,lookalike,S9,card,False,B5,brand:louquaina.com,True,ALLOW,vop,not-applicable,-1,,False,False,False,,0.0005,0,31500,26444512,True,False,True,True,False,False,False,author-2,lookalike
A2-03,E12,lookalike,S9,card,False,B6,brand:louquaina.com,True,ALLOW,lists,,-1,,False,False,False,,0.0005,0,31500,26444512,True,False,True,True,False,False,False,author-2,lookalike
A2-03,E12,lookalike,S9,card,False,B7,brand:louquaina.com,True,ALLOW,b7,,-1,,False,False,False,,0.2869,3,31500,26444512,True,False,True,True,False,False,False,author-2,lookalike
A2-03,E12,lookalike,S9,card,False,M1-G1,brand:louquaina.com,True,ALLOW,pav,,1,,False,False,False,,0.6142,7,31500,26444512,True,False,True,True,False,False,False,author-2,lookalike
A2-03,E12,lookalike,S9,card,False,M1,brand:louquaina.com,True,ALLOW,route,,2,,False,False,False,,0.9563,11,31500,26444512,True,False,True,True,False,False,False,author-2,lookalike
A2-03,E12,lookalike,S9,card,False,M2,brand:louquaina.com,True,DENY,route/pav,path-to-different-entity,-1,,False,False,False,,1.136,7,31500,26444512,False,False,False,False,False,False,False,author-2,lookalike
A2-03,E12,lookalike,S9,card,False,M3,brand:louquaina.com,True,DENY,route/pav,path-to-different-entity,-1,,False,False,False,,1.1401,7,31500,26444512,False,False,False,False,False,False,False,author-2,lookalike
A2-25,E12,irreversible_revocation:late-revocation,S12,stablecoin,False,B1,brand:praiprina.co.uk,True,ALLOW,curation,,-1,,False,False,False,,0.001,0,60000,26472052,True,False,True,True,False,False,False,author-2,irreversible_revocation
A2-25,E12,irreversible_revocation:late-revocation,S12,stablecoin,False,B2,brand:praiprina.co.uk,True,ALLOW,mandate,,-1,,False,False,False,,0.0005,0,60000,26472052,True,False,True,True,False,False,False,author-2,irreversible_revocation
A2-25,E12,irreversible_revocation:late-revocation,S12,stablecoin,False,B3,brand:praiprina.co.uk,True,ALLOW,identity-assertion,,-1,,False,False,False,,0.0005,0,60000,26472052,True,False,True,True,False,False,False,author-2,irreversible_revocation
A2-25,E12,irreversible_revocation:late-revocation,S12,stablecoin,False,B4,brand:praiprina.co.uk,True,DENY,did-wallet,wallet-not-bound,-1,,False,False,False,,0.001,0,60000,26472052,False,False,False,False,False,False,False,author-2,irreversible_revocation
A2-25,E12,irreversible_revocation:late-revocation,S12,stablecoin,False,B5,brand:praiprina.co.uk,True,ALLOW,vop,not-applicable,-1,,False,False,False,,0.0005,0,60000,26472052,True,False,True,True,False,False,False,author-2,irreversible_revocation
A2-25,E12,irreversible_revocation:late-revocation,S12,stablecoin,False,B6,brand:praiprina.co.uk,True,ALLOW,lists,,-1,,False,False,False,,0.0005,0,60000,26472052,True,False,True,True,False,False,False,author-2,irreversible_revocation
A2-25,E12,irreversible_revocation:late-revocation,S12,stablecoin,False,B7,brand:praiprina.co.uk,True,DENY,did-wallet,wallet-not-bound,-1,,False,False,False,,0.0029,0,60000,26472052,False,False,False,False,False,False,False,author-2,irreversible_revocation
A2-25,E12,irreversible_revocation:late-revocation,S12,stablecoin,False,M1-G1,brand:praiprina.co.uk,True,ALLOW,pav,,1,,False,False,False,,0.9707,7,60000,26472052,True,False,True,True,False,False,False,author-2,irreversible_revocation
A2-25,E12,irreversible_revocation:late-revocation,S12,stablecoin,False,M1,brand:praiprina.co.uk,True,ALLOW,route,,2,,False,False,False,,0.6727,7,60000,26472052,True,False,True,True,False,False,False,author-2,irreversible_revocation
A2-25,E12,irreversible_revocation:late-revocation,S12,stablecoin,False,M2,brand:praiprina.co.uk,True,ALLOW,route,,2,,False,False,False,,1.6369,7,60000,26472052,True,False,True,True,False,False,False,author-2,irreversible_revocation
A2-25,E12,irreversible_revocation:late-revocation,S12,stablecoin,False,M3,brand:praiprina.co.uk,True,ALLOW,route,,2,ESCROW,True,True,False,late-evidence,4.6653,7,60000,26472052,True,False,True,False,False,False,False,author-2,irreversible_revocation
A2-10,E12,rogue_submerchant:entity,S4,card,False,B1,brand:zoufleast.com,True,ALLOW,curation,,-1,,False,False,False,,0.0009,0,74000,26481277,True,False,True,True,False,False,False,author-2,rogue_submerchant
A2-10,E12,rogue_submerchant:entity,S4,card,False,B2,brand:zoufleast.com,True,ALLOW,mandate,,-1,,False,False,False,,0.0006,0,74000,26481277,True,False,True,True,False,False,False,author-2,rogue_submerchant
A2-10,E12,rogue_submerchant:entity,S4,card,False,B3,brand:zoufleast.com,True,ALLOW,identity-assertion,,-1,,False,False,False,,0.0006,0,74000,26481277,True,False,True,True,False,False,False,author-2,rogue_submerchant
A2-10,E12,rogue_submerchant:entity,S4,card,False,B4,brand:zoufleast.com,True,ALLOW,did-wallet,not-applicable,-1,,False,False,False,,0.0005,0,74000,26481277,True,False,True,True,False,False,False,author-2,rogue_submerchant
A2-10,E12,rogue_submerchant:entity,S4,card,False,B5,brand:zoufleast.com,True,ALLOW,vop,not-applicable,-1,,False,False,False,,0.0005,0,74000,26481277,True,False,True,True,False,False,False,author-2,rogue_submerchant
A2-10,E12,rogue_submerchant:entity,S4,card,False,B6,brand:zoufleast.com,True,ALLOW,lists,,-1,,False,False,False,,0.0005,0,74000,26481277,True,False,True,True,False,False,False,author-2,rogue_submerchant
A2-10,E12,rogue_submerchant:entity,S4,card,False,B7,brand:zoufleast.com,True,ALLOW,b7,,-1,,False,False,False,,0.3028,3,74000,26481277,True,False,True,True,False,False,False,author-2,rogue_submerchant
A2-10,E12,rogue_submerchant:entity,S4,card,False,M1-G1,brand:zoufleast.com,True,DENY,pav,path-to-different-entity,-1,,False,False,False,,0.3525,4,74000,26481277,False,False,False,False,False,False,False,author-2,rogue_submerchant
A2-10,E12,rogue_submerchant:entity,S4,card,False,M1,brand:zoufleast.com,True,STEP-UP,route/pav,grammar:AG before principal,-1,,False,False,False,,0.345,4,74000,26481277,False,False,False,False,False,True,True,author-2,rogue_submerchant
A2-10,E12,rogue_submerchant:entity,S4,card,False,M2,brand:zoufleast.com,True,STEP-UP,route/pav,grammar:AG before principal,-1,,False,False,False,,0.5594,4,74000,26481277,False,False,False,False,False,True,True,author-2,rogue_submerchant
A2-10,E12,rogue_submerchant:entity,S4,card,False,M3,brand:zoufleast.com,True,STEP-UP,route/pav,grammar:AG before principal,-1,,False,False,False,,0.5428,4,74000,26481277,False,False,False,False,False,True,True,author-2,rogue_submerchant
A1-13,E12,processor_payout_change,S4,card,False,B1,brand:duquark.co.uk,True,ALLOW,curation,,-1,,False,False,False,,0.0009,0,45000,26576874,True,False,True,True,False,False,False,author-1,processor_payout_change
A1-13,E12,processor_payout_change,S4,card,False,B2,brand:duquark.co.uk,True,ALLOW,mandate,,-1,,False,False,False,,0.0005,0,45000,26576874,True,False,True,True,False,False,False,author-1,processor_payout_change
A1-13,E12,processor_payout_change,S4,card,False,B3,brand:duquark.co.uk,True,ALLOW,identity-assertion,,-1,,False,False,False,,0.0005,0,45000,26576874,True,False,True,True,False,False,False,author-1,processor_payout_change
A1-13,E12,processor_payout_change,S4,card,False,B4,brand:duquark.co.uk,True,ALLOW,did-wallet,not-applicable,-1,,False,False,False,,0.0005,0,45000,26576874,True,False,True,True,False,False,False,author-1,processor_payout_change
A1-13,E12,processor_payout_change,S4,card,False,B5,brand:duquark.co.uk,True,ALLOW,vop,not-applicable,-1,,False,False,False,,0.0005,0,45000,26576874,True,False,True,True,False,False,False,author-1,processor_payout_change
A1-13,E12,processor_payout_change,S4,card,False,B6,brand:duquark.co.uk,True,ALLOW,lists,,-1,,False,False,False,,0.0005,0,45000,26576874,True,False,True,True,False,False,False,author-1,processor_payout_change
A1-13,E12,processor_payout_change,S4,card,False,B7,brand:duquark.co.uk,True,ALLOW,b7,,-1,,False,False,False,,0.2779,3,45000,26576874,True,False,True,True,False,False,False,author-1,processor_payout_change
A1-13,E12,processor_payout_change,S4,card,False,M1-G1,brand:duquark.co.uk,True,ALLOW,pav,,1,,False,False,False,,0.6193,7,45000,26576874,True,False,True,True,False,False,False,author-1,processor_payout_change
A1-13,E12,processor_payout_change,S4,card,False,M1,brand:duquark.co.uk,True,DENY,route,grammar:terminal subject discontinuity,1,,False,False,False,,0.9864,11,45000,26576874,False,False,False,False,False,False,False,author-1,processor_payout_change
A1-13,E12,processor_payout_change,S4,card,False,M2,brand:duquark.co.uk,True,DENY,route,grammar:terminal subject discontinuity,1,,False,False,False,,1.4919,11,45000,26576874,False,False,False,False,False,False,False,author-1,processor_payout_change
A1-13,E12,processor_payout_change,S4,card,False,M3,brand:duquark.co.uk,True,DENY,route,grammar:terminal subject discontinuity,1,,False,False,False,,1.5163,11,45000,26576874,False,False,False,False,False,False,False,author-1,processor_payout_change
A2-23,E12,split_view,S1,card,False,B1,brand:stusazis.in,False,ALLOW,curation,,-1,,False,False,False,,0.0008,0,700000,26578744,True,False,True,True,False,False,False,author-2,split_view
A2-23,E12,split_view,S1,card,False,B2,brand:stusazis.in,False,ALLOW,mandate,,-1,,False,False,False,,0.0005,0,700000,26578744,True,False,True,True,False,False,False,author-2,split_view
A2-23,E12,split_view,S1,card,False,B3,brand:stusazis.in,False,ALLOW,identity-assertion,,-1,,False,False,False,,0.0005,0,700000,26578744,True,False,True,True,False,False,False,author-2,split_view
A2-23,E12,split_view,S1,card,False,B4,brand:stusazis.in,False,ALLOW,did-wallet,not-applicable,-1,,False,False,False,,0.0005,0,700000,26578744,True,False,True,True,False,False,False,author-2,split_view
A2-23,E12,split_view,S1,card,False,B5,brand:stusazis.in,False,ALLOW,vop,not-applicable,-1,,False,False,False,,0.0005,0,700000,26578744,True,False,True,True,False,False,False,author-2,split_view
A2-23,E12,split_view,S1,card,False,B6,brand:stusazis.in,False,ALLOW,lists,,-1,,False,False,False,,0.0005,0,700000,26578744,True,False,True,True,False,False,False,author-2,split_view
A2-23,E12,split_view,S1,card,False,B7,brand:stusazis.in,False,ALLOW,b7,,-1,,False,False,False,,0.2768,3,700000,26578744,True,False,True,True,False,False,False,author-2,split_view
A2-23,E12,split_view,S1,card,False,M1-G1,brand:stusazis.in,False,ALLOW,pav,,1,,False,False,False,,0.6077,7,700000,26578744,True,False,True,True,False,False,False,author-2,split_view
A2-23,E12,split_view,S1,card,False,M1,brand:stusazis.in,False,ALLOW,route,,2,,False,False,False,,1.1049,11,700000,26578744,True,False,True,True,False,False,False,author-2,split_view
A2-23,E12,split_view,S1,card,False,M2,brand:stusazis.in,False,STEP-UP,mtl,mtl-equivocation,2,,False,False,False,,1.4688,13,700000,26578744,False,False,False,False,False,True,True,author-2,split_view
A2-23,E12,split_view,S1,card,False,M3,brand:stusazis.in,False,STEP-UP,mtl,mtl-equivocation,2,,False,False,False,,1.1161,11,700000,26578744,False,False,False,False,False,True,True,author-2,split_view
A1-19,E12,revoked_delegation:fresh,S3,card,False,B1,brand:tasoutrol.com,False,ALLOW,curation,,-1,,False,False,False,,0.0008,0,15000,26633088,True,False,True,True,False,False,False,author-1,revoked_delegation
A1-19,E12,revoked_delegation:fresh,S3,card,False,B2,brand:tasoutrol.com,False,ALLOW,mandate,,-1,,False,False,False,,0.0005,0,15000,26633088,True,False,True,True,False,False,False,author-1,revoked_delegation
A1-19,E12,revoked_delegation:fresh,S3,card,False,B3,brand:tasoutrol.com,False,ALLOW,identity-assertion,,-1,,False,False,False,,0.0005,0,15000,26633088,True,False,True,True,False,False,False,author-1,revoked_delegation
A1-19,E12,revoked_delegation:fresh,S3,card,False,B4,brand:tasoutrol.com,False,ALLOW,did-wallet,not-applicable,-1,,False,False,False,,0.0005,0,15000,26633088,True,False,True,True,False,False,False,author-1,revoked_delegation
A1-19,E12,revoked_delegation:fresh,S3,card,False,B5,brand:tasoutrol.com,False,ALLOW,vop,not-applicable,-1,,False,False,False,,0.0005,0,15000,26633088,True,False,True,True,False,False,False,author-1,revoked_delegation
A1-19,E12,revoked_delegation:fresh,S3,card,False,B6,brand:tasoutrol.com,False,ALLOW,lists,,-1,,False,False,False,,0.0006,0,15000,26633088,True,False,True,True,False,False,False,author-1,revoked_delegation
A1-19,E12,revoked_delegation:fresh,S3,card,False,B7,brand:tasoutrol.com,False,STEP-UP,delegation,revoked,-1,,False,False,False,,0.2818,3,15000,26633088,False,False,False,False,False,True,True,author-1,revoked_delegation
A1-19,E12,revoked_delegation:fresh,S3,card,False,M1-G1,brand:tasoutrol.com,False,STEP-UP,pav,revoked,-1,,False,False,False,,0.611,7,15000,26633088,False,False,False,False,False,True,True,author-1,revoked_delegation
A1-19,E12,revoked_delegation:fresh,S3,card,False,M1,brand:tasoutrol.com,False,STEP-UP,route/pav,revoked,-1,,False,False,False,,0.6045,7,15000,26633088,False,False,False,False,False,True,True,author-1,revoked_delegation
A1-19,E12,revoked_delegation:fresh,S3,card,False,M2,brand:tasoutrol.com,False,STEP-UP,route/pav,revoked,-1,,False,False,False,,1.2371,7,15000,26633088,False,False,False,False,False,True,True,author-1,revoked_delegation
A1-19,E12,revoked_delegation:fresh,S3,card,False,M3,brand:tasoutrol.com,False,STEP-UP,route/pav,revoked,-1,,False,False,False,,1.2031,7,15000,26633088,False,False,False,False,False,True,True,author-1,revoked_delegation
A2-24,E12,irreversible_revocation:stale-authority,S2,a2a_instant,False,B1,brand:trodijiion.com,True,ALLOW,curation,,-1,,False,False,False,,0.0007,0,125000,26667444,True,False,True,True,False,False,False,author-2,irreversible_revocation
A2-24,E12,irreversible_revocation:stale-authority,S2,a2a_instant,False,B2,brand:trodijiion.com,True,ALLOW,mandate,,-1,,False,False,False,,0.0005,0,125000,26667444,True,False,True,True,False,False,False,author-2,irreversible_revocation
A2-24,E12,irreversible_revocation:stale-authority,S2,a2a_instant,False,B3,brand:trodijiion.com,True,ALLOW,identity-assertion,,-1,,False,False,False,,0.0005,0,125000,26667444,True,False,True,True,False,False,False,author-2,irreversible_revocation
A2-24,E12,irreversible_revocation:stale-authority,S2,a2a_instant,False,B4,brand:trodijiion.com,True,ALLOW,did-wallet,not-applicable,-1,,False,False,False,,0.0005,0,125000,26667444,True,False,True,True,False,False,False,author-2,irreversible_revocation
A2-24,E12,irreversible_revocation:stale-authority,S2,a2a_instant,False,B5,brand:trodijiion.com,True,ALLOW,vop,,-1,,False,False,False,,0.0093,0,125000,26667444,True,False,True,True,False,False,False,author-2,irreversible_revocation
A2-24,E12,irreversible_revocation:stale-authority,S2,a2a_instant,False,B6,brand:trodijiion.com,True,ALLOW,lists,,-1,,False,False,False,,0.0005,0,125000,26667444,True,False,True,True,False,False,False,author-2,irreversible_revocation
A2-24,E12,irreversible_revocation:stale-authority,S2,a2a_instant,False,B7,brand:trodijiion.com,True,ALLOW,b7,,-1,,False,False,False,,0.2771,3,125000,26667444,True,False,True,True,False,False,False,author-2,irreversible_revocation
A2-24,E12,irreversible_revocation:stale-authority,S2,a2a_instant,False,M1-G1,brand:trodijiion.com,True,ALLOW,pav,,1,,False,False,False,,0.6313,7,125000,26667444,True,False,True,True,False,False,False,author-2,irreversible_revocation
A2-24,E12,irreversible_revocation:stale-authority,S2,a2a_instant,False,M1,brand:trodijiion.com,True,ALLOW,route,,2,,False,False,False,,0.6062,7,125000,26667444,True,False,True,True,False,False,False,author-2,irreversible_revocation
A2-24,E12,irreversible_revocation:stale-authority,S2,a2a_instant,False,M2,brand:trodijiion.com,True,ALLOW,route,,2,,False,False,False,,1.6892,7,125000,26667444,True,False,True,True,False,False,False,author-2,irreversible_revocation
A2-24,E12,irreversible_revocation:stale-authority,S2,a2a_instant,False,M3,brand:trodijiion.com,True,STEP-UP,route/pav,status-stale,-1,,False,False,False,,1.0047,4,125000,26667444,False,False,False,False,False,True,True,author-2,irreversible_revocation
A1-17,E12,first_hop_mismatch:acquirer-swap,S1,card,False,B1,brand:vioton.com,True,ALLOW,curation,,-1,,False,False,False,,0.0008,0,4900,26711110,True,False,True,True,False,False,False,author-1,first_hop_mismatch
A1-17,E12,first_hop_mismatch:acquirer-swap,S1,card,False,B2,brand:vioton.com,True,ALLOW,mandate,,-1,,False,False,False,,0.0005,0,4900,26711110,True,False,True,True,False,False,False,author-1,first_hop_mismatch
A1-17,E12,first_hop_mismatch:acquirer-swap,S1,card,False,B3,brand:vioton.com,True,ALLOW,identity-assertion,,-1,,False,False,False,,0.0005,0,4900,26711110,True,False,True,True,False,False,False,author-1,first_hop_mismatch
A1-17,E12,first_hop_mismatch:acquirer-swap,S1,card,False,B4,brand:vioton.com,True,ALLOW,did-wallet,not-applicable,-1,,False,False,False,,0.0005,0,4900,26711110,True,False,True,True,False,False,False,author-1,first_hop_mismatch
A1-17,E12,first_hop_mismatch:acquirer-swap,S1,card,False,B5,brand:vioton.com,True,ALLOW,vop,not-applicable,-1,,False,False,False,,0.0005,0,4900,26711110,True,False,True,True,False,False,False,author-1,first_hop_mismatch
A1-17,E12,first_hop_mismatch:acquirer-swap,S1,card,False,B6,brand:vioton.com,True,ALLOW,lists,,-1,,False,False,False,,0.0005,0,4900,26711110,True,False,True,True,False,False,False,author-1,first_hop_mismatch
A1-17,E12,first_hop_mismatch:acquirer-swap,S1,card,False,B7,brand:vioton.com,True,ALLOW,b7,,-1,,False,False,False,,0.2789,3,4900,26711110,True,False,True,True,False,False,False,author-1,first_hop_mismatch
A1-17,E12,first_hop_mismatch:acquirer-swap,S1,card,False,M1-G1,brand:vioton.com,True,ALLOW,pav,,1,,False,False,False,,0.6086,7,4900,26711110,True,False,True,True,False,False,False,author-1,first_hop_mismatch
A1-17,E12,first_hop_mismatch:acquirer-swap,S1,card,False,M1,brand:vioton.com,True,ALLOW,route,,2,,False,False,False,,0.9567,11,4900,26711110,True,False,True,True,False,False,False,author-1,first_hop_mismatch
A1-17,E12,first_hop_mismatch:acquirer-swap,S1,card,False,M2,brand:vioton.com,True,ALLOW,route,,2,,False,False,False,,1.8533,11,4900,26711110,True,False,True,True,False,False,False,author-1,first_hop_mismatch
A1-17,E12,first_hop_mismatch:acquirer-swap,S1,card,False,M3,brand:vioton.com,True,ALLOW,route,,2,POST,True,True,False,first-hop,1.9344,11,4900,26711110,True,False,True,False,False,False,False,author-1,first_hop_mismatch
A1-26,E12,irreversible_revocation:stale-authority,S2,a2a_instant,False,B1,brand:cluclark.com,False,ALLOW,curation,,-1,,False,False,False,,0.001,0,275000,26906664,True,False,True,True,False,False,False,author-1,irreversible_revocation
A1-26,E12,irreversible_revocation:stale-authority,S2,a2a_instant,False,B2,brand:cluclark.com,False,ALLOW,mandate,,-1,,False,False,False,,0.0005,0,275000,26906664,True,False,True,True,False,False,False,author-1,irreversible_revocation
A1-26,E12,irreversible_revocation:stale-authority,S2,a2a_instant,False,B3,brand:cluclark.com,False,ALLOW,identity-assertion,,-1,,False,False,False,,0.0006,0,275000,26906664,True,False,True,True,False,False,False,author-1,irreversible_revocation
A1-26,E12,irreversible_revocation:stale-authority,S2,a2a_instant,False,B4,brand:cluclark.com,False,ALLOW,did-wallet,not-applicable,-1,,False,False,False,,0.0006,0,275000,26906664,True,False,True,True,False,False,False,author-1,irreversible_revocation
A1-26,E12,irreversible_revocation:stale-authority,S2,a2a_instant,False,B5,brand:cluclark.com,False,ALLOW,vop,,-1,,False,False,False,,0.0033,0,275000,26906664,True,False,True,True,False,False,False,author-1,irreversible_revocation
A1-26,E12,irreversible_revocation:stale-authority,S2,a2a_instant,False,B6,brand:cluclark.com,False,ALLOW,lists,,-1,,False,False,False,,0.0005,0,275000,26906664,True,False,True,True,False,False,False,author-1,irreversible_revocation
A1-26,E12,irreversible_revocation:stale-authority,S2,a2a_instant,False,B7,brand:cluclark.com,False,ALLOW,b7,,-1,,False,False,False,,0.2965,3,275000,26906664,True,False,True,True,False,False,False,author-1,irreversible_revocation
A1-26,E12,irreversible_revocation:stale-authority,S2,a2a_instant,False,M1-G1,brand:cluclark.com,False,ALLOW,pav,,1,,False,False,False,,0.6125,7,275000,26906664,True,False,True,True,False,False,False,author-1,irreversible_revocation
A1-26,E12,irreversible_revocation:stale-authority,S2,a2a_instant,False,M1,brand:cluclark.com,False,ALLOW,route,,2,,False,False,False,,0.6034,7,275000,26906664,True,False,True,True,False,False,False,author-1,irreversible_revocation
A1-26,E12,irreversible_revocation:stale-authority,S2,a2a_instant,False,M2,brand:cluclark.com,False,ALLOW,route,,2,,False,False,False,,1.4646,7,275000,26906664,True,False,True,True,False,False,False,author-1,irreversible_revocation
A1-26,E12,irreversible_revocation:stale-authority,S2,a2a_instant,False,M3,brand:cluclark.com,False,STEP-UP,route/pav,status-stale,-1,,False,False,False,,0.8763,4,275000,26906664,False,False,False,False,False,True,True,author-1,irreversible_revocation
A1-23,E12,fresh_fake_delegation:patient,S3,card,True,B1,brand:clealova.com,False,ALLOW,curation,,-1,,False,False,False,,0.0009,0,210000,26964154,True,False,True,True,False,False,False,author-1,fresh_fake_delegation
A1-23,E12,fresh_fake_delegation:patient,S3,card,True,B2,brand:clealova.com,False,ALLOW,mandate,,-1,,False,False,False,,0.0005,0,210000,26964154,True,False,True,True,False,False,False,author-1,fresh_fake_delegation
A1-23,E12,fresh_fake_delegation:patient,S3,card,True,B3,brand:clealova.com,False,ALLOW,identity-assertion,,-1,,False,False,False,,0.0006,0,210000,26964154,True,False,True,True,False,False,False,author-1,fresh_fake_delegation
A1-23,E12,fresh_fake_delegation:patient,S3,card,True,B4,brand:clealova.com,False,ALLOW,did-wallet,not-applicable,-1,,False,False,False,,0.0006,0,210000,26964154,True,False,True,True,False,False,False,author-1,fresh_fake_delegation
A1-23,E12,fresh_fake_delegation:patient,S3,card,True,B5,brand:clealova.com,False,ALLOW,vop,not-applicable,-1,,False,False,False,,0.0005,0,210000,26964154,True,False,True,True,False,False,False,author-1,fresh_fake_delegation
A1-23,E12,fresh_fake_delegation:patient,S3,card,True,B6,brand:clealova.com,False,ALLOW,lists,,-1,,False,False,False,,0.0005,0,210000,26964154,True,False,True,True,False,False,False,author-1,fresh_fake_delegation
A1-23,E12,fresh_fake_delegation:patient,S3,card,True,B7,brand:clealova.com,False,STEP-UP,name-anchor,name-mismatch,-1,,False,False,False,,0.0043,0,210000,26964154,False,False,False,False,False,True,True,author-1,fresh_fake_delegation
A1-23,E12,fresh_fake_delegation:patient,S3,card,True,M1-G1,brand:clealova.com,False,ALLOW,pav,,1,,False,False,False,,0.6275,7,210000,26964154,True,False,True,True,False,False,False,author-1,fresh_fake_delegation
A1-23,E12,fresh_fake_delegation:patient,S3,card,True,M1,brand:clealova.com,False,ALLOW,route,,2,,False,False,False,,0.9645,11,210000,26964154,True,False,True,True,False,False,False,author-1,fresh_fake_delegation
A1-23,E12,fresh_fake_delegation:patient,S3,card,True,M2,brand:clealova.com,False,ALLOW,route,,2,,False,False,False,,1.8851,11,210000,26964154,True,False,True,True,False,False,False,author-1,fresh_fake_delegation
A1-23,E12,fresh_fake_delegation:patient,S3,card,True,M3,brand:clealova.com,False,ALLOW,route,,2,POST,False,False,False,,1.8312,11,210000,26964154,True,False,True,True,False,False,False,author-1,fresh_fake_delegation
A1-12,E12,processor_payout_change,S1,card,False,B1,brand:gronara.com,True,ALLOW,curation,,-1,,False,False,False,,0.0009,0,99000,26975942,True,False,True,True,False,False,False,author-1,processor_payout_change
A1-12,E12,processor_payout_change,S1,card,False,B2,brand:gronara.com,True,ALLOW,mandate,,-1,,False,False,False,,0.0005,0,99000,26975942,True,False,True,True,False,False,False,author-1,processor_payout_change
A1-12,E12,processor_payout_change,S1,card,False,B3,brand:gronara.com,True,ALLOW,identity-assertion,,-1,,False,False,False,,0.0005,0,99000,26975942,True,False,True,True,False,False,False,author-1,processor_payout_change
A1-12,E12,processor_payout_change,S1,card,False,B4,brand:gronara.com,True,ALLOW,did-wallet,not-applicable,-1,,False,False,False,,0.0005,0,99000,26975942,True,False,True,True,False,False,False,author-1,processor_payout_change
A1-12,E12,processor_payout_change,S1,card,False,B5,brand:gronara.com,True,ALLOW,vop,not-applicable,-1,,False,False,False,,0.0005,0,99000,26975942,True,False,True,True,False,False,False,author-1,processor_payout_change
A1-12,E12,processor_payout_change,S1,card,False,B6,brand:gronara.com,True,ALLOW,lists,,-1,,False,False,False,,0.0005,0,99000,26975942,True,False,True,True,False,False,False,author-1,processor_payout_change
A1-12,E12,processor_payout_change,S1,card,False,B7,brand:gronara.com,True,ALLOW,b7,,-1,,False,False,False,,0.282,3,99000,26975942,True,False,True,True,False,False,False,author-1,processor_payout_change
A1-12,E12,processor_payout_change,S1,card,False,M1-G1,brand:gronara.com,True,ALLOW,pav,,1,,False,False,False,,0.6335,7,99000,26975942,True,False,True,True,False,False,False,author-1,processor_payout_change
A1-12,E12,processor_payout_change,S1,card,False,M1,brand:gronara.com,True,DENY,route,grammar:terminal subject discontinuity,1,,False,False,False,,0.9588,11,99000,26975942,False,False,False,False,False,False,False,author-1,processor_payout_change
A1-12,E12,processor_payout_change,S1,card,False,M2,brand:gronara.com,True,STEP-UP,cba,cba-domain-identity-age,-1,,False,False,False,,0.4612,0,99000,26975942,False,False,False,False,False,True,True,author-1,processor_payout_change
A1-12,E12,processor_payout_change,S1,card,False,M3,brand:gronara.com,True,STEP-UP,cba,cba-domain-identity-age,-1,,False,False,False,,0.4378,0,99000,26975942,False,False,False,False,False,True,True,author-1,processor_payout_change
A2-02,E12,custodian_redirect,S3,card,False,B1,brand:flugruion.com,False,ALLOW,curation,,-1,,False,False,False,,0.0017,0,42000,26981140,True,False,True,True,False,False,False,author-2,custodian_redirect
A2-02,E12,custodian_redirect,S3,card,False,B2,brand:flugruion.com,False,ALLOW,mandate,,-1,,False,False,False,,0.0008,0,42000,26981140,True,False,True,True,False,False,False,author-2,custodian_redirect
A2-02,E12,custodian_redirect,S3,card,False,B3,brand:flugruion.com,False,ALLOW,identity-assertion,,-1,,False,False,False,,0.0007,0,42000,26981140,True,False,True,True,False,False,False,author-2,custodian_redirect
A2-02,E12,custodian_redirect,S3,card,False,B4,brand:flugruion.com,False,ALLOW,did-wallet,not-applicable,-1,,False,False,False,,0.0006,0,42000,26981140,True,False,True,True,False,False,False,author-2,custodian_redirect
A2-02,E12,custodian_redirect,S3,card,False,B5,brand:flugruion.com,False,ALLOW,vop,not-applicable,-1,,False,False,False,,0.0005,0,42000,26981140,True,False,True,True,False,False,False,author-2,custodian_redirect
A2-02,E12,custodian_redirect,S3,card,False,B6,brand:flugruion.com,False,ALLOW,lists,,-1,,False,False,False,,0.0005,0,42000,26981140,True,False,True,True,False,False,False,author-2,custodian_redirect
A2-02,E12,custodian_redirect,S3,card,False,B7,brand:flugruion.com,False,ALLOW,b7,,-1,,False,False,False,,0.4975,5,42000,26981140,True,False,True,True,False,False,False,author-2,custodian_redirect
A2-02,E12,custodian_redirect,S3,card,False,M1-G1,brand:flugruion.com,False,ALLOW,pav,,1,,False,False,False,,0.7995,9,42000,26981140,True,False,True,True,False,False,False,author-2,custodian_redirect
A2-02,E12,custodian_redirect,S3,card,False,M1,brand:flugruion.com,False,ALLOW,route,,2,,False,False,False,,1.491,17,42000,26981140,True,False,True,True,False,False,False,author-2,custodian_redirect
A2-02,E12,custodian_redirect,S3,card,False,M2,brand:flugruion.com,False,ALLOW,route,,2,,False,False,False,,2.61,17,42000,26981140,True,False,True,True,False,False,False,author-2,custodian_redirect
A2-02,E12,custodian_redirect,S3,card,False,M3,brand:flugruion.com,False,ALLOW,route,,2,POST,False,True,True,transfer,2.8225,17,42000,26981140,True,False,True,True,False,False,False,author-2,custodian_redirect
A2-05,E12,lookalike,S3,psp_token,False,B1,brand:stojon.com,True,ALLOW,curation,,-1,,False,False,False,,0.0009,0,120000,27026163,True,False,True,True,False,False,False,author-2,lookalike
A2-05,E12,lookalike,S3,psp_token,False,B2,brand:stojon.com,True,ALLOW,mandate,,-1,,False,False,False,,0.0005,0,120000,27026163,True,False,True,True,False,False,False,author-2,lookalike
A2-05,E12,lookalike,S3,psp_token,False,B3,brand:stojon.com,True,ALLOW,identity-assertion,,-1,,False,False,False,,0.0006,0,120000,27026163,True,False,True,True,False,False,False,author-2,lookalike
A2-05,E12,lookalike,S3,psp_token,False,B4,brand:stojon.com,True,ALLOW,did-wallet,not-applicable,-1,,False,False,False,,0.0006,0,120000,27026163,True,False,True,True,False,False,False,author-2,lookalike
A2-05,E12,lookalike,S3,psp_token,False,B5,brand:stojon.com,True,ALLOW,vop,not-applicable,-1,,False,False,False,,0.0005,0,120000,27026163,True,False,True,True,False,False,False,author-2,lookalike
A2-05,E12,lookalike,S3,psp_token,False,B6,brand:stojon.com,True,STEP-UP,agent-judgment,agent-suspicious,-1,,False,False,False,,0.0045,0,120000,27026163,False,False,False,False,False,True,True,author-2,lookalike
A2-05,E12,lookalike,S3,psp_token,False,B7,brand:stojon.com,True,STEP-UP,name-anchor,name-mismatch,-1,,False,False,False,,0.0057,0,120000,27026163,False,False,False,False,False,True,True,author-2,lookalike
A2-05,E12,lookalike,S3,psp_token,False,M1-G1,brand:stojon.com,True,ALLOW,pav,,1,,False,False,False,,0.63,7,120000,27026163,True,False,True,True,False,False,False,author-2,lookalike
A2-05,E12,lookalike,S3,psp_token,False,M1,brand:stojon.com,True,ALLOW,route,,2,,False,False,False,,0.9676,11,120000,27026163,True,False,True,True,False,False,False,author-2,lookalike
A2-05,E12,lookalike,S3,psp_token,False,M2,brand:stojon.com,True,DENY,route/pav,path-to-different-entity,-1,,False,False,False,,1.0455,7,120000,27026163,False,False,False,False,False,False,False,author-2,lookalike
A2-05,E12,lookalike,S3,psp_token,False,M3,brand:stojon.com,True,DENY,route/pav,path-to-different-entity,-1,,False,False,False,,1.0274,7,120000,27026163,False,False,False,False,False,False,False,author-2,lookalike
A1-01,E12,lookalike,S1,card,False,B1,brand:gaiclutran.in,True,DENY,curation,not-curated,-1,,False,False,False,,0.0011,0,18900,27053974,False,False,False,False,False,False,False,author-1,lookalike
A1-01,E12,lookalike,S1,card,False,B2,brand:gaiclutran.in,True,ALLOW,mandate,,-1,,False,False,False,,0.0005,0,18900,27053974,True,False,True,True,False,False,False,author-1,lookalike
A1-01,E12,lookalike,S1,card,False,B3,brand:gaiclutran.in,True,ALLOW,identity-assertion,,-1,,False,False,False,,0.0005,0,18900,27053974,True,False,True,True,False,False,False,author-1,lookalike
A1-01,E12,lookalike,S1,card,False,B4,brand:gaiclutran.in,True,ALLOW,did-wallet,not-applicable,-1,,False,False,False,,0.0005,0,18900,27053974,True,False,True,True,False,False,False,author-1,lookalike
A1-01,E12,lookalike,S1,card,False,B5,brand:gaiclutran.in,True,ALLOW,vop,not-applicable,-1,,False,False,False,,0.0005,0,18900,27053974,True,False,True,True,False,False,False,author-1,lookalike
A1-01,E12,lookalike,S1,card,False,B6,brand:gaiclutran.in,True,ALLOW,lists,,-1,,False,False,False,,0.0005,0,18900,27053974,True,False,True,True,False,False,False,author-1,lookalike
A1-01,E12,lookalike,S1,card,False,B7,brand:gaiclutran.in,True,STEP-UP,name-anchor,name-mismatch,-1,,False,False,False,,0.0052,0,18900,27053974,False,False,False,False,False,True,True,author-1,lookalike
A1-01,E12,lookalike,S1,card,False,M1-G1,brand:gaiclutran.in,True,ALLOW,pav,,1,,False,False,False,,0.623,7,18900,27053974,True,False,True,True,False,False,False,author-1,lookalike
A1-01,E12,lookalike,S1,card,False,M1,brand:gaiclutran.in,True,ALLOW,route,,2,,False,False,False,,0.9605,11,18900,27053974,True,False,True,True,False,False,False,author-1,lookalike
A1-01,E12,lookalike,S1,card,False,M2,brand:gaiclutran.in,True,DENY,route/pav,path-to-different-entity,-1,,False,False,False,,1.2384,7,18900,27053974,False,False,False,False,False,False,False,author-1,lookalike
A1-01,E12,lookalike,S1,card,False,M3,brand:gaiclutran.in,True,DENY,route/pav,path-to-different-entity,-1,,False,False,False,,1.2382,7,18900,27053974,False,False,False,False,False,False,False,author-1,lookalike
A1-05,E12,lookalike,S1,card,False,B1,brand:quibrugiora.com,True,DENY,curation,not-curated,-1,,False,False,False,,0.0014,0,9900,27096541,False,False,False,False,False,False,False,author-1,lookalike
A1-05,E12,lookalike,S1,card,False,B2,brand:quibrugiora.com,True,ALLOW,mandate,,-1,,False,False,False,,0.0008,0,9900,27096541,True,False,True,True,False,False,False,author-1,lookalike
A1-05,E12,lookalike,S1,card,False,B3,brand:quibrugiora.com,True,STEP-UP,identity-assertion,no-valid-manifest,-1,,False,False,False,,0.0006,0,9900,27096541,False,False,False,False,False,True,True,author-1,lookalike
A1-05,E12,lookalike,S1,card,False,B4,brand:quibrugiora.com,True,ALLOW,did-wallet,not-applicable,-1,,False,False,False,,0.0006,0,9900,27096541,True,False,True,True,False,False,False,author-1,lookalike
A1-05,E12,lookalike,S1,card,False,B5,brand:quibrugiora.com,True,ALLOW,vop,not-applicable,-1,,False,False,False,,0.0005,0,9900,27096541,True,False,True,True,False,False,False,author-1,lookalike
A1-05,E12,lookalike,S1,card,False,B6,brand:quibrugiora.com,True,DENY,lists,blocklisted,-1,,False,False,False,,0.0006,0,9900,27096541,False,False,False,False,False,False,False,author-1,lookalike
A1-05,E12,lookalike,S1,card,False,B7,brand:quibrugiora.com,True,STEP-UP,identity-assertion,no-valid-manifest,-1,,False,False,False,,0.0007,0,9900,27096541,False,False,False,False,False,True,True,author-1,lookalike
A1-05,E12,lookalike,S1,card,False,M1-G1,brand:quibrugiora.com,True,ALLOW,pav,,1,,False,False,False,,0.6847,7,9900,27096541,True,False,True,True,False,False,False,author-1,lookalike
A1-05,E12,lookalike,S1,card,False,M1,brand:quibrugiora.com,True,ALLOW,route,,2,,False,False,False,,1.0842,11,9900,27096541,True,False,True,True,False,False,False,author-1,lookalike
A1-05,E12,lookalike,S1,card,False,M2,brand:quibrugiora.com,True,STEP-UP,cba,cba-domain-identity-age,-1,,False,False,False,,0.6074,0,9900,27096541,False,False,False,False,False,True,True,author-1,lookalike
A1-05,E12,lookalike,S1,card,False,M3,brand:quibrugiora.com,True,STEP-UP,cba,cba-domain-identity-age,-1,,False,False,False,,0.5927,0,9900,27096541,False,False,False,False,False,True,True,author-1,lookalike
A1-27,E12,irreversible_revocation:late-revocation,S12,stablecoin,False,B1,brand:trovin.com,True,ALLOW,curation,,-1,,False,False,False,,0.0008,0,90000,27348897,True,False,True,True,False,False,False,author-1,irreversible_revocation
A1-27,E12,irreversible_revocation:late-revocation,S12,stablecoin,False,B2,brand:trovin.com,True,ALLOW,mandate,,-1,,False,False,False,,0.0005,0,90000,27348897,True,False,True,True,False,False,False,author-1,irreversible_revocation
A1-27,E12,irreversible_revocation:late-revocation,S12,stablecoin,False,B3,brand:trovin.com,True,ALLOW,identity-assertion,,-1,,False,False,False,,0.0006,0,90000,27348897,True,False,True,True,False,False,False,author-1,irreversible_revocation
A1-27,E12,irreversible_revocation:late-revocation,S12,stablecoin,False,B4,brand:trovin.com,True,DENY,did-wallet,wallet-not-bound,-1,,False,False,False,,0.0008,0,90000,27348897,False,False,False,False,False,False,False,author-1,irreversible_revocation
A1-27,E12,irreversible_revocation:late-revocation,S12,stablecoin,False,B5,brand:trovin.com,True,ALLOW,vop,not-applicable,-1,,False,False,False,,0.0006,0,90000,27348897,True,False,True,True,False,False,False,author-1,irreversible_revocation
A1-27,E12,irreversible_revocation:late-revocation,S12,stablecoin,False,B6,brand:trovin.com,True,ALLOW,lists,,-1,,False,False,False,,0.0006,0,90000,27348897,True,False,True,True,False,False,False,author-1,irreversible_revocation
A1-27,E12,irreversible_revocation:late-revocation,S12,stablecoin,False,B7,brand:trovin.com,True,DENY,did-wallet,wallet-not-bound,-1,,False,False,False,,0.0031,0,90000,27348897,False,False,False,False,False,False,False,author-1,irreversible_revocation
A1-27,E12,irreversible_revocation:late-revocation,S12,stablecoin,False,M1-G1,brand:trovin.com,True,ALLOW,pav,,1,,False,False,False,,0.7274,7,90000,27348897,True,False,True,True,False,False,False,author-1,irreversible_revocation
A1-27,E12,irreversible_revocation:late-revocation,S12,stablecoin,False,M1,brand:trovin.com,True,ALLOW,route,,2,,False,False,False,,0.642,7,90000,27348897,True,False,True,True,False,False,False,author-1,irreversible_revocation
A1-27,E12,irreversible_revocation:late-revocation,S12,stablecoin,False,M2,brand:trovin.com,True,STEP-UP,cba,cba-no-good-match,-1,,False,False,False,,0.1617,0,90000,27348897,False,False,False,False,False,True,True,author-1,irreversible_revocation
A1-27,E12,irreversible_revocation:late-revocation,S12,stablecoin,False,M3,brand:trovin.com,True,STEP-UP,cba,cba-no-good-match,-1,,False,False,False,,0.1524,0,90000,27348897,False,False,False,False,False,True,True,author-1,irreversible_revocation
A2-15,E12,first_hop_mismatch:acquirer-swap,S4,card,False,B1,brand:briosair.com,False,ALLOW,curation,,-1,,False,False,False,,0.0008,0,63000,27428035,True,False,True,True,False,False,False,author-2,first_hop_mismatch
A2-15,E12,first_hop_mismatch:acquirer-swap,S4,card,False,B2,brand:briosair.com,False,ALLOW,mandate,,-1,,False,False,False,,0.0005,0,63000,27428035,True,False,True,True,False,False,False,author-2,first_hop_mismatch
A2-15,E12,first_hop_mismatch:acquirer-swap,S4,card,False,B3,brand:briosair.com,False,ALLOW,identity-assertion,,-1,,False,False,False,,0.0005,0,63000,27428035,True,False,True,True,False,False,False,author-2,first_hop_mismatch
A2-15,E12,first_hop_mismatch:acquirer-swap,S4,card,False,B4,brand:briosair.com,False,ALLOW,did-wallet,not-applicable,-1,,False,False,False,,0.0005,0,63000,27428035,True,False,True,True,False,False,False,author-2,first_hop_mismatch
A2-15,E12,first_hop_mismatch:acquirer-swap,S4,card,False,B5,brand:briosair.com,False,ALLOW,vop,not-applicable,-1,,False,False,False,,0.0005,0,63000,27428035,True,False,True,True,False,False,False,author-2,first_hop_mismatch
A2-15,E12,first_hop_mismatch:acquirer-swap,S4,card,False,B6,brand:briosair.com,False,ALLOW,lists,,-1,,False,False,False,,0.0005,0,63000,27428035,True,False,True,True,False,False,False,author-2,first_hop_mismatch
A2-15,E12,first_hop_mismatch:acquirer-swap,S4,card,False,B7,brand:briosair.com,False,ALLOW,b7,,-1,,False,False,False,,0.284,3,63000,27428035,True,False,True,True,False,False,False,author-2,first_hop_mismatch
A2-15,E12,first_hop_mismatch:acquirer-swap,S4,card,False,M1-G1,brand:briosair.com,False,ALLOW,pav,,1,,False,False,False,,0.6099,7,63000,27428035,True,False,True,True,False,False,False,author-2,first_hop_mismatch
A2-15,E12,first_hop_mismatch:acquirer-swap,S4,card,False,M1,brand:briosair.com,False,ALLOW,route,,2,,False,False,False,,0.9664,11,63000,27428035,True,False,True,True,False,False,False,author-2,first_hop_mismatch
A2-15,E12,first_hop_mismatch:acquirer-swap,S4,card,False,M2,brand:briosair.com,False,ALLOW,route,,2,,False,False,False,,1.9981,11,63000,27428035,True,False,True,True,False,False,False,author-2,first_hop_mismatch
A2-15,E12,first_hop_mismatch:acquirer-swap,S4,card,False,M3,brand:briosair.com,False,ALLOW,route,,2,POST,True,True,False,first-hop,2.0349,11,63000,27428035,True,False,True,False,False,False,False,author-2,first_hop_mismatch
A2-06,E12,lookalike,S12,stablecoin,False,B1,brand:praiprina.co.uk,True,DENY,curation,not-curated,-1,,False,False,False,,0.0012,0,250000,27472835,False,False,False,False,False,False,False,author-2,lookalike
A2-06,E12,lookalike,S12,stablecoin,False,B2,brand:praiprina.co.uk,True,ALLOW,mandate,,-1,,False,False,False,,0.0005,0,250000,27472835,True,False,True,True,False,False,False,author-2,lookalike
A2-06,E12,lookalike,S12,stablecoin,False,B3,brand:praiprina.co.uk,True,ALLOW,identity-assertion,,-1,,False,False,False,,0.0006,0,250000,27472835,True,False,True,True,False,False,False,author-2,lookalike
A2-06,E12,lookalike,S12,stablecoin,False,B4,brand:praiprina.co.uk,True,ALLOW,did-wallet,,-1,,False,False,False,,0.0008,0,250000,27472835,True,False,True,True,False,False,False,author-2,lookalike
A2-06,E12,lookalike,S12,stablecoin,False,B5,brand:praiprina.co.uk,True,ALLOW,vop,not-applicable,-1,,False,False,False,,0.0005,0,250000,27472835,True,False,True,True,False,False,False,author-2,lookalike
A2-06,E12,lookalike,S12,stablecoin,False,B6,brand:praiprina.co.uk,True,ALLOW,lists,,-1,,False,False,False,,0.0028,0,250000,27472835,True,False,True,True,False,False,False,author-2,lookalike
A2-06,E12,lookalike,S12,stablecoin,False,B7,brand:praiprina.co.uk,True,ALLOW,b7,,-1,,False,False,False,,0.3287,3,250000,27472835,True,False,True,True,False,False,False,author-2,lookalike
A2-06,E12,lookalike,S12,stablecoin,False,M1-G1,brand:praiprina.co.uk,True,ALLOW,pav,,1,,False,False,False,,0.6501,7,250000,27472835,True,False,True,True,False,False,False,author-2,lookalike
A2-06,E12,lookalike,S12,stablecoin,False,M1,brand:praiprina.co.uk,True,ALLOW,route,,2,,False,False,False,,0.6132,7,250000,27472835,True,False,True,True,False,False,False,author-2,lookalike
A2-06,E12,lookalike,S12,stablecoin,False,M2,brand:praiprina.co.uk,True,STEP-UP,cba,cba-domain-identity-age,-1,,False,False,False,,0.5925,0,250000,27472835,True,False,True,True,False,True,True,author-2,lookalike
A2-06,E12,lookalike,S12,stablecoin,False,M3,brand:praiprina.co.uk,True,STEP-UP,cba,cba-domain-identity-age,-1,,False,False,False,,0.5786,0,250000,27472835,True,False,True,True,False,True,True,author-2,lookalike
A2-07,E12,payee_swap:own,S2,a2a_instant,False,B1,brand:wouriork.com,True,ALLOW,curation,,-1,,False,False,False,,0.0009,0,95000,27529813,True,False,True,True,False,False,False,author-2,payee_swap
A2-07,E12,payee_swap:own,S2,a2a_instant,False,B2,brand:wouriork.com,True,DENY,mandate,payee-changed-after-signing,-1,,False,False,False,,0.0007,0,95000,27529813,False,False,False,False,False,False,False,author-2,payee_swap
A2-07,E12,payee_swap:own,S2,a2a_instant,False,B3,brand:wouriork.com,True,ALLOW,identity-assertion,,-1,,False,False,False,,0.0005,0,95000,27529813,True,False,True,True,False,False,False,author-2,payee_swap
A2-07,E12,payee_swap:own,S2,a2a_instant,False,B4,brand:wouriork.com,True,ALLOW,did-wallet,not-applicable,-1,,False,False,False,,0.0005,0,95000,27529813,True,False,True,True,False,False,False,author-2,payee_swap
A2-07,E12,payee_swap:own,S2,a2a_instant,False,B5,brand:wouriork.com,True,ALLOW,vop,,-1,,False,False,False,,0.0025,0,95000,27529813,True,False,True,True,False,False,False,author-2,payee_swap
A2-07,E12,payee_swap:own,S2,a2a_instant,False,B6,brand:wouriork.com,True,ALLOW,lists,,-1,,False,False,False,,0.0005,0,95000,27529813,True,False,True,True,False,False,False,author-2,payee_swap
A2-07,E12,payee_swap:own,S2,a2a_instant,False,B7,brand:wouriork.com,True,DENY,mandate,payee-changed-after-signing,-1,,False,False,False,,0.0025,0,95000,27529813,False,False,False,False,False,False,False,author-2,payee_swap
A2-07,E12,payee_swap:own,S2,a2a_instant,False,M1-G1,brand:wouriork.com,True,DENY,pav,path-to-different-entity,-1,,False,False,False,,0.6285,7,95000,27529813,False,False,False,False,False,False,False,author-2,payee_swap
A2-07,E12,payee_swap:own,S2,a2a_instant,False,M1,brand:wouriork.com,True,DENY,route/pav,path-to-different-entity,-1,,False,False,False,,0.606,7,95000,27529813,False,False,False,False,False,False,False,author-2,payee_swap
A2-07,E12,payee_swap:own,S2,a2a_instant,False,M2,brand:wouriork.com,True,DENY,route/pav,path-to-different-entity,-1,,False,False,False,,1.1345,7,95000,27529813,False,False,False,False,False,False,False,author-2,payee_swap
A2-07,E12,payee_swap:own,S2,a2a_instant,False,M3,brand:wouriork.com,True,DENY,route/pav,path-to-different-entity,-1,,False,False,False,,1.2495,7,95000,27529813,False,False,False,False,False,False,False,author-2,payee_swap
A2-14,E12,first_hop_mismatch:transaction-laundering,S1,card,False,B1,brand:jainoutril.com,False,ALLOW,curation,,-1,,False,False,False,,0.0009,0,15500,27546203,True,False,True,True,False,False,False,author-2,first_hop_mismatch
A2-14,E12,first_hop_mismatch:transaction-laundering,S1,card,False,B2,brand:jainoutril.com,False,DENY,mandate,payee-changed-after-signing,-1,,False,False,False,,0.0005,0,15500,27546203,False,False,False,False,False,False,False,author-2,first_hop_mismatch
A2-14,E12,first_hop_mismatch:transaction-laundering,S1,card,False,B3,brand:jainoutril.com,False,ALLOW,identity-assertion,,-1,,False,False,False,,0.0007,0,15500,27546203,True,False,True,True,False,False,False,author-2,first_hop_mismatch
A2-14,E12,first_hop_mismatch:transaction-laundering,S1,card,False,B4,brand:jainoutril.com,False,ALLOW,did-wallet,not-applicable,-1,,False,False,False,,0.0005,0,15500,27546203,True,False,True,True,False,False,False,author-2,first_hop_mismatch
A2-14,E12,first_hop_mismatch:transaction-laundering,S1,card,False,B5,brand:jainoutril.com,False,ALLOW,vop,not-applicable,-1,,False,False,False,,0.0005,0,15500,27546203,True,False,True,True,False,False,False,author-2,first_hop_mismatch
A2-14,E12,first_hop_mismatch:transaction-laundering,S1,card,False,B6,brand:jainoutril.com,False,ALLOW,lists,,-1,,False,False,False,,0.0006,0,15500,27546203,True,False,True,True,False,False,False,author-2,first_hop_mismatch
A2-14,E12,first_hop_mismatch:transaction-laundering,S1,card,False,B7,brand:jainoutril.com,False,DENY,mandate,payee-changed-after-signing,-1,,False,False,False,,0.0034,0,15500,27546203,False,False,False,False,False,False,False,author-2,first_hop_mismatch
A2-14,E12,first_hop_mismatch:transaction-laundering,S1,card,False,M1-G1,brand:jainoutril.com,False,ALLOW,pav,,1,,False,False,False,,0.6903,7,15500,27546203,True,False,True,True,False,False,False,author-2,first_hop_mismatch
A2-14,E12,first_hop_mismatch:transaction-laundering,S1,card,False,M1,brand:jainoutril.com,False,ALLOW,route,,2,,False,False,False,,0.9978,11,15500,27546203,True,False,True,True,False,False,False,author-2,first_hop_mismatch
A2-14,E12,first_hop_mismatch:transaction-laundering,S1,card,False,M2,brand:jainoutril.com,False,ALLOW,route,,2,,False,False,False,,2.1431,11,15500,27546203,True,False,True,True,False,False,False,author-2,first_hop_mismatch
A2-14,E12,first_hop_mismatch:transaction-laundering,S1,card,False,M3,brand:jainoutril.com,False,ALLOW,route,,2,POST,True,True,False,first-hop,2.1569,11,15500,27546203,True,False,True,False,False,False,False,author-2,first_hop_mismatch
A1-15,E12,custodian_redirect,S7,psp_token,False,B1,brand:mousurk.com,False,DENY,curation,not-curated,-1,,False,False,False,,0.001,0,380000,27549080,False,False,False,False,False,False,False,author-1,custodian_redirect
A1-15,E12,custodian_redirect,S7,psp_token,False,B2,brand:mousurk.com,False,ALLOW,mandate,,-1,,False,False,False,,0.0005,0,380000,27549080,True,False,True,True,False,False,False,author-1,custodian_redirect
A1-15,E12,custodian_redirect,S7,psp_token,False,B3,brand:mousurk.com,False,ALLOW,identity-assertion,,-1,,False,False,False,,0.0005,0,380000,27549080,True,False,True,True,False,False,False,author-1,custodian_redirect
A1-15,E12,custodian_redirect,S7,psp_token,False,B4,brand:mousurk.com,False,ALLOW,did-wallet,not-applicable,-1,,False,False,False,,0.0006,0,380000,27549080,True,False,True,True,False,False,False,author-1,custodian_redirect
A1-15,E12,custodian_redirect,S7,psp_token,False,B5,brand:mousurk.com,False,ALLOW,vop,not-applicable,-1,,False,False,False,,0.0005,0,380000,27549080,True,False,True,True,False,False,False,author-1,custodian_redirect
A1-15,E12,custodian_redirect,S7,psp_token,False,B6,brand:mousurk.com,False,ALLOW,lists,,-1,,False,False,False,,0.0005,0,380000,27549080,True,False,True,True,False,False,False,author-1,custodian_redirect
A1-15,E12,custodian_redirect,S7,psp_token,False,B7,brand:mousurk.com,False,ALLOW,b7,,-1,,False,False,False,,0.5017,5,380000,27549080,True,False,True,True,False,False,False,author-1,custodian_redirect
A1-15,E12,custodian_redirect,S7,psp_token,False,M1-G1,brand:mousurk.com,False,ALLOW,pav,,1,,False,False,False,,0.8099,9,380000,27549080,True,False,True,True,False,False,False,author-1,custodian_redirect
A1-15,E12,custodian_redirect,S7,psp_token,False,M1,brand:mousurk.com,False,ALLOW,route,,2,,False,False,False,,1.5494,17,380000,27549080,True,False,True,True,False,False,False,author-1,custodian_redirect
A1-15,E12,custodian_redirect,S7,psp_token,False,M2,brand:mousurk.com,False,STEP-UP,cba,cba-no-good-match,-1,,False,False,False,,0.0962,0,380000,27549080,False,False,False,False,False,True,True,author-1,custodian_redirect
A1-15,E12,custodian_redirect,S7,psp_token,False,M3,brand:mousurk.com,False,STEP-UP,cba,cba-no-good-match,-1,,False,False,False,,0.086,0,380000,27549080,False,False,False,False,False,True,True,author-1,custodian_redirect
A2-12,E12,processor_payout_change,S4,card,False,B1,brand:puvou.co.uk,False,ALLOW,curation,,-1,,False,False,False,,0.0008,0,210000,27550464,True,False,True,True,False,False,False,author-2,processor_payout_change
A2-12,E12,processor_payout_change,S4,card,False,B2,brand:puvou.co.uk,False,ALLOW,mandate,,-1,,False,False,False,,0.0005,0,210000,27550464,True,False,True,True,False,False,False,author-2,processor_payout_change
A2-12,E12,processor_payout_change,S4,card,False,B3,brand:puvou.co.uk,False,ALLOW,identity-assertion,,-1,,False,False,False,,0.0005,0,210000,27550464,True,False,True,True,False,False,False,author-2,processor_payout_change
A2-12,E12,processor_payout_change,S4,card,False,B4,brand:puvou.co.uk,False,ALLOW,did-wallet,not-applicable,-1,,False,False,False,,0.0005,0,210000,27550464,True,False,True,True,False,False,False,author-2,processor_payout_change
A2-12,E12,processor_payout_change,S4,card,False,B5,brand:puvou.co.uk,False,ALLOW,vop,not-applicable,-1,,False,False,False,,0.0005,0,210000,27550464,True,False,True,True,False,False,False,author-2,processor_payout_change
A2-12,E12,processor_payout_change,S4,card,False,B6,brand:puvou.co.uk,False,ALLOW,lists,,-1,,False,False,False,,0.0006,0,210000,27550464,True,False,True,True,False,False,False,author-2,processor_payout_change
A2-12,E12,processor_payout_change,S4,card,False,B7,brand:puvou.co.uk,False,ALLOW,b7,,-1,,False,False,False,,0.3022,3,210000,27550464,True,False,True,True,False,False,False,author-2,processor_payout_change
A2-12,E12,processor_payout_change,S4,card,False,M1-G1,brand:puvou.co.uk,False,ALLOW,pav,,1,,False,False,False,,0.6796,7,210000,27550464,True,False,True,True,False,False,False,author-2,processor_payout_change
A2-12,E12,processor_payout_change,S4,card,False,M1,brand:puvou.co.uk,False,DENY,route,grammar:terminal subject discontinuity,1,,False,False,False,,0.9863,11,210000,27550464,False,False,False,False,False,False,False,author-2,processor_payout_change
A2-12,E12,processor_payout_change,S4,card,False,M2,brand:puvou.co.uk,False,DENY,route,grammar:terminal subject discontinuity,1,,False,False,False,,1.0983,11,210000,27550464,False,False,False,False,False,False,False,author-2,processor_payout_change
A2-12,E12,processor_payout_change,S4,card,False,M3,brand:puvou.co.uk,False,DENY,route,grammar:terminal subject discontinuity,1,,False,False,False,,1.073,11,210000,27550464,False,False,False,False,False,False,False,author-2,processor_payout_change
A2-17,E12,revoked_delegation:fresh,S1,card,False,B1,brand:curokirk.com,False,ALLOW,curation,,-1,,False,False,False,,0.0009,0,20000,27554289,True,False,True,True,False,False,False,author-2,revoked_delegation
A2-17,E12,revoked_delegation:fresh,S1,card,False,B2,brand:curokirk.com,False,ALLOW,mandate,,-1,,False,False,False,,0.0005,0,20000,27554289,True,False,True,True,False,False,False,author-2,revoked_delegation
A2-17,E12,revoked_delegation:fresh,S1,card,False,B3,brand:curokirk.com,False,ALLOW,identity-assertion,,-1,,False,False,False,,0.0005,0,20000,27554289,True,False,True,True,False,False,False,author-2,revoked_delegation
A2-17,E12,revoked_delegation:fresh,S1,card,False,B4,brand:curokirk.com,False,ALLOW,did-wallet,not-applicable,-1,,False,False,False,,0.0005,0,20000,27554289,True,False,True,True,False,False,False,author-2,revoked_delegation
A2-17,E12,revoked_delegation:fresh,S1,card,False,B5,brand:curokirk.com,False,ALLOW,vop,not-applicable,-1,,False,False,False,,0.0005,0,20000,27554289,True,False,True,True,False,False,False,author-2,revoked_delegation
A2-17,E12,revoked_delegation:fresh,S1,card,False,B6,brand:curokirk.com,False,ALLOW,lists,,-1,,False,False,False,,0.0005,0,20000,27554289,True,False,True,True,False,False,False,author-2,revoked_delegation
A2-17,E12,revoked_delegation:fresh,S1,card,False,B7,brand:curokirk.com,False,STEP-UP,delegation,revoked,-1,,False,False,False,,0.2838,3,20000,27554289,False,False,False,False,False,True,True,author-2,revoked_delegation
A2-17,E12,revoked_delegation:fresh,S1,card,False,M1-G1,brand:curokirk.com,False,STEP-UP,pav,revoked,-1,,False,False,False,,0.6252,7,20000,27554289,False,False,False,False,False,True,True,author-2,revoked_delegation
A2-17,E12,revoked_delegation:fresh,S1,card,False,M1,brand:curokirk.com,False,STEP-UP,route/pav,revoked,-1,,False,False,False,,0.6281,7,20000,27554289,False,False,False,False,False,True,True,author-2,revoked_delegation
A2-17,E12,revoked_delegation:fresh,S1,card,False,M2,brand:curokirk.com,False,STEP-UP,route/pav,revoked,-1,,False,False,False,,1.14,7,20000,27554289,False,False,False,False,False,True,True,author-2,revoked_delegation
A2-17,E12,revoked_delegation:fresh,S1,card,False,M3,brand:curokirk.com,False,STEP-UP,route/pav,revoked,-1,,False,False,False,,1.0646,7,20000,27554289,False,False,False,False,False,True,True,author-2,revoked_delegation
A1-06,E12,payee_swap:keep,S1,card,False,B1,brand:wiobreex.com,False,ALLOW,curation,,-1,,False,False,False,,0.0009,0,56000,27555732,True,False,True,True,False,False,False,author-1,payee_swap
A1-06,E12,payee_swap:keep,S1,card,False,B2,brand:wiobreex.com,False,DENY,mandate,payee-changed-after-signing,-1,,False,False,False,,0.0005,0,56000,27555732,False,False,False,False,False,False,False,author-1,payee_swap
A1-06,E12,payee_swap:keep,S1,card,False,B3,brand:wiobreex.com,False,ALLOW,identity-assertion,,-1,,False,False,False,,0.0005,0,56000,27555732,True,False,True,True,False,False,False,author-1,payee_swap
A1-06,E12,payee_swap:keep,S1,card,False,B4,brand:wiobreex.com,False,ALLOW,did-wallet,not-applicable,-1,,False,False,False,,0.0005,0,56000,27555732,True,False,True,True,False,False,False,author-1,payee_swap
A1-06,E12,payee_swap:keep,S1,card,False,B5,brand:wiobreex.com,False,ALLOW,vop,not-applicable,-1,,False,False,False,,0.0005,0,56000,27555732,True,False,True,True,False,False,False,author-1,payee_swap
A1-06,E12,payee_swap:keep,S1,card,False,B6,brand:wiobreex.com,False,ALLOW,lists,,-1,,False,False,False,,0.0005,0,56000,27555732,True,False,True,True,False,False,False,author-1,payee_swap
A1-06,E12,payee_swap:keep,S1,card,False,B7,brand:wiobreex.com,False,DENY,mandate,payee-changed-after-signing,-1,,False,False,False,,0.0026,0,56000,27555732,False,False,False,False,False,False,False,author-1,payee_swap
A1-06,E12,payee_swap:keep,S1,card,False,M1-G1,brand:wiobreex.com,False,DENY,pav,payee-mismatch,-1,,False,False,False,,0.5595,6,56000,27555732,False,False,False,False,False,False,False,author-1,payee_swap
A1-06,E12,payee_swap:keep,S1,card,False,M1,brand:wiobreex.com,False,DENY,route/pav,payee-mismatch,-1,,False,False,False,,0.5475,6,56000,27555732,False,False,False,False,False,False,False,author-1,payee_swap
A1-06,E12,payee_swap:keep,S1,card,False,M2,brand:wiobreex.com,False,DENY,route/pav,payee-mismatch,-1,,False,False,False,,1.0384,6,56000,27555732,False,False,False,False,False,False,False,author-1,payee_swap
A1-06,E12,payee_swap:keep,S1,card,False,M3,brand:wiobreex.com,False,DENY,route/pav,payee-mismatch,-1,,False,False,False,,1.0451,6,56000,27555732,False,False,False,False,False,False,False,author-1,payee_swap
A2-13,E12,processor_payout_change,S9,card,False,B1,brand:fliperk.com,False,ALLOW,curation,,-1,,False,False,False,,0.001,0,480000,27676927,True,False,True,True,False,False,False,author-2,processor_payout_change
A2-13,E12,processor_payout_change,S9,card,False,B2,brand:fliperk.com,False,ALLOW,mandate,,-1,,False,False,False,,0.0005,0,480000,27676927,True,False,True,True,False,False,False,author-2,processor_payout_change
A2-13,E12,processor_payout_change,S9,card,False,B3,brand:fliperk.com,False,ALLOW,identity-assertion,,-1,,False,False,False,,0.0005,0,480000,27676927,True,False,True,True,False,False,False,author-2,processor_payout_change
A2-13,E12,processor_payout_change,S9,card,False,B4,brand:fliperk.com,False,ALLOW,did-wallet,not-applicable,-1,,False,False,False,,0.0005,0,480000,27676927,True,False,True,True,False,False,False,author-2,processor_payout_change
A2-13,E12,processor_payout_change,S9,card,False,B5,brand:fliperk.com,False,ALLOW,vop,not-applicable,-1,,False,False,False,,0.0005,0,480000,27676927,True,False,True,True,False,False,False,author-2,processor_payout_change
A2-13,E12,processor_payout_change,S9,card,False,B6,brand:fliperk.com,False,ALLOW,lists,,-1,,False,False,False,,0.0005,0,480000,27676927,True,False,True,True,False,False,False,author-2,processor_payout_change
A2-13,E12,processor_payout_change,S9,card,False,B7,brand:fliperk.com,False,STEP-UP,name-anchor,name-mismatch,-1,,False,False,False,,0.0041,0,480000,27676927,False,False,False,False,False,True,True,author-2,processor_payout_change
A2-13,E12,processor_payout_change,S9,card,False,M1-G1,brand:fliperk.com,False,ALLOW,pav,,1,,False,False,False,,0.6501,7,480000,27676927,True,False,True,True,False,False,False,author-2,processor_payout_change
A2-13,E12,processor_payout_change,S9,card,False,M1,brand:fliperk.com,False,DENY,route,grammar:terminal subject discontinuity,1,,False,False,False,,0.9937,11,480000,27676927,False,False,False,False,False,False,False,author-2,processor_payout_change
A2-13,E12,processor_payout_change,S9,card,False,M2,brand:fliperk.com,False,DENY,route,grammar:terminal subject discontinuity,1,,False,False,False,,1.4732,11,480000,27676927,False,False,False,False,False,False,False,author-2,processor_payout_change
A2-13,E12,processor_payout_change,S9,card,False,M3,brand:fliperk.com,False,DENY,route,grammar:terminal subject discontinuity,1,,False,False,False,,1.4299,11,480000,27676927,False,False,False,False,False,False,False,author-2,processor_payout_change
A2-16,E12,revoked_delegation:stale,S3,card,False,B1,brand:clounol.com,False,ALLOW,curation,,-1,,False,False,False,,0.0008,0,88000,27679073,True,False,True,True,False,False,False,author-2,revoked_delegation
A2-16,E12,revoked_delegation:stale,S3,card,False,B2,brand:clounol.com,False,ALLOW,mandate,,-1,,False,False,False,,0.0005,0,88000,27679073,True,False,True,True,False,False,False,author-2,revoked_delegation
A2-16,E12,revoked_delegation:stale,S3,card,False,B3,brand:clounol.com,False,ALLOW,identity-assertion,,-1,,False,False,False,,0.0005,0,88000,27679073,True,False,True,True,False,False,False,author-2,revoked_delegation
A2-16,E12,revoked_delegation:stale,S3,card,False,B4,brand:clounol.com,False,ALLOW,did-wallet,not-applicable,-1,,False,False,False,,0.0005,0,88000,27679073,True,False,True,True,False,False,False,author-2,revoked_delegation
A2-16,E12,revoked_delegation:stale,S3,card,False,B5,brand:clounol.com,False,ALLOW,vop,not-applicable,-1,,False,False,False,,0.0005,0,88000,27679073,True,False,True,True,False,False,False,author-2,revoked_delegation
A2-16,E12,revoked_delegation:stale,S3,card,False,B6,brand:clounol.com,False,ALLOW,lists,,-1,,False,False,False,,0.0005,0,88000,27679073,True,False,True,True,False,False,False,author-2,revoked_delegation
A2-16,E12,revoked_delegation:stale,S3,card,False,B7,brand:clounol.com,False,ALLOW,b7,,-1,,False,False,False,,0.5609,6,88000,27679073,True,False,True,True,False,False,False,author-2,revoked_delegation
A2-16,E12,revoked_delegation:stale,S3,card,False,M1-G1,brand:clounol.com,False,ALLOW,pav,,1,,False,False,False,,0.8922,10,88000,27679073,True,False,True,True,False,False,False,author-2,revoked_delegation
A2-16,E12,revoked_delegation:stale,S3,card,False,M1,brand:clounol.com,False,ALLOW,route,,2,,False,False,False,,1.2539,14,88000,27679073,True,False,True,True,False,False,False,author-2,revoked_delegation
A2-16,E12,revoked_delegation:stale,S3,card,False,M2,brand:clounol.com,False,ALLOW,route,,2,,False,False,False,,2.2154,14,88000,27679073,True,False,True,True,False,False,False,author-2,revoked_delegation
A2-16,E12,revoked_delegation:stale,S3,card,False,M3,brand:clounol.com,False,ALLOW,route,,2,POST,False,False,False,,2.2302,14,88000,27679073,True,False,True,True,False,False,False,author-2,revoked_delegation
A1-03,E12,lookalike,S12,stablecoin,False,B1,brand:trovin.com,True,DENY,curation,not-curated,-1,,False,False,False,,0.0014,0,75000,27791830,False,False,False,False,False,False,False,author-1,lookalike
A1-03,E12,lookalike,S12,stablecoin,False,B2,brand:trovin.com,True,ALLOW,mandate,,-1,,False,False,False,,0.0006,0,75000,27791830,True,False,True,True,False,False,False,author-1,lookalike
A1-03,E12,lookalike,S12,stablecoin,False,B3,brand:trovin.com,True,ALLOW,identity-assertion,,-1,,False,False,False,,0.0007,0,75000,27791830,True,False,True,True,False,False,False,author-1,lookalike
A1-03,E12,lookalike,S12,stablecoin,False,B4,brand:trovin.com,True,ALLOW,did-wallet,,-1,,False,False,False,,0.0008,0,75000,27791830,True,False,True,True,False,False,False,author-1,lookalike
A1-03,E12,lookalike,S12,stablecoin,False,B5,brand:trovin.com,True,ALLOW,vop,not-applicable,-1,,False,False,False,,0.0006,0,75000,27791830,True,False,True,True,False,False,False,author-1,lookalike
A1-03,E12,lookalike,S12,stablecoin,False,B6,brand:trovin.com,True,ALLOW,lists,,-1,,False,False,False,,0.0029,0,75000,27791830,True,False,True,True,False,False,False,author-1,lookalike
A1-03,E12,lookalike,S12,stablecoin,False,B7,brand:trovin.com,True,STEP-UP,name-anchor,name-mismatch,-1,,False,False,False,,0.005,0,75000,27791830,False,False,False,False,False,True,True,author-1,lookalike
A1-03,E12,lookalike,S12,stablecoin,False,M1-G1,brand:trovin.com,True,ALLOW,pav,,1,,False,False,False,,0.8146,7,75000,27791830,True,False,True,True,False,False,False,author-1,lookalike
A1-03,E12,lookalike,S12,stablecoin,False,M1,brand:trovin.com,True,ALLOW,route,,2,,False,False,False,,0.674,7,75000,27791830,True,False,True,True,False,False,False,author-1,lookalike
A1-03,E12,lookalike,S12,stablecoin,False,M2,brand:trovin.com,True,STEP-UP,cba,cba-legal-name-domain-identity-age,-1,,False,False,False,,0.2039,0,75000,27791830,False,False,False,False,False,True,True,author-1,lookalike
A1-03,E12,lookalike,S12,stablecoin,False,M3,brand:trovin.com,True,STEP-UP,cba,cba-legal-name-domain-identity-age,-1,,False,False,False,,0.1867,0,75000,27791830,False,False,False,False,False,True,True,author-1,lookalike
A2-01,E12,custodian_redirect,S3,psp_token,False,B1,brand:flugruion.com,False,ALLOW,curation,,-1,,False,False,False,,0.0009,0,1800000,27800133,True,False,True,True,False,False,False,author-2,custodian_redirect
A2-01,E12,custodian_redirect,S3,psp_token,False,B2,brand:flugruion.com,False,ALLOW,mandate,,-1,,False,False,False,,0.0005,0,1800000,27800133,True,False,True,True,False,False,False,author-2,custodian_redirect
A2-01,E12,custodian_redirect,S3,psp_token,False,B3,brand:flugruion.com,False,ALLOW,identity-assertion,,-1,,False,False,False,,0.0006,0,1800000,27800133,True,False,True,True,False,False,False,author-2,custodian_redirect
A2-01,E12,custodian_redirect,S3,psp_token,False,B4,brand:flugruion.com,False,ALLOW,did-wallet,not-applicable,-1,,False,False,False,,0.0005,0,1800000,27800133,True,False,True,True,False,False,False,author-2,custodian_redirect
A2-01,E12,custodian_redirect,S3,psp_token,False,B5,brand:flugruion.com,False,ALLOW,vop,not-applicable,-1,,False,False,False,,0.0005,0,1800000,27800133,True,False,True,True,False,False,False,author-2,custodian_redirect
A2-01,E12,custodian_redirect,S3,psp_token,False,B6,brand:flugruion.com,False,ALLOW,lists,,-1,,False,False,False,,0.0005,0,1800000,27800133,True,False,True,True,False,False,False,author-2,custodian_redirect
A2-01,E12,custodian_redirect,S3,psp_token,False,B7,brand:flugruion.com,False,ALLOW,b7,,-1,,False,False,False,,0.4836,5,1800000,27800133,True,False,True,True,False,False,False,author-2,custodian_redirect
A2-01,E12,custodian_redirect,S3,psp_token,False,M1-G1,brand:flugruion.com,False,ALLOW,pav,,1,,False,False,False,,0.8416,9,1800000,27800133,True,False,True,True,False,False,False,author-2,custodian_redirect
A2-01,E12,custodian_redirect,S3,psp_token,False,M1,brand:flugruion.com,False,ALLOW,route,,2,,False,False,False,,1.5623,17,1800000,27800133,True,False,True,True,False,False,False,author-2,custodian_redirect
A2-01,E12,custodian_redirect,S3,psp_token,False,M2,brand:flugruion.com,False,ALLOW,route,,2,,False,False,False,,2.737,17,1800000,27800133,True,False,True,True,False,False,False,author-2,custodian_redirect
A2-01,E12,custodian_redirect,S3,psp_token,False,M3,brand:flugruion.com,False,ALLOW,route,,2,POST,False,True,True,transfer,5.5388,17,1800000,27800133,True,False,True,True,False,False,False,author-2,custodian_redirect
A1-14,E12,custodian_redirect,S3,card,False,B1,brand:cluquand.co.uk,False,ALLOW,curation,,-1,,False,False,False,,0.0011,0,25000,27830089,True,False,True,True,False,False,False,author-1,custodian_redirect
A1-14,E12,custodian_redirect,S3,card,False,B2,brand:cluquand.co.uk,False,ALLOW,mandate,,-1,,False,False,False,,0.0005,0,25000,27830089,True,False,True,True,False,False,False,author-1,custodian_redirect
A1-14,E12,custodian_redirect,S3,card,False,B3,brand:cluquand.co.uk,False,ALLOW,identity-assertion,,-1,,False,False,False,,0.0006,0,25000,27830089,True,False,True,True,False,False,False,author-1,custodian_redirect
A1-14,E12,custodian_redirect,S3,card,False,B4,brand:cluquand.co.uk,False,ALLOW,did-wallet,not-applicable,-1,,False,False,False,,0.0005,0,25000,27830089,True,False,True,True,False,False,False,author-1,custodian_redirect
A1-14,E12,custodian_redirect,S3,card,False,B5,brand:cluquand.co.uk,False,ALLOW,vop,not-applicable,-1,,False,False,False,,0.0005,0,25000,27830089,True,False,True,True,False,False,False,author-1,custodian_redirect
A1-14,E12,custodian_redirect,S3,card,False,B6,brand:cluquand.co.uk,False,ALLOW,lists,,-1,,False,False,False,,0.0005,0,25000,27830089,True,False,True,True,False,False,False,author-1,custodian_redirect
A1-14,E12,custodian_redirect,S3,card,False,B7,brand:cluquand.co.uk,False,STEP-UP,name-anchor,name-mismatch,-1,,False,False,False,,0.0043,0,25000,27830089,False,False,False,False,False,True,True,author-1,custodian_redirect
A1-14,E12,custodian_redirect,S3,card,False,M1-G1,brand:cluquand.co.uk,False,ALLOW,pav,,1,,False,False,False,,0.8209,9,25000,27830089,True,False,True,True,False,False,False,author-1,custodian_redirect
A1-14,E12,custodian_redirect,S3,card,False,M1,brand:cluquand.co.uk,False,ALLOW,route,,2,,False,False,False,,1.6353,17,25000,27830089,True,False,True,True,False,False,False,author-1,custodian_redirect
A1-14,E12,custodian_redirect,S3,card,False,M2,brand:cluquand.co.uk,False,ALLOW,route,,2,,False,False,False,,2.6335,17,25000,27830089,True,False,True,True,False,False,False,author-1,custodian_redirect
A1-14,E12,custodian_redirect,S3,card,False,M3,brand:cluquand.co.uk,False,ALLOW,route,,2,POST,False,True,True,transfer,2.781,17,25000,27830089,True,False,True,True,False,False,False,author-1,custodian_redirect
A1-20,E12,scope_abuse:ceiling,S3,card,False,B1,brand:cliveaex.com,False,ALLOW,curation,,-1,,False,False,False,,0.001,0,4500000,27858166,True,False,True,True,False,False,False,author-1,scope_abuse
A1-20,E12,scope_abuse:ceiling,S3,card,False,B2,brand:cliveaex.com,False,ALLOW,mandate,,-1,,False,False,False,,0.0005,0,4500000,27858166,True,False,True,True,False,False,False,author-1,scope_abuse
A1-20,E12,scope_abuse:ceiling,S3,card,False,B3,brand:cliveaex.com,False,ALLOW,identity-assertion,,-1,,False,False,False,,0.0006,0,4500000,27858166,True,False,True,True,False,False,False,author-1,scope_abuse
A1-20,E12,scope_abuse:ceiling,S3,card,False,B4,brand:cliveaex.com,False,ALLOW,did-wallet,not-applicable,-1,,False,False,False,,0.0005,0,4500000,27858166,True,False,True,True,False,False,False,author-1,scope_abuse
A1-20,E12,scope_abuse:ceiling,S3,card,False,B5,brand:cliveaex.com,False,ALLOW,vop,not-applicable,-1,,False,False,False,,0.0005,0,4500000,27858166,True,False,True,True,False,False,False,author-1,scope_abuse
A1-20,E12,scope_abuse:ceiling,S3,card,False,B6,brand:cliveaex.com,False,ALLOW,lists,,-1,,False,False,False,,0.0005,0,4500000,27858166,True,False,True,True,False,False,False,author-1,scope_abuse
A1-20,E12,scope_abuse:ceiling,S3,card,False,B7,brand:cliveaex.com,False,STEP-UP,delegation,scope,-1,,False,False,False,,0.5659,6,4500000,27858166,False,False,False,False,False,True,True,author-1,scope_abuse
A1-20,E12,scope_abuse:ceiling,S3,card,False,M1-G1,brand:cliveaex.com,False,STEP-UP,pav,scope,-1,,False,False,False,,0.9292,10,4500000,27858166,False,False,False,False,False,True,True,author-1,scope_abuse
A1-20,E12,scope_abuse:ceiling,S3,card,False,M1,brand:cliveaex.com,False,STEP-UP,route/pav,scope,-1,,False,False,False,,0.9006,10,4500000,27858166,False,False,False,False,False,True,True,author-1,scope_abuse
A1-20,E12,scope_abuse:ceiling,S3,card,False,M2,brand:cliveaex.com,False,STEP-UP,route/pav,scope,-1,,False,False,False,,1.4136,10,4500000,27858166,False,False,False,False,False,True,True,author-1,scope_abuse
A1-20,E12,scope_abuse:ceiling,S3,card,False,M3,brand:cliveaex.com,False,STEP-UP,route/pav,scope,-1,,False,False,False,,1.4058,10,4500000,27858166,False,False,False,False,False,True,True,author-1,scope_abuse
A1-07,E12,payee_swap:own,S3,card,False,B1,brand:flugruion.com,False,ALLOW,curation,,-1,,False,False,False,,0.001,0,12500,27929554,True,False,True,True,False,False,False,author-1,payee_swap
A1-07,E12,payee_swap:own,S3,card,False,B2,brand:flugruion.com,False,ALLOW,mandate,,-1,,False,False,False,,0.0005,0,12500,27929554,True,False,True,True,False,False,False,author-1,payee_swap
A1-07,E12,payee_swap:own,S3,card,False,B3,brand:flugruion.com,False,ALLOW,identity-assertion,,-1,,False,False,False,,0.0005,0,12500,27929554,True,False,True,True,False,False,False,author-1,payee_swap
A1-07,E12,payee_swap:own,S3,card,False,B4,brand:flugruion.com,False,ALLOW,did-wallet,not-applicable,-1,,False,False,False,,0.0005,0,12500,27929554,True,False,True,True,False,False,False,author-1,payee_swap
A1-07,E12,payee_swap:own,S3,card,False,B5,brand:flugruion.com,False,ALLOW,vop,not-applicable,-1,,False,False,False,,0.0005,0,12500,27929554,True,False,True,True,False,False,False,author-1,payee_swap
A1-07,E12,payee_swap:own,S3,card,False,B6,brand:flugruion.com,False,ALLOW,lists,,-1,,False,False,False,,0.0005,0,12500,27929554,True,False,True,True,False,False,False,author-1,payee_swap
A1-07,E12,payee_swap:own,S3,card,False,B7,brand:flugruion.com,False,STEP-UP,delegation,no-delegation-from-asserted-entity,-1,,False,False,False,,0.0039,0,12500,27929554,False,False,False,False,False,True,True,author-1,payee_swap
A1-07,E12,payee_swap:own,S3,card,False,M1-G1,brand:flugruion.com,False,DENY,pav,path-to-different-entity,-1,,False,False,False,,0.6332,7,12500,27929554,False,False,False,False,False,False,False,author-1,payee_swap
A1-07,E12,payee_swap:own,S3,card,False,M1,brand:flugruion.com,False,DENY,route/pav,path-to-different-entity,-1,,False,False,False,,0.621,7,12500,27929554,False,False,False,False,False,False,False,author-1,payee_swap
A1-07,E12,payee_swap:own,S3,card,False,M2,brand:flugruion.com,False,DENY,route/pav,path-to-different-entity,-1,,False,False,False,,1.0271,7,12500,27929554,False,False,False,False,False,False,False,author-1,payee_swap
A1-07,E12,payee_swap:own,S3,card,False,M3,brand:flugruion.com,False,DENY,route/pav,path-to-different-entity,-1,,False,False,False,,1.01,7,12500,27929554,False,False,False,False,False,False,False,author-1,payee_swap
A2-04,E12,lookalike,S1,card,False,B1,brand:gronara.com,True,DENY,curation,not-curated,-1,,False,False,False,,0.0008,0,8900,28008670,False,False,False,False,False,False,False,author-2,lookalike
A2-04,E12,lookalike,S1,card,False,B2,brand:gronara.com,True,ALLOW,mandate,,-1,,False,False,False,,0.0005,0,8900,28008670,True,False,True,True,False,False,False,author-2,lookalike
A2-04,E12,lookalike,S1,card,False,B3,brand:gronara.com,True,ALLOW,identity-assertion,,-1,,False,False,False,,0.0005,0,8900,28008670,True,False,True,True,False,False,False,author-2,lookalike
A2-04,E12,lookalike,S1,card,False,B4,brand:gronara.com,True,ALLOW,did-wallet,not-applicable,-1,,False,False,False,,0.0005,0,8900,28008670,True,False,True,True,False,False,False,author-2,lookalike
A2-04,E12,lookalike,S1,card,False,B5,brand:gronara.com,True,ALLOW,vop,not-applicable,-1,,False,False,False,,0.0005,0,8900,28008670,True,False,True,True,False,False,False,author-2,lookalike
A2-04,E12,lookalike,S1,card,False,B6,brand:gronara.com,True,ALLOW,lists,,-1,,False,False,False,,0.0028,0,8900,28008670,True,False,True,True,False,False,False,author-2,lookalike
A2-04,E12,lookalike,S1,card,False,B7,brand:gronara.com,True,STEP-UP,name-anchor,name-mismatch,-1,,False,False,False,,0.0041,0,8900,28008670,False,False,False,False,False,True,True,author-2,lookalike
A2-04,E12,lookalike,S1,card,False,M1-G1,brand:gronara.com,True,ALLOW,pav,,1,,False,False,False,,0.6296,7,8900,28008670,True,False,True,True,False,False,False,author-2,lookalike
A2-04,E12,lookalike,S1,card,False,M1,brand:gronara.com,True,ALLOW,route,,2,,False,False,False,,1.0039,11,8900,28008670,True,False,True,True,False,False,False,author-2,lookalike
A2-04,E12,lookalike,S1,card,False,M2,brand:gronara.com,True,STEP-UP,cba,cba-domain-identity-age,-1,,False,False,False,,0.4436,0,8900,28008670,False,False,False,False,False,True,True,author-2,lookalike
A2-04,E12,lookalike,S1,card,False,M3,brand:gronara.com,True,STEP-UP,cba,cba-domain-identity-age,-1,,False,False,False,,0.4734,0,8900,28008670,False,False,False,False,False,True,True,author-2,lookalike
A1-02,E12,lookalike,S2,a2a_instant,False,B1,brand:veaciclom.in,True,DENY,curation,not-curated,-1,,False,False,False,,0.001,0,420000,28205202,False,False,False,False,False,False,False,author-1,lookalike
A1-02,E12,lookalike,S2,a2a_instant,False,B2,brand:veaciclom.in,True,ALLOW,mandate,,-1,,False,False,False,,0.0005,0,420000,28205202,True,False,True,True,False,False,False,author-1,lookalike
A1-02,E12,lookalike,S2,a2a_instant,False,B3,brand:veaciclom.in,True,ALLOW,identity-assertion,,-1,,False,False,False,,0.0005,0,420000,28205202,True,False,True,True,False,False,False,author-1,lookalike
A1-02,E12,lookalike,S2,a2a_instant,False,B4,brand:veaciclom.in,True,ALLOW,did-wallet,not-applicable,-1,,False,False,False,,0.0005,0,420000,28205202,True,False,True,True,False,False,False,author-1,lookalike
A1-02,E12,lookalike,S2,a2a_instant,False,B5,brand:veaciclom.in,True,ALLOW,vop,,-1,,False,False,False,,0.0029,0,420000,28205202,True,False,True,True,False,False,False,author-1,lookalike
A1-02,E12,lookalike,S2,a2a_instant,False,B6,brand:veaciclom.in,True,ALLOW,lists,,-1,,False,False,False,,0.0005,0,420000,28205202,True,False,True,True,False,False,False,author-1,lookalike
A1-02,E12,lookalike,S2,a2a_instant,False,B7,brand:veaciclom.in,True,ALLOW,b7,,-1,,False,False,False,,0.2848,3,420000,28205202,True,False,True,True,False,False,False,author-1,lookalike
A1-02,E12,lookalike,S2,a2a_instant,False,M1-G1,brand:veaciclom.in,True,ALLOW,pav,,1,,False,False,False,,0.6246,7,420000,28205202,True,False,True,True,False,False,False,author-1,lookalike
A1-02,E12,lookalike,S2,a2a_instant,False,M1,brand:veaciclom.in,True,ALLOW,route,,2,,False,False,False,,0.6189,7,420000,28205202,True,False,True,True,False,False,False,author-1,lookalike
A1-02,E12,lookalike,S2,a2a_instant,False,M2,brand:veaciclom.in,True,DENY,route/pav,path-to-different-entity,-1,,False,False,False,,1.0653,7,420000,28205202,False,False,False,False,False,False,False,author-1,lookalike
A1-02,E12,lookalike,S2,a2a_instant,False,M3,brand:veaciclom.in,True,DENY,route/pav,path-to-different-entity,-1,,False,False,False,,1.0527,7,420000,28205202,False,False,False,False,False,False,False,author-1,lookalike
A2-20,E12,scope_abuse:geo,S9,card,False,B1,brand:clojest.co.uk,False,ALLOW,curation,,-1,,False,False,False,,0.0008,0,47000,28345246,True,False,True,True,False,False,False,author-2,scope_abuse
A2-20,E12,scope_abuse:geo,S9,card,False,B2,brand:clojest.co.uk,False,ALLOW,mandate,,-1,,False,False,False,,0.0005,0,47000,28345246,True,False,True,True,False,False,False,author-2,scope_abuse
A2-20,E12,scope_abuse:geo,S9,card,False,B3,brand:clojest.co.uk,False,ALLOW,identity-assertion,,-1,,False,False,False,,0.0005,0,47000,28345246,True,False,True,True,False,False,False,author-2,scope_abuse
A2-20,E12,scope_abuse:geo,S9,card,False,B4,brand:clojest.co.uk,False,ALLOW,did-wallet,not-applicable,-1,,False,False,False,,0.0005,0,47000,28345246,True,False,True,True,False,False,False,author-2,scope_abuse
A2-20,E12,scope_abuse:geo,S9,card,False,B5,brand:clojest.co.uk,False,ALLOW,vop,not-applicable,-1,,False,False,False,,0.0005,0,47000,28345246,True,False,True,True,False,False,False,author-2,scope_abuse
A2-20,E12,scope_abuse:geo,S9,card,False,B6,brand:clojest.co.uk,False,ALLOW,lists,,-1,,False,False,False,,0.0005,0,47000,28345246,True,False,True,True,False,False,False,author-2,scope_abuse
A2-20,E12,scope_abuse:geo,S9,card,False,B7,brand:clojest.co.uk,False,STEP-UP,delegation,scope,-1,,False,False,False,,0.567,6,47000,28345246,False,False,False,False,False,True,True,author-2,scope_abuse
A2-20,E12,scope_abuse:geo,S9,card,False,M1-G1,brand:clojest.co.uk,False,STEP-UP,pav,scope,-1,,False,False,False,,0.908,10,47000,28345246,False,False,False,False,False,True,True,author-2,scope_abuse
A2-20,E12,scope_abuse:geo,S9,card,False,M1,brand:clojest.co.uk,False,STEP-UP,route/pav,scope,-1,,False,False,False,,0.9078,10,47000,28345246,False,False,False,False,False,True,True,author-2,scope_abuse
A2-20,E12,scope_abuse:geo,S9,card,False,M2,brand:clojest.co.uk,False,STEP-UP,route/pav,scope,-1,,False,False,False,,1.4694,10,47000,28345246,False,False,False,False,False,True,True,author-2,scope_abuse
A2-20,E12,scope_abuse:geo,S9,card,False,M3,brand:clojest.co.uk,False,STEP-UP,route/pav,scope,-1,,False,False,False,,1.3385,10,47000,28345246,False,False,False,False,False,True,True,author-2,scope_abuse
A1-10,E12,rogue_submerchant:none,S4,card,False,B1,brand:rokais.com,False,DENY,curation,not-curated,-1,,False,False,False,,0.0008,0,22000,28345562,False,False,False,False,False,False,False,author-1,rogue_submerchant
A1-10,E12,rogue_submerchant:none,S4,card,False,B2,brand:rokais.com,False,ALLOW,mandate,,-1,,False,False,False,,0.0004,0,22000,28345562,True,False,True,True,False,False,False,author-1,rogue_submerchant
A1-10,E12,rogue_submerchant:none,S4,card,False,B3,brand:rokais.com,False,STEP-UP,identity-assertion,no-valid-manifest,-1,,False,False,False,,0.0005,0,22000,28345562,False,False,False,False,False,True,True,author-1,rogue_submerchant
A1-10,E12,rogue_submerchant:none,S4,card,False,B4,brand:rokais.com,False,ALLOW,did-wallet,not-applicable,-1,,False,False,False,,0.0005,0,22000,28345562,True,False,True,True,False,False,False,author-1,rogue_submerchant
A1-10,E12,rogue_submerchant:none,S4,card,False,B5,brand:rokais.com,False,ALLOW,vop,not-applicable,-1,,False,False,False,,0.0005,0,22000,28345562,True,False,True,True,False,False,False,author-1,rogue_submerchant
A1-10,E12,rogue_submerchant:none,S4,card,False,B6,brand:rokais.com,False,ALLOW,lists,,-1,,False,False,False,,0.0005,0,22000,28345562,True,False,True,True,False,False,False,author-1,rogue_submerchant
A1-10,E12,rogue_submerchant:none,S4,card,False,B7,brand:rokais.com,False,STEP-UP,identity-assertion,no-valid-manifest,-1,,False,False,False,,0.0007,0,22000,28345562,False,False,False,False,False,True,True,author-1,rogue_submerchant
A1-10,E12,rogue_submerchant:none,S4,card,False,M1-G1,brand:rokais.com,False,STEP-UP,pav,no-path,-1,,False,False,False,,0.0027,0,22000,28345562,False,False,False,False,False,True,True,author-1,rogue_submerchant
A1-10,E12,rogue_submerchant:none,S4,card,False,M1,brand:rokais.com,False,STEP-UP,route,no-path,-1,,False,False,False,,0.0015,0,22000,28345562,False,False,False,False,False,True,True,author-1,rogue_submerchant
A1-10,E12,rogue_submerchant:none,S4,card,False,M2,brand:rokais.com,False,STEP-UP,route,no-path,-1,,False,False,False,,0.2213,0,22000,28345562,False,False,False,False,False,True,True,author-1,rogue_submerchant
A1-10,E12,rogue_submerchant:none,S4,card,False,M3,brand:rokais.com,False,STEP-UP,route,no-path,-1,,False,False,False,,0.214,0,22000,28345562,False,False,False,False,False,True,True,author-1,rogue_submerchant
A2-08,E12,payee_swap:keep,S3,card,False,B1,brand:clipuva.com,False,ALLOW,curation,,-1,,False,False,False,,0.0007,0,56000,28362111,True,False,True,True,False,False,False,author-2,payee_swap
A2-08,E12,payee_swap:keep,S3,card,False,B2,brand:clipuva.com,False,ALLOW,mandate,,-1,,False,False,False,,0.0005,0,56000,28362111,True,False,True,True,False,False,False,author-2,payee_swap
A2-08,E12,payee_swap:keep,S3,card,False,B3,brand:clipuva.com,False,ALLOW,identity-assertion,,-1,,False,False,False,,0.0005,0,56000,28362111,True,False,True,True,False,False,False,author-2,payee_swap
A2-08,E12,payee_swap:keep,S3,card,False,B4,brand:clipuva.com,False,ALLOW,did-wallet,not-applicable,-1,,False,False,False,,0.0005,0,56000,28362111,True,False,True,True,False,False,False,author-2,payee_swap
A2-08,E12,payee_swap:keep,S3,card,False,B5,brand:clipuva.com,False,ALLOW,vop,not-applicable,-1,,False,False,False,,0.0005,0,56000,28362111,True,False,True,True,False,False,False,author-2,payee_swap
A2-08,E12,payee_swap:keep,S3,card,False,B6,brand:clipuva.com,False,ALLOW,lists,,-1,,False,False,False,,0.0005,0,56000,28362111,True,False,True,True,False,False,False,author-2,payee_swap
A2-08,E12,payee_swap:keep,S3,card,False,B7,brand:clipuva.com,False,STEP-UP,name-anchor,name-mismatch,-1,,False,False,False,,0.0033,0,56000,28362111,False,False,False,False,False,True,True,author-2,payee_swap
A2-08,E12,payee_swap:keep,S3,card,False,M1-G1,brand:clipuva.com,False,DENY,pav,payee-mismatch,-1,,False,False,False,,0.7293,8,56000,28362111,False,False,False,False,False,False,False,author-2,payee_swap
A2-08,E12,payee_swap:keep,S3,card,False,M1,brand:clipuva.com,False,DENY,route/pav,payee-mismatch,-1,,False,False,False,,0.711,8,56000,28362111,False,False,False,False,False,False,False,author-2,payee_swap
A2-08,E12,payee_swap:keep,S3,card,False,M2,brand:clipuva.com,False,DENY,route/pav,payee-mismatch,-1,,False,False,False,,1.105,8,56000,28362111,False,False,False,False,False,False,False,author-2,payee_swap
A2-08,E12,payee_swap:keep,S3,card,False,M3,brand:clipuva.com,False,DENY,route/pav,payee-mismatch,-1,,False,False,False,,1.1007,8,56000,28362111,False,False,False,False,False,False,False,author-2,payee_swap
A1-04,E12,lookalike,S9,card,False,B1,brand:louquaina.com,True,ALLOW,curation,,-1,,False,False,False,,0.0009,0,31000,28429269,True,False,True,True,False,False,False,author-1,lookalike
A1-04,E12,lookalike,S9,card,False,B2,brand:louquaina.com,True,ALLOW,mandate,,-1,,False,False,False,,0.0005,0,31000,28429269,True,False,True,True,False,False,False,author-1,lookalike
A1-04,E12,lookalike,S9,card,False,B3,brand:louquaina.com,True,ALLOW,identity-assertion,,-1,,False,False,False,,0.0005,0,31000,28429269,True,False,True,True,False,False,False,author-1,lookalike
A1-04,E12,lookalike,S9,card,False,B4,brand:louquaina.com,True,ALLOW,did-wallet,not-applicable,-1,,False,False,False,,0.0005,0,31000,28429269,True,False,True,True,False,False,False,author-1,lookalike
A1-04,E12,lookalike,S9,card,False,B5,brand:louquaina.com,True,ALLOW,vop,not-applicable,-1,,False,False,False,,0.0005,0,31000,28429269,True,False,True,True,False,False,False,author-1,lookalike
A1-04,E12,lookalike,S9,card,False,B6,brand:louquaina.com,True,ALLOW,lists,,-1,,False,False,False,,0.0005,0,31000,28429269,True,False,True,True,False,False,False,author-1,lookalike
A1-04,E12,lookalike,S9,card,False,B7,brand:louquaina.com,True,ALLOW,b7,,-1,,False,False,False,,0.288,3,31000,28429269,True,False,True,True,False,False,False,author-1,lookalike
A1-04,E12,lookalike,S9,card,False,M1-G1,brand:louquaina.com,True,ALLOW,pav,,1,,False,False,False,,0.628,7,31000,28429269,True,False,True,True,False,False,False,author-1,lookalike
A1-04,E12,lookalike,S9,card,False,M1,brand:louquaina.com,True,ALLOW,route,,2,,False,False,False,,1.0325,11,31000,28429269,True,False,True,True,False,False,False,author-1,lookalike
A1-04,E12,lookalike,S9,card,False,M2,brand:louquaina.com,True,DENY,route/pav,path-to-different-entity,-1,,False,False,False,,1.2954,7,31000,28429269,False,False,False,False,False,False,False,author-1,lookalike
A1-04,E12,lookalike,S9,card,False,M3,brand:louquaina.com,True,DENY,route/pav,path-to-different-entity,-1,,False,False,False,,1.2747,7,31000,28429269,False,False,False,False,False,False,False,author-1,lookalike
A1-09,E12,payee_swap:keep,S2,a2a_instant,False,B1,brand:trodijiion.com,True,DENY,curation,not-curated,-1,,False,False,False,,0.001,0,1800000,28457783,False,False,False,False,False,False,False,author-1,payee_swap
A1-09,E12,payee_swap:keep,S2,a2a_instant,False,B2,brand:trodijiion.com,True,DENY,mandate,payee-changed-after-signing,-1,,False,False,False,,0.0006,0,1800000,28457783,False,False,False,False,False,False,False,author-1,payee_swap
A1-09,E12,payee_swap:keep,S2,a2a_instant,False,B3,brand:trodijiion.com,True,ALLOW,identity-assertion,,-1,,False,False,False,,0.0006,0,1800000,28457783,True,False,True,True,False,False,False,author-1,payee_swap
A1-09,E12,payee_swap:keep,S2,a2a_instant,False,B4,brand:trodijiion.com,True,ALLOW,did-wallet,not-applicable,-1,,False,False,False,,0.0005,0,1800000,28457783,True,False,True,True,False,False,False,author-1,payee_swap
A1-09,E12,payee_swap:keep,S2,a2a_instant,False,B5,brand:trodijiion.com,True,ALLOW,vop,,-1,,False,False,False,,0.0023,0,1800000,28457783,True,False,True,True,False,False,False,author-1,payee_swap
A1-09,E12,payee_swap:keep,S2,a2a_instant,False,B6,brand:trodijiion.com,True,ALLOW,lists,,-1,,False,False,False,,0.0005,0,1800000,28457783,True,False,True,True,False,False,False,author-1,payee_swap
A1-09,E12,payee_swap:keep,S2,a2a_instant,False,B7,brand:trodijiion.com,True,DENY,mandate,payee-changed-after-signing,-1,,False,False,False,,0.0026,0,1800000,28457783,False,False,False,False,False,False,False,author-1,payee_swap
A1-09,E12,payee_swap:keep,S2,a2a_instant,False,M1-G1,brand:trodijiion.com,True,DENY,pav,payee-mismatch,-1,,False,False,False,,0.5405,6,1800000,28457783,False,False,False,False,False,False,False,author-1,payee_swap
A1-09,E12,payee_swap:keep,S2,a2a_instant,False,M1,brand:trodijiion.com,True,DENY,route/pav,payee-mismatch,-1,,False,False,False,,0.5227,6,1800000,28457783,False,False,False,False,False,False,False,author-1,payee_swap
A1-09,E12,payee_swap:keep,S2,a2a_instant,False,M2,brand:trodijiion.com,True,DENY,route/pav,payee-mismatch,-1,,False,False,False,,1.1942,6,1800000,28457783,False,False,False,False,False,False,False,author-1,payee_swap
A1-09,E12,payee_swap:keep,S2,a2a_instant,False,M3,brand:trodijiion.com,True,DENY,route/pav,payee-mismatch,-1,,False,False,False,,1.1784,6,1800000,28457783,False,False,False,False,False,False,False,author-1,payee_swap
A2-09,E12,payee_swap:none,S1,card,False,B1,brand:draiquaiion.in,False,ALLOW,curation,,-1,,False,False,False,,0.0009,0,100,28470458,True,False,True,True,False,False,False,author-2,payee_swap
A2-09,E12,payee_swap:none,S1,card,False,B2,brand:draiquaiion.in,False,ALLOW,mandate,,-1,,False,False,False,,0.0005,0,100,28470458,True,False,True,True,False,False,False,author-2,payee_swap
A2-09,E12,payee_swap:none,S1,card,False,B3,brand:draiquaiion.in,False,STEP-UP,identity-assertion,no-valid-manifest,-1,,False,False,False,,0.0006,0,100,28470458,False,False,False,False,False,True,True,author-2,payee_swap
A2-09,E12,payee_swap:none,S1,card,False,B4,brand:draiquaiion.in,False,ALLOW,did-wallet,not-applicable,-1,,False,False,False,,0.0005,0,100,28470458,True,False,True,True,False,False,False,author-2,payee_swap
A2-09,E12,payee_swap:none,S1,card,False,B5,brand:draiquaiion.in,False,ALLOW,vop,not-applicable,-1,,False,False,False,,0.0005,0,100,28470458,True,False,True,True,False,False,False,author-2,payee_swap
A2-09,E12,payee_swap:none,S1,card,False,B6,brand:draiquaiion.in,False,ALLOW,lists,,-1,,False,False,False,,0.0023,0,100,28470458,True,False,True,True,False,False,False,author-2,payee_swap
A2-09,E12,payee_swap:none,S1,card,False,B7,brand:draiquaiion.in,False,STEP-UP,identity-assertion,no-valid-manifest,-1,,False,False,False,,0.0007,0,100,28470458,False,False,False,False,False,True,True,author-2,payee_swap
A2-09,E12,payee_swap:none,S1,card,False,M1-G1,brand:draiquaiion.in,False,STEP-UP,pav,no-path,-1,,False,False,False,,0.0028,0,100,28470458,False,False,False,False,False,True,True,author-2,payee_swap
A2-09,E12,payee_swap:none,S1,card,False,M1,brand:draiquaiion.in,False,STEP-UP,route,no-path,-1,,False,False,False,,0.0015,0,100,28470458,False,False,False,False,False,True,True,author-2,payee_swap
A2-09,E12,payee_swap:none,S1,card,False,M2,brand:draiquaiion.in,False,STEP-UP,route,no-path,-1,,False,False,False,,0.7456,0,100,28470458,False,False,False,False,False,True,True,author-2,payee_swap
A2-09,E12,payee_swap:none,S1,card,False,M3,brand:draiquaiion.in,False,STEP-UP,route,no-path,-1,,False,False,False,,0.7491,0,100,28470458,False,False,False,False,False,True,True,author-2,payee_swap
