case_id,kind,variant,structure,rail,premise_violation,config,intended,impersonated,verdict,stage,reasons,level,mode,undone,detected,breach_certificate,detect_reason,decision_ms,sig_checks,amount,t,executed,lands_legit_if_paid,diverted,loss,false_block,step_up,stepup_would_divert
AIP:A-AP2-11-001,A3,AIP:A-AP2-11:swap-no-rap,S2,a2a_instant,False,B1,brand:gaserk.com,False,ALLOW,curation,,-1,,False,False,False,,0.0024,0,5296,25929304,True,False,True,True,False,False,False
AIP:A-AP2-11-001,A3,AIP:A-AP2-11:swap-no-rap,S2,a2a_instant,False,B2,brand:gaserk.com,False,DENY,mandate,payee-changed-after-signing,-1,,False,False,False,,0.0007,0,5296,25929304,False,False,False,False,False,False,False
AIP:A-AP2-11-001,A3,AIP:A-AP2-11:swap-no-rap,S2,a2a_instant,False,B3,brand:gaserk.com,False,ALLOW,identity-assertion,,-1,,False,False,False,,0.0007,0,5296,25929304,True,False,True,True,False,False,False
AIP:A-AP2-11-001,A3,AIP:A-AP2-11:swap-no-rap,S2,a2a_instant,False,B4,brand:gaserk.com,False,ALLOW,did-wallet,not-applicable,-1,,False,False,False,,0.0007,0,5296,25929304,True,False,True,True,False,False,False
AIP:A-AP2-11-001,A3,AIP:A-AP2-11:swap-no-rap,S2,a2a_instant,False,B5,brand:gaserk.com,False,ALLOW,vop,,-1,,False,False,False,,0.0029,0,5296,25929304,True,False,True,True,False,False,False
AIP:A-AP2-11-001,A3,AIP:A-AP2-11:swap-no-rap,S2,a2a_instant,False,B6,brand:gaserk.com,False,ALLOW,lists,,-1,,False,False,False,,0.0007,0,5296,25929304,True,False,True,True,False,False,False
AIP:A-AP2-11-001,A3,AIP:A-AP2-11:swap-no-rap,S2,a2a_instant,False,B7,brand:gaserk.com,False,DENY,mandate,payee-changed-after-signing,-1,,False,False,False,,0.0038,0,5296,25929304,False,False,False,False,False,False,False
AIP:A-AP2-11-001,A3,AIP:A-AP2-11:swap-no-rap,S2,a2a_instant,False,M1-G1,brand:gaserk.com,False,STEP-UP,pav,no-path,-1,,False,False,False,,0.0058,0,5296,25929304,False,False,False,False,False,True,True
AIP:A-AP2-11-001,A3,AIP:A-AP2-11:swap-no-rap,S2,a2a_instant,False,M1,brand:gaserk.com,False,STEP-UP,route,no-path,-1,,False,False,False,,0.0019,0,5296,25929304,False,False,False,False,False,True,True
AIP:A-AP2-11-001,A3,AIP:A-AP2-11:swap-no-rap,S2,a2a_instant,False,M2,brand:gaserk.com,False,STEP-UP,route,no-path,-1,,False,False,False,,0.4591,0,5296,25929304,False,False,False,False,False,True,True
AIP:A-AP2-11-001,A3,AIP:A-AP2-11:swap-no-rap,S2,a2a_instant,False,M3,brand:gaserk.com,False,STEP-UP,route,no-path,-1,,False,False,False,,0.4326,0,5296,25929304,False,False,False,False,False,True,True
AIP:V9-018,A3,AIP:V9:swap-own-rap,S12,stablecoin,False,B1,brand:trouproion.com,True,ALLOW,curation,,-1,,False,False,False,,0.0009,0,2920,26045617,True,False,True,True,False,False,False
AIP:V9-018,A3,AIP:V9:swap-own-rap,S12,stablecoin,False,B2,brand:trouproion.com,True,ALLOW,mandate,,-1,,False,False,False,,0.0005,0,2920,26045617,True,False,True,True,False,False,False
AIP:V9-018,A3,AIP:V9:swap-own-rap,S12,stablecoin,False,B3,brand:trouproion.com,True,ALLOW,identity-assertion,,-1,,False,False,False,,0.0006,0,2920,26045617,True,False,True,True,False,False,False
AIP:V9-018,A3,AIP:V9:swap-own-rap,S12,stablecoin,False,B4,brand:trouproion.com,True,DENY,did-wallet,wallet-not-bound,-1,,False,False,False,,0.0006,0,2920,26045617,False,False,False,False,False,False,False
AIP:V9-018,A3,AIP:V9:swap-own-rap,S12,stablecoin,False,B5,brand:trouproion.com,True,ALLOW,vop,not-applicable,-1,,False,False,False,,0.0005,0,2920,26045617,True,False,True,True,False,False,False
AIP:V9-018,A3,AIP:V9:swap-own-rap,S12,stablecoin,False,B6,brand:trouproion.com,True,ALLOW,lists,,-1,,False,False,False,,0.0005,0,2920,26045617,True,False,True,True,False,False,False
AIP:V9-018,A3,AIP:V9:swap-own-rap,S12,stablecoin,False,B7,brand:trouproion.com,True,DENY,did-wallet,wallet-not-bound,-1,,False,False,False,,0.0028,0,2920,26045617,False,False,False,False,False,False,False
AIP:V9-018,A3,AIP:V9:swap-own-rap,S12,stablecoin,False,M1-G1,brand:trouproion.com,True,DENY,pav,path-to-different-entity,-1,,False,False,False,,0.7459,7,2920,26045617,False,False,False,False,False,False,False
AIP:V9-018,A3,AIP:V9:swap-own-rap,S12,stablecoin,False,M1,brand:trouproion.com,True,DENY,route/pav,path-to-different-entity,-1,,False,False,False,,0.6585,7,2920,26045617,False,False,False,False,False,False,False
AIP:V9-018,A3,AIP:V9:swap-own-rap,S12,stablecoin,False,M2,brand:trouproion.com,True,DENY,route/pav,path-to-different-entity,-1,,False,False,False,,1.3193,7,2920,26045617,False,False,False,False,False,False,False
AIP:V9-018,A3,AIP:V9:swap-own-rap,S12,stablecoin,False,M3,brand:trouproion.com,True,DENY,route/pav,path-to-different-entity,-1,,False,False,False,,1.2969,7,2920,26045617,False,False,False,False,False,False,False
AIP:F-1-002,A4,AIP:F-1:swap-own-rap,S1,psp_token,False,B1,brand:vubrul.in,True,ALLOW,curation,,-1,,False,False,False,,0.0009,0,8938,26119447,True,False,True,True,False,False,False
AIP:F-1-002,A4,AIP:F-1:swap-own-rap,S1,psp_token,False,B2,brand:vubrul.in,True,ALLOW,mandate,,-1,,False,False,False,,0.0005,0,8938,26119447,True,False,True,True,False,False,False
AIP:F-1-002,A4,AIP:F-1:swap-own-rap,S1,psp_token,False,B3,brand:vubrul.in,True,ALLOW,identity-assertion,,-1,,False,False,False,,0.0005,0,8938,26119447,True,False,True,True,False,False,False
AIP:F-1-002,A4,AIP:F-1:swap-own-rap,S1,psp_token,False,B4,brand:vubrul.in,True,ALLOW,did-wallet,not-applicable,-1,,False,False,False,,0.0005,0,8938,26119447,True,False,True,True,False,False,False
AIP:F-1-002,A4,AIP:F-1:swap-own-rap,S1,psp_token,False,B5,brand:vubrul.in,True,ALLOW,vop,not-applicable,-1,,False,False,False,,0.0005,0,8938,26119447,True,False,True,True,False,False,False
AIP:F-1-002,A4,AIP:F-1:swap-own-rap,S1,psp_token,False,B6,brand:vubrul.in,True,ALLOW,lists,,-1,,False,False,False,,0.0005,0,8938,26119447,True,False,True,True,False,False,False
AIP:F-1-002,A4,AIP:F-1:swap-own-rap,S1,psp_token,False,B7,brand:vubrul.in,True,STEP-UP,delegation,no-delegation-from-asserted-entity,-1,,False,False,False,,0.0043,0,8938,26119447,False,False,False,False,False,True,True
AIP:F-1-002,A4,AIP:F-1:swap-own-rap,S1,psp_token,False,M1-G1,brand:vubrul.in,True,DENY,pav,path-to-different-entity,-1,,False,False,False,,0.6384,7,8938,26119447,False,False,False,False,False,False,False
AIP:F-1-002,A4,AIP:F-1:swap-own-rap,S1,psp_token,False,M1,brand:vubrul.in,True,DENY,route/pav,path-to-different-entity,-1,,False,False,False,,0.6112,7,8938,26119447,False,False,False,False,False,False,False
AIP:F-1-002,A4,AIP:F-1:swap-own-rap,S1,psp_token,False,M2,brand:vubrul.in,True,DENY,route/pav,path-to-different-entity,-1,,False,False,False,,0.8022,7,8938,26119447,False,False,False,False,False,False,False
AIP:F-1-002,A4,AIP:F-1:swap-own-rap,S1,psp_token,False,M3,brand:vubrul.in,True,DENY,route/pav,path-to-different-entity,-1,,False,False,False,,0.7987,7,8938,26119447,False,False,False,False,False,False,False
AIP:V5-010,A3,AIP:V5:swap-own-rap,S3,card,False,B1,brand:moustirk.com,True,ALLOW,curation,,-1,,False,False,False,,0.0009,0,4377,26127572,True,False,True,True,False,False,False
AIP:V5-010,A3,AIP:V5:swap-own-rap,S3,card,False,B2,brand:moustirk.com,True,ALLOW,mandate,,-1,,False,False,False,,0.0004,0,4377,26127572,True,False,True,True,False,False,False
AIP:V5-010,A3,AIP:V5:swap-own-rap,S3,card,False,B3,brand:moustirk.com,True,ALLOW,identity-assertion,,-1,,False,False,False,,0.0006,0,4377,26127572,True,False,True,True,False,False,False
AIP:V5-010,A3,AIP:V5:swap-own-rap,S3,card,False,B4,brand:moustirk.com,True,ALLOW,did-wallet,not-applicable,-1,,False,False,False,,0.0005,0,4377,26127572,True,False,True,True,False,False,False
AIP:V5-010,A3,AIP:V5:swap-own-rap,S3,card,False,B5,brand:moustirk.com,True,ALLOW,vop,not-applicable,-1,,False,False,False,,0.0005,0,4377,26127572,True,False,True,True,False,False,False
AIP:V5-010,A3,AIP:V5:swap-own-rap,S3,card,False,B6,brand:moustirk.com,True,ALLOW,lists,,-1,,False,False,False,,0.0005,0,4377,26127572,True,False,True,True,False,False,False
AIP:V5-010,A3,AIP:V5:swap-own-rap,S3,card,False,B7,brand:moustirk.com,True,STEP-UP,delegation,no-delegation-from-asserted-entity,-1,,False,False,False,,0.0035,0,4377,26127572,False,False,False,False,False,True,True
AIP:V5-010,A3,AIP:V5:swap-own-rap,S3,card,False,M1-G1,brand:moustirk.com,True,DENY,pav,path-to-different-entity,-1,,False,False,False,,0.6193,7,4377,26127572,False,False,False,False,False,False,False
AIP:V5-010,A3,AIP:V5:swap-own-rap,S3,card,False,M1,brand:moustirk.com,True,DENY,route/pav,path-to-different-entity,-1,,False,False,False,,0.6044,7,4377,26127572,False,False,False,False,False,False,False
AIP:V5-010,A3,AIP:V5:swap-own-rap,S3,card,False,M2,brand:moustirk.com,True,DENY,route/pav,path-to-different-entity,-1,,False,False,False,,1.1644,7,4377,26127572,False,False,False,False,False,False,False
AIP:V5-010,A3,AIP:V5:swap-own-rap,S3,card,False,M3,brand:moustirk.com,True,DENY,route/pav,path-to-different-entity,-1,,False,False,False,,1.1516,7,4377,26127572,False,False,False,False,False,False,False
AIP:V5-017,A3,AIP:V5:swap-no-rap,S4,card,False,B1,brand:jeaheva.com,True,ALLOW,curation,,-1,,False,False,False,,0.0008,0,1788,26127877,True,False,True,True,False,False,False
AIP:V5-017,A3,AIP:V5:swap-no-rap,S4,card,False,B2,brand:jeaheva.com,True,ALLOW,mandate,,-1,,False,False,False,,0.0005,0,1788,26127877,True,False,True,True,False,False,False
AIP:V5-017,A3,AIP:V5:swap-no-rap,S4,card,False,B3,brand:jeaheva.com,True,ALLOW,identity-assertion,,-1,,False,False,False,,0.0005,0,1788,26127877,True,False,True,True,False,False,False
AIP:V5-017,A3,AIP:V5:swap-no-rap,S4,card,False,B4,brand:jeaheva.com,True,ALLOW,did-wallet,not-applicable,-1,,False,False,False,,0.0005,0,1788,26127877,True,False,True,True,False,False,False
AIP:V5-017,A3,AIP:V5:swap-no-rap,S4,card,False,B5,brand:jeaheva.com,True,ALLOW,vop,not-applicable,-1,,False,False,False,,0.0005,0,1788,26127877,True,False,True,True,False,False,False
AIP:V5-017,A3,AIP:V5:swap-no-rap,S4,card,False,B6,brand:jeaheva.com,True,ALLOW,lists,,-1,,False,False,False,,0.0005,0,1788,26127877,True,False,True,True,False,False,False
AIP:V5-017,A3,AIP:V5:swap-no-rap,S4,card,False,B7,brand:jeaheva.com,True,STEP-UP,delegation,no-delegation,-1,,False,False,False,,0.0028,0,1788,26127877,False,False,False,False,False,True,True
AIP:V5-017,A3,AIP:V5:swap-no-rap,S4,card,False,M1-G1,brand:jeaheva.com,True,STEP-UP,pav,no-path,-1,,False,False,False,,0.0028,0,1788,26127877,False,False,False,False,False,True,True
AIP:V5-017,A3,AIP:V5:swap-no-rap,S4,card,False,M1,brand:jeaheva.com,True,STEP-UP,route,no-path,-1,,False,False,False,,0.0014,0,1788,26127877,False,False,False,False,False,True,True
AIP:V5-017,A3,AIP:V5:swap-no-rap,S4,card,False,M2,brand:jeaheva.com,True,STEP-UP,route,no-path,-1,,False,False,False,,0.2186,0,1788,26127877,False,False,False,False,False,True,True
AIP:V5-017,A3,AIP:V5:swap-no-rap,S4,card,False,M3,brand:jeaheva.com,True,STEP-UP,route,no-path,-1,,False,False,False,,0.213,0,1788,26127877,False,False,False,False,False,True,True
AIP:F-1-008,A4,AIP:F-1:swap-own-rap,S3,psp_token,False,B1,brand:dosto.co.uk,False,ALLOW,curation,,-1,,False,False,False,,0.0008,0,1485,26144747,True,False,True,True,False,False,False
AIP:F-1-008,A4,AIP:F-1:swap-own-rap,S3,psp_token,False,B2,brand:dosto.co.uk,False,ALLOW,mandate,,-1,,False,False,False,,0.0004,0,1485,26144747,True,False,True,True,False,False,False
AIP:F-1-008,A4,AIP:F-1:swap-own-rap,S3,psp_token,False,B3,brand:dosto.co.uk,False,ALLOW,identity-assertion,,-1,,False,False,False,,0.0005,0,1485,26144747,True,False,True,True,False,False,False
AIP:F-1-008,A4,AIP:F-1:swap-own-rap,S3,psp_token,False,B4,brand:dosto.co.uk,False,ALLOW,did-wallet,not-applicable,-1,,False,False,False,,0.0005,0,1485,26144747,True,False,True,True,False,False,False
AIP:F-1-008,A4,AIP:F-1:swap-own-rap,S3,psp_token,False,B5,brand:dosto.co.uk,False,ALLOW,vop,not-applicable,-1,,False,False,False,,0.0005,0,1485,26144747,True,False,True,True,False,False,False
AIP:F-1-008,A4,AIP:F-1:swap-own-rap,S3,psp_token,False,B6,brand:dosto.co.uk,False,ALLOW,lists,,-1,,False,False,False,,0.0005,0,1485,26144747,True,False,True,True,False,False,False
AIP:F-1-008,A4,AIP:F-1:swap-own-rap,S3,psp_token,False,B7,brand:dosto.co.uk,False,STEP-UP,delegation,no-delegation-from-asserted-entity,-1,,False,False,False,,0.0032,0,1485,26144747,False,False,False,False,False,True,True
AIP:F-1-008,A4,AIP:F-1:swap-own-rap,S3,psp_token,False,M1-G1,brand:dosto.co.uk,False,DENY,pav,path-to-different-entity,-1,,False,False,False,,0.6132,7,1485,26144747,False,False,False,False,False,False,False
AIP:F-1-008,A4,AIP:F-1:swap-own-rap,S3,psp_token,False,M1,brand:dosto.co.uk,False,DENY,route/pav,path-to-different-entity,-1,,False,False,False,,0.6343,7,1485,26144747,False,False,False,False,False,False,False
AIP:F-1-008,A4,AIP:F-1:swap-own-rap,S3,psp_token,False,M2,brand:dosto.co.uk,False,DENY,route/pav,path-to-different-entity,-1,,False,False,False,,0.9067,7,1485,26144747,False,False,False,False,False,False,False
AIP:F-1-008,A4,AIP:F-1:swap-own-rap,S3,psp_token,False,M3,brand:dosto.co.uk,False,DENY,route/pav,path-to-different-entity,-1,,False,False,False,,0.8961,7,1485,26144747,False,False,False,False,False,False,False
AIP:A-AP2-11-013,A3,AIP:A-AP2-11:swap-no-rap,S9,card,False,B1,brand:wiflast.co.uk,False,ALLOW,curation,,-1,,False,False,False,,0.0008,0,1768,26146468,True,False,True,True,False,False,False
AIP:A-AP2-11-013,A3,AIP:A-AP2-11:swap-no-rap,S9,card,False,B2,brand:wiflast.co.uk,False,DENY,mandate,payee-changed-after-signing,-1,,False,False,False,,0.0005,0,1768,26146468,False,False,False,False,False,False,False
AIP:A-AP2-11-013,A3,AIP:A-AP2-11:swap-no-rap,S9,card,False,B3,brand:wiflast.co.uk,False,ALLOW,identity-assertion,,-1,,False,False,False,,0.0005,0,1768,26146468,True,False,True,True,False,False,False
AIP:A-AP2-11-013,A3,AIP:A-AP2-11:swap-no-rap,S9,card,False,B4,brand:wiflast.co.uk,False,ALLOW,did-wallet,not-applicable,-1,,False,False,False,,0.0005,0,1768,26146468,True,False,True,True,False,False,False
AIP:A-AP2-11-013,A3,AIP:A-AP2-11:swap-no-rap,S9,card,False,B5,brand:wiflast.co.uk,False,ALLOW,vop,not-applicable,-1,,False,False,False,,0.0004,0,1768,26146468,True,False,True,True,False,False,False
AIP:A-AP2-11-013,A3,AIP:A-AP2-11:swap-no-rap,S9,card,False,B6,brand:wiflast.co.uk,False,ALLOW,lists,,-1,,False,False,False,,0.0005,0,1768,26146468,True,False,True,True,False,False,False
AIP:A-AP2-11-013,A3,AIP:A-AP2-11:swap-no-rap,S9,card,False,B7,brand:wiflast.co.uk,False,DENY,mandate,payee-changed-after-signing,-1,,False,False,False,,0.0035,0,1768,26146468,False,False,False,False,False,False,False
AIP:A-AP2-11-013,A3,AIP:A-AP2-11:swap-no-rap,S9,card,False,M1-G1,brand:wiflast.co.uk,False,STEP-UP,pav,no-path,-1,,False,False,False,,0.0025,0,1768,26146468,False,False,False,False,False,True,True
AIP:A-AP2-11-013,A3,AIP:A-AP2-11:swap-no-rap,S9,card,False,M1,brand:wiflast.co.uk,False,STEP-UP,route,no-path,-1,,False,False,False,,0.0012,0,1768,26146468,False,False,False,False,False,True,True
AIP:A-AP2-11-013,A3,AIP:A-AP2-11:swap-no-rap,S9,card,False,M2,brand:wiflast.co.uk,False,STEP-UP,route,no-path,-1,,False,False,False,,0.3725,0,1768,26146468,False,False,False,False,False,True,True
AIP:A-AP2-11-013,A3,AIP:A-AP2-11:swap-no-rap,S9,card,False,M3,brand:wiflast.co.uk,False,STEP-UP,route,no-path,-1,,False,False,False,,0.3673,0,1768,26146468,False,False,False,False,False,True,True
AIP:A-AP2-11-011,A3,AIP:A-AP2-11:swap-no-rap,S1,card,False,B1,brand:beaproum.co.uk,False,ALLOW,curation,,-1,,False,False,False,,0.0007,0,3544,26157121,True,False,True,True,False,False,False
AIP:A-AP2-11-011,A3,AIP:A-AP2-11:swap-no-rap,S1,card,False,B2,brand:beaproum.co.uk,False,DENY,mandate,payee-changed-after-signing,-1,,False,False,False,,0.0005,0,3544,26157121,False,False,False,False,False,False,False
AIP:A-AP2-11-011,A3,AIP:A-AP2-11:swap-no-rap,S1,card,False,B3,brand:beaproum.co.uk,False,ALLOW,identity-assertion,,-1,,False,False,False,,0.0005,0,3544,26157121,True,False,True,True,False,False,False
AIP:A-AP2-11-011,A3,AIP:A-AP2-11:swap-no-rap,S1,card,False,B4,brand:beaproum.co.uk,False,ALLOW,did-wallet,not-applicable,-1,,False,False,False,,0.0005,0,3544,26157121,True,False,True,True,False,False,False
AIP:A-AP2-11-011,A3,AIP:A-AP2-11:swap-no-rap,S1,card,False,B5,brand:beaproum.co.uk,False,ALLOW,vop,not-applicable,-1,,False,False,False,,0.0005,0,3544,26157121,True,False,True,True,False,False,False
AIP:A-AP2-11-011,A3,AIP:A-AP2-11:swap-no-rap,S1,card,False,B6,brand:beaproum.co.uk,False,ALLOW,lists,,-1,,False,False,False,,0.0005,0,3544,26157121,True,False,True,True,False,False,False
AIP:A-AP2-11-011,A3,AIP:A-AP2-11:swap-no-rap,S1,card,False,B7,brand:beaproum.co.uk,False,DENY,mandate,payee-changed-after-signing,-1,,False,False,False,,0.0023,0,3544,26157121,False,False,False,False,False,False,False
AIP:A-AP2-11-011,A3,AIP:A-AP2-11:swap-no-rap,S1,card,False,M1-G1,brand:beaproum.co.uk,False,STEP-UP,pav,no-path,-1,,False,False,False,,0.0022,0,3544,26157121,False,False,False,False,False,True,True
AIP:A-AP2-11-011,A3,AIP:A-AP2-11:swap-no-rap,S1,card,False,M1,brand:beaproum.co.uk,False,STEP-UP,route,no-path,-1,,False,False,False,,0.0011,0,3544,26157121,False,False,False,False,False,True,True
AIP:A-AP2-11-011,A3,AIP:A-AP2-11:swap-no-rap,S1,card,False,M2,brand:beaproum.co.uk,False,STEP-UP,route,no-path,-1,,False,False,False,,0.5428,0,3544,26157121,False,False,False,False,False,True,True
AIP:A-AP2-11-011,A3,AIP:A-AP2-11:swap-no-rap,S1,card,False,M3,brand:beaproum.co.uk,False,STEP-UP,route,no-path,-1,,False,False,False,,0.54,0,3544,26157121,False,False,False,False,False,True,True
AIP:F-1-004,A4,AIP:F-1:swap-own-rap,S3,card,False,B1,brand:cleamair.in,False,ALLOW,curation,,-1,,False,False,False,,0.0008,0,14394,26176715,True,False,True,True,False,False,False
AIP:F-1-004,A4,AIP:F-1:swap-own-rap,S3,card,False,B2,brand:cleamair.in,False,ALLOW,mandate,,-1,,False,False,False,,0.0005,0,14394,26176715,True,False,True,True,False,False,False
AIP:F-1-004,A4,AIP:F-1:swap-own-rap,S3,card,False,B3,brand:cleamair.in,False,ALLOW,identity-assertion,,-1,,False,False,False,,0.0005,0,14394,26176715,True,False,True,True,False,False,False
AIP:F-1-004,A4,AIP:F-1:swap-own-rap,S3,card,False,B4,brand:cleamair.in,False,ALLOW,did-wallet,not-applicable,-1,,False,False,False,,0.0005,0,14394,26176715,True,False,True,True,False,False,False
AIP:F-1-004,A4,AIP:F-1:swap-own-rap,S3,card,False,B5,brand:cleamair.in,False,ALLOW,vop,not-applicable,-1,,False,False,False,,0.0005,0,14394,26176715,True,False,True,True,False,False,False
AIP:F-1-004,A4,AIP:F-1:swap-own-rap,S3,card,False,B6,brand:cleamair.in,False,ALLOW,lists,,-1,,False,False,False,,0.0005,0,14394,26176715,True,False,True,True,False,False,False
AIP:F-1-004,A4,AIP:F-1:swap-own-rap,S3,card,False,B7,brand:cleamair.in,False,STEP-UP,delegation,no-delegation-from-asserted-entity,-1,,False,False,False,,0.0038,0,14394,26176715,False,False,False,False,False,True,True
AIP:F-1-004,A4,AIP:F-1:swap-own-rap,S3,card,False,M1-G1,brand:cleamair.in,False,DENY,pav,path-to-different-entity,-1,,False,False,False,,0.6204,7,14394,26176715,False,False,False,False,False,False,False
AIP:F-1-004,A4,AIP:F-1:swap-own-rap,S3,card,False,M1,brand:cleamair.in,False,DENY,route/pav,path-to-different-entity,-1,,False,False,False,,0.605,7,14394,26176715,False,False,False,False,False,False,False
AIP:F-1-004,A4,AIP:F-1:swap-own-rap,S3,card,False,M2,brand:cleamair.in,False,DENY,route/pav,path-to-different-entity,-1,,False,False,False,,1.2023,7,14394,26176715,False,False,False,False,False,False,False
AIP:F-1-004,A4,AIP:F-1:swap-own-rap,S3,card,False,M3,brand:cleamair.in,False,DENY,route/pav,path-to-different-entity,-1,,False,False,False,,1.2048,7,14394,26176715,False,False,False,False,False,False,False
AIP:V5-025,A3,AIP:V5:swap-no-rap,S9,card,False,B1,brand:tadreaex.com,True,ALLOW,curation,,-1,,False,False,False,,0.0007,0,1832,26206799,True,False,True,True,False,False,False
AIP:V5-025,A3,AIP:V5:swap-no-rap,S9,card,False,B2,brand:tadreaex.com,True,ALLOW,mandate,,-1,,False,False,False,,0.0005,0,1832,26206799,True,False,True,True,False,False,False
AIP:V5-025,A3,AIP:V5:swap-no-rap,S9,card,False,B3,brand:tadreaex.com,True,ALLOW,identity-assertion,,-1,,False,False,False,,0.0005,0,1832,26206799,True,False,True,True,False,False,False
AIP:V5-025,A3,AIP:V5:swap-no-rap,S9,card,False,B4,brand:tadreaex.com,True,ALLOW,did-wallet,not-applicable,-1,,False,False,False,,0.0005,0,1832,26206799,True,False,True,True,False,False,False
AIP:V5-025,A3,AIP:V5:swap-no-rap,S9,card,False,B5,brand:tadreaex.com,True,ALLOW,vop,not-applicable,-1,,False,False,False,,0.0005,0,1832,26206799,True,False,True,True,False,False,False
AIP:V5-025,A3,AIP:V5:swap-no-rap,S9,card,False,B6,brand:tadreaex.com,True,ALLOW,lists,,-1,,False,False,False,,0.0005,0,1832,26206799,True,False,True,True,False,False,False
AIP:V5-025,A3,AIP:V5:swap-no-rap,S9,card,False,B7,brand:tadreaex.com,True,STEP-UP,delegation,no-delegation,-1,,False,False,False,,0.0035,0,1832,26206799,False,False,False,False,False,True,True
AIP:V5-025,A3,AIP:V5:swap-no-rap,S9,card,False,M1-G1,brand:tadreaex.com,True,STEP-UP,pav,no-path,-1,,False,False,False,,0.0024,0,1832,26206799,False,False,False,False,False,True,True
AIP:V5-025,A3,AIP:V5:swap-no-rap,S9,card,False,M1,brand:tadreaex.com,True,STEP-UP,route,no-path,-1,,False,False,False,,0.0012,0,1832,26206799,False,False,False,False,False,True,True
AIP:V5-025,A3,AIP:V5:swap-no-rap,S9,card,False,M2,brand:tadreaex.com,True,STEP-UP,route,no-path,-1,,False,False,False,,0.4893,0,1832,26206799,False,False,False,False,False,True,True
AIP:V5-025,A3,AIP:V5:swap-no-rap,S9,card,False,M3,brand:tadreaex.com,True,STEP-UP,route,no-path,-1,,False,False,False,,0.5261,0,1832,26206799,False,False,False,False,False,True,True
AIP:A-AP2-11-021,A3,AIP:A-AP2-11:swap-no-rap,S3,card,False,B1,brand:miofleflix.in,False,ALLOW,curation,,-1,,False,False,False,,0.0007,0,29519,26209461,True,False,True,True,False,False,False
AIP:A-AP2-11-021,A3,AIP:A-AP2-11:swap-no-rap,S3,card,False,B2,brand:miofleflix.in,False,DENY,mandate,payee-changed-after-signing,-1,,False,False,False,,0.0005,0,29519,26209461,False,False,False,False,False,False,False
AIP:A-AP2-11-021,A3,AIP:A-AP2-11:swap-no-rap,S3,card,False,B3,brand:miofleflix.in,False,ALLOW,identity-assertion,,-1,,False,False,False,,0.0005,0,29519,26209461,True,False,True,True,False,False,False
AIP:A-AP2-11-021,A3,AIP:A-AP2-11:swap-no-rap,S3,card,False,B4,brand:miofleflix.in,False,ALLOW,did-wallet,not-applicable,-1,,False,False,False,,0.0005,0,29519,26209461,True,False,True,True,False,False,False
AIP:A-AP2-11-021,A3,AIP:A-AP2-11:swap-no-rap,S3,card,False,B5,brand:miofleflix.in,False,ALLOW,vop,not-applicable,-1,,False,False,False,,0.0005,0,29519,26209461,True,False,True,True,False,False,False
AIP:A-AP2-11-021,A3,AIP:A-AP2-11:swap-no-rap,S3,card,False,B6,brand:miofleflix.in,False,ALLOW,lists,,-1,,False,False,False,,0.0005,0,29519,26209461,True,False,True,True,False,False,False
AIP:A-AP2-11-021,A3,AIP:A-AP2-11:swap-no-rap,S3,card,False,B7,brand:miofleflix.in,False,DENY,mandate,payee-changed-after-signing,-1,,False,False,False,,0.0026,0,29519,26209461,False,False,False,False,False,False,False
AIP:A-AP2-11-021,A3,AIP:A-AP2-11:swap-no-rap,S3,card,False,M1-G1,brand:miofleflix.in,False,STEP-UP,pav,no-path,-1,,False,False,False,,0.0023,0,29519,26209461,False,False,False,False,False,True,True
AIP:A-AP2-11-021,A3,AIP:A-AP2-11:swap-no-rap,S3,card,False,M1,brand:miofleflix.in,False,STEP-UP,route,no-path,-1,,False,False,False,,0.0011,0,29519,26209461,False,False,False,False,False,True,True
AIP:A-AP2-11-021,A3,AIP:A-AP2-11:swap-no-rap,S3,card,False,M2,brand:miofleflix.in,False,STEP-UP,route,no-path,-1,,False,False,False,,0.6411,0,29519,26209461,False,False,False,False,False,True,True
AIP:A-AP2-11-021,A3,AIP:A-AP2-11:swap-no-rap,S3,card,False,M3,brand:miofleflix.in,False,STEP-UP,route,no-path,-1,,False,False,False,,0.7153,0,29519,26209461,False,False,False,False,False,True,True
AIP:V9-000,A3,AIP:V9:swap-own-rap,S12,stablecoin,False,B1,brand:lealoufeark.in,True,ALLOW,curation,,-1,,False,False,False,,0.001,0,3307,26221742,True,False,True,True,False,False,False
AIP:V9-000,A3,AIP:V9:swap-own-rap,S12,stablecoin,False,B2,brand:lealoufeark.in,True,ALLOW,mandate,,-1,,False,False,False,,0.0005,0,3307,26221742,True,False,True,True,False,False,False
AIP:V9-000,A3,AIP:V9:swap-own-rap,S12,stablecoin,False,B3,brand:lealoufeark.in,True,ALLOW,identity-assertion,,-1,,False,False,False,,0.0007,0,3307,26221742,True,False,True,True,False,False,False
AIP:V9-000,A3,AIP:V9:swap-own-rap,S12,stablecoin,False,B4,brand:lealoufeark.in,True,DENY,did-wallet,wallet-not-bound,-1,,False,False,False,,0.0007,0,3307,26221742,False,False,False,False,False,False,False
AIP:V9-000,A3,AIP:V9:swap-own-rap,S12,stablecoin,False,B5,brand:lealoufeark.in,True,ALLOW,vop,not-applicable,-1,,False,False,False,,0.0005,0,3307,26221742,True,False,True,True,False,False,False
AIP:V9-000,A3,AIP:V9:swap-own-rap,S12,stablecoin,False,B6,brand:lealoufeark.in,True,ALLOW,lists,,-1,,False,False,False,,0.0005,0,3307,26221742,True,False,True,True,False,False,False
AIP:V9-000,A3,AIP:V9:swap-own-rap,S12,stablecoin,False,B7,brand:lealoufeark.in,True,DENY,did-wallet,wallet-not-bound,-1,,False,False,False,,0.004,0,3307,26221742,False,False,False,False,False,False,False
AIP:V9-000,A3,AIP:V9:swap-own-rap,S12,stablecoin,False,M1-G1,brand:lealoufeark.in,True,DENY,pav,path-to-different-entity,-1,,False,False,False,,0.7073,7,3307,26221742,False,False,False,False,False,False,False
AIP:V9-000,A3,AIP:V9:swap-own-rap,S12,stablecoin,False,M1,brand:lealoufeark.in,True,DENY,route/pav,path-to-different-entity,-1,,False,False,False,,0.6484,7,3307,26221742,False,False,False,False,False,False,False
AIP:V9-000,A3,AIP:V9:swap-own-rap,S12,stablecoin,False,M2,brand:lealoufeark.in,True,DENY,route/pav,path-to-different-entity,-1,,False,False,False,,1.3677,7,3307,26221742,False,False,False,False,False,False,False
AIP:V9-000,A3,AIP:V9:swap-own-rap,S12,stablecoin,False,M3,brand:lealoufeark.in,True,DENY,route/pav,path-to-different-entity,-1,,False,False,False,,1.4913,7,3307,26221742,False,False,False,False,False,False,False
AIP:F-1-021,A4,AIP:F-1:swap-no-rap,S1,wallet,False,B1,brand:steaflir.com,True,ALLOW,curation,,-1,,False,False,False,,0.001,0,1648,26222772,True,False,True,True,False,False,False
AIP:F-1-021,A4,AIP:F-1:swap-no-rap,S1,wallet,False,B2,brand:steaflir.com,True,ALLOW,mandate,,-1,,False,False,False,,0.0005,0,1648,26222772,True,False,True,True,False,False,False
AIP:F-1-021,A4,AIP:F-1:swap-no-rap,S1,wallet,False,B3,brand:steaflir.com,True,ALLOW,identity-assertion,,-1,,False,False,False,,0.0005,0,1648,26222772,True,False,True,True,False,False,False
AIP:F-1-021,A4,AIP:F-1:swap-no-rap,S1,wallet,False,B4,brand:steaflir.com,True,ALLOW,did-wallet,not-applicable,-1,,False,False,False,,0.0006,0,1648,26222772,True,False,True,True,False,False,False
AIP:F-1-021,A4,AIP:F-1:swap-no-rap,S1,wallet,False,B5,brand:steaflir.com,True,ALLOW,vop,not-applicable,-1,,False,False,False,,0.0005,0,1648,26222772,True,False,True,True,False,False,False
AIP:F-1-021,A4,AIP:F-1:swap-no-rap,S1,wallet,False,B6,brand:steaflir.com,True,ALLOW,lists,,-1,,False,False,False,,0.0005,0,1648,26222772,True,False,True,True,False,False,False
AIP:F-1-021,A4,AIP:F-1:swap-no-rap,S1,wallet,False,B7,brand:steaflir.com,True,STEP-UP,delegation,no-delegation,-1,,False,False,False,,0.0031,0,1648,26222772,False,False,False,False,False,True,True
AIP:F-1-021,A4,AIP:F-1:swap-no-rap,S1,wallet,False,M1-G1,brand:steaflir.com,True,STEP-UP,pav,no-path,-1,,False,False,False,,0.0033,0,1648,26222772,False,False,False,False,False,True,True
AIP:F-1-021,A4,AIP:F-1:swap-no-rap,S1,wallet,False,M1,brand:steaflir.com,True,STEP-UP,route,no-path,-1,,False,False,False,,0.0016,0,1648,26222772,False,False,False,False,False,True,True
AIP:F-1-021,A4,AIP:F-1:swap-no-rap,S1,wallet,False,M2,brand:steaflir.com,True,STEP-UP,route,no-path,-1,,False,False,False,,0.5434,0,1648,26222772,False,False,False,False,False,True,True
AIP:F-1-021,A4,AIP:F-1:swap-no-rap,S1,wallet,False,M3,brand:steaflir.com,True,STEP-UP,route,no-path,-1,,False,False,False,,0.5617,0,1648,26222772,False,False,False,False,False,True,True
AIP:V5-026,A3,AIP:V5:swap-own-rap,S3,card,False,B1,brand:moustirk.com,True,ALLOW,curation,,-1,,False,False,False,,0.0008,0,3869,26230545,True,False,True,True,False,False,False
AIP:V5-026,A3,AIP:V5:swap-own-rap,S3,card,False,B2,brand:moustirk.com,True,ALLOW,mandate,,-1,,False,False,False,,0.0004,0,3869,26230545,True,False,True,True,False,False,False
AIP:V5-026,A3,AIP:V5:swap-own-rap,S3,card,False,B3,brand:moustirk.com,True,ALLOW,identity-assertion,,-1,,False,False,False,,0.0007,0,3869,26230545,True,False,True,True,False,False,False
AIP:V5-026,A3,AIP:V5:swap-own-rap,S3,card,False,B4,brand:moustirk.com,True,ALLOW,did-wallet,not-applicable,-1,,False,False,False,,0.0005,0,3869,26230545,True,False,True,True,False,False,False
AIP:V5-026,A3,AIP:V5:swap-own-rap,S3,card,False,B5,brand:moustirk.com,True,ALLOW,vop,not-applicable,-1,,False,False,False,,0.0005,0,3869,26230545,True,False,True,True,False,False,False
AIP:V5-026,A3,AIP:V5:swap-own-rap,S3,card,False,B6,brand:moustirk.com,True,ALLOW,lists,,-1,,False,False,False,,0.0005,0,3869,26230545,True,False,True,True,False,False,False
AIP:V5-026,A3,AIP:V5:swap-own-rap,S3,card,False,B7,brand:moustirk.com,True,STEP-UP,delegation,no-delegation-from-asserted-entity,-1,,False,False,False,,0.0044,0,3869,26230545,False,False,False,False,False,True,True
AIP:V5-026,A3,AIP:V5:swap-own-rap,S3,card,False,M1-G1,brand:moustirk.com,True,DENY,pav,path-to-different-entity,-1,,False,False,False,,0.6237,7,3869,26230545,False,False,False,False,False,False,False
AIP:V5-026,A3,AIP:V5:swap-own-rap,S3,card,False,M1,brand:moustirk.com,True,DENY,route/pav,path-to-different-entity,-1,,False,False,False,,0.6384,7,3869,26230545,False,False,False,False,False,False,False
AIP:V5-026,A3,AIP:V5:swap-own-rap,S3,card,False,M2,brand:moustirk.com,True,DENY,route/pav,path-to-different-entity,-1,,False,False,False,,1.1713,7,3869,26230545,False,False,False,False,False,False,False
AIP:V5-026,A3,AIP:V5:swap-own-rap,S3,card,False,M3,brand:moustirk.com,True,DENY,route/pav,path-to-different-entity,-1,,False,False,False,,1.158,7,3869,26230545,False,False,False,False,False,False,False
AIP:V9-002,A3,AIP:V9:swap-own-rap,S12,stablecoin,False,B1,brand:dapoclirk.com,True,ALLOW,curation,,-1,,False,False,False,,0.0008,0,16367,26283637,True,False,True,True,False,False,False
AIP:V9-002,A3,AIP:V9:swap-own-rap,S12,stablecoin,False,B2,brand:dapoclirk.com,True,ALLOW,mandate,,-1,,False,False,False,,0.0005,0,16367,26283637,True,False,True,True,False,False,False
AIP:V9-002,A3,AIP:V9:swap-own-rap,S12,stablecoin,False,B3,brand:dapoclirk.com,True,ALLOW,identity-assertion,,-1,,False,False,False,,0.0005,0,16367,26283637,True,False,True,True,False,False,False
AIP:V9-002,A3,AIP:V9:swap-own-rap,S12,stablecoin,False,B4,brand:dapoclirk.com,True,DENY,did-wallet,wallet-not-bound,-1,,False,False,False,,0.0008,0,16367,26283637,False,False,False,False,False,False,False
AIP:V9-002,A3,AIP:V9:swap-own-rap,S12,stablecoin,False,B5,brand:dapoclirk.com,True,ALLOW,vop,not-applicable,-1,,False,False,False,,0.0005,0,16367,26283637,True,False,True,True,False,False,False
AIP:V9-002,A3,AIP:V9:swap-own-rap,S12,stablecoin,False,B6,brand:dapoclirk.com,True,ALLOW,lists,,-1,,False,False,False,,0.0005,0,16367,26283637,True,False,True,True,False,False,False
AIP:V9-002,A3,AIP:V9:swap-own-rap,S12,stablecoin,False,B7,brand:dapoclirk.com,True,DENY,did-wallet,wallet-not-bound,-1,,False,False,False,,0.0027,0,16367,26283637,False,False,False,False,False,False,False
AIP:V9-002,A3,AIP:V9:swap-own-rap,S12,stablecoin,False,M1-G1,brand:dapoclirk.com,True,DENY,pav,path-to-different-entity,-1,,False,False,False,,0.6469,7,16367,26283637,False,False,False,False,False,False,False
AIP:V9-002,A3,AIP:V9:swap-own-rap,S12,stablecoin,False,M1,brand:dapoclirk.com,True,DENY,route/pav,path-to-different-entity,-1,,False,False,False,,0.6093,7,16367,26283637,False,False,False,False,False,False,False
AIP:V9-002,A3,AIP:V9:swap-own-rap,S12,stablecoin,False,M2,brand:dapoclirk.com,True,DENY,route/pav,path-to-different-entity,-1,,False,False,False,,1.2,7,16367,26283637,False,False,False,False,False,False,False
AIP:V9-002,A3,AIP:V9:swap-own-rap,S12,stablecoin,False,M3,brand:dapoclirk.com,True,DENY,route/pav,path-to-different-entity,-1,,False,False,False,,1.1916,7,16367,26283637,False,False,False,False,False,False,False
AIP:A-AP2-11-015,A3,AIP:A-AP2-11:swap-no-rap,S1,psp_token,False,B1,brand:rocul.com,False,ALLOW,curation,,-1,,False,False,False,,0.0009,0,34175,26285044,True,False,True,True,False,False,False
AIP:A-AP2-11-015,A3,AIP:A-AP2-11:swap-no-rap,S1,psp_token,False,B2,brand:rocul.com,False,DENY,mandate,payee-changed-after-signing,-1,,False,False,False,,0.0006,0,34175,26285044,False,False,False,False,False,False,False
AIP:A-AP2-11-015,A3,AIP:A-AP2-11:swap-no-rap,S1,psp_token,False,B3,brand:rocul.com,False,ALLOW,identity-assertion,,-1,,False,False,False,,0.0006,0,34175,26285044,True,False,True,True,False,False,False
AIP:A-AP2-11-015,A3,AIP:A-AP2-11:swap-no-rap,S1,psp_token,False,B4,brand:rocul.com,False,ALLOW,did-wallet,not-applicable,-1,,False,False,False,,0.0005,0,34175,26285044,True,False,True,True,False,False,False
AIP:A-AP2-11-015,A3,AIP:A-AP2-11:swap-no-rap,S1,psp_token,False,B5,brand:rocul.com,False,ALLOW,vop,not-applicable,-1,,False,False,False,,0.0005,0,34175,26285044,True,False,True,True,False,False,False
AIP:A-AP2-11-015,A3,AIP:A-AP2-11:swap-no-rap,S1,psp_token,False,B6,brand:rocul.com,False,ALLOW,lists,,-1,,False,False,False,,0.0005,0,34175,26285044,True,False,True,True,False,False,False
AIP:A-AP2-11-015,A3,AIP:A-AP2-11:swap-no-rap,S1,psp_token,False,B7,brand:rocul.com,False,DENY,mandate,payee-changed-after-signing,-1,,False,False,False,,0.0023,0,34175,26285044,False,False,False,False,False,False,False
AIP:A-AP2-11-015,A3,AIP:A-AP2-11:swap-no-rap,S1,psp_token,False,M1-G1,brand:rocul.com,False,STEP-UP,pav,no-path,-1,,False,False,False,,0.0028,0,34175,26285044,False,False,False,False,False,True,True
AIP:A-AP2-11-015,A3,AIP:A-AP2-11:swap-no-rap,S1,psp_token,False,M1,brand:rocul.com,False,STEP-UP,route,no-path,-1,,False,False,False,,0.0013,0,34175,26285044,False,False,False,False,False,True,True
AIP:A-AP2-11-015,A3,AIP:A-AP2-11:swap-no-rap,S1,psp_token,False,M2,brand:rocul.com,False,STEP-UP,route,no-path,-1,,False,False,False,,0.1063,0,34175,26285044,False,False,False,False,False,True,True
AIP:A-AP2-11-015,A3,AIP:A-AP2-11:swap-no-rap,S1,psp_token,False,M3,brand:rocul.com,False,STEP-UP,route,no-path,-1,,False,False,False,,0.0987,0,34175,26285044,False,False,False,False,False,True,True
AIP:F-1-012,A4,AIP:F-1:swap-own-rap,S2,a2a_instant,False,B1,brand:doudoupaex.com,False,ALLOW,curation,,-1,,False,False,False,,0.0008,0,3672,26310930,True,False,True,True,False,False,False
AIP:F-1-012,A4,AIP:F-1:swap-own-rap,S2,a2a_instant,False,B2,brand:doudoupaex.com,False,ALLOW,mandate,,-1,,False,False,False,,0.0005,0,3672,26310930,True,False,True,True,False,False,False
AIP:F-1-012,A4,AIP:F-1:swap-own-rap,S2,a2a_instant,False,B3,brand:doudoupaex.com,False,ALLOW,identity-assertion,,-1,,False,False,False,,0.0005,0,3672,26310930,True,False,True,True,False,False,False
AIP:F-1-012,A4,AIP:F-1:swap-own-rap,S2,a2a_instant,False,B4,brand:doudoupaex.com,False,ALLOW,did-wallet,not-applicable,-1,,False,False,False,,0.0005,0,3672,26310930,True,False,True,True,False,False,False
AIP:F-1-012,A4,AIP:F-1:swap-own-rap,S2,a2a_instant,False,B5,brand:doudoupaex.com,False,ALLOW,vop,,-1,,False,False,False,,0.0027,0,3672,26310930,True,False,True,True,False,False,False
AIP:F-1-012,A4,AIP:F-1:swap-own-rap,S2,a2a_instant,False,B6,brand:doudoupaex.com,False,ALLOW,lists,,-1,,False,False,False,,0.0005,0,3672,26310930,True,False,True,True,False,False,False
AIP:F-1-012,A4,AIP:F-1:swap-own-rap,S2,a2a_instant,False,B7,brand:doudoupaex.com,False,DENY,vop-lei,no_match,-1,,False,False,False,,0.0037,0,3672,26310930,False,False,False,False,False,False,False
AIP:F-1-012,A4,AIP:F-1:swap-own-rap,S2,a2a_instant,False,M1-G1,brand:doudoupaex.com,False,DENY,pav,path-to-different-entity,-1,,False,False,False,,0.685,7,3672,26310930,False,False,False,False,False,False,False
AIP:F-1-012,A4,AIP:F-1:swap-own-rap,S2,a2a_instant,False,M1,brand:doudoupaex.com,False,DENY,route/pav,path-to-different-entity,-1,,False,False,False,,0.6137,7,3672,26310930,False,False,False,False,False,False,False
AIP:F-1-012,A4,AIP:F-1:swap-own-rap,S2,a2a_instant,False,M2,brand:doudoupaex.com,False,DENY,route/pav,path-to-different-entity,-1,,False,False,False,,1.246,7,3672,26310930,False,False,False,False,False,False,False
AIP:F-1-012,A4,AIP:F-1:swap-own-rap,S2,a2a_instant,False,M3,brand:doudoupaex.com,False,DENY,route/pav,path-to-different-entity,-1,,False,False,False,,1.2578,7,3672,26310930,False,False,False,False,False,False,False
AIP:A-AP2-11-020,A3,AIP:A-AP2-11:swap-own-rap,S9,card,False,B1,brand:cupona.co.uk,True,ALLOW,curation,,-1,,False,False,False,,0.0008,0,5863,26315063,True,False,True,True,False,False,False
AIP:A-AP2-11-020,A3,AIP:A-AP2-11:swap-own-rap,S9,card,False,B2,brand:cupona.co.uk,True,DENY,mandate,payee-changed-after-signing,-1,,False,False,False,,0.0005,0,5863,26315063,False,False,False,False,False,False,False
AIP:A-AP2-11-020,A3,AIP:A-AP2-11:swap-own-rap,S9,card,False,B3,brand:cupona.co.uk,True,ALLOW,identity-assertion,,-1,,False,False,False,,0.0005,0,5863,26315063,True,False,True,True,False,False,False
AIP:A-AP2-11-020,A3,AIP:A-AP2-11:swap-own-rap,S9,card,False,B4,brand:cupona.co.uk,True,ALLOW,did-wallet,not-applicable,-1,,False,False,False,,0.0005,0,5863,26315063,True,False,True,True,False,False,False
AIP:A-AP2-11-020,A3,AIP:A-AP2-11:swap-own-rap,S9,card,False,B5,brand:cupona.co.uk,True,ALLOW,vop,not-applicable,-1,,False,False,False,,0.0004,0,5863,26315063,True,False,True,True,False,False,False
AIP:A-AP2-11-020,A3,AIP:A-AP2-11:swap-own-rap,S9,card,False,B6,brand:cupona.co.uk,True,ALLOW,lists,,-1,,False,False,False,,0.0005,0,5863,26315063,True,False,True,True,False,False,False
AIP:A-AP2-11-020,A3,AIP:A-AP2-11:swap-own-rap,S9,card,False,B7,brand:cupona.co.uk,True,DENY,mandate,payee-changed-after-signing,-1,,False,False,False,,0.0037,0,5863,26315063,False,False,False,False,False,False,False
AIP:A-AP2-11-020,A3,AIP:A-AP2-11:swap-own-rap,S9,card,False,M1-G1,brand:cupona.co.uk,True,DENY,pav,path-to-different-entity,-1,,False,False,False,,0.6309,7,5863,26315063,False,False,False,False,False,False,False
AIP:A-AP2-11-020,A3,AIP:A-AP2-11:swap-own-rap,S9,card,False,M1,brand:cupona.co.uk,True,DENY,route/pav,path-to-different-entity,-1,,False,False,False,,0.6182,7,5863,26315063,False,False,False,False,False,False,False
AIP:A-AP2-11-020,A3,AIP:A-AP2-11:swap-own-rap,S9,card,False,M2,brand:cupona.co.uk,True,DENY,route/pav,path-to-different-entity,-1,,False,False,False,,0.8735,7,5863,26315063,False,False,False,False,False,False,False
AIP:A-AP2-11-020,A3,AIP:A-AP2-11:swap-own-rap,S9,card,False,M3,brand:cupona.co.uk,True,DENY,route/pav,path-to-different-entity,-1,,False,False,False,,0.8629,7,5863,26315063,False,False,False,False,False,False,False
AIP:V5-011,A3,AIP:V5:swap-no-rap,S2,a2a_instant,False,B1,brand:ceakera.com,False,ALLOW,curation,,-1,,False,False,False,,0.0009,0,3638,26337880,True,False,True,True,False,False,False
AIP:V5-011,A3,AIP:V5:swap-no-rap,S2,a2a_instant,False,B2,brand:ceakera.com,False,ALLOW,mandate,,-1,,False,False,False,,0.0005,0,3638,26337880,True,False,True,True,False,False,False
AIP:V5-011,A3,AIP:V5:swap-no-rap,S2,a2a_instant,False,B3,brand:ceakera.com,False,ALLOW,identity-assertion,,-1,,False,False,False,,0.0005,0,3638,26337880,True,False,True,True,False,False,False
AIP:V5-011,A3,AIP:V5:swap-no-rap,S2,a2a_instant,False,B4,brand:ceakera.com,False,ALLOW,did-wallet,not-applicable,-1,,False,False,False,,0.0005,0,3638,26337880,True,False,True,True,False,False,False
AIP:V5-011,A3,AIP:V5:swap-no-rap,S2,a2a_instant,False,B5,brand:ceakera.com,False,ALLOW,vop,,-1,,False,False,False,,0.0021,0,3638,26337880,True,False,True,True,False,False,False
AIP:V5-011,A3,AIP:V5:swap-no-rap,S2,a2a_instant,False,B6,brand:ceakera.com,False,ALLOW,lists,,-1,,False,False,False,,0.0005,0,3638,26337880,True,False,True,True,False,False,False
AIP:V5-011,A3,AIP:V5:swap-no-rap,S2,a2a_instant,False,B7,brand:ceakera.com,False,DENY,vop-lei,no_match,-1,,False,False,False,,0.0032,0,3638,26337880,False,False,False,False,False,False,False
AIP:V5-011,A3,AIP:V5:swap-no-rap,S2,a2a_instant,False,M1-G1,brand:ceakera.com,False,STEP-UP,pav,no-path,-1,,False,False,False,,0.0025,0,3638,26337880,False,False,False,False,False,True,True
AIP:V5-011,A3,AIP:V5:swap-no-rap,S2,a2a_instant,False,M1,brand:ceakera.com,False,STEP-UP,route,no-path,-1,,False,False,False,,0.0011,0,3638,26337880,False,False,False,False,False,True,True
AIP:V5-011,A3,AIP:V5:swap-no-rap,S2,a2a_instant,False,M2,brand:ceakera.com,False,STEP-UP,route,no-path,-1,,False,False,False,,0.3693,0,3638,26337880,False,False,False,False,False,True,True
AIP:V5-011,A3,AIP:V5:swap-no-rap,S2,a2a_instant,False,M3,brand:ceakera.com,False,STEP-UP,route,no-path,-1,,False,False,False,,0.3619,0,3638,26337880,False,False,False,False,False,True,True
AIP:F-1-007,A4,AIP:F-1:swap-no-rap,S13,card,False,B1,brand:rociva.co.uk,True,ALLOW,curation,,-1,,False,False,False,,0.0008,0,5854,26351806,True,False,True,True,False,False,False
AIP:F-1-007,A4,AIP:F-1:swap-no-rap,S13,card,False,B2,brand:rociva.co.uk,True,ALLOW,mandate,,-1,,False,False,False,,0.0005,0,5854,26351806,True,False,True,True,False,False,False
AIP:F-1-007,A4,AIP:F-1:swap-no-rap,S13,card,False,B3,brand:rociva.co.uk,True,ALLOW,identity-assertion,,-1,,False,False,False,,0.0005,0,5854,26351806,True,False,True,True,False,False,False
AIP:F-1-007,A4,AIP:F-1:swap-no-rap,S13,card,False,B4,brand:rociva.co.uk,True,ALLOW,did-wallet,not-applicable,-1,,False,False,False,,0.0005,0,5854,26351806,True,False,True,True,False,False,False
AIP:F-1-007,A4,AIP:F-1:swap-no-rap,S13,card,False,B5,brand:rociva.co.uk,True,ALLOW,vop,not-applicable,-1,,False,False,False,,0.0004,0,5854,26351806,True,False,True,True,False,False,False
AIP:F-1-007,A4,AIP:F-1:swap-no-rap,S13,card,False,B6,brand:rociva.co.uk,True,ALLOW,lists,,-1,,False,False,False,,0.0005,0,5854,26351806,True,False,True,True,False,False,False
AIP:F-1-007,A4,AIP:F-1:swap-no-rap,S13,card,False,B7,brand:rociva.co.uk,True,STEP-UP,delegation,no-delegation,-1,,False,False,False,,0.0023,0,5854,26351806,False,False,False,False,False,True,True
AIP:F-1-007,A4,AIP:F-1:swap-no-rap,S13,card,False,M1-G1,brand:rociva.co.uk,True,STEP-UP,pav,no-path,-1,,False,False,False,,0.002,0,5854,26351806,False,False,False,False,False,True,True
AIP:F-1-007,A4,AIP:F-1:swap-no-rap,S13,card,False,M1,brand:rociva.co.uk,True,STEP-UP,route,no-path,-1,,False,False,False,,0.0012,0,5854,26351806,False,False,False,False,False,True,True
AIP:F-1-007,A4,AIP:F-1:swap-no-rap,S13,card,False,M2,brand:rociva.co.uk,True,STEP-UP,route,no-path,-1,,False,False,False,,0.182,0,5854,26351806,False,False,False,False,False,True,True
AIP:F-1-007,A4,AIP:F-1:swap-no-rap,S13,card,False,M3,brand:rociva.co.uk,True,STEP-UP,route,no-path,-1,,False,False,False,,0.177,0,5854,26351806,False,False,False,False,False,True,True
AIP:V5-018,A3,AIP:V5:swap-own-rap,S2,a2a_instant,False,B1,brand:gaserk.com,False,ALLOW,curation,,-1,,False,False,False,,0.0011,0,10109,26393209,True,False,True,True,False,False,False
AIP:V5-018,A3,AIP:V5:swap-own-rap,S2,a2a_instant,False,B2,brand:gaserk.com,False,ALLOW,mandate,,-1,,False,False,False,,0.0005,0,10109,26393209,True,False,True,True,False,False,False
AIP:V5-018,A3,AIP:V5:swap-own-rap,S2,a2a_instant,False,B3,brand:gaserk.com,False,ALLOW,identity-assertion,,-1,,False,False,False,,0.0005,0,10109,26393209,True,False,True,True,False,False,False
AIP:V5-018,A3,AIP:V5:swap-own-rap,S2,a2a_instant,False,B4,brand:gaserk.com,False,ALLOW,did-wallet,not-applicable,-1,,False,False,False,,0.0005,0,10109,26393209,True,False,True,True,False,False,False
AIP:V5-018,A3,AIP:V5:swap-own-rap,S2,a2a_instant,False,B5,brand:gaserk.com,False,ALLOW,vop,,-1,,False,False,False,,0.0017,0,10109,26393209,True,False,True,True,False,False,False
AIP:V5-018,A3,AIP:V5:swap-own-rap,S2,a2a_instant,False,B6,brand:gaserk.com,False,ALLOW,lists,,-1,,False,False,False,,0.0005,0,10109,26393209,True,False,True,True,False,False,False
AIP:V5-018,A3,AIP:V5:swap-own-rap,S2,a2a_instant,False,B7,brand:gaserk.com,False,DENY,vop-lei,no_match,-1,,False,False,False,,0.0029,0,10109,26393209,False,False,False,False,False,False,False
AIP:V5-018,A3,AIP:V5:swap-own-rap,S2,a2a_instant,False,M1-G1,brand:gaserk.com,False,DENY,pav,path-to-different-entity,-1,,False,False,False,,0.6275,7,10109,26393209,False,False,False,False,False,False,False
AIP:V5-018,A3,AIP:V5:swap-own-rap,S2,a2a_instant,False,M1,brand:gaserk.com,False,DENY,route/pav,path-to-different-entity,-1,,False,False,False,,0.6536,7,10109,26393209,False,False,False,False,False,False,False
AIP:V5-018,A3,AIP:V5:swap-own-rap,S2,a2a_instant,False,M2,brand:gaserk.com,False,DENY,route/pav,path-to-different-entity,-1,,False,False,False,,1.0904,7,10109,26393209,False,False,False,False,False,False,False
AIP:V5-018,A3,AIP:V5:swap-own-rap,S2,a2a_instant,False,M3,brand:gaserk.com,False,DENY,route/pav,path-to-different-entity,-1,,False,False,False,,1.0477,7,10109,26393209,False,False,False,False,False,False,False
AIP:V5-004,A3,AIP:V5:swap-own-rap,S9,card,False,B1,brand:supeal.co.uk,False,ALLOW,curation,,-1,,False,False,False,,0.0011,0,22486,26428212,True,False,True,True,False,False,False
AIP:V5-004,A3,AIP:V5:swap-own-rap,S9,card,False,B2,brand:supeal.co.uk,False,ALLOW,mandate,,-1,,False,False,False,,0.0005,0,22486,26428212,True,False,True,True,False,False,False
AIP:V5-004,A3,AIP:V5:swap-own-rap,S9,card,False,B3,brand:supeal.co.uk,False,ALLOW,identity-assertion,,-1,,False,False,False,,0.0007,0,22486,26428212,True,False,True,True,False,False,False
AIP:V5-004,A3,AIP:V5:swap-own-rap,S9,card,False,B4,brand:supeal.co.uk,False,ALLOW,did-wallet,not-applicable,-1,,False,False,False,,0.0005,0,22486,26428212,True,False,True,True,False,False,False
AIP:V5-004,A3,AIP:V5:swap-own-rap,S9,card,False,B5,brand:supeal.co.uk,False,ALLOW,vop,not-applicable,-1,,False,False,False,,0.0005,0,22486,26428212,True,False,True,True,False,False,False
AIP:V5-004,A3,AIP:V5:swap-own-rap,S9,card,False,B6,brand:supeal.co.uk,False,ALLOW,lists,,-1,,False,False,False,,0.0005,0,22486,26428212,True,False,True,True,False,False,False
AIP:V5-004,A3,AIP:V5:swap-own-rap,S9,card,False,B7,brand:supeal.co.uk,False,STEP-UP,delegation,no-delegation-from-asserted-entity,-1,,False,False,False,,0.0059,0,22486,26428212,False,False,False,False,False,True,True
AIP:V5-004,A3,AIP:V5:swap-own-rap,S9,card,False,M1-G1,brand:supeal.co.uk,False,DENY,pav,path-to-different-entity,-1,,False,False,False,,0.6216,7,22486,26428212,False,False,False,False,False,False,False
AIP:V5-004,A3,AIP:V5:swap-own-rap,S9,card,False,M1,brand:supeal.co.uk,False,DENY,route/pav,path-to-different-entity,-1,,False,False,False,,0.6261,7,22486,26428212,False,False,False,False,False,False,False
AIP:V5-004,A3,AIP:V5:swap-own-rap,S9,card,False,M2,brand:supeal.co.uk,False,DENY,route/pav,path-to-different-entity,-1,,False,False,False,,0.8114,7,22486,26428212,False,False,False,False,False,False,False
AIP:V5-004,A3,AIP:V5:swap-own-rap,S9,card,False,M3,brand:supeal.co.uk,False,DENY,route/pav,path-to-different-entity,-1,,False,False,False,,0.7979,7,22486,26428212,False,False,False,False,False,False,False
AIP:V9-027,A3,AIP:V9:swap-no-rap,S12,stablecoin,False,B1,brand:stiokux.com,False,ALLOW,curation,,-1,,False,False,False,,0.0008,0,12234,26436216,True,False,True,True,False,False,False
AIP:V9-027,A3,AIP:V9:swap-no-rap,S12,stablecoin,False,B2,brand:stiokux.com,False,ALLOW,mandate,,-1,,False,False,False,,0.0005,0,12234,26436216,True,False,True,True,False,False,False
AIP:V9-027,A3,AIP:V9:swap-no-rap,S12,stablecoin,False,B3,brand:stiokux.com,False,ALLOW,identity-assertion,,-1,,False,False,False,,0.0006,0,12234,26436216,True,False,True,True,False,False,False
AIP:V9-027,A3,AIP:V9:swap-no-rap,S12,stablecoin,False,B4,brand:stiokux.com,False,DENY,did-wallet,wallet-not-bound,-1,,False,False,False,,0.0007,0,12234,26436216,False,False,False,False,False,False,False
AIP:V9-027,A3,AIP:V9:swap-no-rap,S12,stablecoin,False,B5,brand:stiokux.com,False,ALLOW,vop,not-applicable,-1,,False,False,False,,0.0005,0,12234,26436216,True,False,True,True,False,False,False
AIP:V9-027,A3,AIP:V9:swap-no-rap,S12,stablecoin,False,B6,brand:stiokux.com,False,ALLOW,lists,,-1,,False,False,False,,0.0006,0,12234,26436216,True,False,True,True,False,False,False
AIP:V9-027,A3,AIP:V9:swap-no-rap,S12,stablecoin,False,B7,brand:stiokux.com,False,DENY,did-wallet,wallet-not-bound,-1,,False,False,False,,0.0026,0,12234,26436216,False,False,False,False,False,False,False
AIP:V9-027,A3,AIP:V9:swap-no-rap,S12,stablecoin,False,M1-G1,brand:stiokux.com,False,STEP-UP,pav,no-path,-1,,False,False,False,,0.0032,0,12234,26436216,False,False,False,False,False,True,True
AIP:V9-027,A3,AIP:V9:swap-no-rap,S12,stablecoin,False,M1,brand:stiokux.com,False,STEP-UP,route,no-path,-1,,False,False,False,,0.0014,0,12234,26436216,False,False,False,False,False,True,True
AIP:V9-027,A3,AIP:V9:swap-no-rap,S12,stablecoin,False,M2,brand:stiokux.com,False,STEP-UP,route,no-path,-1,,False,False,False,,0.2628,0,12234,26436216,False,False,False,False,False,True,True
AIP:V9-027,A3,AIP:V9:swap-no-rap,S12,stablecoin,False,M3,brand:stiokux.com,False,STEP-UP,route,no-path,-1,,False,False,False,,0.2571,0,12234,26436216,False,False,False,False,False,True,True
AIP:A-AP2-11-004,A3,AIP:A-AP2-11:swap-own-rap,S9,card,False,B1,brand:brobilo.com,True,ALLOW,curation,,-1,,False,False,False,,0.0009,0,16018,26443707,True,False,True,True,False,False,False
AIP:A-AP2-11-004,A3,AIP:A-AP2-11:swap-own-rap,S9,card,False,B2,brand:brobilo.com,True,DENY,mandate,payee-changed-after-signing,-1,,False,False,False,,0.0005,0,16018,26443707,False,False,False,False,False,False,False
AIP:A-AP2-11-004,A3,AIP:A-AP2-11:swap-own-rap,S9,card,False,B3,brand:brobilo.com,True,ALLOW,identity-assertion,,-1,,False,False,False,,0.0005,0,16018,26443707,True,False,True,True,False,False,False
AIP:A-AP2-11-004,A3,AIP:A-AP2-11:swap-own-rap,S9,card,False,B4,brand:brobilo.com,True,ALLOW,did-wallet,not-applicable,-1,,False,False,False,,0.0005,0,16018,26443707,True,False,True,True,False,False,False
AIP:A-AP2-11-004,A3,AIP:A-AP2-11:swap-own-rap,S9,card,False,B5,brand:brobilo.com,True,ALLOW,vop,not-applicable,-1,,False,False,False,,0.0005,0,16018,26443707,True,False,True,True,False,False,False
AIP:A-AP2-11-004,A3,AIP:A-AP2-11:swap-own-rap,S9,card,False,B6,brand:brobilo.com,True,ALLOW,lists,,-1,,False,False,False,,0.0005,0,16018,26443707,True,False,True,True,False,False,False
AIP:A-AP2-11-004,A3,AIP:A-AP2-11:swap-own-rap,S9,card,False,B7,brand:brobilo.com,True,DENY,mandate,payee-changed-after-signing,-1,,False,False,False,,0.0031,0,16018,26443707,False,False,False,False,False,False,False
AIP:A-AP2-11-004,A3,AIP:A-AP2-11:swap-own-rap,S9,card,False,M1-G1,brand:brobilo.com,True,DENY,pav,path-to-different-entity,-1,,False,False,False,,0.6312,7,16018,26443707,False,False,False,False,False,False,False
AIP:A-AP2-11-004,A3,AIP:A-AP2-11:swap-own-rap,S9,card,False,M1,brand:brobilo.com,True,DENY,route/pav,path-to-different-entity,-1,,False,False,False,,0.6201,7,16018,26443707,False,False,False,False,False,False,False
AIP:A-AP2-11-004,A3,AIP:A-AP2-11:swap-own-rap,S9,card,False,M2,brand:brobilo.com,True,DENY,route/pav,path-to-different-entity,-1,,False,False,False,,1.135,7,16018,26443707,False,False,False,False,False,False,False
AIP:A-AP2-11-004,A3,AIP:A-AP2-11:swap-own-rap,S9,card,False,M3,brand:brobilo.com,True,DENY,route/pav,path-to-different-entity,-1,,False,False,False,,1.0722,7,16018,26443707,False,False,False,False,False,False,False
AIP:V9-020,A3,AIP:V9:swap-own-rap,S12,stablecoin,False,B1,brand:veprost.com,True,ALLOW,curation,,-1,,False,False,False,,0.0013,0,8234,26475276,True,False,True,True,False,False,False
AIP:V9-020,A3,AIP:V9:swap-own-rap,S12,stablecoin,False,B2,brand:veprost.com,True,ALLOW,mandate,,-1,,False,False,False,,0.0005,0,8234,26475276,True,False,True,True,False,False,False
AIP:V9-020,A3,AIP:V9:swap-own-rap,S12,stablecoin,False,B3,brand:veprost.com,True,ALLOW,identity-assertion,,-1,,False,False,False,,0.0005,0,8234,26475276,True,False,True,True,False,False,False
AIP:V9-020,A3,AIP:V9:swap-own-rap,S12,stablecoin,False,B4,brand:veprost.com,True,DENY,did-wallet,wallet-not-bound,-1,,False,False,False,,0.0009,0,8234,26475276,False,False,False,False,False,False,False
AIP:V9-020,A3,AIP:V9:swap-own-rap,S12,stablecoin,False,B5,brand:veprost.com,True,ALLOW,vop,not-applicable,-1,,False,False,False,,0.0005,0,8234,26475276,True,False,True,True,False,False,False
AIP:V9-020,A3,AIP:V9:swap-own-rap,S12,stablecoin,False,B6,brand:veprost.com,True,ALLOW,lists,,-1,,False,False,False,,0.0005,0,8234,26475276,True,False,True,True,False,False,False
AIP:V9-020,A3,AIP:V9:swap-own-rap,S12,stablecoin,False,B7,brand:veprost.com,True,DENY,did-wallet,wallet-not-bound,-1,,False,False,False,,0.0025,0,8234,26475276,False,False,False,False,False,False,False
AIP:V9-020,A3,AIP:V9:swap-own-rap,S12,stablecoin,False,M1-G1,brand:veprost.com,True,DENY,pav,path-to-different-entity,-1,,False,False,False,,0.6829,7,8234,26475276,False,False,False,False,False,False,False
AIP:V9-020,A3,AIP:V9:swap-own-rap,S12,stablecoin,False,M1,brand:veprost.com,True,DENY,route/pav,path-to-different-entity,-1,,False,False,False,,0.6262,7,8234,26475276,False,False,False,False,False,False,False
AIP:V9-020,A3,AIP:V9:swap-own-rap,S12,stablecoin,False,M2,brand:veprost.com,True,DENY,route/pav,path-to-different-entity,-1,,False,False,False,,1.125,7,8234,26475276,False,False,False,False,False,False,False
AIP:V9-020,A3,AIP:V9:swap-own-rap,S12,stablecoin,False,M3,brand:veprost.com,True,DENY,route/pav,path-to-different-entity,-1,,False,False,False,,1.1193,7,8234,26475276,False,False,False,False,False,False,False
AIP:A-AP2-11-027,A3,AIP:A-AP2-11:swap-no-rap,S13,card,False,B1,brand:sioneaciost.in,True,ALLOW,curation,,-1,,False,False,False,,0.0009,0,43767,26479913,True,False,True,True,False,False,False
AIP:A-AP2-11-027,A3,AIP:A-AP2-11:swap-no-rap,S13,card,False,B2,brand:sioneaciost.in,True,DENY,mandate,payee-changed-after-signing,-1,,False,False,False,,0.0005,0,43767,26479913,False,False,False,False,False,False,False
AIP:A-AP2-11-027,A3,AIP:A-AP2-11:swap-no-rap,S13,card,False,B3,brand:sioneaciost.in,True,ALLOW,identity-assertion,,-1,,False,False,False,,0.0006,0,43767,26479913,True,False,True,True,False,False,False
AIP:A-AP2-11-027,A3,AIP:A-AP2-11:swap-no-rap,S13,card,False,B4,brand:sioneaciost.in,True,ALLOW,did-wallet,not-applicable,-1,,False,False,False,,0.0005,0,43767,26479913,True,False,True,True,False,False,False
AIP:A-AP2-11-027,A3,AIP:A-AP2-11:swap-no-rap,S13,card,False,B5,brand:sioneaciost.in,True,ALLOW,vop,not-applicable,-1,,False,False,False,,0.0005,0,43767,26479913,True,False,True,True,False,False,False
AIP:A-AP2-11-027,A3,AIP:A-AP2-11:swap-no-rap,S13,card,False,B6,brand:sioneaciost.in,True,ALLOW,lists,,-1,,False,False,False,,0.0005,0,43767,26479913,True,False,True,True,False,False,False
AIP:A-AP2-11-027,A3,AIP:A-AP2-11:swap-no-rap,S13,card,False,B7,brand:sioneaciost.in,True,DENY,mandate,payee-changed-after-signing,-1,,False,False,False,,0.003,0,43767,26479913,False,False,False,False,False,False,False
AIP:A-AP2-11-027,A3,AIP:A-AP2-11:swap-no-rap,S13,card,False,M1-G1,brand:sioneaciost.in,True,STEP-UP,pav,no-path,-1,,False,False,False,,0.003,0,43767,26479913,False,False,False,False,False,True,True
AIP:A-AP2-11-027,A3,AIP:A-AP2-11:swap-no-rap,S13,card,False,M1,brand:sioneaciost.in,True,STEP-UP,route,no-path,-1,,False,False,False,,0.0014,0,43767,26479913,False,False,False,False,False,True,True
AIP:A-AP2-11-027,A3,AIP:A-AP2-11:swap-no-rap,S13,card,False,M2,brand:sioneaciost.in,True,STEP-UP,route,no-path,-1,,False,False,False,,0.7361,0,43767,26479913,False,False,False,False,False,True,True
AIP:A-AP2-11-027,A3,AIP:A-AP2-11:swap-no-rap,S13,card,False,M3,brand:sioneaciost.in,True,STEP-UP,route,no-path,-1,,False,False,False,,0.7289,0,43767,26479913,False,False,False,False,False,True,True
AIP:F-1-018,A4,AIP:F-1:swap-own-rap,S1,wallet,False,B1,brand:vanura.com,True,ALLOW,curation,,-1,,False,False,False,,0.0009,0,12059,26486813,True,False,True,True,False,False,False
AIP:F-1-018,A4,AIP:F-1:swap-own-rap,S1,wallet,False,B2,brand:vanura.com,True,ALLOW,mandate,,-1,,False,False,False,,0.0005,0,12059,26486813,True,False,True,True,False,False,False
AIP:F-1-018,A4,AIP:F-1:swap-own-rap,S1,wallet,False,B3,brand:vanura.com,True,ALLOW,identity-assertion,,-1,,False,False,False,,0.0005,0,12059,26486813,True,False,True,True,False,False,False
AIP:F-1-018,A4,AIP:F-1:swap-own-rap,S1,wallet,False,B4,brand:vanura.com,True,ALLOW,did-wallet,not-applicable,-1,,False,False,False,,0.0005,0,12059,26486813,True,False,True,True,False,False,False
AIP:F-1-018,A4,AIP:F-1:swap-own-rap,S1,wallet,False,B5,brand:vanura.com,True,ALLOW,vop,not-applicable,-1,,False,False,False,,0.0005,0,12059,26486813,True,False,True,True,False,False,False
AIP:F-1-018,A4,AIP:F-1:swap-own-rap,S1,wallet,False,B6,brand:vanura.com,True,ALLOW,lists,,-1,,False,False,False,,0.0005,0,12059,26486813,True,False,True,True,False,False,False
AIP:F-1-018,A4,AIP:F-1:swap-own-rap,S1,wallet,False,B7,brand:vanura.com,True,STEP-UP,delegation,no-delegation-from-asserted-entity,-1,,False,False,False,,0.0035,0,12059,26486813,False,False,False,False,False,True,True
AIP:F-1-018,A4,AIP:F-1:swap-own-rap,S1,wallet,False,M1-G1,brand:vanura.com,True,DENY,pav,path-to-different-entity,-1,,False,False,False,,0.6424,7,12059,26486813,False,False,False,False,False,False,False
AIP:F-1-018,A4,AIP:F-1:swap-own-rap,S1,wallet,False,M1,brand:vanura.com,True,DENY,route/pav,path-to-different-entity,-1,,False,False,False,,0.6369,7,12059,26486813,False,False,False,False,False,False,False
AIP:F-1-018,A4,AIP:F-1:swap-own-rap,S1,wallet,False,M2,brand:vanura.com,True,DENY,route/pav,path-to-different-entity,-1,,False,False,False,,0.8837,7,12059,26486813,False,False,False,False,False,False,False
AIP:F-1-018,A4,AIP:F-1:swap-own-rap,S1,wallet,False,M3,brand:vanura.com,True,DENY,route/pav,path-to-different-entity,-1,,False,False,False,,0.8519,7,12059,26486813,False,False,False,False,False,False,False
AIP:V9-013,A3,AIP:V9:swap-no-rap,S12,stablecoin,False,B1,brand:stiokux.com,False,ALLOW,curation,,-1,,False,False,False,,0.0007,0,1983,26540293,True,False,True,True,False,False,False
AIP:V9-013,A3,AIP:V9:swap-no-rap,S12,stablecoin,False,B2,brand:stiokux.com,False,ALLOW,mandate,,-1,,False,False,False,,0.0005,0,1983,26540293,True,False,True,True,False,False,False
AIP:V9-013,A3,AIP:V9:swap-no-rap,S12,stablecoin,False,B3,brand:stiokux.com,False,ALLOW,identity-assertion,,-1,,False,False,False,,0.0005,0,1983,26540293,True,False,True,True,False,False,False
AIP:V9-013,A3,AIP:V9:swap-no-rap,S12,stablecoin,False,B4,brand:stiokux.com,False,DENY,did-wallet,wallet-not-bound,-1,,False,False,False,,0.0007,0,1983,26540293,False,False,False,False,False,False,False
AIP:V9-013,A3,AIP:V9:swap-no-rap,S12,stablecoin,False,B5,brand:stiokux.com,False,ALLOW,vop,not-applicable,-1,,False,False,False,,0.0005,0,1983,26540293,True,False,True,True,False,False,False
AIP:V9-013,A3,AIP:V9:swap-no-rap,S12,stablecoin,False,B6,brand:stiokux.com,False,ALLOW,lists,,-1,,False,False,False,,0.0005,0,1983,26540293,True,False,True,True,False,False,False
AIP:V9-013,A3,AIP:V9:swap-no-rap,S12,stablecoin,False,B7,brand:stiokux.com,False,DENY,did-wallet,wallet-not-bound,-1,,False,False,False,,0.0027,0,1983,26540293,False,False,False,False,False,False,False
AIP:V9-013,A3,AIP:V9:swap-no-rap,S12,stablecoin,False,M1-G1,brand:stiokux.com,False,STEP-UP,pav,no-path,-1,,False,False,False,,0.0025,0,1983,26540293,False,False,False,False,False,True,True
AIP:V9-013,A3,AIP:V9:swap-no-rap,S12,stablecoin,False,M1,brand:stiokux.com,False,STEP-UP,route,no-path,-1,,False,False,False,,0.0013,0,1983,26540293,False,False,False,False,False,True,True
AIP:V9-013,A3,AIP:V9:swap-no-rap,S12,stablecoin,False,M2,brand:stiokux.com,False,STEP-UP,route,no-path,-1,,False,False,False,,0.2609,0,1983,26540293,False,False,False,False,False,True,True
AIP:V9-013,A3,AIP:V9:swap-no-rap,S12,stablecoin,False,M3,brand:stiokux.com,False,STEP-UP,route,no-path,-1,,False,False,False,,0.2562,0,1983,26540293,False,False,False,False,False,True,True
AIP:A-AP2-11-002,A3,AIP:A-AP2-11:swap-own-rap,S9,card,False,B1,brand:nifliolax.com,False,ALLOW,curation,,-1,,False,False,False,,0.001,0,11803,26547661,True,False,True,True,False,False,False
AIP:A-AP2-11-002,A3,AIP:A-AP2-11:swap-own-rap,S9,card,False,B2,brand:nifliolax.com,False,DENY,mandate,payee-changed-after-signing,-1,,False,False,False,,0.0005,0,11803,26547661,False,False,False,False,False,False,False
AIP:A-AP2-11-002,A3,AIP:A-AP2-11:swap-own-rap,S9,card,False,B3,brand:nifliolax.com,False,ALLOW,identity-assertion,,-1,,False,False,False,,0.0005,0,11803,26547661,True,False,True,True,False,False,False
AIP:A-AP2-11-002,A3,AIP:A-AP2-11:swap-own-rap,S9,card,False,B4,brand:nifliolax.com,False,ALLOW,did-wallet,not-applicable,-1,,False,False,False,,0.0005,0,11803,26547661,True,False,True,True,False,False,False
AIP:A-AP2-11-002,A3,AIP:A-AP2-11:swap-own-rap,S9,card,False,B5,brand:nifliolax.com,False,ALLOW,vop,not-applicable,-1,,False,False,False,,0.0005,0,11803,26547661,True,False,True,True,False,False,False
AIP:A-AP2-11-002,A3,AIP:A-AP2-11:swap-own-rap,S9,card,False,B6,brand:nifliolax.com,False,ALLOW,lists,,-1,,False,False,False,,0.0005,0,11803,26547661,True,False,True,True,False,False,False
AIP:A-AP2-11-002,A3,AIP:A-AP2-11:swap-own-rap,S9,card,False,B7,brand:nifliolax.com,False,DENY,mandate,payee-changed-after-signing,-1,,False,False,False,,0.0032,0,11803,26547661,False,False,False,False,False,False,False
AIP:A-AP2-11-002,A3,AIP:A-AP2-11:swap-own-rap,S9,card,False,M1-G1,brand:nifliolax.com,False,DENY,pav,path-to-different-entity,-1,,False,False,False,,0.6184,7,11803,26547661,False,False,False,False,False,False,False
AIP:A-AP2-11-002,A3,AIP:A-AP2-11:swap-own-rap,S9,card,False,M1,brand:nifliolax.com,False,DENY,route/pav,path-to-different-entity,-1,,False,False,False,,0.6102,7,11803,26547661,False,False,False,False,False,False,False
AIP:A-AP2-11-002,A3,AIP:A-AP2-11:swap-own-rap,S9,card,False,M2,brand:nifliolax.com,False,DENY,route/pav,path-to-different-entity,-1,,False,False,False,,1.0993,7,11803,26547661,False,False,False,False,False,False,False
AIP:A-AP2-11-002,A3,AIP:A-AP2-11:swap-own-rap,S9,card,False,M3,brand:nifliolax.com,False,DENY,route/pav,path-to-different-entity,-1,,False,False,False,,1.0914,7,11803,26547661,False,False,False,False,False,False,False
AIP:V9-007,A3,AIP:V9:swap-no-rap,S12,stablecoin,False,B1,brand:trouproion.com,True,ALLOW,curation,,-1,,False,False,False,,0.0008,0,6012,26558979,True,False,True,True,False,False,False
AIP:V9-007,A3,AIP:V9:swap-no-rap,S12,stablecoin,False,B2,brand:trouproion.com,True,ALLOW,mandate,,-1,,False,False,False,,0.0005,0,6012,26558979,True,False,True,True,False,False,False
AIP:V9-007,A3,AIP:V9:swap-no-rap,S12,stablecoin,False,B3,brand:trouproion.com,True,ALLOW,identity-assertion,,-1,,False,False,False,,0.0005,0,6012,26558979,True,False,True,True,False,False,False
AIP:V9-007,A3,AIP:V9:swap-no-rap,S12,stablecoin,False,B4,brand:trouproion.com,True,DENY,did-wallet,wallet-not-bound,-1,,False,False,False,,0.0006,0,6012,26558979,False,False,False,False,False,False,False
AIP:V9-007,A3,AIP:V9:swap-no-rap,S12,stablecoin,False,B5,brand:trouproion.com,True,ALLOW,vop,not-applicable,-1,,False,False,False,,0.0005,0,6012,26558979,True,False,True,True,False,False,False
AIP:V9-007,A3,AIP:V9:swap-no-rap,S12,stablecoin,False,B6,brand:trouproion.com,True,ALLOW,lists,,-1,,False,False,False,,0.0005,0,6012,26558979,True,False,True,True,False,False,False
AIP:V9-007,A3,AIP:V9:swap-no-rap,S12,stablecoin,False,B7,brand:trouproion.com,True,DENY,did-wallet,wallet-not-bound,-1,,False,False,False,,0.0027,0,6012,26558979,False,False,False,False,False,False,False
AIP:V9-007,A3,AIP:V9:swap-no-rap,S12,stablecoin,False,M1-G1,brand:trouproion.com,True,STEP-UP,pav,no-path,-1,,False,False,False,,0.0024,0,6012,26558979,False,False,False,False,False,True,True
AIP:V9-007,A3,AIP:V9:swap-no-rap,S12,stablecoin,False,M1,brand:trouproion.com,True,STEP-UP,route,no-path,-1,,False,False,False,,0.0012,0,6012,26558979,False,False,False,False,False,True,True
AIP:V9-007,A3,AIP:V9:swap-no-rap,S12,stablecoin,False,M2,brand:trouproion.com,True,STEP-UP,route,no-path,-1,,False,False,False,,0.6515,0,6012,26558979,False,False,False,False,False,True,True
AIP:V9-007,A3,AIP:V9:swap-no-rap,S12,stablecoin,False,M3,brand:trouproion.com,True,STEP-UP,route,no-path,-1,,False,False,False,,0.6504,0,6012,26558979,False,False,False,False,False,True,True
AIP:A-AP2-11-000,A3,AIP:A-AP2-11:swap-own-rap,S9,card,False,B1,brand:taiteara.com,False,ALLOW,curation,,-1,,False,False,False,,0.0008,0,2558,26569812,True,False,True,True,False,False,False
AIP:A-AP2-11-000,A3,AIP:A-AP2-11:swap-own-rap,S9,card,False,B2,brand:taiteara.com,False,DENY,mandate,payee-changed-after-signing,-1,,False,False,False,,0.0005,0,2558,26569812,False,False,False,False,False,False,False
AIP:A-AP2-11-000,A3,AIP:A-AP2-11:swap-own-rap,S9,card,False,B3,brand:taiteara.com,False,ALLOW,identity-assertion,,-1,,False,False,False,,0.0005,0,2558,26569812,True,False,True,True,False,False,False
AIP:A-AP2-11-000,A3,AIP:A-AP2-11:swap-own-rap,S9,card,False,B4,brand:taiteara.com,False,ALLOW,did-wallet,not-applicable,-1,,False,False,False,,0.0005,0,2558,26569812,True,False,True,True,False,False,False
AIP:A-AP2-11-000,A3,AIP:A-AP2-11:swap-own-rap,S9,card,False,B5,brand:taiteara.com,False,ALLOW,vop,not-applicable,-1,,False,False,False,,0.0004,0,2558,26569812,True,False,True,True,False,False,False
AIP:A-AP2-11-000,A3,AIP:A-AP2-11:swap-own-rap,S9,card,False,B6,brand:taiteara.com,False,ALLOW,lists,,-1,,False,False,False,,0.0005,0,2558,26569812,True,False,True,True,False,False,False
AIP:A-AP2-11-000,A3,AIP:A-AP2-11:swap-own-rap,S9,card,False,B7,brand:taiteara.com,False,DENY,mandate,payee-changed-after-signing,-1,,False,False,False,,0.0032,0,2558,26569812,False,False,False,False,False,False,False
AIP:A-AP2-11-000,A3,AIP:A-AP2-11:swap-own-rap,S9,card,False,M1-G1,brand:taiteara.com,False,DENY,pav,path-to-different-entity,-1,,False,False,False,,0.6256,7,2558,26569812,False,False,False,False,False,False,False
AIP:A-AP2-11-000,A3,AIP:A-AP2-11:swap-own-rap,S9,card,False,M1,brand:taiteara.com,False,DENY,route/pav,path-to-different-entity,-1,,False,False,False,,0.6024,7,2558,26569812,False,False,False,False,False,False,False
AIP:A-AP2-11-000,A3,AIP:A-AP2-11:swap-own-rap,S9,card,False,M2,brand:taiteara.com,False,DENY,route/pav,path-to-different-entity,-1,,False,False,False,,1.1287,7,2558,26569812,False,False,False,False,False,False,False
AIP:A-AP2-11-000,A3,AIP:A-AP2-11:swap-own-rap,S9,card,False,M3,brand:taiteara.com,False,DENY,route/pav,path-to-different-entity,-1,,False,False,False,,1.1394,7,2558,26569812,False,False,False,False,False,False,False
AIP:F-1-020,A4,AIP:F-1:swap-own-rap,S9,card,False,B1,brand:gaisoion.com,True,ALLOW,curation,,-1,,False,False,False,,0.0009,0,5426,26647258,True,False,True,True,False,False,False
AIP:F-1-020,A4,AIP:F-1:swap-own-rap,S9,card,False,B2,brand:gaisoion.com,True,ALLOW,mandate,,-1,,False,False,False,,0.0005,0,5426,26647258,True,False,True,True,False,False,False
AIP:F-1-020,A4,AIP:F-1:swap-own-rap,S9,card,False,B3,brand:gaisoion.com,True,ALLOW,identity-assertion,,-1,,False,False,False,,0.0005,0,5426,26647258,True,False,True,True,False,False,False
AIP:F-1-020,A4,AIP:F-1:swap-own-rap,S9,card,False,B4,brand:gaisoion.com,True,ALLOW,did-wallet,not-applicable,-1,,False,False,False,,0.0005,0,5426,26647258,True,False,True,True,False,False,False
AIP:F-1-020,A4,AIP:F-1:swap-own-rap,S9,card,False,B5,brand:gaisoion.com,True,ALLOW,vop,not-applicable,-1,,False,False,False,,0.0005,0,5426,26647258,True,False,True,True,False,False,False
AIP:F-1-020,A4,AIP:F-1:swap-own-rap,S9,card,False,B6,brand:gaisoion.com,True,ALLOW,lists,,-1,,False,False,False,,0.0005,0,5426,26647258,True,False,True,True,False,False,False
AIP:F-1-020,A4,AIP:F-1:swap-own-rap,S9,card,False,B7,brand:gaisoion.com,True,STEP-UP,delegation,no-delegation-from-asserted-entity,-1,,False,False,False,,0.0049,0,5426,26647258,False,False,False,False,False,True,True
AIP:F-1-020,A4,AIP:F-1:swap-own-rap,S9,card,False,M1-G1,brand:gaisoion.com,True,DENY,pav,path-to-different-entity,-1,,False,False,False,,0.6193,7,5426,26647258,False,False,False,False,False,False,False
AIP:F-1-020,A4,AIP:F-1:swap-own-rap,S9,card,False,M1,brand:gaisoion.com,True,DENY,route/pav,path-to-different-entity,-1,,False,False,False,,0.6058,7,5426,26647258,False,False,False,False,False,False,False
AIP:F-1-020,A4,AIP:F-1:swap-own-rap,S9,card,False,M2,brand:gaisoion.com,True,DENY,route/pav,path-to-different-entity,-1,,False,False,False,,1.1513,7,5426,26647258,False,False,False,False,False,False,False
AIP:F-1-020,A4,AIP:F-1:swap-own-rap,S9,card,False,M3,brand:gaisoion.com,True,DENY,route/pav,path-to-different-entity,-1,,False,False,False,,1.1372,7,5426,26647258,False,False,False,False,False,False,False
AIP:A-AP2-11-022,A3,AIP:A-AP2-11:swap-own-rap,S3,psp_token,False,B1,brand:dosto.co.uk,False,ALLOW,curation,,-1,,False,False,False,,0.0007,0,6928,26659214,True,False,True,True,False,False,False
AIP:A-AP2-11-022,A3,AIP:A-AP2-11:swap-own-rap,S3,psp_token,False,B2,brand:dosto.co.uk,False,DENY,mandate,payee-changed-after-signing,-1,,False,False,False,,0.0005,0,6928,26659214,False,False,False,False,False,False,False
AIP:A-AP2-11-022,A3,AIP:A-AP2-11:swap-own-rap,S3,psp_token,False,B3,brand:dosto.co.uk,False,ALLOW,identity-assertion,,-1,,False,False,False,,0.0005,0,6928,26659214,True,False,True,True,False,False,False
AIP:A-AP2-11-022,A3,AIP:A-AP2-11:swap-own-rap,S3,psp_token,False,B4,brand:dosto.co.uk,False,ALLOW,did-wallet,not-applicable,-1,,False,False,False,,0.0005,0,6928,26659214,True,False,True,True,False,False,False
AIP:A-AP2-11-022,A3,AIP:A-AP2-11:swap-own-rap,S3,psp_token,False,B5,brand:dosto.co.uk,False,ALLOW,vop,not-applicable,-1,,False,False,False,,0.0004,0,6928,26659214,True,False,True,True,False,False,False
AIP:A-AP2-11-022,A3,AIP:A-AP2-11:swap-own-rap,S3,psp_token,False,B6,brand:dosto.co.uk,False,ALLOW,lists,,-1,,False,False,False,,0.0005,0,6928,26659214,True,False,True,True,False,False,False
AIP:A-AP2-11-022,A3,AIP:A-AP2-11:swap-own-rap,S3,psp_token,False,B7,brand:dosto.co.uk,False,DENY,mandate,payee-changed-after-signing,-1,,False,False,False,,0.0023,0,6928,26659214,False,False,False,False,False,False,False
AIP:A-AP2-11-022,A3,AIP:A-AP2-11:swap-own-rap,S3,psp_token,False,M1-G1,brand:dosto.co.uk,False,DENY,pav,path-to-different-entity,-1,,False,False,False,,0.6226,7,6928,26659214,False,False,False,False,False,False,False
AIP:A-AP2-11-022,A3,AIP:A-AP2-11:swap-own-rap,S3,psp_token,False,M1,brand:dosto.co.uk,False,DENY,route/pav,path-to-different-entity,-1,,False,False,False,,0.6078,7,6928,26659214,False,False,False,False,False,False,False
AIP:A-AP2-11-022,A3,AIP:A-AP2-11:swap-own-rap,S3,psp_token,False,M2,brand:dosto.co.uk,False,DENY,route/pav,path-to-different-entity,-1,,False,False,False,,0.917,7,6928,26659214,False,False,False,False,False,False,False
AIP:A-AP2-11-022,A3,AIP:A-AP2-11:swap-own-rap,S3,psp_token,False,M3,brand:dosto.co.uk,False,DENY,route/pav,path-to-different-entity,-1,,False,False,False,,0.8933,7,6928,26659214,False,False,False,False,False,False,False
AIP:V5-013,A3,AIP:V5:swap-no-rap,S9,card,False,B1,brand:tadreaex.com,True,ALLOW,curation,,-1,,False,False,False,,0.0008,0,33269,26662476,True,False,True,True,False,False,False
AIP:V5-013,A3,AIP:V5:swap-no-rap,S9,card,False,B2,brand:tadreaex.com,True,ALLOW,mandate,,-1,,False,False,False,,0.0004,0,33269,26662476,True,False,True,True,False,False,False
AIP:V5-013,A3,AIP:V5:swap-no-rap,S9,card,False,B3,brand:tadreaex.com,True,ALLOW,identity-assertion,,-1,,False,False,False,,0.0005,0,33269,26662476,True,False,True,True,False,False,False
AIP:V5-013,A3,AIP:V5:swap-no-rap,S9,card,False,B4,brand:tadreaex.com,True,ALLOW,did-wallet,not-applicable,-1,,False,False,False,,0.0005,0,33269,26662476,True,False,True,True,False,False,False
AIP:V5-013,A3,AIP:V5:swap-no-rap,S9,card,False,B5,brand:tadreaex.com,True,ALLOW,vop,not-applicable,-1,,False,False,False,,0.0005,0,33269,26662476,True,False,True,True,False,False,False
AIP:V5-013,A3,AIP:V5:swap-no-rap,S9,card,False,B6,brand:tadreaex.com,True,ALLOW,lists,,-1,,False,False,False,,0.0005,0,33269,26662476,True,False,True,True,False,False,False
AIP:V5-013,A3,AIP:V5:swap-no-rap,S9,card,False,B7,brand:tadreaex.com,True,STEP-UP,delegation,no-delegation,-1,,False,False,False,,0.0036,0,33269,26662476,False,False,False,False,False,True,True
AIP:V5-013,A3,AIP:V5:swap-no-rap,S9,card,False,M1-G1,brand:tadreaex.com,True,STEP-UP,pav,no-path,-1,,False,False,False,,0.0023,0,33269,26662476,False,False,False,False,False,True,True
AIP:V5-013,A3,AIP:V5:swap-no-rap,S9,card,False,M1,brand:tadreaex.com,True,STEP-UP,route,no-path,-1,,False,False,False,,0.0012,0,33269,26662476,False,False,False,False,False,True,True
AIP:V5-013,A3,AIP:V5:swap-no-rap,S9,card,False,M2,brand:tadreaex.com,True,STEP-UP,route,no-path,-1,,False,False,False,,0.5365,0,33269,26662476,False,False,False,False,False,True,True
AIP:V5-013,A3,AIP:V5:swap-no-rap,S9,card,False,M3,brand:tadreaex.com,True,STEP-UP,route,no-path,-1,,False,False,False,,0.5292,0,33269,26662476,False,False,False,False,False,True,True
AIP:V9-008,A3,AIP:V9:swap-own-rap,S12,stablecoin,False,B1,brand:drenam.com,True,ALLOW,curation,,-1,,False,False,False,,0.0008,0,13500,26666157,True,False,True,True,False,False,False
AIP:V9-008,A3,AIP:V9:swap-own-rap,S12,stablecoin,False,B2,brand:drenam.com,True,ALLOW,mandate,,-1,,False,False,False,,0.0004,0,13500,26666157,True,False,True,True,False,False,False
AIP:V9-008,A3,AIP:V9:swap-own-rap,S12,stablecoin,False,B3,brand:drenam.com,True,ALLOW,identity-assertion,,-1,,False,False,False,,0.0005,0,13500,26666157,True,False,True,True,False,False,False
AIP:V9-008,A3,AIP:V9:swap-own-rap,S12,stablecoin,False,B4,brand:drenam.com,True,DENY,did-wallet,wallet-not-bound,-1,,False,False,False,,0.0006,0,13500,26666157,False,False,False,False,False,False,False
AIP:V9-008,A3,AIP:V9:swap-own-rap,S12,stablecoin,False,B5,brand:drenam.com,True,ALLOW,vop,not-applicable,-1,,False,False,False,,0.0005,0,13500,26666157,True,False,True,True,False,False,False
AIP:V9-008,A3,AIP:V9:swap-own-rap,S12,stablecoin,False,B6,brand:drenam.com,True,ALLOW,lists,,-1,,False,False,False,,0.0005,0,13500,26666157,True,False,True,True,False,False,False
AIP:V9-008,A3,AIP:V9:swap-own-rap,S12,stablecoin,False,B7,brand:drenam.com,True,DENY,did-wallet,wallet-not-bound,-1,,False,False,False,,0.0022,0,13500,26666157,False,False,False,False,False,False,False
AIP:V9-008,A3,AIP:V9:swap-own-rap,S12,stablecoin,False,M1-G1,brand:drenam.com,True,DENY,pav,path-to-different-entity,-1,,False,False,False,,0.6503,7,13500,26666157,False,False,False,False,False,False,False
AIP:V9-008,A3,AIP:V9:swap-own-rap,S12,stablecoin,False,M1,brand:drenam.com,True,DENY,route/pav,path-to-different-entity,-1,,False,False,False,,0.6119,7,13500,26666157,False,False,False,False,False,False,False
AIP:V9-008,A3,AIP:V9:swap-own-rap,S12,stablecoin,False,M2,brand:drenam.com,True,DENY,route/pav,path-to-different-entity,-1,,False,False,False,,1.0831,7,13500,26666157,False,False,False,False,False,False,False
AIP:V9-008,A3,AIP:V9:swap-own-rap,S12,stablecoin,False,M3,brand:drenam.com,True,DENY,route/pav,path-to-different-entity,-1,,False,False,False,,1.0757,7,13500,26666157,False,False,False,False,False,False,False
AIP:A-AP2-11-017,A3,AIP:A-AP2-11:swap-no-rap,S4,card,False,B1,brand:zadalo.com,False,ALLOW,curation,,-1,,False,False,False,,0.0011,0,2856,26671594,True,False,True,True,False,False,False
AIP:A-AP2-11-017,A3,AIP:A-AP2-11:swap-no-rap,S4,card,False,B2,brand:zadalo.com,False,DENY,mandate,payee-changed-after-signing,-1,,False,False,False,,0.0007,0,2856,26671594,False,False,False,False,False,False,False
AIP:A-AP2-11-017,A3,AIP:A-AP2-11:swap-no-rap,S4,card,False,B3,brand:zadalo.com,False,ALLOW,identity-assertion,,-1,,False,False,False,,0.0007,0,2856,26671594,True,False,True,True,False,False,False
AIP:A-AP2-11-017,A3,AIP:A-AP2-11:swap-no-rap,S4,card,False,B4,brand:zadalo.com,False,ALLOW,did-wallet,not-applicable,-1,,False,False,False,,0.0008,0,2856,26671594,True,False,True,True,False,False,False
AIP:A-AP2-11-017,A3,AIP:A-AP2-11:swap-no-rap,S4,card,False,B5,brand:zadalo.com,False,ALLOW,vop,not-applicable,-1,,False,False,False,,0.0008,0,2856,26671594,True,False,True,True,False,False,False
AIP:A-AP2-11-017,A3,AIP:A-AP2-11:swap-no-rap,S4,card,False,B6,brand:zadalo.com,False,ALLOW,lists,,-1,,False,False,False,,0.0007,0,2856,26671594,True,False,True,True,False,False,False
AIP:A-AP2-11-017,A3,AIP:A-AP2-11:swap-no-rap,S4,card,False,B7,brand:zadalo.com,False,STEP-UP,name-anchor,name-mismatch,-1,,False,False,False,,0.0037,0,2856,26671594,False,False,False,False,False,True,True
AIP:A-AP2-11-017,A3,AIP:A-AP2-11:swap-no-rap,S4,card,False,M1-G1,brand:zadalo.com,False,STEP-UP,pav,no-path,-1,,False,False,False,,0.0025,0,2856,26671594,False,False,False,False,False,True,True
AIP:A-AP2-11-017,A3,AIP:A-AP2-11:swap-no-rap,S4,card,False,M1,brand:zadalo.com,False,STEP-UP,route,no-path,-1,,False,False,False,,0.0012,0,2856,26671594,False,False,False,False,False,True,True
AIP:A-AP2-11-017,A3,AIP:A-AP2-11:swap-no-rap,S4,card,False,M2,brand:zadalo.com,False,STEP-UP,route,no-path,-1,,False,False,False,,0.0247,0,2856,26671594,False,False,False,False,False,True,True
AIP:A-AP2-11-017,A3,AIP:A-AP2-11:swap-no-rap,S4,card,False,M3,brand:zadalo.com,False,STEP-UP,route,no-path,-1,,False,False,False,,0.0185,0,2856,26671594,False,False,False,False,False,True,True
AIP:V5-029,A3,AIP:V5:swap-no-rap,S9,card,False,B1,brand:flouflalun.com,True,ALLOW,curation,,-1,,False,False,False,,0.0008,0,2716,26684279,True,False,True,True,False,False,False
AIP:V5-029,A3,AIP:V5:swap-no-rap,S9,card,False,B2,brand:flouflalun.com,True,ALLOW,mandate,,-1,,False,False,False,,0.0004,0,2716,26684279,True,False,True,True,False,False,False
AIP:V5-029,A3,AIP:V5:swap-no-rap,S9,card,False,B3,brand:flouflalun.com,True,ALLOW,identity-assertion,,-1,,False,False,False,,0.0005,0,2716,26684279,True,False,True,True,False,False,False
AIP:V5-029,A3,AIP:V5:swap-no-rap,S9,card,False,B4,brand:flouflalun.com,True,ALLOW,did-wallet,not-applicable,-1,,False,False,False,,0.0005,0,2716,26684279,True,False,True,True,False,False,False
AIP:V5-029,A3,AIP:V5:swap-no-rap,S9,card,False,B5,brand:flouflalun.com,True,ALLOW,vop,not-applicable,-1,,False,False,False,,0.0004,0,2716,26684279,True,False,True,True,False,False,False
AIP:V5-029,A3,AIP:V5:swap-no-rap,S9,card,False,B6,brand:flouflalun.com,True,ALLOW,lists,,-1,,False,False,False,,0.0004,0,2716,26684279,True,False,True,True,False,False,False
AIP:V5-029,A3,AIP:V5:swap-no-rap,S9,card,False,B7,brand:flouflalun.com,True,STEP-UP,delegation,no-delegation,-1,,False,False,False,,0.0037,0,2716,26684279,False,False,False,False,False,True,True
AIP:V5-029,A3,AIP:V5:swap-no-rap,S9,card,False,M1-G1,brand:flouflalun.com,True,STEP-UP,pav,no-path,-1,,False,False,False,,0.0021,0,2716,26684279,False,False,False,False,False,True,True
AIP:V5-029,A3,AIP:V5:swap-no-rap,S9,card,False,M1,brand:flouflalun.com,True,STEP-UP,route,no-path,-1,,False,False,False,,0.0011,0,2716,26684279,False,False,False,False,False,True,True
AIP:V5-029,A3,AIP:V5:swap-no-rap,S9,card,False,M2,brand:flouflalun.com,True,STEP-UP,route,no-path,-1,,False,False,False,,0.6389,0,2716,26684279,False,False,False,False,False,True,True
AIP:V5-029,A3,AIP:V5:swap-no-rap,S9,card,False,M3,brand:flouflalun.com,True,STEP-UP,route,no-path,-1,,False,False,False,,0.6297,0,2716,26684279,False,False,False,False,False,True,True
AIP:A-AP2-11-023,A3,AIP:A-AP2-11:swap-no-rap,S4,card,False,B1,brand:bepilo.com,False,ALLOW,curation,,-1,,False,False,False,,0.0011,0,4458,26684690,True,False,True,True,False,False,False
AIP:A-AP2-11-023,A3,AIP:A-AP2-11:swap-no-rap,S4,card,False,B2,brand:bepilo.com,False,DENY,mandate,payee-changed-after-signing,-1,,False,False,False,,0.0005,0,4458,26684690,False,False,False,False,False,False,False
AIP:A-AP2-11-023,A3,AIP:A-AP2-11:swap-no-rap,S4,card,False,B3,brand:bepilo.com,False,ALLOW,identity-assertion,,-1,,False,False,False,,0.0005,0,4458,26684690,True,False,True,True,False,False,False
AIP:A-AP2-11-023,A3,AIP:A-AP2-11:swap-no-rap,S4,card,False,B4,brand:bepilo.com,False,ALLOW,did-wallet,not-applicable,-1,,False,False,False,,0.0005,0,4458,26684690,True,False,True,True,False,False,False
AIP:A-AP2-11-023,A3,AIP:A-AP2-11:swap-no-rap,S4,card,False,B5,brand:bepilo.com,False,ALLOW,vop,not-applicable,-1,,False,False,False,,0.0005,0,4458,26684690,True,False,True,True,False,False,False
AIP:A-AP2-11-023,A3,AIP:A-AP2-11:swap-no-rap,S4,card,False,B6,brand:bepilo.com,False,ALLOW,lists,,-1,,False,False,False,,0.0004,0,4458,26684690,True,False,True,True,False,False,False
AIP:A-AP2-11-023,A3,AIP:A-AP2-11:swap-no-rap,S4,card,False,B7,brand:bepilo.com,False,DENY,mandate,payee-changed-after-signing,-1,,False,False,False,,0.0021,0,4458,26684690,False,False,False,False,False,False,False
AIP:A-AP2-11-023,A3,AIP:A-AP2-11:swap-no-rap,S4,card,False,M1-G1,brand:bepilo.com,False,STEP-UP,pav,no-path,-1,,False,False,False,,0.0021,0,4458,26684690,False,False,False,False,False,True,True
AIP:A-AP2-11-023,A3,AIP:A-AP2-11:swap-no-rap,S4,card,False,M1,brand:bepilo.com,False,STEP-UP,route,no-path,-1,,False,False,False,,0.0011,0,4458,26684690,False,False,False,False,False,True,True
AIP:A-AP2-11-023,A3,AIP:A-AP2-11:swap-no-rap,S4,card,False,M2,brand:bepilo.com,False,STEP-UP,route,no-path,-1,,False,False,False,,0.4373,0,4458,26684690,False,False,False,False,False,True,True
AIP:A-AP2-11-023,A3,AIP:A-AP2-11:swap-no-rap,S4,card,False,M3,brand:bepilo.com,False,STEP-UP,route,no-path,-1,,False,False,False,,0.4332,0,4458,26684690,False,False,False,False,False,True,True
AIP:A-AP2-11-024,A3,AIP:A-AP2-11:swap-own-rap,S1,card,False,B1,brand:poucouciork.co.uk,False,ALLOW,curation,,-1,,False,False,False,,0.0009,0,8478,26723612,True,False,True,True,False,False,False
AIP:A-AP2-11-024,A3,AIP:A-AP2-11:swap-own-rap,S1,card,False,B2,brand:poucouciork.co.uk,False,DENY,mandate,payee-changed-after-signing,-1,,False,False,False,,0.0005,0,8478,26723612,False,False,False,False,False,False,False
AIP:A-AP2-11-024,A3,AIP:A-AP2-11:swap-own-rap,S1,card,False,B3,brand:poucouciork.co.uk,False,ALLOW,identity-assertion,,-1,,False,False,False,,0.0005,0,8478,26723612,True,False,True,True,False,False,False
AIP:A-AP2-11-024,A3,AIP:A-AP2-11:swap-own-rap,S1,card,False,B4,brand:poucouciork.co.uk,False,ALLOW,did-wallet,not-applicable,-1,,False,False,False,,0.0005,0,8478,26723612,True,False,True,True,False,False,False
AIP:A-AP2-11-024,A3,AIP:A-AP2-11:swap-own-rap,S1,card,False,B5,brand:poucouciork.co.uk,False,ALLOW,vop,not-applicable,-1,,False,False,False,,0.0005,0,8478,26723612,True,False,True,True,False,False,False
AIP:A-AP2-11-024,A3,AIP:A-AP2-11:swap-own-rap,S1,card,False,B6,brand:poucouciork.co.uk,False,ALLOW,lists,,-1,,False,False,False,,0.0005,0,8478,26723612,True,False,True,True,False,False,False
AIP:A-AP2-11-024,A3,AIP:A-AP2-11:swap-own-rap,S1,card,False,B7,brand:poucouciork.co.uk,False,DENY,mandate,payee-changed-after-signing,-1,,False,False,False,,0.0027,0,8478,26723612,False,False,False,False,False,False,False
AIP:A-AP2-11-024,A3,AIP:A-AP2-11:swap-own-rap,S1,card,False,M1-G1,brand:poucouciork.co.uk,False,DENY,pav,path-to-different-entity,-1,,False,False,False,,0.634,7,8478,26723612,False,False,False,False,False,False,False
AIP:A-AP2-11-024,A3,AIP:A-AP2-11:swap-own-rap,S1,card,False,M1,brand:poucouciork.co.uk,False,DENY,route/pav,path-to-different-entity,-1,,False,False,False,,0.6209,7,8478,26723612,False,False,False,False,False,False,False
AIP:A-AP2-11-024,A3,AIP:A-AP2-11:swap-own-rap,S1,card,False,M2,brand:poucouciork.co.uk,False,DENY,route/pav,path-to-different-entity,-1,,False,False,False,,1.3362,7,8478,26723612,False,False,False,False,False,False,False
AIP:A-AP2-11-024,A3,AIP:A-AP2-11:swap-own-rap,S1,card,False,M3,brand:poucouciork.co.uk,False,DENY,route/pav,path-to-different-entity,-1,,False,False,False,,1.3284,7,8478,26723612,False,False,False,False,False,False,False
AIP:V5-002,A3,AIP:V5:swap-own-rap,S3,psp_token,False,B1,brand:soflouvar.co.uk,False,ALLOW,curation,,-1,,False,False,False,,0.0008,0,3421,26726359,True,False,True,True,False,False,False
AIP:V5-002,A3,AIP:V5:swap-own-rap,S3,psp_token,False,B2,brand:soflouvar.co.uk,False,ALLOW,mandate,,-1,,False,False,False,,0.0005,0,3421,26726359,True,False,True,True,False,False,False
AIP:V5-002,A3,AIP:V5:swap-own-rap,S3,psp_token,False,B3,brand:soflouvar.co.uk,False,ALLOW,identity-assertion,,-1,,False,False,False,,0.0005,0,3421,26726359,True,False,True,True,False,False,False
AIP:V5-002,A3,AIP:V5:swap-own-rap,S3,psp_token,False,B4,brand:soflouvar.co.uk,False,ALLOW,did-wallet,not-applicable,-1,,False,False,False,,0.0005,0,3421,26726359,True,False,True,True,False,False,False
AIP:V5-002,A3,AIP:V5:swap-own-rap,S3,psp_token,False,B5,brand:soflouvar.co.uk,False,ALLOW,vop,not-applicable,-1,,False,False,False,,0.0004,0,3421,26726359,True,False,True,True,False,False,False
AIP:V5-002,A3,AIP:V5:swap-own-rap,S3,psp_token,False,B6,brand:soflouvar.co.uk,False,ALLOW,lists,,-1,,False,False,False,,0.0005,0,3421,26726359,True,False,True,True,False,False,False
AIP:V5-002,A3,AIP:V5:swap-own-rap,S3,psp_token,False,B7,brand:soflouvar.co.uk,False,STEP-UP,delegation,no-delegation-from-asserted-entity,-1,,False,False,False,,0.004,0,3421,26726359,False,False,False,False,False,True,True
AIP:V5-002,A3,AIP:V5:swap-own-rap,S3,psp_token,False,M1-G1,brand:soflouvar.co.uk,False,DENY,pav,path-to-different-entity,-1,,False,False,False,,0.6518,7,3421,26726359,False,False,False,False,False,False,False
AIP:V5-002,A3,AIP:V5:swap-own-rap,S3,psp_token,False,M1,brand:soflouvar.co.uk,False,DENY,route/pav,path-to-different-entity,-1,,False,False,False,,0.6061,7,3421,26726359,False,False,False,False,False,False,False
AIP:V5-002,A3,AIP:V5:swap-own-rap,S3,psp_token,False,M2,brand:soflouvar.co.uk,False,DENY,route/pav,path-to-different-entity,-1,,False,False,False,,1.0531,7,3421,26726359,False,False,False,False,False,False,False
AIP:V5-002,A3,AIP:V5:swap-own-rap,S3,psp_token,False,M3,brand:soflouvar.co.uk,False,DENY,route/pav,path-to-different-entity,-1,,False,False,False,,1.0467,7,3421,26726359,False,False,False,False,False,False,False
AIP:F-1-028,A4,AIP:F-1:swap-own-rap,S9,card,False,B1,brand:supeal.co.uk,False,ALLOW,curation,,-1,,False,False,False,,0.0009,0,11147,26787334,True,False,True,True,False,False,False
AIP:F-1-028,A4,AIP:F-1:swap-own-rap,S9,card,False,B2,brand:supeal.co.uk,False,ALLOW,mandate,,-1,,False,False,False,,0.0005,0,11147,26787334,True,False,True,True,False,False,False
AIP:F-1-028,A4,AIP:F-1:swap-own-rap,S9,card,False,B3,brand:supeal.co.uk,False,ALLOW,identity-assertion,,-1,,False,False,False,,0.0005,0,11147,26787334,True,False,True,True,False,False,False
AIP:F-1-028,A4,AIP:F-1:swap-own-rap,S9,card,False,B4,brand:supeal.co.uk,False,ALLOW,did-wallet,not-applicable,-1,,False,False,False,,0.0005,0,11147,26787334,True,False,True,True,False,False,False
AIP:F-1-028,A4,AIP:F-1:swap-own-rap,S9,card,False,B5,brand:supeal.co.uk,False,ALLOW,vop,not-applicable,-1,,False,False,False,,0.0005,0,11147,26787334,True,False,True,True,False,False,False
AIP:F-1-028,A4,AIP:F-1:swap-own-rap,S9,card,False,B6,brand:supeal.co.uk,False,ALLOW,lists,,-1,,False,False,False,,0.0005,0,11147,26787334,True,False,True,True,False,False,False
AIP:F-1-028,A4,AIP:F-1:swap-own-rap,S9,card,False,B7,brand:supeal.co.uk,False,STEP-UP,delegation,no-delegation-from-asserted-entity,-1,,False,False,False,,0.0051,0,11147,26787334,False,False,False,False,False,True,True
AIP:F-1-028,A4,AIP:F-1:swap-own-rap,S9,card,False,M1-G1,brand:supeal.co.uk,False,DENY,pav,path-to-different-entity,-1,,False,False,False,,0.616,7,11147,26787334,False,False,False,False,False,False,False
AIP:F-1-028,A4,AIP:F-1:swap-own-rap,S9,card,False,M1,brand:supeal.co.uk,False,DENY,route/pav,path-to-different-entity,-1,,False,False,False,,0.6027,7,11147,26787334,False,False,False,False,False,False,False
AIP:F-1-028,A4,AIP:F-1:swap-own-rap,S9,card,False,M2,brand:supeal.co.uk,False,DENY,route/pav,path-to-different-entity,-1,,False,False,False,,0.8065,7,11147,26787334,False,False,False,False,False,False,False
AIP:F-1-028,A4,AIP:F-1:swap-own-rap,S9,card,False,M3,brand:supeal.co.uk,False,DENY,route/pav,path-to-different-entity,-1,,False,False,False,,0.799,7,11147,26787334,False,False,False,False,False,False,False
AIP:F-1-009,A4,AIP:F-1:swap-no-rap,S9,card,False,B1,brand:flouflalun.com,True,ALLOW,curation,,-1,,False,False,False,,0.0007,0,5207,26789751,True,False,True,True,False,False,False
AIP:F-1-009,A4,AIP:F-1:swap-no-rap,S9,card,False,B2,brand:flouflalun.com,True,ALLOW,mandate,,-1,,False,False,False,,0.0005,0,5207,26789751,True,False,True,True,False,False,False
AIP:F-1-009,A4,AIP:F-1:swap-no-rap,S9,card,False,B3,brand:flouflalun.com,True,ALLOW,identity-assertion,,-1,,False,False,False,,0.0005,0,5207,26789751,True,False,True,True,False,False,False
AIP:F-1-009,A4,AIP:F-1:swap-no-rap,S9,card,False,B4,brand:flouflalun.com,True,ALLOW,did-wallet,not-applicable,-1,,False,False,False,,0.0005,0,5207,26789751,True,False,True,True,False,False,False
AIP:F-1-009,A4,AIP:F-1:swap-no-rap,S9,card,False,B5,brand:flouflalun.com,True,ALLOW,vop,not-applicable,-1,,False,False,False,,0.0005,0,5207,26789751,True,False,True,True,False,False,False
AIP:F-1-009,A4,AIP:F-1:swap-no-rap,S9,card,False,B6,brand:flouflalun.com,True,ALLOW,lists,,-1,,False,False,False,,0.0005,0,5207,26789751,True,False,True,True,False,False,False
AIP:F-1-009,A4,AIP:F-1:swap-no-rap,S9,card,False,B7,brand:flouflalun.com,True,STEP-UP,delegation,no-delegation,-1,,False,False,False,,0.0037,0,5207,26789751,False,False,False,False,False,True,True
AIP:F-1-009,A4,AIP:F-1:swap-no-rap,S9,card,False,M1-G1,brand:flouflalun.com,True,STEP-UP,pav,no-path,-1,,False,False,False,,0.0024,0,5207,26789751,False,False,False,False,False,True,True
AIP:F-1-009,A4,AIP:F-1:swap-no-rap,S9,card,False,M1,brand:flouflalun.com,True,STEP-UP,route,no-path,-1,,False,False,False,,0.0013,0,5207,26789751,False,False,False,False,False,True,True
AIP:F-1-009,A4,AIP:F-1:swap-no-rap,S9,card,False,M2,brand:flouflalun.com,True,STEP-UP,route,no-path,-1,,False,False,False,,0.6353,0,5207,26789751,False,False,False,False,False,True,True
AIP:F-1-009,A4,AIP:F-1:swap-no-rap,S9,card,False,M3,brand:flouflalun.com,True,STEP-UP,route,no-path,-1,,False,False,False,,0.6327,0,5207,26789751,False,False,False,False,False,True,True
AIP:A-AP2-11-012,A3,AIP:A-AP2-11:swap-own-rap,S3,psp_token,False,B1,brand:bresteast.co.uk,False,ALLOW,curation,,-1,,False,False,False,,0.0009,0,8613,26796890,True,False,True,True,False,False,False
AIP:A-AP2-11-012,A3,AIP:A-AP2-11:swap-own-rap,S3,psp_token,False,B2,brand:bresteast.co.uk,False,DENY,mandate,payee-changed-after-signing,-1,,False,False,False,,0.0005,0,8613,26796890,False,False,False,False,False,False,False
AIP:A-AP2-11-012,A3,AIP:A-AP2-11:swap-own-rap,S3,psp_token,False,B3,brand:bresteast.co.uk,False,ALLOW,identity-assertion,,-1,,False,False,False,,0.0005,0,8613,26796890,True,False,True,True,False,False,False
AIP:A-AP2-11-012,A3,AIP:A-AP2-11:swap-own-rap,S3,psp_token,False,B4,brand:bresteast.co.uk,False,ALLOW,did-wallet,not-applicable,-1,,False,False,False,,0.0005,0,8613,26796890,True,False,True,True,False,False,False
AIP:A-AP2-11-012,A3,AIP:A-AP2-11:swap-own-rap,S3,psp_token,False,B5,brand:bresteast.co.uk,False,ALLOW,vop,not-applicable,-1,,False,False,False,,0.0004,0,8613,26796890,True,False,True,True,False,False,False
AIP:A-AP2-11-012,A3,AIP:A-AP2-11:swap-own-rap,S3,psp_token,False,B6,brand:bresteast.co.uk,False,ALLOW,lists,,-1,,False,False,False,,0.0005,0,8613,26796890,True,False,True,True,False,False,False
AIP:A-AP2-11-012,A3,AIP:A-AP2-11:swap-own-rap,S3,psp_token,False,B7,brand:bresteast.co.uk,False,DENY,mandate,payee-changed-after-signing,-1,,False,False,False,,0.0025,0,8613,26796890,False,False,False,False,False,False,False
AIP:A-AP2-11-012,A3,AIP:A-AP2-11:swap-own-rap,S3,psp_token,False,M1-G1,brand:bresteast.co.uk,False,DENY,pav,path-to-different-entity,-1,,False,False,False,,0.6249,7,8613,26796890,False,False,False,False,False,False,False
AIP:A-AP2-11-012,A3,AIP:A-AP2-11:swap-own-rap,S3,psp_token,False,M1,brand:bresteast.co.uk,False,DENY,route/pav,path-to-different-entity,-1,,False,False,False,,0.6147,7,8613,26796890,False,False,False,False,False,False,False
AIP:A-AP2-11-012,A3,AIP:A-AP2-11:swap-own-rap,S3,psp_token,False,M2,brand:bresteast.co.uk,False,DENY,route/pav,path-to-different-entity,-1,,False,False,False,,1.2142,7,8613,26796890,False,False,False,False,False,False,False
AIP:A-AP2-11-012,A3,AIP:A-AP2-11:swap-own-rap,S3,psp_token,False,M3,brand:bresteast.co.uk,False,DENY,route/pav,path-to-different-entity,-1,,False,False,False,,1.1859,7,8613,26796890,False,False,False,False,False,False,False
AIP:A-AP2-11-029,A3,AIP:A-AP2-11:swap-no-rap,S2,a2a_instant,False,B1,brand:waga.com,False,ALLOW,curation,,-1,,False,False,False,,0.0007,0,70466,26847728,True,False,True,True,False,False,False
AIP:A-AP2-11-029,A3,AIP:A-AP2-11:swap-no-rap,S2,a2a_instant,False,B2,brand:waga.com,False,DENY,mandate,payee-changed-after-signing,-1,,False,False,False,,0.0005,0,70466,26847728,False,False,False,False,False,False,False
AIP:A-AP2-11-029,A3,AIP:A-AP2-11:swap-no-rap,S2,a2a_instant,False,B3,brand:waga.com,False,ALLOW,identity-assertion,,-1,,False,False,False,,0.0005,0,70466,26847728,True,False,True,True,False,False,False
AIP:A-AP2-11-029,A3,AIP:A-AP2-11:swap-no-rap,S2,a2a_instant,False,B4,brand:waga.com,False,ALLOW,did-wallet,not-applicable,-1,,False,False,False,,0.0005,0,70466,26847728,True,False,True,True,False,False,False
AIP:A-AP2-11-029,A3,AIP:A-AP2-11:swap-no-rap,S2,a2a_instant,False,B5,brand:waga.com,False,ALLOW,vop,,-1,,False,False,False,,0.0022,0,70466,26847728,True,False,True,True,False,False,False
AIP:A-AP2-11-029,A3,AIP:A-AP2-11:swap-no-rap,S2,a2a_instant,False,B6,brand:waga.com,False,ALLOW,lists,,-1,,False,False,False,,0.0005,0,70466,26847728,True,False,True,True,False,False,False
AIP:A-AP2-11-029,A3,AIP:A-AP2-11:swap-no-rap,S2,a2a_instant,False,B7,brand:waga.com,False,DENY,mandate,payee-changed-after-signing,-1,,False,False,False,,0.0021,0,70466,26847728,False,False,False,False,False,False,False
AIP:A-AP2-11-029,A3,AIP:A-AP2-11:swap-no-rap,S2,a2a_instant,False,M1-G1,brand:waga.com,False,STEP-UP,pav,no-path,-1,,False,False,False,,0.0025,0,70466,26847728,False,False,False,False,False,True,True
AIP:A-AP2-11-029,A3,AIP:A-AP2-11:swap-no-rap,S2,a2a_instant,False,M1,brand:waga.com,False,STEP-UP,route,no-path,-1,,False,False,False,,0.0012,0,70466,26847728,False,False,False,False,False,True,True
AIP:A-AP2-11-029,A3,AIP:A-AP2-11:swap-no-rap,S2,a2a_instant,False,M2,brand:waga.com,False,STEP-UP,route,no-path,-1,,False,False,False,,0.0111,0,70466,26847728,False,False,False,False,False,True,True
AIP:A-AP2-11-029,A3,AIP:A-AP2-11:swap-no-rap,S2,a2a_instant,False,M3,brand:waga.com,False,STEP-UP,route,no-path,-1,,False,False,False,,0.0093,0,70466,26847728,False,False,False,False,False,True,True
AIP:A-AP2-11-026,A3,AIP:A-AP2-11:swap-own-rap,S1,psp_token,False,B1,brand:rocul.com,False,ALLOW,curation,,-1,,False,False,False,,0.0007,0,6074,26864354,True,False,True,True,False,False,False
AIP:A-AP2-11-026,A3,AIP:A-AP2-11:swap-own-rap,S1,psp_token,False,B2,brand:rocul.com,False,DENY,mandate,payee-changed-after-signing,-1,,False,False,False,,0.0005,0,6074,26864354,False,False,False,False,False,False,False
AIP:A-AP2-11-026,A3,AIP:A-AP2-11:swap-own-rap,S1,psp_token,False,B3,brand:rocul.com,False,ALLOW,identity-assertion,,-1,,False,False,False,,0.0005,0,6074,26864354,True,False,True,True,False,False,False
AIP:A-AP2-11-026,A3,AIP:A-AP2-11:swap-own-rap,S1,psp_token,False,B4,brand:rocul.com,False,ALLOW,did-wallet,not-applicable,-1,,False,False,False,,0.0005,0,6074,26864354,True,False,True,True,False,False,False
AIP:A-AP2-11-026,A3,AIP:A-AP2-11:swap-own-rap,S1,psp_token,False,B5,brand:rocul.com,False,ALLOW,vop,not-applicable,-1,,False,False,False,,0.0005,0,6074,26864354,True,False,True,True,False,False,False
AIP:A-AP2-11-026,A3,AIP:A-AP2-11:swap-own-rap,S1,psp_token,False,B6,brand:rocul.com,False,ALLOW,lists,,-1,,False,False,False,,0.0005,0,6074,26864354,True,False,True,True,False,False,False
AIP:A-AP2-11-026,A3,AIP:A-AP2-11:swap-own-rap,S1,psp_token,False,B7,brand:rocul.com,False,DENY,mandate,payee-changed-after-signing,-1,,False,False,False,,0.0022,0,6074,26864354,False,False,False,False,False,False,False
AIP:A-AP2-11-026,A3,AIP:A-AP2-11:swap-own-rap,S1,psp_token,False,M1-G1,brand:rocul.com,False,DENY,pav,path-to-different-entity,-1,,False,False,False,,0.6704,7,6074,26864354,False,False,False,False,False,False,False
AIP:A-AP2-11-026,A3,AIP:A-AP2-11:swap-own-rap,S1,psp_token,False,M1,brand:rocul.com,False,DENY,route/pav,path-to-different-entity,-1,,False,False,False,,0.6102,7,6074,26864354,False,False,False,False,False,False,False
AIP:A-AP2-11-026,A3,AIP:A-AP2-11:swap-own-rap,S1,psp_token,False,M2,brand:rocul.com,False,DENY,route/pav,path-to-different-entity,-1,,False,False,False,,0.7075,7,6074,26864354,False,False,False,False,False,False,False
AIP:A-AP2-11-026,A3,AIP:A-AP2-11:swap-own-rap,S1,psp_token,False,M3,brand:rocul.com,False,DENY,route/pav,path-to-different-entity,-1,,False,False,False,,0.6999,7,6074,26864354,False,False,False,False,False,False,False
AIP:V5-012,A3,AIP:V5:swap-own-rap,S9,card,False,B1,brand:supeal.co.uk,False,ALLOW,curation,,-1,,False,False,False,,0.0007,0,17852,26867086,True,False,True,True,False,False,False
AIP:V5-012,A3,AIP:V5:swap-own-rap,S9,card,False,B2,brand:supeal.co.uk,False,ALLOW,mandate,,-1,,False,False,False,,0.0005,0,17852,26867086,True,False,True,True,False,False,False
AIP:V5-012,A3,AIP:V5:swap-own-rap,S9,card,False,B3,brand:supeal.co.uk,False,ALLOW,identity-assertion,,-1,,False,False,False,,0.0004,0,17852,26867086,True,False,True,True,False,False,False
AIP:V5-012,A3,AIP:V5:swap-own-rap,S9,card,False,B4,brand:supeal.co.uk,False,ALLOW,did-wallet,not-applicable,-1,,False,False,False,,0.0005,0,17852,26867086,True,False,True,True,False,False,False
AIP:V5-012,A3,AIP:V5:swap-own-rap,S9,card,False,B5,brand:supeal.co.uk,False,ALLOW,vop,not-applicable,-1,,False,False,False,,0.0005,0,17852,26867086,True,False,True,True,False,False,False
AIP:V5-012,A3,AIP:V5:swap-own-rap,S9,card,False,B6,brand:supeal.co.uk,False,ALLOW,lists,,-1,,False,False,False,,0.0005,0,17852,26867086,True,False,True,True,False,False,False
AIP:V5-012,A3,AIP:V5:swap-own-rap,S9,card,False,B7,brand:supeal.co.uk,False,STEP-UP,delegation,no-delegation-from-asserted-entity,-1,,False,False,False,,0.0047,0,17852,26867086,False,False,False,False,False,True,True
AIP:V5-012,A3,AIP:V5:swap-own-rap,S9,card,False,M1-G1,brand:supeal.co.uk,False,DENY,pav,path-to-different-entity,-1,,False,False,False,,0.6103,7,17852,26867086,False,False,False,False,False,False,False
AIP:V5-012,A3,AIP:V5:swap-own-rap,S9,card,False,M1,brand:supeal.co.uk,False,DENY,route/pav,path-to-different-entity,-1,,False,False,False,,0.6206,7,17852,26867086,False,False,False,False,False,False,False
AIP:V5-012,A3,AIP:V5:swap-own-rap,S9,card,False,M2,brand:supeal.co.uk,False,DENY,route/pav,path-to-different-entity,-1,,False,False,False,,0.801,7,17852,26867086,False,False,False,False,False,False,False
AIP:V5-012,A3,AIP:V5:swap-own-rap,S9,card,False,M3,brand:supeal.co.uk,False,DENY,route/pav,path-to-different-entity,-1,,False,False,False,,0.7956,7,17852,26867086,False,False,False,False,False,False,False
AIP:V5-021,A3,AIP:V5:swap-no-rap,S9,card,False,B1,brand:wiflast.co.uk,False,ALLOW,curation,,-1,,False,False,False,,0.0008,0,43231,26892189,True,False,True,True,False,False,False
AIP:V5-021,A3,AIP:V5:swap-no-rap,S9,card,False,B2,brand:wiflast.co.uk,False,ALLOW,mandate,,-1,,False,False,False,,0.0005,0,43231,26892189,True,False,True,True,False,False,False
AIP:V5-021,A3,AIP:V5:swap-no-rap,S9,card,False,B3,brand:wiflast.co.uk,False,ALLOW,identity-assertion,,-1,,False,False,False,,0.0005,0,43231,26892189,True,False,True,True,False,False,False
AIP:V5-021,A3,AIP:V5:swap-no-rap,S9,card,False,B4,brand:wiflast.co.uk,False,ALLOW,did-wallet,not-applicable,-1,,False,False,False,,0.0005,0,43231,26892189,True,False,True,True,False,False,False
AIP:V5-021,A3,AIP:V5:swap-no-rap,S9,card,False,B5,brand:wiflast.co.uk,False,ALLOW,vop,not-applicable,-1,,False,False,False,,0.0005,0,43231,26892189,True,False,True,True,False,False,False
AIP:V5-021,A3,AIP:V5:swap-no-rap,S9,card,False,B6,brand:wiflast.co.uk,False,ALLOW,lists,,-1,,False,False,False,,0.0005,0,43231,26892189,True,False,True,True,False,False,False
AIP:V5-021,A3,AIP:V5:swap-no-rap,S9,card,False,B7,brand:wiflast.co.uk,False,STEP-UP,delegation,no-delegation,-1,,False,False,False,,0.0036,0,43231,26892189,False,False,False,False,False,True,True
AIP:V5-021,A3,AIP:V5:swap-no-rap,S9,card,False,M1-G1,brand:wiflast.co.uk,False,STEP-UP,pav,no-path,-1,,False,False,False,,0.0023,0,43231,26892189,False,False,False,False,False,True,True
AIP:V5-021,A3,AIP:V5:swap-no-rap,S9,card,False,M1,brand:wiflast.co.uk,False,STEP-UP,route,no-path,-1,,False,False,False,,0.0012,0,43231,26892189,False,False,False,False,False,True,True
AIP:V5-021,A3,AIP:V5:swap-no-rap,S9,card,False,M2,brand:wiflast.co.uk,False,STEP-UP,route,no-path,-1,,False,False,False,,0.3713,0,43231,26892189,False,False,False,False,False,True,True
AIP:V5-021,A3,AIP:V5:swap-no-rap,S9,card,False,M3,brand:wiflast.co.uk,False,STEP-UP,route,no-path,-1,,False,False,False,,0.3655,0,43231,26892189,False,False,False,False,False,True,True
AIP:V5-000,A3,AIP:V5:swap-own-rap,S1,wallet,False,B1,brand:jitouboust.com,True,ALLOW,curation,,-1,,False,False,False,,0.0005,0,2871,26894635,True,False,True,True,False,False,False
AIP:V5-000,A3,AIP:V5:swap-own-rap,S1,wallet,False,B2,brand:jitouboust.com,True,ALLOW,mandate,,-1,,False,False,False,,0.0005,0,2871,26894635,True,False,True,True,False,False,False
AIP:V5-000,A3,AIP:V5:swap-own-rap,S1,wallet,False,B3,brand:jitouboust.com,True,ALLOW,identity-assertion,,-1,,False,False,False,,0.0005,0,2871,26894635,True,False,True,True,False,False,False
AIP:V5-000,A3,AIP:V5:swap-own-rap,S1,wallet,False,B4,brand:jitouboust.com,True,ALLOW,did-wallet,not-applicable,-1,,False,False,False,,0.0005,0,2871,26894635,True,False,True,True,False,False,False
AIP:V5-000,A3,AIP:V5:swap-own-rap,S1,wallet,False,B5,brand:jitouboust.com,True,ALLOW,vop,not-applicable,-1,,False,False,False,,0.0005,0,2871,26894635,True,False,True,True,False,False,False
AIP:V5-000,A3,AIP:V5:swap-own-rap,S1,wallet,False,B6,brand:jitouboust.com,True,ALLOW,lists,,-1,,False,False,False,,0.0005,0,2871,26894635,True,False,True,True,False,False,False
AIP:V5-000,A3,AIP:V5:swap-own-rap,S1,wallet,False,B7,brand:jitouboust.com,True,STEP-UP,delegation,no-delegation-from-asserted-entity,-1,,False,False,False,,0.0036,0,2871,26894635,False,False,False,False,False,True,True
AIP:V5-000,A3,AIP:V5:swap-own-rap,S1,wallet,False,M1-G1,brand:jitouboust.com,True,DENY,pav,path-to-different-entity,-1,,False,False,False,,0.6192,7,2871,26894635,False,False,False,False,False,False,False
AIP:V5-000,A3,AIP:V5:swap-own-rap,S1,wallet,False,M1,brand:jitouboust.com,True,DENY,route/pav,path-to-different-entity,-1,,False,False,False,,0.6492,7,2871,26894635,False,False,False,False,False,False,False
AIP:V5-000,A3,AIP:V5:swap-own-rap,S1,wallet,False,M2,brand:jitouboust.com,True,DENY,route/pav,path-to-different-entity,-1,,False,False,False,,1.1583,7,2871,26894635,False,False,False,False,False,False,False
AIP:V5-000,A3,AIP:V5:swap-own-rap,S1,wallet,False,M3,brand:jitouboust.com,True,DENY,route/pav,path-to-different-entity,-1,,False,False,False,,1.1439,7,2871,26894635,False,False,False,False,False,False,False
AIP:F-1-014,A4,AIP:F-1:swap-own-rap,S9,card,False,B1,brand:brobilo.com,True,ALLOW,curation,,-1,,False,False,False,,0.0008,0,47287,26909111,True,False,True,True,False,False,False
AIP:F-1-014,A4,AIP:F-1:swap-own-rap,S9,card,False,B2,brand:brobilo.com,True,ALLOW,mandate,,-1,,False,False,False,,0.0005,0,47287,26909111,True,False,True,True,False,False,False
AIP:F-1-014,A4,AIP:F-1:swap-own-rap,S9,card,False,B3,brand:brobilo.com,True,ALLOW,identity-assertion,,-1,,False,False,False,,0.0005,0,47287,26909111,True,False,True,True,False,False,False
AIP:F-1-014,A4,AIP:F-1:swap-own-rap,S9,card,False,B4,brand:brobilo.com,True,ALLOW,did-wallet,not-applicable,-1,,False,False,False,,0.0005,0,47287,26909111,True,False,True,True,False,False,False
AIP:F-1-014,A4,AIP:F-1:swap-own-rap,S9,card,False,B5,brand:brobilo.com,True,ALLOW,vop,not-applicable,-1,,False,False,False,,0.0005,0,47287,26909111,True,False,True,True,False,False,False
AIP:F-1-014,A4,AIP:F-1:swap-own-rap,S9,card,False,B6,brand:brobilo.com,True,ALLOW,lists,,-1,,False,False,False,,0.0005,0,47287,26909111,True,False,True,True,False,False,False
AIP:F-1-014,A4,AIP:F-1:swap-own-rap,S9,card,False,B7,brand:brobilo.com,True,STEP-UP,delegation,no-delegation-from-asserted-entity,-1,,False,False,False,,0.0042,0,47287,26909111,False,False,False,False,False,True,True
AIP:F-1-014,A4,AIP:F-1:swap-own-rap,S9,card,False,M1-G1,brand:brobilo.com,True,DENY,pav,path-to-different-entity,-1,,False,False,False,,0.6143,7,47287,26909111,False,False,False,False,False,False,False
AIP:F-1-014,A4,AIP:F-1:swap-own-rap,S9,card,False,M1,brand:brobilo.com,True,DENY,route/pav,path-to-different-entity,-1,,False,False,False,,0.6067,7,47287,26909111,False,False,False,False,False,False,False
AIP:F-1-014,A4,AIP:F-1:swap-own-rap,S9,card,False,M2,brand:brobilo.com,True,DENY,route/pav,path-to-different-entity,-1,,False,False,False,,1.0729,7,47287,26909111,False,False,False,False,False,False,False
AIP:F-1-014,A4,AIP:F-1:swap-own-rap,S9,card,False,M3,brand:brobilo.com,True,DENY,route/pav,path-to-different-entity,-1,,False,False,False,,1.0673,7,47287,26909111,False,False,False,False,False,False,False
AIP:F-1-000,A4,AIP:F-1:swap-own-rap,S3,psp_token,False,B1,brand:quocabrira.com,False,ALLOW,curation,,-1,,False,False,False,,0.001,0,3545,26930892,True,False,True,True,False,False,False
AIP:F-1-000,A4,AIP:F-1:swap-own-rap,S3,psp_token,False,B2,brand:quocabrira.com,False,ALLOW,mandate,,-1,,False,False,False,,0.0004,0,3545,26930892,True,False,True,True,False,False,False
AIP:F-1-000,A4,AIP:F-1:swap-own-rap,S3,psp_token,False,B3,brand:quocabrira.com,False,ALLOW,identity-assertion,,-1,,False,False,False,,0.0005,0,3545,26930892,True,False,True,True,False,False,False
AIP:F-1-000,A4,AIP:F-1:swap-own-rap,S3,psp_token,False,B4,brand:quocabrira.com,False,ALLOW,did-wallet,not-applicable,-1,,False,False,False,,0.0005,0,3545,26930892,True,False,True,True,False,False,False
AIP:F-1-000,A4,AIP:F-1:swap-own-rap,S3,psp_token,False,B5,brand:quocabrira.com,False,ALLOW,vop,not-applicable,-1,,False,False,False,,0.0005,0,3545,26930892,True,False,True,True,False,False,False
AIP:F-1-000,A4,AIP:F-1:swap-own-rap,S3,psp_token,False,B6,brand:quocabrira.com,False,ALLOW,lists,,-1,,False,False,False,,0.0005,0,3545,26930892,True,False,True,True,False,False,False
AIP:F-1-000,A4,AIP:F-1:swap-own-rap,S3,psp_token,False,B7,brand:quocabrira.com,False,STEP-UP,delegation,no-delegation-from-asserted-entity,-1,,False,False,False,,0.0033,0,3545,26930892,False,False,False,False,False,True,True
AIP:F-1-000,A4,AIP:F-1:swap-own-rap,S3,psp_token,False,M1-G1,brand:quocabrira.com,False,DENY,pav,path-to-different-entity,-1,,False,False,False,,0.6131,7,3545,26930892,False,False,False,False,False,False,False
AIP:F-1-000,A4,AIP:F-1:swap-own-rap,S3,psp_token,False,M1,brand:quocabrira.com,False,DENY,route/pav,path-to-different-entity,-1,,False,False,False,,0.6147,7,3545,26930892,False,False,False,False,False,False,False
AIP:F-1-000,A4,AIP:F-1:swap-own-rap,S3,psp_token,False,M2,brand:quocabrira.com,False,DENY,route/pav,path-to-different-entity,-1,,False,False,False,,1.119,7,3545,26930892,False,False,False,False,False,False,False
AIP:F-1-000,A4,AIP:F-1:swap-own-rap,S3,psp_token,False,M3,brand:quocabrira.com,False,DENY,route/pav,path-to-different-entity,-1,,False,False,False,,1.1042,7,3545,26930892,False,False,False,False,False,False,False
AIP:V5-008,A3,AIP:V5:swap-own-rap,S1,wallet,False,B1,brand:jitouboust.com,True,ALLOW,curation,,-1,,False,False,False,,0.001,0,6183,26933348,True,False,True,True,False,False,False
AIP:V5-008,A3,AIP:V5:swap-own-rap,S1,wallet,False,B2,brand:jitouboust.com,True,ALLOW,mandate,,-1,,False,False,False,,0.0005,0,6183,26933348,True,False,True,True,False,False,False
AIP:V5-008,A3,AIP:V5:swap-own-rap,S1,wallet,False,B3,brand:jitouboust.com,True,ALLOW,identity-assertion,,-1,,False,False,False,,0.0005,0,6183,26933348,True,False,True,True,False,False,False
AIP:V5-008,A3,AIP:V5:swap-own-rap,S1,wallet,False,B4,brand:jitouboust.com,True,ALLOW,did-wallet,not-applicable,-1,,False,False,False,,0.0005,0,6183,26933348,True,False,True,True,False,False,False
AIP:V5-008,A3,AIP:V5:swap-own-rap,S1,wallet,False,B5,brand:jitouboust.com,True,ALLOW,vop,not-applicable,-1,,False,False,False,,0.0005,0,6183,26933348,True,False,True,True,False,False,False
AIP:V5-008,A3,AIP:V5:swap-own-rap,S1,wallet,False,B6,brand:jitouboust.com,True,ALLOW,lists,,-1,,False,False,False,,0.0005,0,6183,26933348,True,False,True,True,False,False,False
AIP:V5-008,A3,AIP:V5:swap-own-rap,S1,wallet,False,B7,brand:jitouboust.com,True,STEP-UP,delegation,no-delegation-from-asserted-entity,-1,,False,False,False,,0.0041,0,6183,26933348,False,False,False,False,False,True,True
AIP:V5-008,A3,AIP:V5:swap-own-rap,S1,wallet,False,M1-G1,brand:jitouboust.com,True,DENY,pav,path-to-different-entity,-1,,False,False,False,,0.6109,7,6183,26933348,False,False,False,False,False,False,False
AIP:V5-008,A3,AIP:V5:swap-own-rap,S1,wallet,False,M1,brand:jitouboust.com,True,DENY,route/pav,path-to-different-entity,-1,,False,False,False,,0.6639,7,6183,26933348,False,False,False,False,False,False,False
AIP:V5-008,A3,AIP:V5:swap-own-rap,S1,wallet,False,M2,brand:jitouboust.com,True,DENY,route/pav,path-to-different-entity,-1,,False,False,False,,1.2023,7,6183,26933348,False,False,False,False,False,False,False
AIP:V5-008,A3,AIP:V5:swap-own-rap,S1,wallet,False,M3,brand:jitouboust.com,True,DENY,route/pav,path-to-different-entity,-1,,False,False,False,,1.1445,7,6183,26933348,False,False,False,False,False,False,False
AIP:F-1-001,A4,AIP:F-1:swap-no-rap,S1,card,False,B1,brand:rocul.com,False,ALLOW,curation,,-1,,False,False,False,,0.0008,0,3629,26934955,True,False,True,True,False,False,False
AIP:F-1-001,A4,AIP:F-1:swap-no-rap,S1,card,False,B2,brand:rocul.com,False,ALLOW,mandate,,-1,,False,False,False,,0.0005,0,3629,26934955,True,False,True,True,False,False,False
AIP:F-1-001,A4,AIP:F-1:swap-no-rap,S1,card,False,B3,brand:rocul.com,False,ALLOW,identity-assertion,,-1,,False,False,False,,0.0005,0,3629,26934955,True,False,True,True,False,False,False
AIP:F-1-001,A4,AIP:F-1:swap-no-rap,S1,card,False,B4,brand:rocul.com,False,ALLOW,did-wallet,not-applicable,-1,,False,False,False,,0.0005,0,3629,26934955,True,False,True,True,False,False,False
AIP:F-1-001,A4,AIP:F-1:swap-no-rap,S1,card,False,B5,brand:rocul.com,False,ALLOW,vop,not-applicable,-1,,False,False,False,,0.0005,0,3629,26934955,True,False,True,True,False,False,False
AIP:F-1-001,A4,AIP:F-1:swap-no-rap,S1,card,False,B6,brand:rocul.com,False,ALLOW,lists,,-1,,False,False,False,,0.0005,0,3629,26934955,True,False,True,True,False,False,False
AIP:F-1-001,A4,AIP:F-1:swap-no-rap,S1,card,False,B7,brand:rocul.com,False,STEP-UP,name-anchor,name-mismatch,-1,,False,False,False,,0.0032,0,3629,26934955,False,False,False,False,False,True,True
AIP:F-1-001,A4,AIP:F-1:swap-no-rap,S1,card,False,M1-G1,brand:rocul.com,False,STEP-UP,pav,no-path,-1,,False,False,False,,0.0025,0,3629,26934955,False,False,False,False,False,True,True
AIP:F-1-001,A4,AIP:F-1:swap-no-rap,S1,card,False,M1,brand:rocul.com,False,STEP-UP,route,no-path,-1,,False,False,False,,0.0013,0,3629,26934955,False,False,False,False,False,True,True
AIP:F-1-001,A4,AIP:F-1:swap-no-rap,S1,card,False,M2,brand:rocul.com,False,STEP-UP,route,no-path,-1,,False,False,False,,0.1044,0,3629,26934955,False,False,False,False,False,True,True
AIP:F-1-001,A4,AIP:F-1:swap-no-rap,S1,card,False,M3,brand:rocul.com,False,STEP-UP,route,no-path,-1,,False,False,False,,0.0987,0,3629,26934955,False,False,False,False,False,True,True
AIP:V9-025,A3,AIP:V9:swap-no-rap,S12,stablecoin,False,B1,brand:dapoclirk.com,True,ALLOW,curation,,-1,,False,False,False,,0.0007,0,2857,26974531,True,False,True,True,False,False,False
AIP:V9-025,A3,AIP:V9:swap-no-rap,S12,stablecoin,False,B2,brand:dapoclirk.com,True,ALLOW,mandate,,-1,,False,False,False,,0.0004,0,2857,26974531,True,False,True,True,False,False,False
AIP:V9-025,A3,AIP:V9:swap-no-rap,S12,stablecoin,False,B3,brand:dapoclirk.com,True,ALLOW,identity-assertion,,-1,,False,False,False,,0.0005,0,2857,26974531,True,False,True,True,False,False,False
AIP:V9-025,A3,AIP:V9:swap-no-rap,S12,stablecoin,False,B4,brand:dapoclirk.com,True,DENY,did-wallet,wallet-not-bound,-1,,False,False,False,,0.0007,0,2857,26974531,False,False,False,False,False,False,False
AIP:V9-025,A3,AIP:V9:swap-no-rap,S12,stablecoin,False,B5,brand:dapoclirk.com,True,ALLOW,vop,not-applicable,-1,,False,False,False,,0.0005,0,2857,26974531,True,False,True,True,False,False,False
AIP:V9-025,A3,AIP:V9:swap-no-rap,S12,stablecoin,False,B6,brand:dapoclirk.com,True,ALLOW,lists,,-1,,False,False,False,,0.0005,0,2857,26974531,True,False,True,True,False,False,False
AIP:V9-025,A3,AIP:V9:swap-no-rap,S12,stablecoin,False,B7,brand:dapoclirk.com,True,DENY,did-wallet,wallet-not-bound,-1,,False,False,False,,0.0023,0,2857,26974531,False,False,False,False,False,False,False
AIP:V9-025,A3,AIP:V9:swap-no-rap,S12,stablecoin,False,M1-G1,brand:dapoclirk.com,True,STEP-UP,pav,no-path,-1,,False,False,False,,0.002,0,2857,26974531,False,False,False,False,False,True,True
AIP:V9-025,A3,AIP:V9:swap-no-rap,S12,stablecoin,False,M1,brand:dapoclirk.com,True,STEP-UP,route,no-path,-1,,False,False,False,,0.0011,0,2857,26974531,False,False,False,False,False,True,True
AIP:V9-025,A3,AIP:V9:swap-no-rap,S12,stablecoin,False,M2,brand:dapoclirk.com,True,STEP-UP,route,no-path,-1,,False,False,False,,0.5771,0,2857,26974531,False,False,False,False,False,True,True
AIP:V9-025,A3,AIP:V9:swap-no-rap,S12,stablecoin,False,M3,brand:dapoclirk.com,True,STEP-UP,route,no-path,-1,,False,False,False,,0.5739,0,2857,26974531,False,False,False,False,False,True,True
AIP:F-1-015,A4,AIP:F-1:swap-no-rap,S3,card,False,B1,brand:faimaira.in,True,ALLOW,curation,,-1,,False,False,False,,0.0009,0,3164,26986300,True,False,True,True,False,False,False
AIP:F-1-015,A4,AIP:F-1:swap-no-rap,S3,card,False,B2,brand:faimaira.in,True,ALLOW,mandate,,-1,,False,False,False,,0.0005,0,3164,26986300,True,False,True,True,False,False,False
AIP:F-1-015,A4,AIP:F-1:swap-no-rap,S3,card,False,B3,brand:faimaira.in,True,ALLOW,identity-assertion,,-1,,False,False,False,,0.0005,0,3164,26986300,True,False,True,True,False,False,False
AIP:F-1-015,A4,AIP:F-1:swap-no-rap,S3,card,False,B4,brand:faimaira.in,True,ALLOW,did-wallet,not-applicable,-1,,False,False,False,,0.0116,0,3164,26986300,True,False,True,True,False,False,False
AIP:F-1-015,A4,AIP:F-1:swap-no-rap,S3,card,False,B5,brand:faimaira.in,True,ALLOW,vop,not-applicable,-1,,False,False,False,,0.0011,0,3164,26986300,True,False,True,True,False,False,False
AIP:F-1-015,A4,AIP:F-1:swap-no-rap,S3,card,False,B6,brand:faimaira.in,True,ALLOW,lists,,-1,,False,False,False,,0.0008,0,3164,26986300,True,False,True,True,False,False,False
AIP:F-1-015,A4,AIP:F-1:swap-no-rap,S3,card,False,B7,brand:faimaira.in,True,STEP-UP,delegation,no-delegation,-1,,False,False,False,,0.0053,0,3164,26986300,False,False,False,False,False,True,True
AIP:F-1-015,A4,AIP:F-1:swap-no-rap,S3,card,False,M1-G1,brand:faimaira.in,True,STEP-UP,pav,no-path,-1,,False,False,False,,0.0047,0,3164,26986300,False,False,False,False,False,True,True
AIP:F-1-015,A4,AIP:F-1:swap-no-rap,S3,card,False,M1,brand:faimaira.in,True,STEP-UP,route,no-path,-1,,False,False,False,,0.002,0,3164,26986300,False,False,False,False,False,True,True
AIP:F-1-015,A4,AIP:F-1:swap-no-rap,S3,card,False,M2,brand:faimaira.in,True,STEP-UP,route,no-path,-1,,False,False,False,,0.594,0,3164,26986300,False,False,False,False,False,True,True
AIP:F-1-015,A4,AIP:F-1:swap-no-rap,S3,card,False,M3,brand:faimaira.in,True,STEP-UP,route,no-path,-1,,False,False,False,,0.5737,0,3164,26986300,False,False,False,False,False,True,True
AIP:V9-001,A3,AIP:V9:swap-no-rap,S12,stablecoin,False,B1,brand:drenam.com,True,ALLOW,curation,,-1,,False,False,False,,0.0007,0,6934,27016811,True,False,True,True,False,False,False
AIP:V9-001,A3,AIP:V9:swap-no-rap,S12,stablecoin,False,B2,brand:drenam.com,True,ALLOW,mandate,,-1,,False,False,False,,0.0006,0,6934,27016811,True,False,True,True,False,False,False
AIP:V9-001,A3,AIP:V9:swap-no-rap,S12,stablecoin,False,B3,brand:drenam.com,True,ALLOW,identity-assertion,,-1,,False,False,False,,0.0008,0,6934,27016811,True,False,True,True,False,False,False
AIP:V9-001,A3,AIP:V9:swap-no-rap,S12,stablecoin,False,B4,brand:drenam.com,True,DENY,did-wallet,wallet-not-bound,-1,,False,False,False,,0.0008,0,6934,27016811,False,False,False,False,False,False,False
AIP:V9-001,A3,AIP:V9:swap-no-rap,S12,stablecoin,False,B5,brand:drenam.com,True,ALLOW,vop,not-applicable,-1,,False,False,False,,0.0007,0,6934,27016811,True,False,True,True,False,False,False
AIP:V9-001,A3,AIP:V9:swap-no-rap,S12,stablecoin,False,B6,brand:drenam.com,True,ALLOW,lists,,-1,,False,False,False,,0.0007,0,6934,27016811,True,False,True,True,False,False,False
AIP:V9-001,A3,AIP:V9:swap-no-rap,S12,stablecoin,False,B7,brand:drenam.com,True,DENY,did-wallet,wallet-not-bound,-1,,False,False,False,,0.0035,0,6934,27016811,False,False,False,False,False,False,False
AIP:V9-001,A3,AIP:V9:swap-no-rap,S12,stablecoin,False,M1-G1,brand:drenam.com,True,STEP-UP,pav,no-path,-1,,False,False,False,,0.0026,0,6934,27016811,False,False,False,False,False,True,True
AIP:V9-001,A3,AIP:V9:swap-no-rap,S12,stablecoin,False,M1,brand:drenam.com,True,STEP-UP,route,no-path,-1,,False,False,False,,0.0012,0,6934,27016811,False,False,False,False,False,True,True
AIP:V9-001,A3,AIP:V9:swap-no-rap,S12,stablecoin,False,M2,brand:drenam.com,True,STEP-UP,route,no-path,-1,,False,False,False,,0.4875,0,6934,27016811,False,False,False,False,False,True,True
AIP:V9-001,A3,AIP:V9:swap-no-rap,S12,stablecoin,False,M3,brand:drenam.com,True,STEP-UP,route,no-path,-1,,False,False,False,,0.4536,0,6934,27016811,False,False,False,False,False,True,True
AIP:F-1-024,A4,AIP:F-1:swap-own-rap,S2,a2a_instant,False,B1,brand:trougaix.com,False,ALLOW,curation,,-1,,False,False,False,,0.0008,0,14867,27031037,True,False,True,True,False,False,False
AIP:F-1-024,A4,AIP:F-1:swap-own-rap,S2,a2a_instant,False,B2,brand:trougaix.com,False,ALLOW,mandate,,-1,,False,False,False,,0.0005,0,14867,27031037,True,False,True,True,False,False,False
AIP:F-1-024,A4,AIP:F-1:swap-own-rap,S2,a2a_instant,False,B3,brand:trougaix.com,False,ALLOW,identity-assertion,,-1,,False,False,False,,0.0005,0,14867,27031037,True,False,True,True,False,False,False
AIP:F-1-024,A4,AIP:F-1:swap-own-rap,S2,a2a_instant,False,B4,brand:trougaix.com,False,ALLOW,did-wallet,not-applicable,-1,,False,False,False,,0.0005,0,14867,27031037,True,False,True,True,False,False,False
AIP:F-1-024,A4,AIP:F-1:swap-own-rap,S2,a2a_instant,False,B5,brand:trougaix.com,False,ALLOW,vop,,-1,,False,False,False,,0.0021,0,14867,27031037,True,False,True,True,False,False,False
AIP:F-1-024,A4,AIP:F-1:swap-own-rap,S2,a2a_instant,False,B6,brand:trougaix.com,False,ALLOW,lists,,-1,,False,False,False,,0.0005,0,14867,27031037,True,False,True,True,False,False,False
AIP:F-1-024,A4,AIP:F-1:swap-own-rap,S2,a2a_instant,False,B7,brand:trougaix.com,False,DENY,vop-lei,no_match,-1,,False,False,False,,0.0032,0,14867,27031037,False,False,False,False,False,False,False
AIP:F-1-024,A4,AIP:F-1:swap-own-rap,S2,a2a_instant,False,M1-G1,brand:trougaix.com,False,DENY,pav,path-to-different-entity,-1,,False,False,False,,0.6225,7,14867,27031037,False,False,False,False,False,False,False
AIP:F-1-024,A4,AIP:F-1:swap-own-rap,S2,a2a_instant,False,M1,brand:trougaix.com,False,DENY,route/pav,path-to-different-entity,-1,,False,False,False,,0.6229,7,14867,27031037,False,False,False,False,False,False,False
AIP:F-1-024,A4,AIP:F-1:swap-own-rap,S2,a2a_instant,False,M2,brand:trougaix.com,False,DENY,route/pav,path-to-different-entity,-1,,False,False,False,,1.1756,7,14867,27031037,False,False,False,False,False,False,False
AIP:F-1-024,A4,AIP:F-1:swap-own-rap,S2,a2a_instant,False,M3,brand:trougaix.com,False,DENY,route/pav,path-to-different-entity,-1,,False,False,False,,1.1516,7,14867,27031037,False,False,False,False,False,False,False
AIP:V9-006,A3,AIP:V9:swap-own-rap,S12,stablecoin,False,B1,brand:besulo.com,False,ALLOW,curation,,-1,,False,False,False,,0.0007,0,2046,27031663,True,False,True,True,False,False,False
AIP:V9-006,A3,AIP:V9:swap-own-rap,S12,stablecoin,False,B2,brand:besulo.com,False,ALLOW,mandate,,-1,,False,False,False,,0.0005,0,2046,27031663,True,False,True,True,False,False,False
AIP:V9-006,A3,AIP:V9:swap-own-rap,S12,stablecoin,False,B3,brand:besulo.com,False,ALLOW,identity-assertion,,-1,,False,False,False,,0.0005,0,2046,27031663,True,False,True,True,False,False,False
AIP:V9-006,A3,AIP:V9:swap-own-rap,S12,stablecoin,False,B4,brand:besulo.com,False,DENY,did-wallet,wallet-not-bound,-1,,False,False,False,,0.0006,0,2046,27031663,False,False,False,False,False,False,False
AIP:V9-006,A3,AIP:V9:swap-own-rap,S12,stablecoin,False,B5,brand:besulo.com,False,ALLOW,vop,not-applicable,-1,,False,False,False,,0.0005,0,2046,27031663,True,False,True,True,False,False,False
AIP:V9-006,A3,AIP:V9:swap-own-rap,S12,stablecoin,False,B6,brand:besulo.com,False,ALLOW,lists,,-1,,False,False,False,,0.0005,0,2046,27031663,True,False,True,True,False,False,False
AIP:V9-006,A3,AIP:V9:swap-own-rap,S12,stablecoin,False,B7,brand:besulo.com,False,DENY,did-wallet,wallet-not-bound,-1,,False,False,False,,0.0023,0,2046,27031663,False,False,False,False,False,False,False
AIP:V9-006,A3,AIP:V9:swap-own-rap,S12,stablecoin,False,M1-G1,brand:besulo.com,False,DENY,pav,path-to-different-entity,-1,,False,False,False,,0.6601,7,2046,27031663,False,False,False,False,False,False,False
AIP:V9-006,A3,AIP:V9:swap-own-rap,S12,stablecoin,False,M1,brand:besulo.com,False,DENY,route/pav,path-to-different-entity,-1,,False,False,False,,0.6137,7,2046,27031663,False,False,False,False,False,False,False
AIP:V9-006,A3,AIP:V9:swap-own-rap,S12,stablecoin,False,M2,brand:besulo.com,False,DENY,route/pav,path-to-different-entity,-1,,False,False,False,,1.0685,7,2046,27031663,False,False,False,False,False,False,False
AIP:V9-006,A3,AIP:V9:swap-own-rap,S12,stablecoin,False,M3,brand:besulo.com,False,DENY,route/pav,path-to-different-entity,-1,,False,False,False,,1.0824,7,2046,27031663,False,False,False,False,False,False,False
AIP:V5-016,A3,AIP:V5:swap-own-rap,S3,psp_token,False,B1,brand:moustirk.com,True,ALLOW,curation,,-1,,False,False,False,,0.0009,0,15324,27040983,True,False,True,True,False,False,False
AIP:V5-016,A3,AIP:V5:swap-own-rap,S3,psp_token,False,B2,brand:moustirk.com,True,ALLOW,mandate,,-1,,False,False,False,,0.0005,0,15324,27040983,True,False,True,True,False,False,False
AIP:V5-016,A3,AIP:V5:swap-own-rap,S3,psp_token,False,B3,brand:moustirk.com,True,ALLOW,identity-assertion,,-1,,False,False,False,,0.0006,0,15324,27040983,True,False,True,True,False,False,False
AIP:V5-016,A3,AIP:V5:swap-own-rap,S3,psp_token,False,B4,brand:moustirk.com,True,ALLOW,did-wallet,not-applicable,-1,,False,False,False,,0.0005,0,15324,27040983,True,False,True,True,False,False,False
AIP:V5-016,A3,AIP:V5:swap-own-rap,S3,psp_token,False,B5,brand:moustirk.com,True,ALLOW,vop,not-applicable,-1,,False,False,False,,0.0005,0,15324,27040983,True,False,True,True,False,False,False
AIP:V5-016,A3,AIP:V5:swap-own-rap,S3,psp_token,False,B6,brand:moustirk.com,True,ALLOW,lists,,-1,,False,False,False,,0.0005,0,15324,27040983,True,False,True,True,False,False,False
AIP:V5-016,A3,AIP:V5:swap-own-rap,S3,psp_token,False,B7,brand:moustirk.com,True,STEP-UP,delegation,no-delegation-from-asserted-entity,-1,,False,False,False,,0.004,0,15324,27040983,False,False,False,False,False,True,True
AIP:V5-016,A3,AIP:V5:swap-own-rap,S3,psp_token,False,M1-G1,brand:moustirk.com,True,DENY,pav,path-to-different-entity,-1,,False,False,False,,0.6285,7,15324,27040983,False,False,False,False,False,False,False
AIP:V5-016,A3,AIP:V5:swap-own-rap,S3,psp_token,False,M1,brand:moustirk.com,True,DENY,route/pav,path-to-different-entity,-1,,False,False,False,,0.6049,7,15324,27040983,False,False,False,False,False,False,False
AIP:V5-016,A3,AIP:V5:swap-own-rap,S3,psp_token,False,M2,brand:moustirk.com,True,DENY,route/pav,path-to-different-entity,-1,,False,False,False,,1.183,7,15324,27040983,False,False,False,False,False,False,False
AIP:V5-016,A3,AIP:V5:swap-own-rap,S3,psp_token,False,M3,brand:moustirk.com,True,DENY,route/pav,path-to-different-entity,-1,,False,False,False,,1.2354,7,15324,27040983,False,False,False,False,False,False,False
AIP:V5-003,A3,AIP:V5:swap-no-rap,S1,card,False,B1,brand:sogriona.com,False,ALLOW,curation,,-1,,False,False,False,,0.0009,0,3007,27050707,True,False,True,True,False,False,False
AIP:V5-003,A3,AIP:V5:swap-no-rap,S1,card,False,B2,brand:sogriona.com,False,ALLOW,mandate,,-1,,False,False,False,,0.0005,0,3007,27050707,True,False,True,True,False,False,False
AIP:V5-003,A3,AIP:V5:swap-no-rap,S1,card,False,B3,brand:sogriona.com,False,ALLOW,identity-assertion,,-1,,False,False,False,,0.0006,0,3007,27050707,True,False,True,True,False,False,False
AIP:V5-003,A3,AIP:V5:swap-no-rap,S1,card,False,B4,brand:sogriona.com,False,ALLOW,did-wallet,not-applicable,-1,,False,False,False,,0.0005,0,3007,27050707,True,False,True,True,False,False,False
AIP:V5-003,A3,AIP:V5:swap-no-rap,S1,card,False,B5,brand:sogriona.com,False,ALLOW,vop,not-applicable,-1,,False,False,False,,0.0005,0,3007,27050707,True,False,True,True,False,False,False
AIP:V5-003,A3,AIP:V5:swap-no-rap,S1,card,False,B6,brand:sogriona.com,False,ALLOW,lists,,-1,,False,False,False,,0.0005,0,3007,27050707,True,False,True,True,False,False,False
AIP:V5-003,A3,AIP:V5:swap-no-rap,S1,card,False,B7,brand:sogriona.com,False,STEP-UP,delegation,no-delegation,-1,,False,False,False,,0.0029,0,3007,27050707,False,False,False,False,False,True,True
AIP:V5-003,A3,AIP:V5:swap-no-rap,S1,card,False,M1-G1,brand:sogriona.com,False,STEP-UP,pav,no-path,-1,,False,False,False,,0.0029,0,3007,27050707,False,False,False,False,False,True,True
AIP:V5-003,A3,AIP:V5:swap-no-rap,S1,card,False,M1,brand:sogriona.com,False,STEP-UP,route,no-path,-1,,False,False,False,,0.0014,0,3007,27050707,False,False,False,False,False,True,True
AIP:V5-003,A3,AIP:V5:swap-no-rap,S1,card,False,M2,brand:sogriona.com,False,STEP-UP,route,no-path,-1,,False,False,False,,0.6933,0,3007,27050707,False,False,False,False,False,True,True
AIP:V5-003,A3,AIP:V5:swap-no-rap,S1,card,False,M3,brand:sogriona.com,False,STEP-UP,route,no-path,-1,,False,False,False,,0.5467,0,3007,27050707,False,False,False,False,False,True,True
AIP:V9-022,A3,AIP:V9:swap-own-rap,S12,stablecoin,False,B1,brand:dapoclirk.com,True,ALLOW,curation,,-1,,False,False,False,,0.0009,0,9223,27060316,True,False,True,True,False,False,False
AIP:V9-022,A3,AIP:V9:swap-own-rap,S12,stablecoin,False,B2,brand:dapoclirk.com,True,ALLOW,mandate,,-1,,False,False,False,,0.0005,0,9223,27060316,True,False,True,True,False,False,False
AIP:V9-022,A3,AIP:V9:swap-own-rap,S12,stablecoin,False,B3,brand:dapoclirk.com,True,ALLOW,identity-assertion,,-1,,False,False,False,,0.0005,0,9223,27060316,True,False,True,True,False,False,False
AIP:V9-022,A3,AIP:V9:swap-own-rap,S12,stablecoin,False,B4,brand:dapoclirk.com,True,DENY,did-wallet,wallet-not-bound,-1,,False,False,False,,0.0006,0,9223,27060316,False,False,False,False,False,False,False
AIP:V9-022,A3,AIP:V9:swap-own-rap,S12,stablecoin,False,B5,brand:dapoclirk.com,True,ALLOW,vop,not-applicable,-1,,False,False,False,,0.0005,0,9223,27060316,True,False,True,True,False,False,False
AIP:V9-022,A3,AIP:V9:swap-own-rap,S12,stablecoin,False,B6,brand:dapoclirk.com,True,ALLOW,lists,,-1,,False,False,False,,0.0005,0,9223,27060316,True,False,True,True,False,False,False
AIP:V9-022,A3,AIP:V9:swap-own-rap,S12,stablecoin,False,B7,brand:dapoclirk.com,True,DENY,did-wallet,wallet-not-bound,-1,,False,False,False,,0.0025,0,9223,27060316,False,False,False,False,False,False,False
AIP:V9-022,A3,AIP:V9:swap-own-rap,S12,stablecoin,False,M1-G1,brand:dapoclirk.com,True,DENY,pav,path-to-different-entity,-1,,False,False,False,,0.6643,7,9223,27060316,False,False,False,False,False,False,False
AIP:V9-022,A3,AIP:V9:swap-own-rap,S12,stablecoin,False,M1,brand:dapoclirk.com,True,DENY,route/pav,path-to-different-entity,-1,,False,False,False,,0.6132,7,9223,27060316,False,False,False,False,False,False,False
AIP:V9-022,A3,AIP:V9:swap-own-rap,S12,stablecoin,False,M2,brand:dapoclirk.com,True,DENY,route/pav,path-to-different-entity,-1,,False,False,False,,1.2144,7,9223,27060316,False,False,False,False,False,False,False
AIP:V9-022,A3,AIP:V9:swap-own-rap,S12,stablecoin,False,M3,brand:dapoclirk.com,True,DENY,route/pav,path-to-different-entity,-1,,False,False,False,,1.2239,7,9223,27060316,False,False,False,False,False,False,False
AIP:V9-004,A3,AIP:V9:swap-own-rap,S12,stablecoin,False,B1,brand:lealoufeark.in,True,ALLOW,curation,,-1,,False,False,False,,0.001,0,8806,27077772,True,False,True,True,False,False,False
AIP:V9-004,A3,AIP:V9:swap-own-rap,S12,stablecoin,False,B2,brand:lealoufeark.in,True,ALLOW,mandate,,-1,,False,False,False,,0.0005,0,8806,27077772,True,False,True,True,False,False,False
AIP:V9-004,A3,AIP:V9:swap-own-rap,S12,stablecoin,False,B3,brand:lealoufeark.in,True,ALLOW,identity-assertion,,-1,,False,False,False,,0.0005,0,8806,27077772,True,False,True,True,False,False,False
AIP:V9-004,A3,AIP:V9:swap-own-rap,S12,stablecoin,False,B4,brand:lealoufeark.in,True,DENY,did-wallet,wallet-not-bound,-1,,False,False,False,,0.0007,0,8806,27077772,False,False,False,False,False,False,False
AIP:V9-004,A3,AIP:V9:swap-own-rap,S12,stablecoin,False,B5,brand:lealoufeark.in,True,ALLOW,vop,not-applicable,-1,,False,False,False,,0.0005,0,8806,27077772,True,False,True,True,False,False,False
AIP:V9-004,A3,AIP:V9:swap-own-rap,S12,stablecoin,False,B6,brand:lealoufeark.in,True,ALLOW,lists,,-1,,False,False,False,,0.0005,0,8806,27077772,True,False,True,True,False,False,False
AIP:V9-004,A3,AIP:V9:swap-own-rap,S12,stablecoin,False,B7,brand:lealoufeark.in,True,DENY,did-wallet,wallet-not-bound,-1,,False,False,False,,0.0032,0,8806,27077772,False,False,False,False,False,False,False
AIP:V9-004,A3,AIP:V9:swap-own-rap,S12,stablecoin,False,M1-G1,brand:lealoufeark.in,True,DENY,pav,path-to-different-entity,-1,,False,False,False,,0.6595,7,8806,27077772,False,False,False,False,False,False,False
AIP:V9-004,A3,AIP:V9:swap-own-rap,S12,stablecoin,False,M1,brand:lealoufeark.in,True,DENY,route/pav,path-to-different-entity,-1,,False,False,False,,0.6078,7,8806,27077772,False,False,False,False,False,False,False
AIP:V9-004,A3,AIP:V9:swap-own-rap,S12,stablecoin,False,M2,brand:lealoufeark.in,True,DENY,route/pav,path-to-different-entity,-1,,False,False,False,,1.3509,7,8806,27077772,False,False,False,False,False,False,False
AIP:V9-004,A3,AIP:V9:swap-own-rap,S12,stablecoin,False,M3,brand:lealoufeark.in,True,DENY,route/pav,path-to-different-entity,-1,,False,False,False,,1.3321,7,8806,27077772,False,False,False,False,False,False,False
AIP:A-AP2-11-028,A3,AIP:A-AP2-11:swap-own-rap,S4,card,False,B1,brand:trofouion.co.uk,True,ALLOW,curation,,-1,,False,False,False,,0.002,0,8071,27086059,True,False,True,True,False,False,False
AIP:A-AP2-11-028,A3,AIP:A-AP2-11:swap-own-rap,S4,card,False,B2,brand:trofouion.co.uk,True,DENY,mandate,payee-changed-after-signing,-1,,False,False,False,,0.0005,0,8071,27086059,False,False,False,False,False,False,False
AIP:A-AP2-11-028,A3,AIP:A-AP2-11:swap-own-rap,S4,card,False,B3,brand:trofouion.co.uk,True,ALLOW,identity-assertion,,-1,,False,False,False,,0.0006,0,8071,27086059,True,False,True,True,False,False,False
AIP:A-AP2-11-028,A3,AIP:A-AP2-11:swap-own-rap,S4,card,False,B4,brand:trofouion.co.uk,True,ALLOW,did-wallet,not-applicable,-1,,False,False,False,,0.0005,0,8071,27086059,True,False,True,True,False,False,False
AIP:A-AP2-11-028,A3,AIP:A-AP2-11:swap-own-rap,S4,card,False,B5,brand:trofouion.co.uk,True,ALLOW,vop,not-applicable,-1,,False,False,False,,0.0005,0,8071,27086059,True,False,True,True,False,False,False
AIP:A-AP2-11-028,A3,AIP:A-AP2-11:swap-own-rap,S4,card,False,B6,brand:trofouion.co.uk,True,ALLOW,lists,,-1,,False,False,False,,0.0005,0,8071,27086059,True,False,True,True,False,False,False
AIP:A-AP2-11-028,A3,AIP:A-AP2-11:swap-own-rap,S4,card,False,B7,brand:trofouion.co.uk,True,DENY,mandate,payee-changed-after-signing,-1,,False,False,False,,0.0027,0,8071,27086059,False,False,False,False,False,False,False
AIP:A-AP2-11-028,A3,AIP:A-AP2-11:swap-own-rap,S4,card,False,M1-G1,brand:trofouion.co.uk,True,DENY,pav,path-to-different-entity,-1,,False,False,False,,0.6744,7,8071,27086059,False,False,False,False,False,False,False
AIP:A-AP2-11-028,A3,AIP:A-AP2-11:swap-own-rap,S4,card,False,M1,brand:trofouion.co.uk,True,DENY,route/pav,path-to-different-entity,-1,,False,False,False,,0.6262,7,8071,27086059,False,False,False,False,False,False,False
AIP:A-AP2-11-028,A3,AIP:A-AP2-11:swap-own-rap,S4,card,False,M2,brand:trofouion.co.uk,True,DENY,route/pav,path-to-different-entity,-1,,False,False,False,,1.2361,7,8071,27086059,False,False,False,False,False,False,False
AIP:A-AP2-11-028,A3,AIP:A-AP2-11:swap-own-rap,S4,card,False,M3,brand:trofouion.co.uk,True,DENY,route/pav,path-to-different-entity,-1,,False,False,False,,1.1923,7,8071,27086059,False,False,False,False,False,False,False
AIP:V5-019,A3,AIP:V5:swap-no-rap,S2,a2a_instant,False,B1,brand:broudiion.in,False,ALLOW,curation,,-1,,False,False,False,,0.0009,0,4145,27115051,True,False,True,True,False,False,False
AIP:V5-019,A3,AIP:V5:swap-no-rap,S2,a2a_instant,False,B2,brand:broudiion.in,False,ALLOW,mandate,,-1,,False,False,False,,0.0005,0,4145,27115051,True,False,True,True,False,False,False
AIP:V5-019,A3,AIP:V5:swap-no-rap,S2,a2a_instant,False,B3,brand:broudiion.in,False,ALLOW,identity-assertion,,-1,,False,False,False,,0.0005,0,4145,27115051,True,False,True,True,False,False,False
AIP:V5-019,A3,AIP:V5:swap-no-rap,S2,a2a_instant,False,B4,brand:broudiion.in,False,ALLOW,did-wallet,not-applicable,-1,,False,False,False,,0.0005,0,4145,27115051,True,False,True,True,False,False,False
AIP:V5-019,A3,AIP:V5:swap-no-rap,S2,a2a_instant,False,B5,brand:broudiion.in,False,ALLOW,vop,,-1,,False,False,False,,0.0032,0,4145,27115051,True,False,True,True,False,False,False
AIP:V5-019,A3,AIP:V5:swap-no-rap,S2,a2a_instant,False,B6,brand:broudiion.in,False,ALLOW,lists,,-1,,False,False,False,,0.0005,0,4145,27115051,True,False,True,True,False,False,False
AIP:V5-019,A3,AIP:V5:swap-no-rap,S2,a2a_instant,False,B7,brand:broudiion.in,False,DENY,vop-lei,no_match,-1,,False,False,False,,0.0037,0,4145,27115051,False,False,False,False,False,False,False
AIP:V5-019,A3,AIP:V5:swap-no-rap,S2,a2a_instant,False,M1-G1,brand:broudiion.in,False,STEP-UP,pav,no-path,-1,,False,False,False,,0.0027,0,4145,27115051,False,False,False,False,False,True,True
AIP:V5-019,A3,AIP:V5:swap-no-rap,S2,a2a_instant,False,M1,brand:broudiion.in,False,STEP-UP,route,no-path,-1,,False,False,False,,0.0013,0,4145,27115051,False,False,False,False,False,True,True
AIP:V5-019,A3,AIP:V5:swap-no-rap,S2,a2a_instant,False,M2,brand:broudiion.in,False,STEP-UP,route,no-path,-1,,False,False,False,,0.5918,0,4145,27115051,False,False,False,False,False,True,True
AIP:V5-019,A3,AIP:V5:swap-no-rap,S2,a2a_instant,False,M3,brand:broudiion.in,False,STEP-UP,route,no-path,-1,,False,False,False,,0.5859,0,4145,27115051,False,False,False,False,False,True,True
AIP:F-1-023,A4,AIP:F-1:swap-no-rap,S4,card,False,B1,brand:zadalo.com,False,ALLOW,curation,,-1,,False,False,False,,0.0009,0,4092,27140823,True,False,True,True,False,False,False
AIP:F-1-023,A4,AIP:F-1:swap-no-rap,S4,card,False,B2,brand:zadalo.com,False,ALLOW,mandate,,-1,,False,False,False,,0.0005,0,4092,27140823,True,False,True,True,False,False,False
AIP:F-1-023,A4,AIP:F-1:swap-no-rap,S4,card,False,B3,brand:zadalo.com,False,ALLOW,identity-assertion,,-1,,False,False,False,,0.0005,0,4092,27140823,True,False,True,True,False,False,False
AIP:F-1-023,A4,AIP:F-1:swap-no-rap,S4,card,False,B4,brand:zadalo.com,False,ALLOW,did-wallet,not-applicable,-1,,False,False,False,,0.0005,0,4092,27140823,True,False,True,True,False,False,False
AIP:F-1-023,A4,AIP:F-1:swap-no-rap,S4,card,False,B5,brand:zadalo.com,False,ALLOW,vop,not-applicable,-1,,False,False,False,,0.0005,0,4092,27140823,True,False,True,True,False,False,False
AIP:F-1-023,A4,AIP:F-1:swap-no-rap,S4,card,False,B6,brand:zadalo.com,False,ALLOW,lists,,-1,,False,False,False,,0.0005,0,4092,27140823,True,False,True,True,False,False,False
AIP:F-1-023,A4,AIP:F-1:swap-no-rap,S4,card,False,B7,brand:zadalo.com,False,STEP-UP,delegation,no-delegation,-1,,False,False,False,,0.0023,0,4092,27140823,False,False,False,False,False,True,True
AIP:F-1-023,A4,AIP:F-1:swap-no-rap,S4,card,False,M1-G1,brand:zadalo.com,False,STEP-UP,pav,no-path,-1,,False,False,False,,0.0021,0,4092,27140823,False,False,False,False,False,True,True
AIP:F-1-023,A4,AIP:F-1:swap-no-rap,S4,card,False,M1,brand:zadalo.com,False,STEP-UP,route,no-path,-1,,False,False,False,,0.0011,0,4092,27140823,False,False,False,False,False,True,True
AIP:F-1-023,A4,AIP:F-1:swap-no-rap,S4,card,False,M2,brand:zadalo.com,False,STEP-UP,route,no-path,-1,,False,False,False,,0.4622,0,4092,27140823,False,False,False,False,False,True,True
AIP:F-1-023,A4,AIP:F-1:swap-no-rap,S4,card,False,M3,brand:zadalo.com,False,STEP-UP,route,no-path,-1,,False,False,False,,0.4312,0,4092,27140823,False,False,False,False,False,True,True
AIP:V9-003,A3,AIP:V9:swap-no-rap,S12,stablecoin,False,B1,brand:lealoufeark.in,True,ALLOW,curation,,-1,,False,False,False,,0.0007,0,2875,27150922,True,False,True,True,False,False,False
AIP:V9-003,A3,AIP:V9:swap-no-rap,S12,stablecoin,False,B2,brand:lealoufeark.in,True,ALLOW,mandate,,-1,,False,False,False,,0.0004,0,2875,27150922,True,False,True,True,False,False,False
AIP:V9-003,A3,AIP:V9:swap-no-rap,S12,stablecoin,False,B3,brand:lealoufeark.in,True,ALLOW,identity-assertion,,-1,,False,False,False,,0.0005,0,2875,27150922,True,False,True,True,False,False,False
AIP:V9-003,A3,AIP:V9:swap-no-rap,S12,stablecoin,False,B4,brand:lealoufeark.in,True,DENY,did-wallet,wallet-not-bound,-1,,False,False,False,,0.0005,0,2875,27150922,False,False,False,False,False,False,False
AIP:V9-003,A3,AIP:V9:swap-no-rap,S12,stablecoin,False,B5,brand:lealoufeark.in,True,ALLOW,vop,not-applicable,-1,,False,False,False,,0.0005,0,2875,27150922,True,False,True,True,False,False,False
AIP:V9-003,A3,AIP:V9:swap-no-rap,S12,stablecoin,False,B6,brand:lealoufeark.in,True,ALLOW,lists,,-1,,False,False,False,,0.0005,0,2875,27150922,True,False,True,True,False,False,False
AIP:V9-003,A3,AIP:V9:swap-no-rap,S12,stablecoin,False,B7,brand:lealoufeark.in,True,DENY,did-wallet,wallet-not-bound,-1,,False,False,False,,0.0029,0,2875,27150922,False,False,False,False,False,False,False
AIP:V9-003,A3,AIP:V9:swap-no-rap,S12,stablecoin,False,M1-G1,brand:lealoufeark.in,True,STEP-UP,pav,no-path,-1,,False,False,False,,0.0022,0,2875,27150922,False,False,False,False,False,True,True
AIP:V9-003,A3,AIP:V9:swap-no-rap,S12,stablecoin,False,M1,brand:lealoufeark.in,True,STEP-UP,route,no-path,-1,,False,False,False,,0.001,0,2875,27150922,False,False,False,False,False,True,True
AIP:V9-003,A3,AIP:V9:swap-no-rap,S12,stablecoin,False,M2,brand:lealoufeark.in,True,STEP-UP,route,no-path,-1,,False,False,False,,0.7832,0,2875,27150922,False,False,False,False,False,True,True
AIP:V9-003,A3,AIP:V9:swap-no-rap,S12,stablecoin,False,M3,brand:lealoufeark.in,True,STEP-UP,route,no-path,-1,,False,False,False,,0.7134,0,2875,27150922,False,False,False,False,False,True,True
AIP:V9-014,A3,AIP:V9:swap-own-rap,S12,stablecoin,False,B1,brand:lealoufeark.in,True,ALLOW,curation,,-1,,False,False,False,,0.0009,0,3183,27230414,True,False,True,True,False,False,False
AIP:V9-014,A3,AIP:V9:swap-own-rap,S12,stablecoin,False,B2,brand:lealoufeark.in,True,ALLOW,mandate,,-1,,False,False,False,,0.0005,0,3183,27230414,True,False,True,True,False,False,False
AIP:V9-014,A3,AIP:V9:swap-own-rap,S12,stablecoin,False,B3,brand:lealoufeark.in,True,ALLOW,identity-assertion,,-1,,False,False,False,,0.0005,0,3183,27230414,True,False,True,True,False,False,False
AIP:V9-014,A3,AIP:V9:swap-own-rap,S12,stablecoin,False,B4,brand:lealoufeark.in,True,DENY,did-wallet,wallet-not-bound,-1,,False,False,False,,0.0005,0,3183,27230414,False,False,False,False,False,False,False
AIP:V9-014,A3,AIP:V9:swap-own-rap,S12,stablecoin,False,B5,brand:lealoufeark.in,True,ALLOW,vop,not-applicable,-1,,False,False,False,,0.0005,0,3183,27230414,True,False,True,True,False,False,False
AIP:V9-014,A3,AIP:V9:swap-own-rap,S12,stablecoin,False,B6,brand:lealoufeark.in,True,ALLOW,lists,,-1,,False,False,False,,0.0005,0,3183,27230414,True,False,True,True,False,False,False
AIP:V9-014,A3,AIP:V9:swap-own-rap,S12,stablecoin,False,B7,brand:lealoufeark.in,True,DENY,did-wallet,wallet-not-bound,-1,,False,False,False,,0.0027,0,3183,27230414,False,False,False,False,False,False,False
AIP:V9-014,A3,AIP:V9:swap-own-rap,S12,stablecoin,False,M1-G1,brand:lealoufeark.in,True,DENY,pav,path-to-different-entity,-1,,False,False,False,,0.6563,7,3183,27230414,False,False,False,False,False,False,False
AIP:V9-014,A3,AIP:V9:swap-own-rap,S12,stablecoin,False,M1,brand:lealoufeark.in,True,DENY,route/pav,path-to-different-entity,-1,,False,False,False,,0.6425,7,3183,27230414,False,False,False,False,False,False,False
AIP:V9-014,A3,AIP:V9:swap-own-rap,S12,stablecoin,False,M2,brand:lealoufeark.in,True,DENY,route/pav,path-to-different-entity,-1,,False,False,False,,1.3532,7,3183,27230414,False,False,False,False,False,False,False
AIP:V9-014,A3,AIP:V9:swap-own-rap,S12,stablecoin,False,M3,brand:lealoufeark.in,True,DENY,route/pav,path-to-different-entity,-1,,False,False,False,,1.3685,7,3183,27230414,False,False,False,False,False,False,False
AIP:V5-023,A3,AIP:V5:swap-no-rap,S2,a2a_instant,False,B1,brand:ceakera.com,False,ALLOW,curation,,-1,,False,False,False,,0.0009,0,12848,27234793,True,False,True,True,False,False,False
AIP:V5-023,A3,AIP:V5:swap-no-rap,S2,a2a_instant,False,B2,brand:ceakera.com,False,ALLOW,mandate,,-1,,False,False,False,,0.0005,0,12848,27234793,True,False,True,True,False,False,False
AIP:V5-023,A3,AIP:V5:swap-no-rap,S2,a2a_instant,False,B3,brand:ceakera.com,False,ALLOW,identity-assertion,,-1,,False,False,False,,0.0006,0,12848,27234793,True,False,True,True,False,False,False
AIP:V5-023,A3,AIP:V5:swap-no-rap,S2,a2a_instant,False,B4,brand:ceakera.com,False,ALLOW,did-wallet,not-applicable,-1,,False,False,False,,0.0005,0,12848,27234793,True,False,True,True,False,False,False
AIP:V5-023,A3,AIP:V5:swap-no-rap,S2,a2a_instant,False,B5,brand:ceakera.com,False,ALLOW,vop,,-1,,False,False,False,,0.0019,0,12848,27234793,True,False,True,True,False,False,False
AIP:V5-023,A3,AIP:V5:swap-no-rap,S2,a2a_instant,False,B6,brand:ceakera.com,False,ALLOW,lists,,-1,,False,False,False,,0.0005,0,12848,27234793,True,False,True,True,False,False,False
AIP:V5-023,A3,AIP:V5:swap-no-rap,S2,a2a_instant,False,B7,brand:ceakera.com,False,DENY,vop-lei,no_match,-1,,False,False,False,,0.0033,0,12848,27234793,False,False,False,False,False,False,False
AIP:V5-023,A3,AIP:V5:swap-no-rap,S2,a2a_instant,False,M1-G1,brand:ceakera.com,False,STEP-UP,pav,no-path,-1,,False,False,False,,0.0025,0,12848,27234793,False,False,False,False,False,True,True
AIP:V5-023,A3,AIP:V5:swap-no-rap,S2,a2a_instant,False,M1,brand:ceakera.com,False,STEP-UP,route,no-path,-1,,False,False,False,,0.0012,0,12848,27234793,False,False,False,False,False,True,True
AIP:V5-023,A3,AIP:V5:swap-no-rap,S2,a2a_instant,False,M2,brand:ceakera.com,False,STEP-UP,route,no-path,-1,,False,False,False,,0.3712,0,12848,27234793,False,False,False,False,False,True,True
AIP:V5-023,A3,AIP:V5:swap-no-rap,S2,a2a_instant,False,M3,brand:ceakera.com,False,STEP-UP,route,no-path,-1,,False,False,False,,0.3639,0,12848,27234793,False,False,False,False,False,True,True
AIP:V5-020,A3,AIP:V5:swap-own-rap,S3,card,False,B1,brand:soflouvar.co.uk,False,ALLOW,curation,,-1,,False,False,False,,0.001,0,18089,27264098,True,False,True,True,False,False,False
AIP:V5-020,A3,AIP:V5:swap-own-rap,S3,card,False,B2,brand:soflouvar.co.uk,False,ALLOW,mandate,,-1,,False,False,False,,0.0004,0,18089,27264098,True,False,True,True,False,False,False
AIP:V5-020,A3,AIP:V5:swap-own-rap,S3,card,False,B3,brand:soflouvar.co.uk,False,ALLOW,identity-assertion,,-1,,False,False,False,,0.0005,0,18089,27264098,True,False,True,True,False,False,False
AIP:V5-020,A3,AIP:V5:swap-own-rap,S3,card,False,B4,brand:soflouvar.co.uk,False,ALLOW,did-wallet,not-applicable,-1,,False,False,False,,0.0005,0,18089,27264098,True,False,True,True,False,False,False
AIP:V5-020,A3,AIP:V5:swap-own-rap,S3,card,False,B5,brand:soflouvar.co.uk,False,ALLOW,vop,not-applicable,-1,,False,False,False,,0.0005,0,18089,27264098,True,False,True,True,False,False,False
AIP:V5-020,A3,AIP:V5:swap-own-rap,S3,card,False,B6,brand:soflouvar.co.uk,False,ALLOW,lists,,-1,,False,False,False,,0.0005,0,18089,27264098,True,False,True,True,False,False,False
AIP:V5-020,A3,AIP:V5:swap-own-rap,S3,card,False,B7,brand:soflouvar.co.uk,False,STEP-UP,delegation,no-delegation-from-asserted-entity,-1,,False,False,False,,0.0039,0,18089,27264098,False,False,False,False,False,True,True
AIP:V5-020,A3,AIP:V5:swap-own-rap,S3,card,False,M1-G1,brand:soflouvar.co.uk,False,DENY,pav,path-to-different-entity,-1,,False,False,False,,0.674,7,18089,27264098,False,False,False,False,False,False,False
AIP:V5-020,A3,AIP:V5:swap-own-rap,S3,card,False,M1,brand:soflouvar.co.uk,False,DENY,route/pav,path-to-different-entity,-1,,False,False,False,,0.6161,7,18089,27264098,False,False,False,False,False,False,False
AIP:V5-020,A3,AIP:V5:swap-own-rap,S3,card,False,M2,brand:soflouvar.co.uk,False,DENY,route/pav,path-to-different-entity,-1,,False,False,False,,1.0727,7,18089,27264098,False,False,False,False,False,False,False
AIP:V5-020,A3,AIP:V5:swap-own-rap,S3,card,False,M3,brand:soflouvar.co.uk,False,DENY,route/pav,path-to-different-entity,-1,,False,False,False,,1.0647,7,18089,27264098,False,False,False,False,False,False,False
AIP:A-AP2-11-007,A3,AIP:A-AP2-11:swap-no-rap,S1,card,False,B1,brand:stoupor.co.uk,True,ALLOW,curation,,-1,,False,False,False,,0.0008,0,3874,27268708,True,False,True,True,False,False,False
AIP:A-AP2-11-007,A3,AIP:A-AP2-11:swap-no-rap,S1,card,False,B2,brand:stoupor.co.uk,True,DENY,mandate,payee-changed-after-signing,-1,,False,False,False,,0.0005,0,3874,27268708,False,False,False,False,False,False,False
AIP:A-AP2-11-007,A3,AIP:A-AP2-11:swap-no-rap,S1,card,False,B3,brand:stoupor.co.uk,True,ALLOW,identity-assertion,,-1,,False,False,False,,0.0005,0,3874,27268708,True,False,True,True,False,False,False
AIP:A-AP2-11-007,A3,AIP:A-AP2-11:swap-no-rap,S1,card,False,B4,brand:stoupor.co.uk,True,ALLOW,did-wallet,not-applicable,-1,,False,False,False,,0.0005,0,3874,27268708,True,False,True,True,False,False,False
AIP:A-AP2-11-007,A3,AIP:A-AP2-11:swap-no-rap,S1,card,False,B5,brand:stoupor.co.uk,True,ALLOW,vop,not-applicable,-1,,False,False,False,,0.0005,0,3874,27268708,True,False,True,True,False,False,False
AIP:A-AP2-11-007,A3,AIP:A-AP2-11:swap-no-rap,S1,card,False,B6,brand:stoupor.co.uk,True,ALLOW,lists,,-1,,False,False,False,,0.0005,0,3874,27268708,True,False,True,True,False,False,False
AIP:A-AP2-11-007,A3,AIP:A-AP2-11:swap-no-rap,S1,card,False,B7,brand:stoupor.co.uk,True,DENY,mandate,payee-changed-after-signing,-1,,False,False,False,,0.0022,0,3874,27268708,False,False,False,False,False,False,False
AIP:A-AP2-11-007,A3,AIP:A-AP2-11:swap-no-rap,S1,card,False,M1-G1,brand:stoupor.co.uk,True,STEP-UP,pav,no-path,-1,,False,False,False,,0.0025,0,3874,27268708,False,False,False,False,False,True,True
AIP:A-AP2-11-007,A3,AIP:A-AP2-11:swap-no-rap,S1,card,False,M1,brand:stoupor.co.uk,True,STEP-UP,route,no-path,-1,,False,False,False,,0.0012,0,3874,27268708,False,False,False,False,False,True,True
AIP:A-AP2-11-007,A3,AIP:A-AP2-11:swap-no-rap,S1,card,False,M2,brand:stoupor.co.uk,True,STEP-UP,route,no-path,-1,,False,False,False,,0.4677,0,3874,27268708,False,False,False,False,False,True,True
AIP:A-AP2-11-007,A3,AIP:A-AP2-11:swap-no-rap,S1,card,False,M3,brand:stoupor.co.uk,True,STEP-UP,route,no-path,-1,,False,False,False,,0.4603,0,3874,27268708,False,False,False,False,False,True,True
AIP:V9-026,A3,AIP:V9:swap-own-rap,S12,stablecoin,False,B1,brand:lealoufeark.in,True,ALLOW,curation,,-1,,False,False,False,,0.0011,0,3659,27333453,True,False,True,True,False,False,False
AIP:V9-026,A3,AIP:V9:swap-own-rap,S12,stablecoin,False,B2,brand:lealoufeark.in,True,ALLOW,mandate,,-1,,False,False,False,,0.0005,0,3659,27333453,True,False,True,True,False,False,False
AIP:V9-026,A3,AIP:V9:swap-own-rap,S12,stablecoin,False,B3,brand:lealoufeark.in,True,ALLOW,identity-assertion,,-1,,False,False,False,,0.0005,0,3659,27333453,True,False,True,True,False,False,False
AIP:V9-026,A3,AIP:V9:swap-own-rap,S12,stablecoin,False,B4,brand:lealoufeark.in,True,DENY,did-wallet,wallet-not-bound,-1,,False,False,False,,0.0006,0,3659,27333453,False,False,False,False,False,False,False
AIP:V9-026,A3,AIP:V9:swap-own-rap,S12,stablecoin,False,B5,brand:lealoufeark.in,True,ALLOW,vop,not-applicable,-1,,False,False,False,,0.0005,0,3659,27333453,True,False,True,True,False,False,False
AIP:V9-026,A3,AIP:V9:swap-own-rap,S12,stablecoin,False,B6,brand:lealoufeark.in,True,ALLOW,lists,,-1,,False,False,False,,0.0005,0,3659,27333453,True,False,True,True,False,False,False
AIP:V9-026,A3,AIP:V9:swap-own-rap,S12,stablecoin,False,B7,brand:lealoufeark.in,True,DENY,did-wallet,wallet-not-bound,-1,,False,False,False,,0.0029,0,3659,27333453,False,False,False,False,False,False,False
AIP:V9-026,A3,AIP:V9:swap-own-rap,S12,stablecoin,False,M1-G1,brand:lealoufeark.in,True,DENY,pav,path-to-different-entity,-1,,False,False,False,,0.7131,7,3659,27333453,False,False,False,False,False,False,False
AIP:V9-026,A3,AIP:V9:swap-own-rap,S12,stablecoin,False,M1,brand:lealoufeark.in,True,DENY,route/pav,path-to-different-entity,-1,,False,False,False,,0.6545,7,3659,27333453,False,False,False,False,False,False,False
AIP:V9-026,A3,AIP:V9:swap-own-rap,S12,stablecoin,False,M2,brand:lealoufeark.in,True,DENY,route/pav,path-to-different-entity,-1,,False,False,False,,1.3491,7,3659,27333453,False,False,False,False,False,False,False
AIP:V9-026,A3,AIP:V9:swap-own-rap,S12,stablecoin,False,M3,brand:lealoufeark.in,True,DENY,route/pav,path-to-different-entity,-1,,False,False,False,,1.3332,7,3659,27333453,False,False,False,False,False,False,False
AIP:V5-022,A3,AIP:V5:swap-own-rap,S9,card,False,B1,brand:nifliolax.com,False,ALLOW,curation,,-1,,False,False,False,,0.0008,0,2848,27337417,True,False,True,True,False,False,False
AIP:V5-022,A3,AIP:V5:swap-own-rap,S9,card,False,B2,brand:nifliolax.com,False,ALLOW,mandate,,-1,,False,False,False,,0.0005,0,2848,27337417,True,False,True,True,False,False,False
AIP:V5-022,A3,AIP:V5:swap-own-rap,S9,card,False,B3,brand:nifliolax.com,False,ALLOW,identity-assertion,,-1,,False,False,False,,0.0005,0,2848,27337417,True,False,True,True,False,False,False
AIP:V5-022,A3,AIP:V5:swap-own-rap,S9,card,False,B4,brand:nifliolax.com,False,ALLOW,did-wallet,not-applicable,-1,,False,False,False,,0.0005,0,2848,27337417,True,False,True,True,False,False,False
AIP:V5-022,A3,AIP:V5:swap-own-rap,S9,card,False,B5,brand:nifliolax.com,False,ALLOW,vop,not-applicable,-1,,False,False,False,,0.0005,0,2848,27337417,True,False,True,True,False,False,False
AIP:V5-022,A3,AIP:V5:swap-own-rap,S9,card,False,B6,brand:nifliolax.com,False,ALLOW,lists,,-1,,False,False,False,,0.0005,0,2848,27337417,True,False,True,True,False,False,False
AIP:V5-022,A3,AIP:V5:swap-own-rap,S9,card,False,B7,brand:nifliolax.com,False,STEP-UP,delegation,no-delegation-from-asserted-entity,-1,,False,False,False,,0.0051,0,2848,27337417,False,False,False,False,False,True,True
AIP:V5-022,A3,AIP:V5:swap-own-rap,S9,card,False,M1-G1,brand:nifliolax.com,False,DENY,pav,path-to-different-entity,-1,,False,False,False,,0.6191,7,2848,27337417,False,False,False,False,False,False,False
AIP:V5-022,A3,AIP:V5:swap-own-rap,S9,card,False,M1,brand:nifliolax.com,False,DENY,route/pav,path-to-different-entity,-1,,False,False,False,,0.617,7,2848,27337417,False,False,False,False,False,False,False
AIP:V5-022,A3,AIP:V5:swap-own-rap,S9,card,False,M2,brand:nifliolax.com,False,DENY,route/pav,path-to-different-entity,-1,,False,False,False,,1.1019,7,2848,27337417,False,False,False,False,False,False,False
AIP:V5-022,A3,AIP:V5:swap-own-rap,S9,card,False,M3,brand:nifliolax.com,False,DENY,route/pav,path-to-different-entity,-1,,False,False,False,,1.0935,7,2848,27337417,False,False,False,False,False,False,False
AIP:V9-015,A3,AIP:V9:swap-no-rap,S12,stablecoin,False,B1,brand:besulo.com,False,ALLOW,curation,,-1,,False,False,False,,0.0008,0,5873,27340110,True,False,True,True,False,False,False
AIP:V9-015,A3,AIP:V9:swap-no-rap,S12,stablecoin,False,B2,brand:besulo.com,False,ALLOW,mandate,,-1,,False,False,False,,0.0004,0,5873,27340110,True,False,True,True,False,False,False
AIP:V9-015,A3,AIP:V9:swap-no-rap,S12,stablecoin,False,B3,brand:besulo.com,False,ALLOW,identity-assertion,,-1,,False,False,False,,0.0005,0,5873,27340110,True,False,True,True,False,False,False
AIP:V9-015,A3,AIP:V9:swap-no-rap,S12,stablecoin,False,B4,brand:besulo.com,False,DENY,did-wallet,wallet-not-bound,-1,,False,False,False,,0.0006,0,5873,27340110,False,False,False,False,False,False,False
AIP:V9-015,A3,AIP:V9:swap-no-rap,S12,stablecoin,False,B5,brand:besulo.com,False,ALLOW,vop,not-applicable,-1,,False,False,False,,0.0005,0,5873,27340110,True,False,True,True,False,False,False
AIP:V9-015,A3,AIP:V9:swap-no-rap,S12,stablecoin,False,B6,brand:besulo.com,False,ALLOW,lists,,-1,,False,False,False,,0.0005,0,5873,27340110,True,False,True,True,False,False,False
AIP:V9-015,A3,AIP:V9:swap-no-rap,S12,stablecoin,False,B7,brand:besulo.com,False,DENY,did-wallet,wallet-not-bound,-1,,False,False,False,,0.0024,0,5873,27340110,False,False,False,False,False,False,False
AIP:V9-015,A3,AIP:V9:swap-no-rap,S12,stablecoin,False,M1-G1,brand:besulo.com,False,STEP-UP,pav,no-path,-1,,False,False,False,,0.0027,0,5873,27340110,False,False,False,False,False,True,True
AIP:V9-015,A3,AIP:V9:swap-no-rap,S12,stablecoin,False,M1,brand:besulo.com,False,STEP-UP,route,no-path,-1,,False,False,False,,0.0013,0,5873,27340110,False,False,False,False,False,True,True
AIP:V9-015,A3,AIP:V9:swap-no-rap,S12,stablecoin,False,M2,brand:besulo.com,False,STEP-UP,route,no-path,-1,,False,False,False,,0.4309,0,5873,27340110,False,False,False,False,False,True,True
AIP:V9-015,A3,AIP:V9:swap-no-rap,S12,stablecoin,False,M3,brand:besulo.com,False,STEP-UP,route,no-path,-1,,False,False,False,,0.4234,0,5873,27340110,False,False,False,False,False,True,True
AIP:V5-028,A3,AIP:V5:swap-own-rap,S1,psp_token,False,B1,brand:ciclairk.co.uk,False,ALLOW,curation,,-1,,False,False,False,,0.001,0,4181,27348677,True,False,True,True,False,False,False
AIP:V5-028,A3,AIP:V5:swap-own-rap,S1,psp_token,False,B2,brand:ciclairk.co.uk,False,ALLOW,mandate,,-1,,False,False,False,,0.0005,0,4181,27348677,True,False,True,True,False,False,False
AIP:V5-028,A3,AIP:V5:swap-own-rap,S1,psp_token,False,B3,brand:ciclairk.co.uk,False,ALLOW,identity-assertion,,-1,,False,False,False,,0.0005,0,4181,27348677,True,False,True,True,False,False,False
AIP:V5-028,A3,AIP:V5:swap-own-rap,S1,psp_token,False,B4,brand:ciclairk.co.uk,False,ALLOW,did-wallet,not-applicable,-1,,False,False,False,,0.0005,0,4181,27348677,True,False,True,True,False,False,False
AIP:V5-028,A3,AIP:V5:swap-own-rap,S1,psp_token,False,B5,brand:ciclairk.co.uk,False,ALLOW,vop,not-applicable,-1,,False,False,False,,0.0005,0,4181,27348677,True,False,True,True,False,False,False
AIP:V5-028,A3,AIP:V5:swap-own-rap,S1,psp_token,False,B6,brand:ciclairk.co.uk,False,ALLOW,lists,,-1,,False,False,False,,0.0005,0,4181,27348677,True,False,True,True,False,False,False
AIP:V5-028,A3,AIP:V5:swap-own-rap,S1,psp_token,False,B7,brand:ciclairk.co.uk,False,STEP-UP,delegation,no-delegation-from-asserted-entity,-1,,False,False,False,,0.0036,0,4181,27348677,False,False,False,False,False,True,True
AIP:V5-028,A3,AIP:V5:swap-own-rap,S1,psp_token,False,M1-G1,brand:ciclairk.co.uk,False,DENY,pav,path-to-different-entity,-1,,False,False,False,,0.6171,7,4181,27348677,False,False,False,False,False,False,False
AIP:V5-028,A3,AIP:V5:swap-own-rap,S1,psp_token,False,M1,brand:ciclairk.co.uk,False,DENY,route/pav,path-to-different-entity,-1,,False,False,False,,0.6589,7,4181,27348677,False,False,False,False,False,False,False
AIP:V5-028,A3,AIP:V5:swap-own-rap,S1,psp_token,False,M2,brand:ciclairk.co.uk,False,DENY,route/pav,path-to-different-entity,-1,,False,False,False,,1.1741,7,4181,27348677,False,False,False,False,False,False,False
AIP:V5-028,A3,AIP:V5:swap-own-rap,S1,psp_token,False,M3,brand:ciclairk.co.uk,False,DENY,route/pav,path-to-different-entity,-1,,False,False,False,,1.1422,7,4181,27348677,False,False,False,False,False,False,False
AIP:V9-009,A3,AIP:V9:swap-no-rap,S12,stablecoin,False,B1,brand:dapoclirk.com,True,ALLOW,curation,,-1,,False,False,False,,0.001,0,2631,27352352,True,False,True,True,False,False,False
AIP:V9-009,A3,AIP:V9:swap-no-rap,S12,stablecoin,False,B2,brand:dapoclirk.com,True,ALLOW,mandate,,-1,,False,False,False,,0.0005,0,2631,27352352,True,False,True,True,False,False,False
AIP:V9-009,A3,AIP:V9:swap-no-rap,S12,stablecoin,False,B3,brand:dapoclirk.com,True,ALLOW,identity-assertion,,-1,,False,False,False,,0.0006,0,2631,27352352,True,False,True,True,False,False,False
AIP:V9-009,A3,AIP:V9:swap-no-rap,S12,stablecoin,False,B4,brand:dapoclirk.com,True,DENY,did-wallet,wallet-not-bound,-1,,False,False,False,,0.0006,0,2631,27352352,False,False,False,False,False,False,False
AIP:V9-009,A3,AIP:V9:swap-no-rap,S12,stablecoin,False,B5,brand:dapoclirk.com,True,ALLOW,vop,not-applicable,-1,,False,False,False,,0.0006,0,2631,27352352,True,False,True,True,False,False,False
AIP:V9-009,A3,AIP:V9:swap-no-rap,S12,stablecoin,False,B6,brand:dapoclirk.com,True,ALLOW,lists,,-1,,False,False,False,,0.0005,0,2631,27352352,True,False,True,True,False,False,False
AIP:V9-009,A3,AIP:V9:swap-no-rap,S12,stablecoin,False,B7,brand:dapoclirk.com,True,DENY,did-wallet,wallet-not-bound,-1,,False,False,False,,0.0032,0,2631,27352352,False,False,False,False,False,False,False
AIP:V9-009,A3,AIP:V9:swap-no-rap,S12,stablecoin,False,M1-G1,brand:dapoclirk.com,True,STEP-UP,pav,no-path,-1,,False,False,False,,0.0036,0,2631,27352352,False,False,False,False,False,True,True
AIP:V9-009,A3,AIP:V9:swap-no-rap,S12,stablecoin,False,M1,brand:dapoclirk.com,True,STEP-UP,route,no-path,-1,,False,False,False,,0.0015,0,2631,27352352,False,False,False,False,False,True,True
AIP:V9-009,A3,AIP:V9:swap-no-rap,S12,stablecoin,False,M2,brand:dapoclirk.com,True,STEP-UP,route,no-path,-1,,False,False,False,,0.6024,0,2631,27352352,False,False,False,False,False,True,True
AIP:V9-009,A3,AIP:V9:swap-no-rap,S12,stablecoin,False,M3,brand:dapoclirk.com,True,STEP-UP,route,no-path,-1,,False,False,False,,0.5775,0,2631,27352352,False,False,False,False,False,True,True
AIP:V5-009,A3,AIP:V5:swap-no-rap,S4,card,False,B1,brand:bepilo.com,False,ALLOW,curation,,-1,,False,False,False,,0.0009,0,2045,27353197,True,False,True,True,False,False,False
AIP:V5-009,A3,AIP:V5:swap-no-rap,S4,card,False,B2,brand:bepilo.com,False,ALLOW,mandate,,-1,,False,False,False,,0.0005,0,2045,27353197,True,False,True,True,False,False,False
AIP:V5-009,A3,AIP:V5:swap-no-rap,S4,card,False,B3,brand:bepilo.com,False,ALLOW,identity-assertion,,-1,,False,False,False,,0.0005,0,2045,27353197,True,False,True,True,False,False,False
AIP:V5-009,A3,AIP:V5:swap-no-rap,S4,card,False,B4,brand:bepilo.com,False,ALLOW,did-wallet,not-applicable,-1,,False,False,False,,0.0005,0,2045,27353197,True,False,True,True,False,False,False
AIP:V5-009,A3,AIP:V5:swap-no-rap,S4,card,False,B5,brand:bepilo.com,False,ALLOW,vop,not-applicable,-1,,False,False,False,,0.0005,0,2045,27353197,True,False,True,True,False,False,False
AIP:V5-009,A3,AIP:V5:swap-no-rap,S4,card,False,B6,brand:bepilo.com,False,ALLOW,lists,,-1,,False,False,False,,0.0005,0,2045,27353197,True,False,True,True,False,False,False
AIP:V5-009,A3,AIP:V5:swap-no-rap,S4,card,False,B7,brand:bepilo.com,False,STEP-UP,delegation,no-delegation,-1,,False,False,False,,0.0024,0,2045,27353197,False,False,False,False,False,True,True
AIP:V5-009,A3,AIP:V5:swap-no-rap,S4,card,False,M1-G1,brand:bepilo.com,False,STEP-UP,pav,no-path,-1,,False,False,False,,0.0023,0,2045,27353197,False,False,False,False,False,True,True
AIP:V5-009,A3,AIP:V5:swap-no-rap,S4,card,False,M1,brand:bepilo.com,False,STEP-UP,route,no-path,-1,,False,False,False,,0.0011,0,2045,27353197,False,False,False,False,False,True,True
AIP:V5-009,A3,AIP:V5:swap-no-rap,S4,card,False,M2,brand:bepilo.com,False,STEP-UP,route,no-path,-1,,False,False,False,,0.4307,0,2045,27353197,False,False,False,False,False,True,True
AIP:V5-009,A3,AIP:V5:swap-no-rap,S4,card,False,M3,brand:bepilo.com,False,STEP-UP,route,no-path,-1,,False,False,False,,0.4257,0,2045,27353197,False,False,False,False,False,True,True
AIP:F-1-013,A4,AIP:F-1:swap-no-rap,S4,card,False,B1,brand:louhora.in,True,ALLOW,curation,,-1,,False,False,False,,0.0008,0,18802,27364429,True,False,True,True,False,False,False
AIP:F-1-013,A4,AIP:F-1:swap-no-rap,S4,card,False,B2,brand:louhora.in,True,ALLOW,mandate,,-1,,False,False,False,,0.0005,0,18802,27364429,True,False,True,True,False,False,False
AIP:F-1-013,A4,AIP:F-1:swap-no-rap,S4,card,False,B3,brand:louhora.in,True,ALLOW,identity-assertion,,-1,,False,False,False,,0.0005,0,18802,27364429,True,False,True,True,False,False,False
AIP:F-1-013,A4,AIP:F-1:swap-no-rap,S4,card,False,B4,brand:louhora.in,True,ALLOW,did-wallet,not-applicable,-1,,False,False,False,,0.0005,0,18802,27364429,True,False,True,True,False,False,False
AIP:F-1-013,A4,AIP:F-1:swap-no-rap,S4,card,False,B5,brand:louhora.in,True,ALLOW,vop,not-applicable,-1,,False,False,False,,0.0005,0,18802,27364429,True,False,True,True,False,False,False
AIP:F-1-013,A4,AIP:F-1:swap-no-rap,S4,card,False,B6,brand:louhora.in,True,ALLOW,lists,,-1,,False,False,False,,0.0005,0,18802,27364429,True,False,True,True,False,False,False
AIP:F-1-013,A4,AIP:F-1:swap-no-rap,S4,card,False,B7,brand:louhora.in,True,STEP-UP,delegation,no-delegation,-1,,False,False,False,,0.0025,0,18802,27364429,False,False,False,False,False,True,True
AIP:F-1-013,A4,AIP:F-1:swap-no-rap,S4,card,False,M1-G1,brand:louhora.in,True,STEP-UP,pav,no-path,-1,,False,False,False,,0.002,0,18802,27364429,False,False,False,False,False,True,True
AIP:F-1-013,A4,AIP:F-1:swap-no-rap,S4,card,False,M1,brand:louhora.in,True,STEP-UP,route,no-path,-1,,False,False,False,,0.001,0,18802,27364429,False,False,False,False,False,True,True
AIP:F-1-013,A4,AIP:F-1:swap-no-rap,S4,card,False,M2,brand:louhora.in,True,STEP-UP,route,no-path,-1,,False,False,False,,0.4753,0,18802,27364429,False,False,False,False,False,True,True
AIP:F-1-013,A4,AIP:F-1:swap-no-rap,S4,card,False,M3,brand:louhora.in,True,STEP-UP,route,no-path,-1,,False,False,False,,0.4765,0,18802,27364429,False,False,False,False,False,True,True
AIP:A-AP2-11-025,A3,AIP:A-AP2-11:swap-no-rap,S9,card,False,B1,brand:nogrond.com,False,ALLOW,curation,,-1,,False,False,False,,0.0008,0,1765,27390080,True,False,True,True,False,False,False
AIP:A-AP2-11-025,A3,AIP:A-AP2-11:swap-no-rap,S9,card,False,B2,brand:nogrond.com,False,DENY,mandate,payee-changed-after-signing,-1,,False,False,False,,0.0005,0,1765,27390080,False,False,False,False,False,False,False
AIP:A-AP2-11-025,A3,AIP:A-AP2-11:swap-no-rap,S9,card,False,B3,brand:nogrond.com,False,ALLOW,identity-assertion,,-1,,False,False,False,,0.0005,0,1765,27390080,True,False,True,True,False,False,False
AIP:A-AP2-11-025,A3,AIP:A-AP2-11:swap-no-rap,S9,card,False,B4,brand:nogrond.com,False,ALLOW,did-wallet,not-applicable,-1,,False,False,False,,0.0005,0,1765,27390080,True,False,True,True,False,False,False
AIP:A-AP2-11-025,A3,AIP:A-AP2-11:swap-no-rap,S9,card,False,B5,brand:nogrond.com,False,ALLOW,vop,not-applicable,-1,,False,False,False,,0.0005,0,1765,27390080,True,False,True,True,False,False,False
AIP:A-AP2-11-025,A3,AIP:A-AP2-11:swap-no-rap,S9,card,False,B6,brand:nogrond.com,False,ALLOW,lists,,-1,,False,False,False,,0.0005,0,1765,27390080,True,False,True,True,False,False,False
AIP:A-AP2-11-025,A3,AIP:A-AP2-11:swap-no-rap,S9,card,False,B7,brand:nogrond.com,False,DENY,mandate,payee-changed-after-signing,-1,,False,False,False,,0.0036,0,1765,27390080,False,False,False,False,False,False,False
AIP:A-AP2-11-025,A3,AIP:A-AP2-11:swap-no-rap,S9,card,False,M1-G1,brand:nogrond.com,False,STEP-UP,pav,no-path,-1,,False,False,False,,0.002,0,1765,27390080,False,False,False,False,False,True,True
AIP:A-AP2-11-025,A3,AIP:A-AP2-11:swap-no-rap,S9,card,False,M1,brand:nogrond.com,False,STEP-UP,route,no-path,-1,,False,False,False,,0.001,0,1765,27390080,False,False,False,False,False,True,True
AIP:A-AP2-11-025,A3,AIP:A-AP2-11:swap-no-rap,S9,card,False,M2,brand:nogrond.com,False,STEP-UP,route,no-path,-1,,False,False,False,,0.4824,0,1765,27390080,False,False,False,False,False,True,True
AIP:A-AP2-11-025,A3,AIP:A-AP2-11:swap-no-rap,S9,card,False,M3,brand:nogrond.com,False,STEP-UP,route,no-path,-1,,False,False,False,,0.4766,0,1765,27390080,False,False,False,False,False,True,True
AIP:A-AP2-11-005,A3,AIP:A-AP2-11:swap-no-rap,S9,card,False,B1,brand:fiostear.com,True,ALLOW,curation,,-1,,False,False,False,,0.0007,0,5764,27391188,True,False,True,True,False,False,False
AIP:A-AP2-11-005,A3,AIP:A-AP2-11:swap-no-rap,S9,card,False,B2,brand:fiostear.com,True,DENY,mandate,payee-changed-after-signing,-1,,False,False,False,,0.0005,0,5764,27391188,False,False,False,False,False,False,False
AIP:A-AP2-11-005,A3,AIP:A-AP2-11:swap-no-rap,S9,card,False,B3,brand:fiostear.com,True,ALLOW,identity-assertion,,-1,,False,False,False,,0.0005,0,5764,27391188,True,False,True,True,False,False,False
AIP:A-AP2-11-005,A3,AIP:A-AP2-11:swap-no-rap,S9,card,False,B4,brand:fiostear.com,True,ALLOW,did-wallet,not-applicable,-1,,False,False,False,,0.0005,0,5764,27391188,True,False,True,True,False,False,False
AIP:A-AP2-11-005,A3,AIP:A-AP2-11:swap-no-rap,S9,card,False,B5,brand:fiostear.com,True,ALLOW,vop,not-applicable,-1,,False,False,False,,0.0004,0,5764,27391188,True,False,True,True,False,False,False
AIP:A-AP2-11-005,A3,AIP:A-AP2-11:swap-no-rap,S9,card,False,B6,brand:fiostear.com,True,ALLOW,lists,,-1,,False,False,False,,0.0005,0,5764,27391188,True,False,True,True,False,False,False
AIP:A-AP2-11-005,A3,AIP:A-AP2-11:swap-no-rap,S9,card,False,B7,brand:fiostear.com,True,DENY,mandate,payee-changed-after-signing,-1,,False,False,False,,0.0033,0,5764,27391188,False,False,False,False,False,False,False
AIP:A-AP2-11-005,A3,AIP:A-AP2-11:swap-no-rap,S9,card,False,M1-G1,brand:fiostear.com,True,STEP-UP,pav,no-path,-1,,False,False,False,,0.002,0,5764,27391188,False,False,False,False,False,True,True
AIP:A-AP2-11-005,A3,AIP:A-AP2-11:swap-no-rap,S9,card,False,M1,brand:fiostear.com,True,STEP-UP,route,no-path,-1,,False,False,False,,0.001,0,5764,27391188,False,False,False,False,False,True,True
AIP:A-AP2-11-005,A3,AIP:A-AP2-11:swap-no-rap,S9,card,False,M2,brand:fiostear.com,True,STEP-UP,route,no-path,-1,,False,False,False,,0.5467,0,5764,27391188,False,False,False,False,False,True,True
AIP:A-AP2-11-005,A3,AIP:A-AP2-11:swap-no-rap,S9,card,False,M3,brand:fiostear.com,True,STEP-UP,route,no-path,-1,,False,False,False,,0.5442,0,5764,27391188,False,False,False,False,False,True,True
AIP:F-1-003,A4,AIP:F-1:swap-no-rap,S13,card,False,B1,brand:zobum.com,False,ALLOW,curation,,-1,,False,False,False,,0.0007,0,648,27403570,True,False,True,True,False,False,False
AIP:F-1-003,A4,AIP:F-1:swap-no-rap,S13,card,False,B2,brand:zobum.com,False,ALLOW,mandate,,-1,,False,False,False,,0.0005,0,648,27403570,True,False,True,True,False,False,False
AIP:F-1-003,A4,AIP:F-1:swap-no-rap,S13,card,False,B3,brand:zobum.com,False,ALLOW,identity-assertion,,-1,,False,False,False,,0.0005,0,648,27403570,True,False,True,True,False,False,False
AIP:F-1-003,A4,AIP:F-1:swap-no-rap,S13,card,False,B4,brand:zobum.com,False,ALLOW,did-wallet,not-applicable,-1,,False,False,False,,0.0005,0,648,27403570,True,False,True,True,False,False,False
AIP:F-1-003,A4,AIP:F-1:swap-no-rap,S13,card,False,B5,brand:zobum.com,False,ALLOW,vop,not-applicable,-1,,False,False,False,,0.0004,0,648,27403570,True,False,True,True,False,False,False
AIP:F-1-003,A4,AIP:F-1:swap-no-rap,S13,card,False,B6,brand:zobum.com,False,ALLOW,lists,,-1,,False,False,False,,0.0004,0,648,27403570,True,False,True,True,False,False,False
AIP:F-1-003,A4,AIP:F-1:swap-no-rap,S13,card,False,B7,brand:zobum.com,False,STEP-UP,delegation,no-delegation,-1,,False,False,False,,0.0021,0,648,27403570,False,False,False,False,False,True,True
AIP:F-1-003,A4,AIP:F-1:swap-no-rap,S13,card,False,M1-G1,brand:zobum.com,False,STEP-UP,pav,no-path,-1,,False,False,False,,0.0019,0,648,27403570,False,False,False,False,False,True,True
AIP:F-1-003,A4,AIP:F-1:swap-no-rap,S13,card,False,M1,brand:zobum.com,False,STEP-UP,route,no-path,-1,,False,False,False,,0.001,0,648,27403570,False,False,False,False,False,True,True
AIP:F-1-003,A4,AIP:F-1:swap-no-rap,S13,card,False,M2,brand:zobum.com,False,STEP-UP,route,no-path,-1,,False,False,False,,0.3946,0,648,27403570,False,False,False,False,False,True,True
AIP:F-1-003,A4,AIP:F-1:swap-no-rap,S13,card,False,M3,brand:zobum.com,False,STEP-UP,route,no-path,-1,,False,False,False,,0.394,0,648,27403570,False,False,False,False,False,True,True
AIP:F-1-027,A4,AIP:F-1:swap-no-rap,S9,card,False,B1,brand:nogrond.com,False,ALLOW,curation,,-1,,False,False,False,,0.0006,0,15929,27425711,True,False,True,True,False,False,False
AIP:F-1-027,A4,AIP:F-1:swap-no-rap,S9,card,False,B2,brand:nogrond.com,False,ALLOW,mandate,,-1,,False,False,False,,0.0005,0,15929,27425711,True,False,True,True,False,False,False
AIP:F-1-027,A4,AIP:F-1:swap-no-rap,S9,card,False,B3,brand:nogrond.com,False,ALLOW,identity-assertion,,-1,,False,False,False,,0.0005,0,15929,27425711,True,False,True,True,False,False,False
AIP:F-1-027,A4,AIP:F-1:swap-no-rap,S9,card,False,B4,brand:nogrond.com,False,ALLOW,did-wallet,not-applicable,-1,,False,False,False,,0.0005,0,15929,27425711,True,False,True,True,False,False,False
AIP:F-1-027,A4,AIP:F-1:swap-no-rap,S9,card,False,B5,brand:nogrond.com,False,ALLOW,vop,not-applicable,-1,,False,False,False,,0.0005,0,15929,27425711,True,False,True,True,False,False,False
AIP:F-1-027,A4,AIP:F-1:swap-no-rap,S9,card,False,B6,brand:nogrond.com,False,ALLOW,lists,,-1,,False,False,False,,0.0004,0,15929,27425711,True,False,True,True,False,False,False
AIP:F-1-027,A4,AIP:F-1:swap-no-rap,S9,card,False,B7,brand:nogrond.com,False,STEP-UP,delegation,no-delegation,-1,,False,False,False,,0.0033,0,15929,27425711,False,False,False,False,False,True,True
AIP:F-1-027,A4,AIP:F-1:swap-no-rap,S9,card,False,M1-G1,brand:nogrond.com,False,STEP-UP,pav,no-path,-1,,False,False,False,,0.0019,0,15929,27425711,False,False,False,False,False,True,True
AIP:F-1-027,A4,AIP:F-1:swap-no-rap,S9,card,False,M1,brand:nogrond.com,False,STEP-UP,route,no-path,-1,,False,False,False,,0.001,0,15929,27425711,False,False,False,False,False,True,True
AIP:F-1-027,A4,AIP:F-1:swap-no-rap,S9,card,False,M2,brand:nogrond.com,False,STEP-UP,route,no-path,-1,,False,False,False,,0.4799,0,15929,27425711,False,False,False,False,False,True,True
AIP:F-1-027,A4,AIP:F-1:swap-no-rap,S9,card,False,M3,brand:nogrond.com,False,STEP-UP,route,no-path,-1,,False,False,False,,0.4833,0,15929,27425711,False,False,False,False,False,True,True
AIP:F-1-005,A4,AIP:F-1:swap-no-rap,S1,card,False,B1,brand:ciclairk.co.uk,False,ALLOW,curation,,-1,,False,False,False,,0.0005,0,6697,27434459,True,False,True,True,False,False,False
AIP:F-1-005,A4,AIP:F-1:swap-no-rap,S1,card,False,B2,brand:ciclairk.co.uk,False,ALLOW,mandate,,-1,,False,False,False,,0.0005,0,6697,27434459,True,False,True,True,False,False,False
AIP:F-1-005,A4,AIP:F-1:swap-no-rap,S1,card,False,B3,brand:ciclairk.co.uk,False,ALLOW,identity-assertion,,-1,,False,False,False,,0.0004,0,6697,27434459,True,False,True,True,False,False,False
AIP:F-1-005,A4,AIP:F-1:swap-no-rap,S1,card,False,B4,brand:ciclairk.co.uk,False,ALLOW,did-wallet,not-applicable,-1,,False,False,False,,0.0005,0,6697,27434459,True,False,True,True,False,False,False
AIP:F-1-005,A4,AIP:F-1:swap-no-rap,S1,card,False,B5,brand:ciclairk.co.uk,False,ALLOW,vop,not-applicable,-1,,False,False,False,,0.0005,0,6697,27434459,True,False,True,True,False,False,False
AIP:F-1-005,A4,AIP:F-1:swap-no-rap,S1,card,False,B6,brand:ciclairk.co.uk,False,ALLOW,lists,,-1,,False,False,False,,0.0005,0,6697,27434459,True,False,True,True,False,False,False
AIP:F-1-005,A4,AIP:F-1:swap-no-rap,S1,card,False,B7,brand:ciclairk.co.uk,False,STEP-UP,delegation,no-delegation,-1,,False,False,False,,0.0021,0,6697,27434459,False,False,False,False,False,True,True
AIP:F-1-005,A4,AIP:F-1:swap-no-rap,S1,card,False,M1-G1,brand:ciclairk.co.uk,False,STEP-UP,pav,no-path,-1,,False,False,False,,0.0019,0,6697,27434459,False,False,False,False,False,True,True
AIP:F-1-005,A4,AIP:F-1:swap-no-rap,S1,card,False,M1,brand:ciclairk.co.uk,False,STEP-UP,route,no-path,-1,,False,False,False,,0.001,0,6697,27434459,False,False,False,False,False,True,True
AIP:F-1-005,A4,AIP:F-1:swap-no-rap,S1,card,False,M2,brand:ciclairk.co.uk,False,STEP-UP,route,no-path,-1,,False,False,False,,0.5245,0,6697,27434459,False,False,False,False,False,True,True
AIP:F-1-005,A4,AIP:F-1:swap-no-rap,S1,card,False,M3,brand:ciclairk.co.uk,False,STEP-UP,route,no-path,-1,,False,False,False,,0.5203,0,6697,27434459,False,False,False,False,False,True,True
AIP:A-AP2-11-019,A3,AIP:A-AP2-11:swap-no-rap,S9,card,False,B1,brand:taiteara.com,False,ALLOW,curation,,-1,,False,False,False,,0.0008,0,10329,27501542,True,False,True,True,False,False,False
AIP:A-AP2-11-019,A3,AIP:A-AP2-11:swap-no-rap,S9,card,False,B2,brand:taiteara.com,False,DENY,mandate,payee-changed-after-signing,-1,,False,False,False,,0.0005,0,10329,27501542,False,False,False,False,False,False,False
AIP:A-AP2-11-019,A3,AIP:A-AP2-11:swap-no-rap,S9,card,False,B3,brand:taiteara.com,False,ALLOW,identity-assertion,,-1,,False,False,False,,0.0005,0,10329,27501542,True,False,True,True,False,False,False
AIP:A-AP2-11-019,A3,AIP:A-AP2-11:swap-no-rap,S9,card,False,B4,brand:taiteara.com,False,ALLOW,did-wallet,not-applicable,-1,,False,False,False,,0.0005,0,10329,27501542,True,False,True,True,False,False,False
AIP:A-AP2-11-019,A3,AIP:A-AP2-11:swap-no-rap,S9,card,False,B5,brand:taiteara.com,False,ALLOW,vop,not-applicable,-1,,False,False,False,,0.0005,0,10329,27501542,True,False,True,True,False,False,False
AIP:A-AP2-11-019,A3,AIP:A-AP2-11:swap-no-rap,S9,card,False,B6,brand:taiteara.com,False,ALLOW,lists,,-1,,False,False,False,,0.0004,0,10329,27501542,True,False,True,True,False,False,False
AIP:A-AP2-11-019,A3,AIP:A-AP2-11:swap-no-rap,S9,card,False,B7,brand:taiteara.com,False,DENY,mandate,payee-changed-after-signing,-1,,False,False,False,,0.0033,0,10329,27501542,False,False,False,False,False,False,False
AIP:A-AP2-11-019,A3,AIP:A-AP2-11:swap-no-rap,S9,card,False,M1-G1,brand:taiteara.com,False,STEP-UP,pav,no-path,-1,,False,False,False,,0.002,0,10329,27501542,False,False,False,False,False,True,True
AIP:A-AP2-11-019,A3,AIP:A-AP2-11:swap-no-rap,S9,card,False,M1,brand:taiteara.com,False,STEP-UP,route,no-path,-1,,False,False,False,,0.001,0,10329,27501542,False,False,False,False,False,True,True
AIP:A-AP2-11-019,A3,AIP:A-AP2-11:swap-no-rap,S9,card,False,M2,brand:taiteara.com,False,STEP-UP,route,no-path,-1,,False,False,False,,0.5368,0,10329,27501542,False,False,False,False,False,True,True
AIP:A-AP2-11-019,A3,AIP:A-AP2-11:swap-no-rap,S9,card,False,M3,brand:taiteara.com,False,STEP-UP,route,no-path,-1,,False,False,False,,0.5548,0,10329,27501542,False,False,False,False,False,True,True
AIP:V9-023,A3,AIP:V9:swap-no-rap,S12,stablecoin,False,B1,brand:stiokux.com,False,ALLOW,curation,,-1,,False,False,False,,0.0008,0,4608,27506748,True,False,True,True,False,False,False
AIP:V9-023,A3,AIP:V9:swap-no-rap,S12,stablecoin,False,B2,brand:stiokux.com,False,ALLOW,mandate,,-1,,False,False,False,,0.0005,0,4608,27506748,True,False,True,True,False,False,False
AIP:V9-023,A3,AIP:V9:swap-no-rap,S12,stablecoin,False,B3,brand:stiokux.com,False,ALLOW,identity-assertion,,-1,,False,False,False,,0.0005,0,4608,27506748,True,False,True,True,False,False,False
AIP:V9-023,A3,AIP:V9:swap-no-rap,S12,stablecoin,False,B4,brand:stiokux.com,False,DENY,did-wallet,wallet-not-bound,-1,,False,False,False,,0.0006,0,4608,27506748,False,False,False,False,False,False,False
AIP:V9-023,A3,AIP:V9:swap-no-rap,S12,stablecoin,False,B5,brand:stiokux.com,False,ALLOW,vop,not-applicable,-1,,False,False,False,,0.0005,0,4608,27506748,True,False,True,True,False,False,False
AIP:V9-023,A3,AIP:V9:swap-no-rap,S12,stablecoin,False,B6,brand:stiokux.com,False,ALLOW,lists,,-1,,False,False,False,,0.0005,0,4608,27506748,True,False,True,True,False,False,False
AIP:V9-023,A3,AIP:V9:swap-no-rap,S12,stablecoin,False,B7,brand:stiokux.com,False,DENY,did-wallet,wallet-not-bound,-1,,False,False,False,,0.0022,0,4608,27506748,False,False,False,False,False,False,False
AIP:V9-023,A3,AIP:V9:swap-no-rap,S12,stablecoin,False,M1-G1,brand:stiokux.com,False,STEP-UP,pav,no-path,-1,,False,False,False,,0.0021,0,4608,27506748,False,False,False,False,False,True,True
AIP:V9-023,A3,AIP:V9:swap-no-rap,S12,stablecoin,False,M1,brand:stiokux.com,False,STEP-UP,route,no-path,-1,,False,False,False,,0.001,0,4608,27506748,False,False,False,False,False,True,True
AIP:V9-023,A3,AIP:V9:swap-no-rap,S12,stablecoin,False,M2,brand:stiokux.com,False,STEP-UP,route,no-path,-1,,False,False,False,,0.263,0,4608,27506748,False,False,False,False,False,True,True
AIP:V9-023,A3,AIP:V9:swap-no-rap,S12,stablecoin,False,M3,brand:stiokux.com,False,STEP-UP,route,no-path,-1,,False,False,False,,0.259,0,4608,27506748,False,False,False,False,False,True,True
AIP:V9-012,A3,AIP:V9:swap-own-rap,S12,stablecoin,False,B1,brand:trouproion.com,True,ALLOW,curation,,-1,,False,False,False,,0.0009,0,5663,27545832,True,False,True,True,False,False,False
AIP:V9-012,A3,AIP:V9:swap-own-rap,S12,stablecoin,False,B2,brand:trouproion.com,True,ALLOW,mandate,,-1,,False,False,False,,0.0005,0,5663,27545832,True,False,True,True,False,False,False
AIP:V9-012,A3,AIP:V9:swap-own-rap,S12,stablecoin,False,B3,brand:trouproion.com,True,ALLOW,identity-assertion,,-1,,False,False,False,,0.0005,0,5663,27545832,True,False,True,True,False,False,False
AIP:V9-012,A3,AIP:V9:swap-own-rap,S12,stablecoin,False,B4,brand:trouproion.com,True,DENY,did-wallet,wallet-not-bound,-1,,False,False,False,,0.0005,0,5663,27545832,False,False,False,False,False,False,False
AIP:V9-012,A3,AIP:V9:swap-own-rap,S12,stablecoin,False,B5,brand:trouproion.com,True,ALLOW,vop,not-applicable,-1,,False,False,False,,0.0005,0,5663,27545832,True,False,True,True,False,False,False
AIP:V9-012,A3,AIP:V9:swap-own-rap,S12,stablecoin,False,B6,brand:trouproion.com,True,ALLOW,lists,,-1,,False,False,False,,0.0004,0,5663,27545832,True,False,True,True,False,False,False
AIP:V9-012,A3,AIP:V9:swap-own-rap,S12,stablecoin,False,B7,brand:trouproion.com,True,DENY,did-wallet,wallet-not-bound,-1,,False,False,False,,0.0025,0,5663,27545832,False,False,False,False,False,False,False
AIP:V9-012,A3,AIP:V9:swap-own-rap,S12,stablecoin,False,M1-G1,brand:trouproion.com,True,DENY,pav,path-to-different-entity,-1,,False,False,False,,0.6939,7,5663,27545832,False,False,False,False,False,False,False
AIP:V9-012,A3,AIP:V9:swap-own-rap,S12,stablecoin,False,M1,brand:trouproion.com,True,DENY,route/pav,path-to-different-entity,-1,,False,False,False,,0.631,7,5663,27545832,False,False,False,False,False,False,False
AIP:V9-012,A3,AIP:V9:swap-own-rap,S12,stablecoin,False,M2,brand:trouproion.com,True,DENY,route/pav,path-to-different-entity,-1,,False,False,False,,1.3147,7,5663,27545832,False,False,False,False,False,False,False
AIP:V9-012,A3,AIP:V9:swap-own-rap,S12,stablecoin,False,M3,brand:trouproion.com,True,DENY,route/pav,path-to-different-entity,-1,,False,False,False,,1.3048,7,5663,27545832,False,False,False,False,False,False,False
AIP:F-1-010,A4,AIP:F-1:swap-own-rap,S1,card,False,B1,brand:libraimoulo.com,True,ALLOW,curation,,-1,,False,False,False,,0.001,0,17904,27567548,True,False,True,True,False,False,False
AIP:F-1-010,A4,AIP:F-1:swap-own-rap,S1,card,False,B2,brand:libraimoulo.com,True,ALLOW,mandate,,-1,,False,False,False,,0.0005,0,17904,27567548,True,False,True,True,False,False,False
AIP:F-1-010,A4,AIP:F-1:swap-own-rap,S1,card,False,B3,brand:libraimoulo.com,True,ALLOW,identity-assertion,,-1,,False,False,False,,0.0005,0,17904,27567548,True,False,True,True,False,False,False
AIP:F-1-010,A4,AIP:F-1:swap-own-rap,S1,card,False,B4,brand:libraimoulo.com,True,ALLOW,did-wallet,not-applicable,-1,,False,False,False,,0.0006,0,17904,27567548,True,False,True,True,False,False,False
AIP:F-1-010,A4,AIP:F-1:swap-own-rap,S1,card,False,B5,brand:libraimoulo.com,True,ALLOW,vop,not-applicable,-1,,False,False,False,,0.0005,0,17904,27567548,True,False,True,True,False,False,False
AIP:F-1-010,A4,AIP:F-1:swap-own-rap,S1,card,False,B6,brand:libraimoulo.com,True,ALLOW,lists,,-1,,False,False,False,,0.0005,0,17904,27567548,True,False,True,True,False,False,False
AIP:F-1-010,A4,AIP:F-1:swap-own-rap,S1,card,False,B7,brand:libraimoulo.com,True,STEP-UP,delegation,no-delegation-from-asserted-entity,-1,,False,False,False,,0.0046,0,17904,27567548,False,False,False,False,False,True,True
AIP:F-1-010,A4,AIP:F-1:swap-own-rap,S1,card,False,M1-G1,brand:libraimoulo.com,True,DENY,pav,path-to-different-entity,-1,,False,False,False,,0.6283,7,17904,27567548,False,False,False,False,False,False,False
AIP:F-1-010,A4,AIP:F-1:swap-own-rap,S1,card,False,M1,brand:libraimoulo.com,True,DENY,route/pav,path-to-different-entity,-1,,False,False,False,,0.611,7,17904,27567548,False,False,False,False,False,False,False
AIP:F-1-010,A4,AIP:F-1:swap-own-rap,S1,card,False,M2,brand:libraimoulo.com,True,DENY,route/pav,path-to-different-entity,-1,,False,False,False,,1.3293,7,17904,27567548,False,False,False,False,False,False,False
AIP:F-1-010,A4,AIP:F-1:swap-own-rap,S1,card,False,M3,brand:libraimoulo.com,True,DENY,route/pav,path-to-different-entity,-1,,False,False,False,,1.3128,7,17904,27567548,False,False,False,False,False,False,False
AIP:V5-007,A3,AIP:V5:swap-no-rap,S9,card,False,B1,brand:fiostear.com,True,ALLOW,curation,,-1,,False,False,False,,0.0007,0,7462,27643617,True,False,True,True,False,False,False
AIP:V5-007,A3,AIP:V5:swap-no-rap,S9,card,False,B2,brand:fiostear.com,True,ALLOW,mandate,,-1,,False,False,False,,0.0005,0,7462,27643617,True,False,True,True,False,False,False
AIP:V5-007,A3,AIP:V5:swap-no-rap,S9,card,False,B3,brand:fiostear.com,True,ALLOW,identity-assertion,,-1,,False,False,False,,0.0005,0,7462,27643617,True,False,True,True,False,False,False
AIP:V5-007,A3,AIP:V5:swap-no-rap,S9,card,False,B4,brand:fiostear.com,True,ALLOW,did-wallet,not-applicable,-1,,False,False,False,,0.0005,0,7462,27643617,True,False,True,True,False,False,False
AIP:V5-007,A3,AIP:V5:swap-no-rap,S9,card,False,B5,brand:fiostear.com,True,ALLOW,vop,not-applicable,-1,,False,False,False,,0.0005,0,7462,27643617,True,False,True,True,False,False,False
AIP:V5-007,A3,AIP:V5:swap-no-rap,S9,card,False,B6,brand:fiostear.com,True,ALLOW,lists,,-1,,False,False,False,,0.0005,0,7462,27643617,True,False,True,True,False,False,False
AIP:V5-007,A3,AIP:V5:swap-no-rap,S9,card,False,B7,brand:fiostear.com,True,STEP-UP,delegation,no-delegation,-1,,False,False,False,,0.0038,0,7462,27643617,False,False,False,False,False,True,True
AIP:V5-007,A3,AIP:V5:swap-no-rap,S9,card,False,M1-G1,brand:fiostear.com,True,STEP-UP,pav,no-path,-1,,False,False,False,,0.0028,0,7462,27643617,False,False,False,False,False,True,True
AIP:V5-007,A3,AIP:V5:swap-no-rap,S9,card,False,M1,brand:fiostear.com,True,STEP-UP,route,no-path,-1,,False,False,False,,0.0014,0,7462,27643617,False,False,False,False,False,True,True
AIP:V5-007,A3,AIP:V5:swap-no-rap,S9,card,False,M2,brand:fiostear.com,True,STEP-UP,route,no-path,-1,,False,False,False,,0.5688,0,7462,27643617,False,False,False,False,False,True,True
AIP:V5-007,A3,AIP:V5:swap-no-rap,S9,card,False,M3,brand:fiostear.com,True,STEP-UP,route,no-path,-1,,False,False,False,,0.5606,0,7462,27643617,False,False,False,False,False,True,True
AIP:A-AP2-11-009,A3,AIP:A-AP2-11:swap-no-rap,S9,card,False,B1,brand:flouflalun.com,True,ALLOW,curation,,-1,,False,False,False,,0.0007,0,1981,27646764,True,False,True,True,False,False,False
AIP:A-AP2-11-009,A3,AIP:A-AP2-11:swap-no-rap,S9,card,False,B2,brand:flouflalun.com,True,DENY,mandate,payee-changed-after-signing,-1,,False,False,False,,0.0005,0,1981,27646764,False,False,False,False,False,False,False
AIP:A-AP2-11-009,A3,AIP:A-AP2-11:swap-no-rap,S9,card,False,B3,brand:flouflalun.com,True,ALLOW,identity-assertion,,-1,,False,False,False,,0.0005,0,1981,27646764,True,False,True,True,False,False,False
AIP:A-AP2-11-009,A3,AIP:A-AP2-11:swap-no-rap,S9,card,False,B4,brand:flouflalun.com,True,ALLOW,did-wallet,not-applicable,-1,,False,False,False,,0.0005,0,1981,27646764,True,False,True,True,False,False,False
AIP:A-AP2-11-009,A3,AIP:A-AP2-11:swap-no-rap,S9,card,False,B5,brand:flouflalun.com,True,ALLOW,vop,not-applicable,-1,,False,False,False,,0.0005,0,1981,27646764,True,False,True,True,False,False,False
AIP:A-AP2-11-009,A3,AIP:A-AP2-11:swap-no-rap,S9,card,False,B6,brand:flouflalun.com,True,ALLOW,lists,,-1,,False,False,False,,0.0005,0,1981,27646764,True,False,True,True,False,False,False
AIP:A-AP2-11-009,A3,AIP:A-AP2-11:swap-no-rap,S9,card,False,B7,brand:flouflalun.com,True,DENY,mandate,payee-changed-after-signing,-1,,False,False,False,,0.0033,0,1981,27646764,False,False,False,False,False,False,False
AIP:A-AP2-11-009,A3,AIP:A-AP2-11:swap-no-rap,S9,card,False,M1-G1,brand:flouflalun.com,True,STEP-UP,pav,no-path,-1,,False,False,False,,0.0022,0,1981,27646764,False,False,False,False,False,True,True
AIP:A-AP2-11-009,A3,AIP:A-AP2-11:swap-no-rap,S9,card,False,M1,brand:flouflalun.com,True,STEP-UP,route,no-path,-1,,False,False,False,,0.0011,0,1981,27646764,False,False,False,False,False,True,True
AIP:A-AP2-11-009,A3,AIP:A-AP2-11:swap-no-rap,S9,card,False,M2,brand:flouflalun.com,True,STEP-UP,route,no-path,-1,,False,False,False,,0.6308,0,1981,27646764,False,False,False,False,False,True,True
AIP:A-AP2-11-009,A3,AIP:A-AP2-11:swap-no-rap,S9,card,False,M3,brand:flouflalun.com,True,STEP-UP,route,no-path,-1,,False,False,False,,0.6258,0,1981,27646764,False,False,False,False,False,True,True
AIP:F-1-026,A4,AIP:F-1:swap-own-rap,S2,a2a_instant,False,B1,brand:broudiion.in,False,ALLOW,curation,,-1,,False,False,False,,0.0006,0,11932,27648449,True,False,True,True,False,False,False
AIP:F-1-026,A4,AIP:F-1:swap-own-rap,S2,a2a_instant,False,B2,brand:broudiion.in,False,ALLOW,mandate,,-1,,False,False,False,,0.0005,0,11932,27648449,True,False,True,True,False,False,False
AIP:F-1-026,A4,AIP:F-1:swap-own-rap,S2,a2a_instant,False,B3,brand:broudiion.in,False,ALLOW,identity-assertion,,-1,,False,False,False,,0.0005,0,11932,27648449,True,False,True,True,False,False,False
AIP:F-1-026,A4,AIP:F-1:swap-own-rap,S2,a2a_instant,False,B4,brand:broudiion.in,False,ALLOW,did-wallet,not-applicable,-1,,False,False,False,,0.0005,0,11932,27648449,True,False,True,True,False,False,False
AIP:F-1-026,A4,AIP:F-1:swap-own-rap,S2,a2a_instant,False,B5,brand:broudiion.in,False,ALLOW,vop,,-1,,False,False,False,,0.0021,0,11932,27648449,True,False,True,True,False,False,False
AIP:F-1-026,A4,AIP:F-1:swap-own-rap,S2,a2a_instant,False,B6,brand:broudiion.in,False,ALLOW,lists,,-1,,False,False,False,,0.0005,0,11932,27648449,True,False,True,True,False,False,False
AIP:F-1-026,A4,AIP:F-1:swap-own-rap,S2,a2a_instant,False,B7,brand:broudiion.in,False,DENY,vop-lei,no_match,-1,,False,False,False,,0.0036,0,11932,27648449,False,False,False,False,False,False,False
AIP:F-1-026,A4,AIP:F-1:swap-own-rap,S2,a2a_instant,False,M1-G1,brand:broudiion.in,False,DENY,pav,path-to-different-entity,-1,,False,False,False,,0.669,7,11932,27648449,False,False,False,False,False,False,False
AIP:F-1-026,A4,AIP:F-1:swap-own-rap,S2,a2a_instant,False,M1,brand:broudiion.in,False,DENY,route/pav,path-to-different-entity,-1,,False,False,False,,0.6074,7,11932,27648449,False,False,False,False,False,False,False
AIP:F-1-026,A4,AIP:F-1:swap-own-rap,S2,a2a_instant,False,M2,brand:broudiion.in,False,DENY,route/pav,path-to-different-entity,-1,,False,False,False,,1.2082,7,11932,27648449,False,False,False,False,False,False,False
AIP:F-1-026,A4,AIP:F-1:swap-own-rap,S2,a2a_instant,False,M3,brand:broudiion.in,False,DENY,route/pav,path-to-different-entity,-1,,False,False,False,,1.2019,7,11932,27648449,False,False,False,False,False,False,False
AIP:F-1-025,A4,AIP:F-1:swap-no-rap,S2,a2a_instant,False,B1,brand:zigu.com,False,ALLOW,curation,,-1,,False,False,False,,0.0008,0,3476,27648719,True,False,True,True,False,False,False
AIP:F-1-025,A4,AIP:F-1:swap-no-rap,S2,a2a_instant,False,B2,brand:zigu.com,False,ALLOW,mandate,,-1,,False,False,False,,0.0005,0,3476,27648719,True,False,True,True,False,False,False
AIP:F-1-025,A4,AIP:F-1:swap-no-rap,S2,a2a_instant,False,B3,brand:zigu.com,False,ALLOW,identity-assertion,,-1,,False,False,False,,0.0005,0,3476,27648719,True,False,True,True,False,False,False
AIP:F-1-025,A4,AIP:F-1:swap-no-rap,S2,a2a_instant,False,B4,brand:zigu.com,False,ALLOW,did-wallet,not-applicable,-1,,False,False,False,,0.0005,0,3476,27648719,True,False,True,True,False,False,False
AIP:F-1-025,A4,AIP:F-1:swap-no-rap,S2,a2a_instant,False,B5,brand:zigu.com,False,ALLOW,vop,,-1,,False,False,False,,0.0018,0,3476,27648719,True,False,True,True,False,False,False
AIP:F-1-025,A4,AIP:F-1:swap-no-rap,S2,a2a_instant,False,B6,brand:zigu.com,False,ALLOW,lists,,-1,,False,False,False,,0.0005,0,3476,27648719,True,False,True,True,False,False,False
AIP:F-1-025,A4,AIP:F-1:swap-no-rap,S2,a2a_instant,False,B7,brand:zigu.com,False,DENY,vop-lei,no_match,-1,,False,False,False,,0.003,0,3476,27648719,False,False,False,False,False,False,False
AIP:F-1-025,A4,AIP:F-1:swap-no-rap,S2,a2a_instant,False,M1-G1,brand:zigu.com,False,STEP-UP,pav,no-path,-1,,False,False,False,,0.0023,0,3476,27648719,False,False,False,False,False,True,True
AIP:F-1-025,A4,AIP:F-1:swap-no-rap,S2,a2a_instant,False,M1,brand:zigu.com,False,STEP-UP,route,no-path,-1,,False,False,False,,0.0011,0,3476,27648719,False,False,False,False,False,True,True
AIP:F-1-025,A4,AIP:F-1:swap-no-rap,S2,a2a_instant,False,M2,brand:zigu.com,False,STEP-UP,route,no-path,-1,,False,False,False,,0.0697,0,3476,27648719,False,False,False,False,False,True,True
AIP:F-1-025,A4,AIP:F-1:swap-no-rap,S2,a2a_instant,False,M3,brand:zigu.com,False,STEP-UP,route,no-path,-1,,False,False,False,,0.0661,0,3476,27648719,False,False,False,False,False,True,True
AIP:A-AP2-11-008,A3,AIP:A-AP2-11:swap-own-rap,S1,psp_token,False,B1,brand:catreamist.com,False,ALLOW,curation,,-1,,False,False,False,,0.0009,0,14515,27662109,True,False,True,True,False,False,False
AIP:A-AP2-11-008,A3,AIP:A-AP2-11:swap-own-rap,S1,psp_token,False,B2,brand:catreamist.com,False,DENY,mandate,payee-changed-after-signing,-1,,False,False,False,,0.0005,0,14515,27662109,False,False,False,False,False,False,False
AIP:A-AP2-11-008,A3,AIP:A-AP2-11:swap-own-rap,S1,psp_token,False,B3,brand:catreamist.com,False,ALLOW,identity-assertion,,-1,,False,False,False,,0.0005,0,14515,27662109,True,False,True,True,False,False,False
AIP:A-AP2-11-008,A3,AIP:A-AP2-11:swap-own-rap,S1,psp_token,False,B4,brand:catreamist.com,False,ALLOW,did-wallet,not-applicable,-1,,False,False,False,,0.0005,0,14515,27662109,True,False,True,True,False,False,False
AIP:A-AP2-11-008,A3,AIP:A-AP2-11:swap-own-rap,S1,psp_token,False,B5,brand:catreamist.com,False,ALLOW,vop,not-applicable,-1,,False,False,False,,0.0005,0,14515,27662109,True,False,True,True,False,False,False
AIP:A-AP2-11-008,A3,AIP:A-AP2-11:swap-own-rap,S1,psp_token,False,B6,brand:catreamist.com,False,ALLOW,lists,,-1,,False,False,False,,0.0005,0,14515,27662109,True,False,True,True,False,False,False
AIP:A-AP2-11-008,A3,AIP:A-AP2-11:swap-own-rap,S1,psp_token,False,B7,brand:catreamist.com,False,DENY,mandate,payee-changed-after-signing,-1,,False,False,False,,0.0024,0,14515,27662109,False,False,False,False,False,False,False
AIP:A-AP2-11-008,A3,AIP:A-AP2-11:swap-own-rap,S1,psp_token,False,M1-G1,brand:catreamist.com,False,DENY,pav,path-to-different-entity,-1,,False,False,False,,0.6386,7,14515,27662109,False,False,False,False,False,False,False
AIP:A-AP2-11-008,A3,AIP:A-AP2-11:swap-own-rap,S1,psp_token,False,M1,brand:catreamist.com,False,DENY,route/pav,path-to-different-entity,-1,,False,False,False,,0.6049,7,14515,27662109,False,False,False,False,False,False,False
AIP:A-AP2-11-008,A3,AIP:A-AP2-11:swap-own-rap,S1,psp_token,False,M2,brand:catreamist.com,False,DENY,route/pav,path-to-different-entity,-1,,False,False,False,,1.2868,7,14515,27662109,False,False,False,False,False,False,False
AIP:A-AP2-11-008,A3,AIP:A-AP2-11:swap-own-rap,S1,psp_token,False,M3,brand:catreamist.com,False,DENY,route/pav,path-to-different-entity,-1,,False,False,False,,1.277,7,14515,27662109,False,False,False,False,False,False,False
AIP:A-AP2-11-003,A3,AIP:A-AP2-11:swap-no-rap,S3,psp_token,False,B1,brand:trabuion.com,False,ALLOW,curation,,-1,,False,False,False,,0.0009,0,5772,27758540,True,False,True,True,False,False,False
AIP:A-AP2-11-003,A3,AIP:A-AP2-11:swap-no-rap,S3,psp_token,False,B2,brand:trabuion.com,False,DENY,mandate,payee-changed-after-signing,-1,,False,False,False,,0.0005,0,5772,27758540,False,False,False,False,False,False,False
AIP:A-AP2-11-003,A3,AIP:A-AP2-11:swap-no-rap,S3,psp_token,False,B3,brand:trabuion.com,False,ALLOW,identity-assertion,,-1,,False,False,False,,0.0005,0,5772,27758540,True,False,True,True,False,False,False
AIP:A-AP2-11-003,A3,AIP:A-AP2-11:swap-no-rap,S3,psp_token,False,B4,brand:trabuion.com,False,ALLOW,did-wallet,not-applicable,-1,,False,False,False,,0.0005,0,5772,27758540,True,False,True,True,False,False,False
AIP:A-AP2-11-003,A3,AIP:A-AP2-11:swap-no-rap,S3,psp_token,False,B5,brand:trabuion.com,False,ALLOW,vop,not-applicable,-1,,False,False,False,,0.0005,0,5772,27758540,True,False,True,True,False,False,False
AIP:A-AP2-11-003,A3,AIP:A-AP2-11:swap-no-rap,S3,psp_token,False,B6,brand:trabuion.com,False,ALLOW,lists,,-1,,False,False,False,,0.0005,0,5772,27758540,True,False,True,True,False,False,False
AIP:A-AP2-11-003,A3,AIP:A-AP2-11:swap-no-rap,S3,psp_token,False,B7,brand:trabuion.com,False,DENY,mandate,payee-changed-after-signing,-1,,False,False,False,,0.0024,0,5772,27758540,False,False,False,False,False,False,False
AIP:A-AP2-11-003,A3,AIP:A-AP2-11:swap-no-rap,S3,psp_token,False,M1-G1,brand:trabuion.com,False,STEP-UP,pav,no-path,-1,,False,False,False,,0.0022,0,5772,27758540,False,False,False,False,False,True,True
AIP:A-AP2-11-003,A3,AIP:A-AP2-11:swap-no-rap,S3,psp_token,False,M1,brand:trabuion.com,False,STEP-UP,route,no-path,-1,,False,False,False,,0.0012,0,5772,27758540,False,False,False,False,False,True,True
AIP:A-AP2-11-003,A3,AIP:A-AP2-11:swap-no-rap,S3,psp_token,False,M2,brand:trabuion.com,False,STEP-UP,route,no-path,-1,,False,False,False,,0.5508,0,5772,27758540,False,False,False,False,False,True,True
AIP:A-AP2-11-003,A3,AIP:A-AP2-11:swap-no-rap,S3,psp_token,False,M3,brand:trabuion.com,False,STEP-UP,route,no-path,-1,,False,False,False,,0.5416,0,5772,27758540,False,False,False,False,False,True,True
AIP:V5-006,A3,AIP:V5:swap-own-rap,S3,card,False,B1,brand:povairk.co.uk,False,ALLOW,curation,,-1,,False,False,False,,0.0008,0,4768,27778033,True,False,True,True,False,False,False
AIP:V5-006,A3,AIP:V5:swap-own-rap,S3,card,False,B2,brand:povairk.co.uk,False,ALLOW,mandate,,-1,,False,False,False,,0.0005,0,4768,27778033,True,False,True,True,False,False,False
AIP:V5-006,A3,AIP:V5:swap-own-rap,S3,card,False,B3,brand:povairk.co.uk,False,ALLOW,identity-assertion,,-1,,False,False,False,,0.0005,0,4768,27778033,True,False,True,True,False,False,False
AIP:V5-006,A3,AIP:V5:swap-own-rap,S3,card,False,B4,brand:povairk.co.uk,False,ALLOW,did-wallet,not-applicable,-1,,False,False,False,,0.0005,0,4768,27778033,True,False,True,True,False,False,False
AIP:V5-006,A3,AIP:V5:swap-own-rap,S3,card,False,B5,brand:povairk.co.uk,False,ALLOW,vop,not-applicable,-1,,False,False,False,,0.0005,0,4768,27778033,True,False,True,True,False,False,False
AIP:V5-006,A3,AIP:V5:swap-own-rap,S3,card,False,B6,brand:povairk.co.uk,False,ALLOW,lists,,-1,,False,False,False,,0.0005,0,4768,27778033,True,False,True,True,False,False,False
AIP:V5-006,A3,AIP:V5:swap-own-rap,S3,card,False,B7,brand:povairk.co.uk,False,STEP-UP,delegation,no-delegation-from-asserted-entity,-1,,False,False,False,,0.0037,0,4768,27778033,False,False,False,False,False,True,True
AIP:V5-006,A3,AIP:V5:swap-own-rap,S3,card,False,M1-G1,brand:povairk.co.uk,False,DENY,pav,path-to-different-entity,-1,,False,False,False,,0.6372,7,4768,27778033,False,False,False,False,False,False,False
AIP:V5-006,A3,AIP:V5:swap-own-rap,S3,card,False,M1,brand:povairk.co.uk,False,DENY,route/pav,path-to-different-entity,-1,,False,False,False,,0.6047,7,4768,27778033,False,False,False,False,False,False,False
AIP:V5-006,A3,AIP:V5:swap-own-rap,S3,card,False,M2,brand:povairk.co.uk,False,DENY,route/pav,path-to-different-entity,-1,,False,False,False,,1.1041,7,4768,27778033,False,False,False,False,False,False,False
AIP:V5-006,A3,AIP:V5:swap-own-rap,S3,card,False,M3,brand:povairk.co.uk,False,DENY,route/pav,path-to-different-entity,-1,,False,False,False,,1.0951,7,4768,27778033,False,False,False,False,False,False,False
AIP:F-1-017,A4,AIP:F-1:swap-no-rap,S2,a2a_instant,False,B1,brand:heaciork.com,False,ALLOW,curation,,-1,,False,False,False,,0.0007,0,1874,27789894,True,False,True,True,False,False,False
AIP:F-1-017,A4,AIP:F-1:swap-no-rap,S2,a2a_instant,False,B2,brand:heaciork.com,False,ALLOW,mandate,,-1,,False,False,False,,0.0005,0,1874,27789894,True,False,True,True,False,False,False
AIP:F-1-017,A4,AIP:F-1:swap-no-rap,S2,a2a_instant,False,B3,brand:heaciork.com,False,ALLOW,identity-assertion,,-1,,False,False,False,,0.0006,0,1874,27789894,True,False,True,True,False,False,False
AIP:F-1-017,A4,AIP:F-1:swap-no-rap,S2,a2a_instant,False,B4,brand:heaciork.com,False,ALLOW,did-wallet,not-applicable,-1,,False,False,False,,0.0005,0,1874,27789894,True,False,True,True,False,False,False
AIP:F-1-017,A4,AIP:F-1:swap-no-rap,S2,a2a_instant,False,B5,brand:heaciork.com,False,ALLOW,vop,,-1,,False,False,False,,0.0018,0,1874,27789894,True,False,True,True,False,False,False
AIP:F-1-017,A4,AIP:F-1:swap-no-rap,S2,a2a_instant,False,B6,brand:heaciork.com,False,ALLOW,lists,,-1,,False,False,False,,0.0005,0,1874,27789894,True,False,True,True,False,False,False
AIP:F-1-017,A4,AIP:F-1:swap-no-rap,S2,a2a_instant,False,B7,brand:heaciork.com,False,DENY,vop-lei,no_match,-1,,False,False,False,,0.0033,0,1874,27789894,False,False,False,False,False,False,False
AIP:F-1-017,A4,AIP:F-1:swap-no-rap,S2,a2a_instant,False,M1-G1,brand:heaciork.com,False,STEP-UP,pav,no-path,-1,,False,False,False,,0.0022,0,1874,27789894,False,False,False,False,False,True,True
AIP:F-1-017,A4,AIP:F-1:swap-no-rap,S2,a2a_instant,False,M1,brand:heaciork.com,False,STEP-UP,route,no-path,-1,,False,False,False,,0.0011,0,1874,27789894,False,False,False,False,False,True,True
AIP:F-1-017,A4,AIP:F-1:swap-no-rap,S2,a2a_instant,False,M2,brand:heaciork.com,False,STEP-UP,route,no-path,-1,,False,False,False,,0.5673,0,1874,27789894,False,False,False,False,False,True,True
AIP:F-1-017,A4,AIP:F-1:swap-no-rap,S2,a2a_instant,False,M3,brand:heaciork.com,False,STEP-UP,route,no-path,-1,,False,False,False,,0.5586,0,1874,27789894,False,False,False,False,False,True,True
AIP:F-1-006,A4,AIP:F-1:swap-own-rap,S4,card,False,B1,brand:louhora.in,True,ALLOW,curation,,-1,,False,False,False,,0.001,0,43413,27824566,True,False,True,True,False,False,False
AIP:F-1-006,A4,AIP:F-1:swap-own-rap,S4,card,False,B2,brand:louhora.in,True,ALLOW,mandate,,-1,,False,False,False,,0.0005,0,43413,27824566,True,False,True,True,False,False,False
AIP:F-1-006,A4,AIP:F-1:swap-own-rap,S4,card,False,B3,brand:louhora.in,True,ALLOW,identity-assertion,,-1,,False,False,False,,0.0005,0,43413,27824566,True,False,True,True,False,False,False
AIP:F-1-006,A4,AIP:F-1:swap-own-rap,S4,card,False,B4,brand:louhora.in,True,ALLOW,did-wallet,not-applicable,-1,,False,False,False,,0.0005,0,43413,27824566,True,False,True,True,False,False,False
AIP:F-1-006,A4,AIP:F-1:swap-own-rap,S4,card,False,B5,brand:louhora.in,True,ALLOW,vop,not-applicable,-1,,False,False,False,,0.0005,0,43413,27824566,True,False,True,True,False,False,False
AIP:F-1-006,A4,AIP:F-1:swap-own-rap,S4,card,False,B6,brand:louhora.in,True,ALLOW,lists,,-1,,False,False,False,,0.0004,0,43413,27824566,True,False,True,True,False,False,False
AIP:F-1-006,A4,AIP:F-1:swap-own-rap,S4,card,False,B7,brand:louhora.in,True,STEP-UP,delegation,no-delegation-from-asserted-entity,-1,,False,False,False,,0.0036,0,43413,27824566,False,False,False,False,False,True,True
AIP:F-1-006,A4,AIP:F-1:swap-own-rap,S4,card,False,M1-G1,brand:louhora.in,True,DENY,pav,path-to-different-entity,-1,,False,False,False,,0.6279,7,43413,27824566,False,False,False,False,False,False,False
AIP:F-1-006,A4,AIP:F-1:swap-own-rap,S4,card,False,M1,brand:louhora.in,True,DENY,route/pav,path-to-different-entity,-1,,False,False,False,,0.6125,7,43413,27824566,False,False,False,False,False,False,False
AIP:F-1-006,A4,AIP:F-1:swap-own-rap,S4,card,False,M2,brand:louhora.in,True,DENY,route/pav,path-to-different-entity,-1,,False,False,False,,1.0837,7,43413,27824566,False,False,False,False,False,False,False
AIP:F-1-006,A4,AIP:F-1:swap-own-rap,S4,card,False,M3,brand:louhora.in,True,DENY,route/pav,path-to-different-entity,-1,,False,False,False,,1.0928,7,43413,27824566,False,False,False,False,False,False,False
AIP:A-AP2-11-016,A3,AIP:A-AP2-11:swap-own-rap,S9,card,False,B1,brand:supeal.co.uk,False,ALLOW,curation,,-1,,False,False,False,,0.001,0,11111,27859244,True,False,True,True,False,False,False
AIP:A-AP2-11-016,A3,AIP:A-AP2-11:swap-own-rap,S9,card,False,B2,brand:supeal.co.uk,False,DENY,mandate,payee-changed-after-signing,-1,,False,False,False,,0.0005,0,11111,27859244,False,False,False,False,False,False,False
AIP:A-AP2-11-016,A3,AIP:A-AP2-11:swap-own-rap,S9,card,False,B3,brand:supeal.co.uk,False,ALLOW,identity-assertion,,-1,,False,False,False,,0.0005,0,11111,27859244,True,False,True,True,False,False,False
AIP:A-AP2-11-016,A3,AIP:A-AP2-11:swap-own-rap,S9,card,False,B4,brand:supeal.co.uk,False,ALLOW,did-wallet,not-applicable,-1,,False,False,False,,0.0005,0,11111,27859244,True,False,True,True,False,False,False
AIP:A-AP2-11-016,A3,AIP:A-AP2-11:swap-own-rap,S9,card,False,B5,brand:supeal.co.uk,False,ALLOW,vop,not-applicable,-1,,False,False,False,,0.0005,0,11111,27859244,True,False,True,True,False,False,False
AIP:A-AP2-11-016,A3,AIP:A-AP2-11:swap-own-rap,S9,card,False,B6,brand:supeal.co.uk,False,ALLOW,lists,,-1,,False,False,False,,0.0005,0,11111,27859244,True,False,True,True,False,False,False
AIP:A-AP2-11-016,A3,AIP:A-AP2-11:swap-own-rap,S9,card,False,B7,brand:supeal.co.uk,False,DENY,mandate,payee-changed-after-signing,-1,,False,False,False,,0.0036,0,11111,27859244,False,False,False,False,False,False,False
AIP:A-AP2-11-016,A3,AIP:A-AP2-11:swap-own-rap,S9,card,False,M1-G1,brand:supeal.co.uk,False,DENY,pav,path-to-different-entity,-1,,False,False,False,,0.6625,7,11111,27859244,False,False,False,False,False,False,False
AIP:A-AP2-11-016,A3,AIP:A-AP2-11:swap-own-rap,S9,card,False,M1,brand:supeal.co.uk,False,DENY,route/pav,path-to-different-entity,-1,,False,False,False,,0.6524,7,11111,27859244,False,False,False,False,False,False,False
AIP:A-AP2-11-016,A3,AIP:A-AP2-11:swap-own-rap,S9,card,False,M2,brand:supeal.co.uk,False,DENY,route/pav,path-to-different-entity,-1,,False,False,False,,0.803,7,11111,27859244,False,False,False,False,False,False,False
AIP:A-AP2-11-016,A3,AIP:A-AP2-11:swap-own-rap,S9,card,False,M3,brand:supeal.co.uk,False,DENY,route/pav,path-to-different-entity,-1,,False,False,False,,0.7941,7,11111,27859244,False,False,False,False,False,False,False
AIP:V5-024,A3,AIP:V5:swap-own-rap,S9,card,False,B1,brand:fiostear.com,True,ALLOW,curation,,-1,,False,False,False,,0.0008,0,9786,27860191,True,False,True,True,False,False,False
AIP:V5-024,A3,AIP:V5:swap-own-rap,S9,card,False,B2,brand:fiostear.com,True,ALLOW,mandate,,-1,,False,False,False,,0.0005,0,9786,27860191,True,False,True,True,False,False,False
AIP:V5-024,A3,AIP:V5:swap-own-rap,S9,card,False,B3,brand:fiostear.com,True,ALLOW,identity-assertion,,-1,,False,False,False,,0.0004,0,9786,27860191,True,False,True,True,False,False,False
AIP:V5-024,A3,AIP:V5:swap-own-rap,S9,card,False,B4,brand:fiostear.com,True,ALLOW,did-wallet,not-applicable,-1,,False,False,False,,0.0005,0,9786,27860191,True,False,True,True,False,False,False
AIP:V5-024,A3,AIP:V5:swap-own-rap,S9,card,False,B5,brand:fiostear.com,True,ALLOW,vop,not-applicable,-1,,False,False,False,,0.0005,0,9786,27860191,True,False,True,True,False,False,False
AIP:V5-024,A3,AIP:V5:swap-own-rap,S9,card,False,B6,brand:fiostear.com,True,ALLOW,lists,,-1,,False,False,False,,0.0005,0,9786,27860191,True,False,True,True,False,False,False
AIP:V5-024,A3,AIP:V5:swap-own-rap,S9,card,False,B7,brand:fiostear.com,True,STEP-UP,delegation,no-delegation-from-asserted-entity,-1,,False,False,False,,0.0045,0,9786,27860191,False,False,False,False,False,True,True
AIP:V5-024,A3,AIP:V5:swap-own-rap,S9,card,False,M1-G1,brand:fiostear.com,True,DENY,pav,path-to-different-entity,-1,,False,False,False,,0.617,7,9786,27860191,False,False,False,False,False,False,False
AIP:V5-024,A3,AIP:V5:swap-own-rap,S9,card,False,M1,brand:fiostear.com,True,DENY,route/pav,path-to-different-entity,-1,,False,False,False,,0.6052,7,9786,27860191,False,False,False,False,False,False,False
AIP:V5-024,A3,AIP:V5:swap-own-rap,S9,card,False,M2,brand:fiostear.com,True,DENY,route/pav,path-to-different-entity,-1,,False,False,False,,1.1721,7,9786,27860191,False,False,False,False,False,False,False
AIP:V5-024,A3,AIP:V5:swap-own-rap,S9,card,False,M3,brand:fiostear.com,True,DENY,route/pav,path-to-different-entity,-1,,False,False,False,,1.1676,7,9786,27860191,False,False,False,False,False,False,False
AIP:V5-001,A3,AIP:V5:swap-no-rap,S13,card,False,B1,brand:woclerk.com,False,ALLOW,curation,,-1,,False,False,False,,0.0007,0,5334,27862283,True,False,True,True,False,False,False
AIP:V5-001,A3,AIP:V5:swap-no-rap,S13,card,False,B2,brand:woclerk.com,False,ALLOW,mandate,,-1,,False,False,False,,0.0005,0,5334,27862283,True,False,True,True,False,False,False
AIP:V5-001,A3,AIP:V5:swap-no-rap,S13,card,False,B3,brand:woclerk.com,False,ALLOW,identity-assertion,,-1,,False,False,False,,0.0005,0,5334,27862283,True,False,True,True,False,False,False
AIP:V5-001,A3,AIP:V5:swap-no-rap,S13,card,False,B4,brand:woclerk.com,False,ALLOW,did-wallet,not-applicable,-1,,False,False,False,,0.0005,0,5334,27862283,True,False,True,True,False,False,False
AIP:V5-001,A3,AIP:V5:swap-no-rap,S13,card,False,B5,brand:woclerk.com,False,ALLOW,vop,not-applicable,-1,,False,False,False,,0.0005,0,5334,27862283,True,False,True,True,False,False,False
AIP:V5-001,A3,AIP:V5:swap-no-rap,S13,card,False,B6,brand:woclerk.com,False,ALLOW,lists,,-1,,False,False,False,,0.0005,0,5334,27862283,True,False,True,True,False,False,False
AIP:V5-001,A3,AIP:V5:swap-no-rap,S13,card,False,B7,brand:woclerk.com,False,STEP-UP,delegation,no-delegation,-1,,False,False,False,,0.0023,0,5334,27862283,False,False,False,False,False,True,True
AIP:V5-001,A3,AIP:V5:swap-no-rap,S13,card,False,M1-G1,brand:woclerk.com,False,STEP-UP,pav,no-path,-1,,False,False,False,,0.0023,0,5334,27862283,False,False,False,False,False,True,True
AIP:V5-001,A3,AIP:V5:swap-no-rap,S13,card,False,M1,brand:woclerk.com,False,STEP-UP,route,no-path,-1,,False,False,False,,0.0012,0,5334,27862283,False,False,False,False,False,True,True
AIP:V5-001,A3,AIP:V5:swap-no-rap,S13,card,False,M2,brand:woclerk.com,False,STEP-UP,route,no-path,-1,,False,False,False,,0.4823,0,5334,27862283,False,False,False,False,False,True,True
AIP:V5-001,A3,AIP:V5:swap-no-rap,S13,card,False,M3,brand:woclerk.com,False,STEP-UP,route,no-path,-1,,False,False,False,,0.4804,0,5334,27862283,False,False,False,False,False,True,True
AIP:A-AP2-11-006,A3,AIP:A-AP2-11:swap-own-rap,S1,card,False,B1,brand:kiopra.com,False,ALLOW,curation,,-1,,False,False,False,,0.0009,0,11876,27921093,True,False,True,True,False,False,False
AIP:A-AP2-11-006,A3,AIP:A-AP2-11:swap-own-rap,S1,card,False,B2,brand:kiopra.com,False,DENY,mandate,payee-changed-after-signing,-1,,False,False,False,,0.0005,0,11876,27921093,False,False,False,False,False,False,False
AIP:A-AP2-11-006,A3,AIP:A-AP2-11:swap-own-rap,S1,card,False,B3,brand:kiopra.com,False,ALLOW,identity-assertion,,-1,,False,False,False,,0.0005,0,11876,27921093,True,False,True,True,False,False,False
AIP:A-AP2-11-006,A3,AIP:A-AP2-11:swap-own-rap,S1,card,False,B4,brand:kiopra.com,False,ALLOW,did-wallet,not-applicable,-1,,False,False,False,,0.0005,0,11876,27921093,True,False,True,True,False,False,False
AIP:A-AP2-11-006,A3,AIP:A-AP2-11:swap-own-rap,S1,card,False,B5,brand:kiopra.com,False,ALLOW,vop,not-applicable,-1,,False,False,False,,0.0004,0,11876,27921093,True,False,True,True,False,False,False
AIP:A-AP2-11-006,A3,AIP:A-AP2-11:swap-own-rap,S1,card,False,B6,brand:kiopra.com,False,ALLOW,lists,,-1,,False,False,False,,0.0005,0,11876,27921093,True,False,True,True,False,False,False
AIP:A-AP2-11-006,A3,AIP:A-AP2-11:swap-own-rap,S1,card,False,B7,brand:kiopra.com,False,STEP-UP,name-anchor,name-mismatch,-1,,False,False,False,,0.0033,0,11876,27921093,False,False,False,False,False,True,True
AIP:A-AP2-11-006,A3,AIP:A-AP2-11:swap-own-rap,S1,card,False,M1-G1,brand:kiopra.com,False,DENY,pav,path-to-different-entity,-1,,False,False,False,,0.6355,7,11876,27921093,False,False,False,False,False,False,False
AIP:A-AP2-11-006,A3,AIP:A-AP2-11:swap-own-rap,S1,card,False,M1,brand:kiopra.com,False,DENY,route/pav,path-to-different-entity,-1,,False,False,False,,0.604,7,11876,27921093,False,False,False,False,False,False,False
AIP:A-AP2-11-006,A3,AIP:A-AP2-11:swap-own-rap,S1,card,False,M2,brand:kiopra.com,False,DENY,route/pav,path-to-different-entity,-1,,False,False,False,,0.7404,7,11876,27921093,False,False,False,False,False,False,False
AIP:A-AP2-11-006,A3,AIP:A-AP2-11:swap-own-rap,S1,card,False,M3,brand:kiopra.com,False,DENY,route/pav,path-to-different-entity,-1,,False,False,False,,0.7313,7,11876,27921093,False,False,False,False,False,False,False
AIP:V5-027,A3,AIP:V5:swap-no-rap,S1,psp_token,False,B1,brand:beaproum.co.uk,False,ALLOW,curation,,-1,,False,False,False,,0.0007,0,15616,27926966,True,False,True,True,False,False,False
AIP:V5-027,A3,AIP:V5:swap-no-rap,S1,psp_token,False,B2,brand:beaproum.co.uk,False,ALLOW,mandate,,-1,,False,False,False,,0.0005,0,15616,27926966,True,False,True,True,False,False,False
AIP:V5-027,A3,AIP:V5:swap-no-rap,S1,psp_token,False,B3,brand:beaproum.co.uk,False,ALLOW,identity-assertion,,-1,,False,False,False,,0.0005,0,15616,27926966,True,False,True,True,False,False,False
AIP:V5-027,A3,AIP:V5:swap-no-rap,S1,psp_token,False,B4,brand:beaproum.co.uk,False,ALLOW,did-wallet,not-applicable,-1,,False,False,False,,0.0005,0,15616,27926966,True,False,True,True,False,False,False
AIP:V5-027,A3,AIP:V5:swap-no-rap,S1,psp_token,False,B5,brand:beaproum.co.uk,False,ALLOW,vop,not-applicable,-1,,False,False,False,,0.0005,0,15616,27926966,True,False,True,True,False,False,False
AIP:V5-027,A3,AIP:V5:swap-no-rap,S1,psp_token,False,B6,brand:beaproum.co.uk,False,ALLOW,lists,,-1,,False,False,False,,0.0004,0,15616,27926966,True,False,True,True,False,False,False
AIP:V5-027,A3,AIP:V5:swap-no-rap,S1,psp_token,False,B7,brand:beaproum.co.uk,False,STEP-UP,delegation,no-delegation,-1,,False,False,False,,0.0025,0,15616,27926966,False,False,False,False,False,True,True
AIP:V5-027,A3,AIP:V5:swap-no-rap,S1,psp_token,False,M1-G1,brand:beaproum.co.uk,False,STEP-UP,pav,no-path,-1,,False,False,False,,0.0022,0,15616,27926966,False,False,False,False,False,True,True
AIP:V5-027,A3,AIP:V5:swap-no-rap,S1,psp_token,False,M1,brand:beaproum.co.uk,False,STEP-UP,route,no-path,-1,,False,False,False,,0.0012,0,15616,27926966,False,False,False,False,False,True,True
AIP:V5-027,A3,AIP:V5:swap-no-rap,S1,psp_token,False,M2,brand:beaproum.co.uk,False,STEP-UP,route,no-path,-1,,False,False,False,,0.5485,0,15616,27926966,False,False,False,False,False,True,True
AIP:V5-027,A3,AIP:V5:swap-no-rap,S1,psp_token,False,M3,brand:beaproum.co.uk,False,STEP-UP,route,no-path,-1,,False,False,False,,0.5636,0,15616,27926966,False,False,False,False,False,True,True
AIP:F-1-029,A4,AIP:F-1:swap-no-rap,S4,card,False,B1,brand:zusind.com,True,ALLOW,curation,,-1,,False,False,False,,0.0007,0,5702,27943621,True,False,True,True,False,False,False
AIP:F-1-029,A4,AIP:F-1:swap-no-rap,S4,card,False,B2,brand:zusind.com,True,ALLOW,mandate,,-1,,False,False,False,,0.0005,0,5702,27943621,True,False,True,True,False,False,False
AIP:F-1-029,A4,AIP:F-1:swap-no-rap,S4,card,False,B3,brand:zusind.com,True,ALLOW,identity-assertion,,-1,,False,False,False,,0.0005,0,5702,27943621,True,False,True,True,False,False,False
AIP:F-1-029,A4,AIP:F-1:swap-no-rap,S4,card,False,B4,brand:zusind.com,True,ALLOW,did-wallet,not-applicable,-1,,False,False,False,,0.0005,0,5702,27943621,True,False,True,True,False,False,False
AIP:F-1-029,A4,AIP:F-1:swap-no-rap,S4,card,False,B5,brand:zusind.com,True,ALLOW,vop,not-applicable,-1,,False,False,False,,0.0005,0,5702,27943621,True,False,True,True,False,False,False
AIP:F-1-029,A4,AIP:F-1:swap-no-rap,S4,card,False,B6,brand:zusind.com,True,ALLOW,lists,,-1,,False,False,False,,0.0005,0,5702,27943621,True,False,True,True,False,False,False
AIP:F-1-029,A4,AIP:F-1:swap-no-rap,S4,card,False,B7,brand:zusind.com,True,STEP-UP,delegation,no-delegation,-1,,False,False,False,,0.0021,0,5702,27943621,False,False,False,False,False,True,True
AIP:F-1-029,A4,AIP:F-1:swap-no-rap,S4,card,False,M1-G1,brand:zusind.com,True,STEP-UP,pav,no-path,-1,,False,False,False,,0.002,0,5702,27943621,False,False,False,False,False,True,True
AIP:F-1-029,A4,AIP:F-1:swap-no-rap,S4,card,False,M1,brand:zusind.com,True,STEP-UP,route,no-path,-1,,False,False,False,,0.001,0,5702,27943621,False,False,False,False,False,True,True
AIP:F-1-029,A4,AIP:F-1:swap-no-rap,S4,card,False,M2,brand:zusind.com,True,STEP-UP,route,no-path,-1,,False,False,False,,0.3405,0,5702,27943621,False,False,False,False,False,True,True
AIP:F-1-029,A4,AIP:F-1:swap-no-rap,S4,card,False,M3,brand:zusind.com,True,STEP-UP,route,no-path,-1,,False,False,False,,0.3429,0,5702,27943621,False,False,False,False,False,True,True
AIP:A-AP2-11-010,A3,AIP:A-AP2-11:swap-own-rap,S4,card,False,B1,brand:baipreark.com,False,ALLOW,curation,,-1,,False,False,False,,0.0008,0,1023,27972474,True,False,True,True,False,False,False
AIP:A-AP2-11-010,A3,AIP:A-AP2-11:swap-own-rap,S4,card,False,B2,brand:baipreark.com,False,DENY,mandate,payee-changed-after-signing,-1,,False,False,False,,0.0006,0,1023,27972474,False,False,False,False,False,False,False
AIP:A-AP2-11-010,A3,AIP:A-AP2-11:swap-own-rap,S4,card,False,B3,brand:baipreark.com,False,ALLOW,identity-assertion,,-1,,False,False,False,,0.0005,0,1023,27972474,True,False,True,True,False,False,False
AIP:A-AP2-11-010,A3,AIP:A-AP2-11:swap-own-rap,S4,card,False,B4,brand:baipreark.com,False,ALLOW,did-wallet,not-applicable,-1,,False,False,False,,0.0005,0,1023,27972474,True,False,True,True,False,False,False
AIP:A-AP2-11-010,A3,AIP:A-AP2-11:swap-own-rap,S4,card,False,B5,brand:baipreark.com,False,ALLOW,vop,not-applicable,-1,,False,False,False,,0.0004,0,1023,27972474,True,False,True,True,False,False,False
AIP:A-AP2-11-010,A3,AIP:A-AP2-11:swap-own-rap,S4,card,False,B6,brand:baipreark.com,False,ALLOW,lists,,-1,,False,False,False,,0.0005,0,1023,27972474,True,False,True,True,False,False,False
AIP:A-AP2-11-010,A3,AIP:A-AP2-11:swap-own-rap,S4,card,False,B7,brand:baipreark.com,False,DENY,mandate,payee-changed-after-signing,-1,,False,False,False,,0.0024,0,1023,27972474,False,False,False,False,False,False,False
AIP:A-AP2-11-010,A3,AIP:A-AP2-11:swap-own-rap,S4,card,False,M1-G1,brand:baipreark.com,False,DENY,pav,path-to-different-entity,-1,,False,False,False,,0.619,7,1023,27972474,False,False,False,False,False,False,False
AIP:A-AP2-11-010,A3,AIP:A-AP2-11:swap-own-rap,S4,card,False,M1,brand:baipreark.com,False,DENY,route/pav,path-to-different-entity,-1,,False,False,False,,0.6103,7,1023,27972474,False,False,False,False,False,False,False
AIP:A-AP2-11-010,A3,AIP:A-AP2-11:swap-own-rap,S4,card,False,M2,brand:baipreark.com,False,DENY,route/pav,path-to-different-entity,-1,,False,False,False,,1.1921,7,1023,27972474,False,False,False,False,False,False,False
AIP:A-AP2-11-010,A3,AIP:A-AP2-11:swap-own-rap,S4,card,False,M3,brand:baipreark.com,False,DENY,route/pav,path-to-different-entity,-1,,False,False,False,,1.2023,7,1023,27972474,False,False,False,False,False,False,False
AIP:V9-019,A3,AIP:V9:swap-no-rap,S12,stablecoin,False,B1,brand:trouproion.com,True,ALLOW,curation,,-1,,False,False,False,,0.0007,0,1498,28098181,True,False,True,True,False,False,False
AIP:V9-019,A3,AIP:V9:swap-no-rap,S12,stablecoin,False,B2,brand:trouproion.com,True,ALLOW,mandate,,-1,,False,False,False,,0.0005,0,1498,28098181,True,False,True,True,False,False,False
AIP:V9-019,A3,AIP:V9:swap-no-rap,S12,stablecoin,False,B3,brand:trouproion.com,True,ALLOW,identity-assertion,,-1,,False,False,False,,0.0005,0,1498,28098181,True,False,True,True,False,False,False
AIP:V9-019,A3,AIP:V9:swap-no-rap,S12,stablecoin,False,B4,brand:trouproion.com,True,DENY,did-wallet,wallet-not-bound,-1,,False,False,False,,0.0006,0,1498,28098181,False,False,False,False,False,False,False
AIP:V9-019,A3,AIP:V9:swap-no-rap,S12,stablecoin,False,B5,brand:trouproion.com,True,ALLOW,vop,not-applicable,-1,,False,False,False,,0.0005,0,1498,28098181,True,False,True,True,False,False,False
AIP:V9-019,A3,AIP:V9:swap-no-rap,S12,stablecoin,False,B6,brand:trouproion.com,True,ALLOW,lists,,-1,,False,False,False,,0.0005,0,1498,28098181,True,False,True,True,False,False,False
AIP:V9-019,A3,AIP:V9:swap-no-rap,S12,stablecoin,False,B7,brand:trouproion.com,True,DENY,did-wallet,wallet-not-bound,-1,,False,False,False,,0.0027,0,1498,28098181,False,False,False,False,False,False,False
AIP:V9-019,A3,AIP:V9:swap-no-rap,S12,stablecoin,False,M1-G1,brand:trouproion.com,True,STEP-UP,pav,no-path,-1,,False,False,False,,0.0023,0,1498,28098181,False,False,False,False,False,True,True
AIP:V9-019,A3,AIP:V9:swap-no-rap,S12,stablecoin,False,M1,brand:trouproion.com,True,STEP-UP,route,no-path,-1,,False,False,False,,0.0012,0,1498,28098181,False,False,False,False,False,True,True
AIP:V9-019,A3,AIP:V9:swap-no-rap,S12,stablecoin,False,M2,brand:trouproion.com,True,STEP-UP,route,no-path,-1,,False,False,False,,0.7015,0,1498,28098181,False,False,False,False,False,True,True
AIP:V9-019,A3,AIP:V9:swap-no-rap,S12,stablecoin,False,M3,brand:trouproion.com,True,STEP-UP,route,no-path,-1,,False,False,False,,0.661,0,1498,28098181,False,False,False,False,False,True,True
AIP:V9-010,A3,AIP:V9:swap-own-rap,S12,stablecoin,False,B1,brand:ziostaidoux.in,False,ALLOW,curation,,-1,,False,False,False,,0.0015,0,3217,28107161,True,False,True,True,False,False,False
AIP:V9-010,A3,AIP:V9:swap-own-rap,S12,stablecoin,False,B2,brand:ziostaidoux.in,False,ALLOW,mandate,,-1,,False,False,False,,0.0005,0,3217,28107161,True,False,True,True,False,False,False
AIP:V9-010,A3,AIP:V9:swap-own-rap,S12,stablecoin,False,B3,brand:ziostaidoux.in,False,ALLOW,identity-assertion,,-1,,False,False,False,,0.0005,0,3217,28107161,True,False,True,True,False,False,False
AIP:V9-010,A3,AIP:V9:swap-own-rap,S12,stablecoin,False,B4,brand:ziostaidoux.in,False,DENY,did-wallet,wallet-not-bound,-1,,False,False,False,,0.0006,0,3217,28107161,False,False,False,False,False,False,False
AIP:V9-010,A3,AIP:V9:swap-own-rap,S12,stablecoin,False,B5,brand:ziostaidoux.in,False,ALLOW,vop,not-applicable,-1,,False,False,False,,0.0005,0,3217,28107161,True,False,True,True,False,False,False
AIP:V9-010,A3,AIP:V9:swap-own-rap,S12,stablecoin,False,B6,brand:ziostaidoux.in,False,ALLOW,lists,,-1,,False,False,False,,0.0005,0,3217,28107161,True,False,True,True,False,False,False
AIP:V9-010,A3,AIP:V9:swap-own-rap,S12,stablecoin,False,B7,brand:ziostaidoux.in,False,DENY,did-wallet,wallet-not-bound,-1,,False,False,False,,0.0027,0,3217,28107161,False,False,False,False,False,False,False
AIP:V9-010,A3,AIP:V9:swap-own-rap,S12,stablecoin,False,M1-G1,brand:ziostaidoux.in,False,DENY,pav,path-to-different-entity,-1,,False,False,False,,0.6715,7,3217,28107161,False,False,False,False,False,False,False
AIP:V9-010,A3,AIP:V9:swap-own-rap,S12,stablecoin,False,M1,brand:ziostaidoux.in,False,DENY,route/pav,path-to-different-entity,-1,,False,False,False,,0.638,7,3217,28107161,False,False,False,False,False,False,False
AIP:V9-010,A3,AIP:V9:swap-own-rap,S12,stablecoin,False,M2,brand:ziostaidoux.in,False,DENY,route/pav,path-to-different-entity,-1,,False,False,False,,1.3496,7,3217,28107161,False,False,False,False,False,False,False
AIP:V9-010,A3,AIP:V9:swap-own-rap,S12,stablecoin,False,M3,brand:ziostaidoux.in,False,DENY,route/pav,path-to-different-entity,-1,,False,False,False,,1.3565,7,3217,28107161,False,False,False,False,False,False,False
AIP:V9-005,A3,AIP:V9:swap-no-rap,S12,stablecoin,False,B1,brand:ziostaidoux.in,False,ALLOW,curation,,-1,,False,False,False,,0.0008,0,4556,28140746,True,False,True,True,False,False,False
AIP:V9-005,A3,AIP:V9:swap-no-rap,S12,stablecoin,False,B2,brand:ziostaidoux.in,False,ALLOW,mandate,,-1,,False,False,False,,0.0005,0,4556,28140746,True,False,True,True,False,False,False
AIP:V9-005,A3,AIP:V9:swap-no-rap,S12,stablecoin,False,B3,brand:ziostaidoux.in,False,ALLOW,identity-assertion,,-1,,False,False,False,,0.0005,0,4556,28140746,True,False,True,True,False,False,False
AIP:V9-005,A3,AIP:V9:swap-no-rap,S12,stablecoin,False,B4,brand:ziostaidoux.in,False,DENY,did-wallet,wallet-not-bound,-1,,False,False,False,,0.0006,0,4556,28140746,False,False,False,False,False,False,False
AIP:V9-005,A3,AIP:V9:swap-no-rap,S12,stablecoin,False,B5,brand:ziostaidoux.in,False,ALLOW,vop,not-applicable,-1,,False,False,False,,0.0005,0,4556,28140746,True,False,True,True,False,False,False
AIP:V9-005,A3,AIP:V9:swap-no-rap,S12,stablecoin,False,B6,brand:ziostaidoux.in,False,ALLOW,lists,,-1,,False,False,False,,0.0005,0,4556,28140746,True,False,True,True,False,False,False
AIP:V9-005,A3,AIP:V9:swap-no-rap,S12,stablecoin,False,B7,brand:ziostaidoux.in,False,DENY,did-wallet,wallet-not-bound,-1,,False,False,False,,0.0031,0,4556,28140746,False,False,False,False,False,False,False
AIP:V9-005,A3,AIP:V9:swap-no-rap,S12,stablecoin,False,M1-G1,brand:ziostaidoux.in,False,STEP-UP,pav,no-path,-1,,False,False,False,,0.0024,0,4556,28140746,False,False,False,False,False,True,True
AIP:V9-005,A3,AIP:V9:swap-no-rap,S12,stablecoin,False,M1,brand:ziostaidoux.in,False,STEP-UP,route,no-path,-1,,False,False,False,,0.0013,0,4556,28140746,False,False,False,False,False,True,True
AIP:V9-005,A3,AIP:V9:swap-no-rap,S12,stablecoin,False,M2,brand:ziostaidoux.in,False,STEP-UP,route,no-path,-1,,False,False,False,,0.7075,0,4556,28140746,False,False,False,False,False,True,True
AIP:V9-005,A3,AIP:V9:swap-no-rap,S12,stablecoin,False,M3,brand:ziostaidoux.in,False,STEP-UP,route,no-path,-1,,False,False,False,,0.7045,0,4556,28140746,False,False,False,False,False,True,True
AIP:V5-015,A3,AIP:V5:swap-no-rap,S1,card,False,B1,brand:jezekoion.com,False,ALLOW,curation,,-1,,False,False,False,,0.0008,0,3688,28152242,True,False,True,True,False,False,False
AIP:V5-015,A3,AIP:V5:swap-no-rap,S1,card,False,B2,brand:jezekoion.com,False,ALLOW,mandate,,-1,,False,False,False,,0.0005,0,3688,28152242,True,False,True,True,False,False,False
AIP:V5-015,A3,AIP:V5:swap-no-rap,S1,card,False,B3,brand:jezekoion.com,False,ALLOW,identity-assertion,,-1,,False,False,False,,0.0005,0,3688,28152242,True,False,True,True,False,False,False
AIP:V5-015,A3,AIP:V5:swap-no-rap,S1,card,False,B4,brand:jezekoion.com,False,ALLOW,did-wallet,not-applicable,-1,,False,False,False,,0.0005,0,3688,28152242,True,False,True,True,False,False,False
AIP:V5-015,A3,AIP:V5:swap-no-rap,S1,card,False,B5,brand:jezekoion.com,False,ALLOW,vop,not-applicable,-1,,False,False,False,,0.0005,0,3688,28152242,True,False,True,True,False,False,False
AIP:V5-015,A3,AIP:V5:swap-no-rap,S1,card,False,B6,brand:jezekoion.com,False,ALLOW,lists,,-1,,False,False,False,,0.0005,0,3688,28152242,True,False,True,True,False,False,False
AIP:V5-015,A3,AIP:V5:swap-no-rap,S1,card,False,B7,brand:jezekoion.com,False,STEP-UP,delegation,no-delegation,-1,,False,False,False,,0.0026,0,3688,28152242,False,False,False,False,False,True,True
AIP:V5-015,A3,AIP:V5:swap-no-rap,S1,card,False,M1-G1,brand:jezekoion.com,False,STEP-UP,pav,no-path,-1,,False,False,False,,0.002,0,3688,28152242,False,False,False,False,False,True,True
AIP:V5-015,A3,AIP:V5:swap-no-rap,S1,card,False,M1,brand:jezekoion.com,False,STEP-UP,route,no-path,-1,,False,False,False,,0.0011,0,3688,28152242,False,False,False,False,False,True,True
AIP:V5-015,A3,AIP:V5:swap-no-rap,S1,card,False,M2,brand:jezekoion.com,False,STEP-UP,route,no-path,-1,,False,False,False,,0.6219,0,3688,28152242,False,False,False,False,False,True,True
AIP:V5-015,A3,AIP:V5:swap-no-rap,S1,card,False,M3,brand:jezekoion.com,False,STEP-UP,route,no-path,-1,,False,False,False,,0.626,0,3688,28152242,False,False,False,False,False,True,True
AIP:A-AP2-11-014,A3,AIP:A-AP2-11:swap-own-rap,S4,card,False,B1,brand:comil.co.uk,True,ALLOW,curation,,-1,,False,False,False,,0.0007,0,3359,28214105,True,False,True,True,False,False,False
AIP:A-AP2-11-014,A3,AIP:A-AP2-11:swap-own-rap,S4,card,False,B2,brand:comil.co.uk,True,DENY,mandate,payee-changed-after-signing,-1,,False,False,False,,0.0005,0,3359,28214105,False,False,False,False,False,False,False
AIP:A-AP2-11-014,A3,AIP:A-AP2-11:swap-own-rap,S4,card,False,B3,brand:comil.co.uk,True,ALLOW,identity-assertion,,-1,,False,False,False,,0.0005,0,3359,28214105,True,False,True,True,False,False,False
AIP:A-AP2-11-014,A3,AIP:A-AP2-11:swap-own-rap,S4,card,False,B4,brand:comil.co.uk,True,ALLOW,did-wallet,not-applicable,-1,,False,False,False,,0.0005,0,3359,28214105,True,False,True,True,False,False,False
AIP:A-AP2-11-014,A3,AIP:A-AP2-11:swap-own-rap,S4,card,False,B5,brand:comil.co.uk,True,ALLOW,vop,not-applicable,-1,,False,False,False,,0.0005,0,3359,28214105,True,False,True,True,False,False,False
AIP:A-AP2-11-014,A3,AIP:A-AP2-11:swap-own-rap,S4,card,False,B6,brand:comil.co.uk,True,ALLOW,lists,,-1,,False,False,False,,0.0005,0,3359,28214105,True,False,True,True,False,False,False
AIP:A-AP2-11-014,A3,AIP:A-AP2-11:swap-own-rap,S4,card,False,B7,brand:comil.co.uk,True,DENY,mandate,payee-changed-after-signing,-1,,False,False,False,,0.002,0,3359,28214105,False,False,False,False,False,False,False
AIP:A-AP2-11-014,A3,AIP:A-AP2-11:swap-own-rap,S4,card,False,M1-G1,brand:comil.co.uk,True,DENY,pav,path-to-different-entity,-1,,False,False,False,,0.6352,7,3359,28214105,False,False,False,False,False,False,False
AIP:A-AP2-11-014,A3,AIP:A-AP2-11:swap-own-rap,S4,card,False,M1,brand:comil.co.uk,True,DENY,route/pav,path-to-different-entity,-1,,False,False,False,,0.6182,7,3359,28214105,False,False,False,False,False,False,False
AIP:A-AP2-11-014,A3,AIP:A-AP2-11:swap-own-rap,S4,card,False,M2,brand:comil.co.uk,True,DENY,route/pav,path-to-different-entity,-1,,False,False,False,,0.8312,7,3359,28214105,False,False,False,False,False,False,False
AIP:A-AP2-11-014,A3,AIP:A-AP2-11:swap-own-rap,S4,card,False,M3,brand:comil.co.uk,True,DENY,route/pav,path-to-different-entity,-1,,False,False,False,,0.8205,7,3359,28214105,False,False,False,False,False,False,False
AIP:F-1-019,A4,AIP:F-1:swap-no-rap,S4,card,False,B1,brand:trofouion.co.uk,True,ALLOW,curation,,-1,,False,False,False,,0.0006,0,10674,28246743,True,False,True,True,False,False,False
AIP:F-1-019,A4,AIP:F-1:swap-no-rap,S4,card,False,B2,brand:trofouion.co.uk,True,ALLOW,mandate,,-1,,False,False,False,,0.0005,0,10674,28246743,True,False,True,True,False,False,False
AIP:F-1-019,A4,AIP:F-1:swap-no-rap,S4,card,False,B3,brand:trofouion.co.uk,True,ALLOW,identity-assertion,,-1,,False,False,False,,0.0005,0,10674,28246743,True,False,True,True,False,False,False
AIP:F-1-019,A4,AIP:F-1:swap-no-rap,S4,card,False,B4,brand:trofouion.co.uk,True,ALLOW,did-wallet,not-applicable,-1,,False,False,False,,0.0005,0,10674,28246743,True,False,True,True,False,False,False
AIP:F-1-019,A4,AIP:F-1:swap-no-rap,S4,card,False,B5,brand:trofouion.co.uk,True,ALLOW,vop,not-applicable,-1,,False,False,False,,0.0005,0,10674,28246743,True,False,True,True,False,False,False
AIP:F-1-019,A4,AIP:F-1:swap-no-rap,S4,card,False,B6,brand:trofouion.co.uk,True,ALLOW,lists,,-1,,False,False,False,,0.0005,0,10674,28246743,True,False,True,True,False,False,False
AIP:F-1-019,A4,AIP:F-1:swap-no-rap,S4,card,False,B7,brand:trofouion.co.uk,True,STEP-UP,delegation,no-delegation,-1,,False,False,False,,0.0027,0,10674,28246743,False,False,False,False,False,True,True
AIP:F-1-019,A4,AIP:F-1:swap-no-rap,S4,card,False,M1-G1,brand:trofouion.co.uk,True,STEP-UP,pav,no-path,-1,,False,False,False,,0.0023,0,10674,28246743,False,False,False,False,False,True,True
AIP:F-1-019,A4,AIP:F-1:swap-no-rap,S4,card,False,M1,brand:trofouion.co.uk,True,STEP-UP,route,no-path,-1,,False,False,False,,0.0012,0,10674,28246743,False,False,False,False,False,True,True
AIP:F-1-019,A4,AIP:F-1:swap-no-rap,S4,card,False,M2,brand:trofouion.co.uk,True,STEP-UP,route,no-path,-1,,False,False,False,,0.6439,0,10674,28246743,False,False,False,False,False,True,True
AIP:F-1-019,A4,AIP:F-1:swap-no-rap,S4,card,False,M3,brand:trofouion.co.uk,True,STEP-UP,route,no-path,-1,,False,False,False,,0.6363,0,10674,28246743,False,False,False,False,False,True,True
AIP:V5-005,A3,AIP:V5:swap-no-rap,S9,card,False,B1,brand:flouflalun.com,True,ALLOW,curation,,-1,,False,False,False,,0.0007,0,12696,28308951,True,False,True,True,False,False,False
AIP:V5-005,A3,AIP:V5:swap-no-rap,S9,card,False,B2,brand:flouflalun.com,True,ALLOW,mandate,,-1,,False,False,False,,0.0005,0,12696,28308951,True,False,True,True,False,False,False
AIP:V5-005,A3,AIP:V5:swap-no-rap,S9,card,False,B3,brand:flouflalun.com,True,ALLOW,identity-assertion,,-1,,False,False,False,,0.0005,0,12696,28308951,True,False,True,True,False,False,False
AIP:V5-005,A3,AIP:V5:swap-no-rap,S9,card,False,B4,brand:flouflalun.com,True,ALLOW,did-wallet,not-applicable,-1,,False,False,False,,0.0005,0,12696,28308951,True,False,True,True,False,False,False
AIP:V5-005,A3,AIP:V5:swap-no-rap,S9,card,False,B5,brand:flouflalun.com,True,ALLOW,vop,not-applicable,-1,,False,False,False,,0.0005,0,12696,28308951,True,False,True,True,False,False,False
AIP:V5-005,A3,AIP:V5:swap-no-rap,S9,card,False,B6,brand:flouflalun.com,True,ALLOW,lists,,-1,,False,False,False,,0.0004,0,12696,28308951,True,False,True,True,False,False,False
AIP:V5-005,A3,AIP:V5:swap-no-rap,S9,card,False,B7,brand:flouflalun.com,True,STEP-UP,delegation,no-delegation,-1,,False,False,False,,0.0035,0,12696,28308951,False,False,False,False,False,True,True
AIP:V5-005,A3,AIP:V5:swap-no-rap,S9,card,False,M1-G1,brand:flouflalun.com,True,STEP-UP,pav,no-path,-1,,False,False,False,,0.0022,0,12696,28308951,False,False,False,False,False,True,True
AIP:V5-005,A3,AIP:V5:swap-no-rap,S9,card,False,M1,brand:flouflalun.com,True,STEP-UP,route,no-path,-1,,False,False,False,,0.0011,0,12696,28308951,False,False,False,False,False,True,True
AIP:V5-005,A3,AIP:V5:swap-no-rap,S9,card,False,M2,brand:flouflalun.com,True,STEP-UP,route,no-path,-1,,False,False,False,,0.6485,0,12696,28308951,False,False,False,False,False,True,True
AIP:V5-005,A3,AIP:V5:swap-no-rap,S9,card,False,M3,brand:flouflalun.com,True,STEP-UP,route,no-path,-1,,False,False,False,,0.6457,0,12696,28308951,False,False,False,False,False,True,True
AIP:F-1-016,A4,AIP:F-1:swap-own-rap,S3,psp_token,False,B1,brand:taidux.com,True,ALLOW,curation,,-1,,False,False,False,,0.0007,0,2950,28313922,True,False,True,True,False,False,False
AIP:F-1-016,A4,AIP:F-1:swap-own-rap,S3,psp_token,False,B2,brand:taidux.com,True,ALLOW,mandate,,-1,,False,False,False,,0.0005,0,2950,28313922,True,False,True,True,False,False,False
AIP:F-1-016,A4,AIP:F-1:swap-own-rap,S3,psp_token,False,B3,brand:taidux.com,True,ALLOW,identity-assertion,,-1,,False,False,False,,0.0005,0,2950,28313922,True,False,True,True,False,False,False
AIP:F-1-016,A4,AIP:F-1:swap-own-rap,S3,psp_token,False,B4,brand:taidux.com,True,ALLOW,did-wallet,not-applicable,-1,,False,False,False,,0.0005,0,2950,28313922,True,False,True,True,False,False,False
AIP:F-1-016,A4,AIP:F-1:swap-own-rap,S3,psp_token,False,B5,brand:taidux.com,True,ALLOW,vop,not-applicable,-1,,False,False,False,,0.0005,0,2950,28313922,True,False,True,True,False,False,False
AIP:F-1-016,A4,AIP:F-1:swap-own-rap,S3,psp_token,False,B6,brand:taidux.com,True,ALLOW,lists,,-1,,False,False,False,,0.0005,0,2950,28313922,True,False,True,True,False,False,False
AIP:F-1-016,A4,AIP:F-1:swap-own-rap,S3,psp_token,False,B7,brand:taidux.com,True,STEP-UP,delegation,no-delegation-from-asserted-entity,-1,,False,False,False,,0.0034,0,2950,28313922,False,False,False,False,False,True,True
AIP:F-1-016,A4,AIP:F-1:swap-own-rap,S3,psp_token,False,M1-G1,brand:taidux.com,True,DENY,pav,path-to-different-entity,-1,,False,False,False,,0.6435,7,2950,28313922,False,False,False,False,False,False,False
AIP:F-1-016,A4,AIP:F-1:swap-own-rap,S3,psp_token,False,M1,brand:taidux.com,True,DENY,route/pav,path-to-different-entity,-1,,False,False,False,,0.6255,7,2950,28313922,False,False,False,False,False,False,False
AIP:F-1-016,A4,AIP:F-1:swap-own-rap,S3,psp_token,False,M2,brand:taidux.com,True,DENY,route/pav,path-to-different-entity,-1,,False,False,False,,0.9198,7,2950,28313922,False,False,False,False,False,False,False
AIP:F-1-016,A4,AIP:F-1:swap-own-rap,S3,psp_token,False,M3,brand:taidux.com,True,DENY,route/pav,path-to-different-entity,-1,,False,False,False,,0.9097,7,2950,28313922,False,False,False,False,False,False,False
AIP:V9-011,A3,AIP:V9:swap-no-rap,S12,stablecoin,False,B1,brand:trouproion.com,True,ALLOW,curation,,-1,,False,False,False,,0.0007,0,25318,28324257,True,False,True,True,False,False,False
AIP:V9-011,A3,AIP:V9:swap-no-rap,S12,stablecoin,False,B2,brand:trouproion.com,True,ALLOW,mandate,,-1,,False,False,False,,0.0005,0,25318,28324257,True,False,True,True,False,False,False
AIP:V9-011,A3,AIP:V9:swap-no-rap,S12,stablecoin,False,B3,brand:trouproion.com,True,ALLOW,identity-assertion,,-1,,False,False,False,,0.0005,0,25318,28324257,True,False,True,True,False,False,False
AIP:V9-011,A3,AIP:V9:swap-no-rap,S12,stablecoin,False,B4,brand:trouproion.com,True,DENY,did-wallet,wallet-not-bound,-1,,False,False,False,,0.0006,0,25318,28324257,False,False,False,False,False,False,False
AIP:V9-011,A3,AIP:V9:swap-no-rap,S12,stablecoin,False,B5,brand:trouproion.com,True,ALLOW,vop,not-applicable,-1,,False,False,False,,0.0005,0,25318,28324257,True,False,True,True,False,False,False
AIP:V9-011,A3,AIP:V9:swap-no-rap,S12,stablecoin,False,B6,brand:trouproion.com,True,ALLOW,lists,,-1,,False,False,False,,0.0005,0,25318,28324257,True,False,True,True,False,False,False
AIP:V9-011,A3,AIP:V9:swap-no-rap,S12,stablecoin,False,B7,brand:trouproion.com,True,DENY,did-wallet,wallet-not-bound,-1,,False,False,False,,0.0026,0,25318,28324257,False,False,False,False,False,False,False
AIP:V9-011,A3,AIP:V9:swap-no-rap,S12,stablecoin,False,M1-G1,brand:trouproion.com,True,STEP-UP,pav,no-path,-1,,False,False,False,,0.0023,0,25318,28324257,False,False,False,False,False,True,True
AIP:V9-011,A3,AIP:V9:swap-no-rap,S12,stablecoin,False,M1,brand:trouproion.com,True,STEP-UP,route,no-path,-1,,False,False,False,,0.0011,0,25318,28324257,False,False,False,False,False,True,True
AIP:V9-011,A3,AIP:V9:swap-no-rap,S12,stablecoin,False,M2,brand:trouproion.com,True,STEP-UP,route,no-path,-1,,False,False,False,,0.6912,0,25318,28324257,False,False,False,False,False,True,True
AIP:V9-011,A3,AIP:V9:swap-no-rap,S12,stablecoin,False,M3,brand:trouproion.com,True,STEP-UP,route,no-path,-1,,False,False,False,,0.6867,0,25318,28324257,False,False,False,False,False,True,True
AIP:V9-021,A3,AIP:V9:swap-no-rap,S12,stablecoin,False,B1,brand:lealoufeark.in,True,ALLOW,curation,,-1,,False,False,False,,0.0008,0,35416,28352057,True,False,True,True,False,False,False
AIP:V9-021,A3,AIP:V9:swap-no-rap,S12,stablecoin,False,B2,brand:lealoufeark.in,True,ALLOW,mandate,,-1,,False,False,False,,0.0005,0,35416,28352057,True,False,True,True,False,False,False
AIP:V9-021,A3,AIP:V9:swap-no-rap,S12,stablecoin,False,B3,brand:lealoufeark.in,True,ALLOW,identity-assertion,,-1,,False,False,False,,0.0005,0,35416,28352057,True,False,True,True,False,False,False
AIP:V9-021,A3,AIP:V9:swap-no-rap,S12,stablecoin,False,B4,brand:lealoufeark.in,True,DENY,did-wallet,wallet-not-bound,-1,,False,False,False,,0.0005,0,35416,28352057,False,False,False,False,False,False,False
AIP:V9-021,A3,AIP:V9:swap-no-rap,S12,stablecoin,False,B5,brand:lealoufeark.in,True,ALLOW,vop,not-applicable,-1,,False,False,False,,0.0005,0,35416,28352057,True,False,True,True,False,False,False
AIP:V9-021,A3,AIP:V9:swap-no-rap,S12,stablecoin,False,B6,brand:lealoufeark.in,True,ALLOW,lists,,-1,,False,False,False,,0.0005,0,35416,28352057,True,False,True,True,False,False,False
AIP:V9-021,A3,AIP:V9:swap-no-rap,S12,stablecoin,False,B7,brand:lealoufeark.in,True,DENY,did-wallet,wallet-not-bound,-1,,False,False,False,,0.0027,0,35416,28352057,False,False,False,False,False,False,False
AIP:V9-021,A3,AIP:V9:swap-no-rap,S12,stablecoin,False,M1-G1,brand:lealoufeark.in,True,STEP-UP,pav,no-path,-1,,False,False,False,,0.002,0,35416,28352057,False,False,False,False,False,True,True
AIP:V9-021,A3,AIP:V9:swap-no-rap,S12,stablecoin,False,M1,brand:lealoufeark.in,True,STEP-UP,route,no-path,-1,,False,False,False,,0.001,0,35416,28352057,False,False,False,False,False,True,True
AIP:V9-021,A3,AIP:V9:swap-no-rap,S12,stablecoin,False,M2,brand:lealoufeark.in,True,STEP-UP,route,no-path,-1,,False,False,False,,0.7379,0,35416,28352057,False,False,False,False,False,True,True
AIP:V9-021,A3,AIP:V9:swap-no-rap,S12,stablecoin,False,M3,brand:lealoufeark.in,True,STEP-UP,route,no-path,-1,,False,False,False,,0.7559,0,35416,28352057,False,False,False,False,False,True,True
AIP:A-AP2-11-018,A3,AIP:A-AP2-11:swap-own-rap,S4,card,False,B1,brand:jeaheva.com,True,ALLOW,curation,,-1,,False,False,False,,0.0008,0,9973,28389514,True,False,True,True,False,False,False
AIP:A-AP2-11-018,A3,AIP:A-AP2-11:swap-own-rap,S4,card,False,B2,brand:jeaheva.com,True,DENY,mandate,payee-changed-after-signing,-1,,False,False,False,,0.0005,0,9973,28389514,False,False,False,False,False,False,False
AIP:A-AP2-11-018,A3,AIP:A-AP2-11:swap-own-rap,S4,card,False,B3,brand:jeaheva.com,True,ALLOW,identity-assertion,,-1,,False,False,False,,0.0005,0,9973,28389514,True,False,True,True,False,False,False
AIP:A-AP2-11-018,A3,AIP:A-AP2-11:swap-own-rap,S4,card,False,B4,brand:jeaheva.com,True,ALLOW,did-wallet,not-applicable,-1,,False,False,False,,0.0005,0,9973,28389514,True,False,True,True,False,False,False
AIP:A-AP2-11-018,A3,AIP:A-AP2-11:swap-own-rap,S4,card,False,B5,brand:jeaheva.com,True,ALLOW,vop,not-applicable,-1,,False,False,False,,0.0004,0,9973,28389514,True,False,True,True,False,False,False
AIP:A-AP2-11-018,A3,AIP:A-AP2-11:swap-own-rap,S4,card,False,B6,brand:jeaheva.com,True,ALLOW,lists,,-1,,False,False,False,,0.0004,0,9973,28389514,True,False,True,True,False,False,False
AIP:A-AP2-11-018,A3,AIP:A-AP2-11:swap-own-rap,S4,card,False,B7,brand:jeaheva.com,True,DENY,mandate,payee-changed-after-signing,-1,,False,False,False,,0.0022,0,9973,28389514,False,False,False,False,False,False,False
AIP:A-AP2-11-018,A3,AIP:A-AP2-11:swap-own-rap,S4,card,False,M1-G1,brand:jeaheva.com,True,DENY,pav,path-to-different-entity,-1,,False,False,False,,0.6818,7,9973,28389514,False,False,False,False,False,False,False
AIP:A-AP2-11-018,A3,AIP:A-AP2-11:swap-own-rap,S4,card,False,M1,brand:jeaheva.com,True,DENY,route/pav,path-to-different-entity,-1,,False,False,False,,0.6318,7,9973,28389514,False,False,False,False,False,False,False
AIP:A-AP2-11-018,A3,AIP:A-AP2-11:swap-own-rap,S4,card,False,M2,brand:jeaheva.com,True,DENY,route/pav,path-to-different-entity,-1,,False,False,False,,0.8501,7,9973,28389514,False,False,False,False,False,False,False
AIP:A-AP2-11-018,A3,AIP:A-AP2-11:swap-own-rap,S4,card,False,M3,brand:jeaheva.com,True,DENY,route/pav,path-to-different-entity,-1,,False,False,False,,0.8829,7,9973,28389514,False,False,False,False,False,False,False
AIP:V9-029,A3,AIP:V9:swap-no-rap,S12,stablecoin,False,B1,brand:dapoclirk.com,True,ALLOW,curation,,-1,,False,False,False,,0.001,0,7006,28416805,True,False,True,True,False,False,False
AIP:V9-029,A3,AIP:V9:swap-no-rap,S12,stablecoin,False,B2,brand:dapoclirk.com,True,ALLOW,mandate,,-1,,False,False,False,,0.0005,0,7006,28416805,True,False,True,True,False,False,False
AIP:V9-029,A3,AIP:V9:swap-no-rap,S12,stablecoin,False,B3,brand:dapoclirk.com,True,ALLOW,identity-assertion,,-1,,False,False,False,,0.0005,0,7006,28416805,True,False,True,True,False,False,False
AIP:V9-029,A3,AIP:V9:swap-no-rap,S12,stablecoin,False,B4,brand:dapoclirk.com,True,DENY,did-wallet,wallet-not-bound,-1,,False,False,False,,0.0006,0,7006,28416805,False,False,False,False,False,False,False
AIP:V9-029,A3,AIP:V9:swap-no-rap,S12,stablecoin,False,B5,brand:dapoclirk.com,True,ALLOW,vop,not-applicable,-1,,False,False,False,,0.0005,0,7006,28416805,True,False,True,True,False,False,False
AIP:V9-029,A3,AIP:V9:swap-no-rap,S12,stablecoin,False,B6,brand:dapoclirk.com,True,ALLOW,lists,,-1,,False,False,False,,0.0005,0,7006,28416805,True,False,True,True,False,False,False
AIP:V9-029,A3,AIP:V9:swap-no-rap,S12,stablecoin,False,B7,brand:dapoclirk.com,True,DENY,did-wallet,wallet-not-bound,-1,,False,False,False,,0.0027,0,7006,28416805,False,False,False,False,False,False,False
AIP:V9-029,A3,AIP:V9:swap-no-rap,S12,stablecoin,False,M1-G1,brand:dapoclirk.com,True,STEP-UP,pav,no-path,-1,,False,False,False,,0.0024,0,7006,28416805,False,False,False,False,False,True,True
AIP:V9-029,A3,AIP:V9:swap-no-rap,S12,stablecoin,False,M1,brand:dapoclirk.com,True,STEP-UP,route,no-path,-1,,False,False,False,,0.0013,0,7006,28416805,False,False,False,False,False,True,True
AIP:V9-029,A3,AIP:V9:swap-no-rap,S12,stablecoin,False,M2,brand:dapoclirk.com,True,STEP-UP,route,no-path,-1,,False,False,False,,0.6876,0,7006,28416805,False,False,False,False,False,True,True
AIP:V9-029,A3,AIP:V9:swap-no-rap,S12,stablecoin,False,M3,brand:dapoclirk.com,True,STEP-UP,route,no-path,-1,,False,False,False,,0.6571,0,7006,28416805,False,False,False,False,False,True,True
AIP:V9-016,A3,AIP:V9:swap-own-rap,S12,stablecoin,False,B1,brand:dapoclirk.com,True,ALLOW,curation,,-1,,False,False,False,,0.0008,0,3856,28422193,True,False,True,True,False,False,False
AIP:V9-016,A3,AIP:V9:swap-own-rap,S12,stablecoin,False,B2,brand:dapoclirk.com,True,ALLOW,mandate,,-1,,False,False,False,,0.0005,0,3856,28422193,True,False,True,True,False,False,False
AIP:V9-016,A3,AIP:V9:swap-own-rap,S12,stablecoin,False,B3,brand:dapoclirk.com,True,ALLOW,identity-assertion,,-1,,False,False,False,,0.0005,0,3856,28422193,True,False,True,True,False,False,False
AIP:V9-016,A3,AIP:V9:swap-own-rap,S12,stablecoin,False,B4,brand:dapoclirk.com,True,DENY,did-wallet,wallet-not-bound,-1,,False,False,False,,0.0006,0,3856,28422193,False,False,False,False,False,False,False
AIP:V9-016,A3,AIP:V9:swap-own-rap,S12,stablecoin,False,B5,brand:dapoclirk.com,True,ALLOW,vop,not-applicable,-1,,False,False,False,,0.0005,0,3856,28422193,True,False,True,True,False,False,False
AIP:V9-016,A3,AIP:V9:swap-own-rap,S12,stablecoin,False,B6,brand:dapoclirk.com,True,ALLOW,lists,,-1,,False,False,False,,0.0005,0,3856,28422193,True,False,True,True,False,False,False
AIP:V9-016,A3,AIP:V9:swap-own-rap,S12,stablecoin,False,B7,brand:dapoclirk.com,True,DENY,did-wallet,wallet-not-bound,-1,,False,False,False,,0.0025,0,3856,28422193,False,False,False,False,False,False,False
AIP:V9-016,A3,AIP:V9:swap-own-rap,S12,stablecoin,False,M1-G1,brand:dapoclirk.com,True,DENY,pav,path-to-different-entity,-1,,False,False,False,,0.6975,7,3856,28422193,False,False,False,False,False,False,False
AIP:V9-016,A3,AIP:V9:swap-own-rap,S12,stablecoin,False,M1,brand:dapoclirk.com,True,DENY,route/pav,path-to-different-entity,-1,,False,False,False,,0.6147,7,3856,28422193,False,False,False,False,False,False,False
AIP:V9-016,A3,AIP:V9:swap-own-rap,S12,stablecoin,False,M2,brand:dapoclirk.com,True,DENY,route/pav,path-to-different-entity,-1,,False,False,False,,1.1977,7,3856,28422193,False,False,False,False,False,False,False
AIP:V9-016,A3,AIP:V9:swap-own-rap,S12,stablecoin,False,M3,brand:dapoclirk.com,True,DENY,route/pav,path-to-different-entity,-1,,False,False,False,,1.1943,7,3856,28422193,False,False,False,False,False,False,False
AIP:V9-017,A3,AIP:V9:swap-no-rap,S12,stablecoin,False,B1,brand:trouproion.com,True,ALLOW,curation,,-1,,False,False,False,,0.0007,0,15135,28435334,True,False,True,True,False,False,False
AIP:V9-017,A3,AIP:V9:swap-no-rap,S12,stablecoin,False,B2,brand:trouproion.com,True,ALLOW,mandate,,-1,,False,False,False,,0.0005,0,15135,28435334,True,False,True,True,False,False,False
AIP:V9-017,A3,AIP:V9:swap-no-rap,S12,stablecoin,False,B3,brand:trouproion.com,True,ALLOW,identity-assertion,,-1,,False,False,False,,0.0006,0,15135,28435334,True,False,True,True,False,False,False
AIP:V9-017,A3,AIP:V9:swap-no-rap,S12,stablecoin,False,B4,brand:trouproion.com,True,DENY,did-wallet,wallet-not-bound,-1,,False,False,False,,0.0006,0,15135,28435334,False,False,False,False,False,False,False
AIP:V9-017,A3,AIP:V9:swap-no-rap,S12,stablecoin,False,B5,brand:trouproion.com,True,ALLOW,vop,not-applicable,-1,,False,False,False,,0.0005,0,15135,28435334,True,False,True,True,False,False,False
AIP:V9-017,A3,AIP:V9:swap-no-rap,S12,stablecoin,False,B6,brand:trouproion.com,True,ALLOW,lists,,-1,,False,False,False,,0.0005,0,15135,28435334,True,False,True,True,False,False,False
AIP:V9-017,A3,AIP:V9:swap-no-rap,S12,stablecoin,False,B7,brand:trouproion.com,True,DENY,did-wallet,wallet-not-bound,-1,,False,False,False,,0.0028,0,15135,28435334,False,False,False,False,False,False,False
AIP:V9-017,A3,AIP:V9:swap-no-rap,S12,stablecoin,False,M1-G1,brand:trouproion.com,True,STEP-UP,pav,no-path,-1,,False,False,False,,0.0027,0,15135,28435334,False,False,False,False,False,True,True
AIP:V9-017,A3,AIP:V9:swap-no-rap,S12,stablecoin,False,M1,brand:trouproion.com,True,STEP-UP,route,no-path,-1,,False,False,False,,0.0013,0,15135,28435334,False,False,False,False,False,True,True
AIP:V9-017,A3,AIP:V9:swap-no-rap,S12,stablecoin,False,M2,brand:trouproion.com,True,STEP-UP,route,no-path,-1,,False,False,False,,0.6733,0,15135,28435334,False,False,False,False,False,True,True
AIP:V9-017,A3,AIP:V9:swap-no-rap,S12,stablecoin,False,M3,brand:trouproion.com,True,STEP-UP,route,no-path,-1,,False,False,False,,0.6703,0,15135,28435334,False,False,False,False,False,True,True
AIP:V9-024,A3,AIP:V9:swap-own-rap,S12,stablecoin,False,B1,brand:ziostaidoux.in,False,ALLOW,curation,,-1,,False,False,False,,0.0009,0,5760,28478078,True,False,True,True,False,False,False
AIP:V9-024,A3,AIP:V9:swap-own-rap,S12,stablecoin,False,B2,brand:ziostaidoux.in,False,ALLOW,mandate,,-1,,False,False,False,,0.0004,0,5760,28478078,True,False,True,True,False,False,False
AIP:V9-024,A3,AIP:V9:swap-own-rap,S12,stablecoin,False,B3,brand:ziostaidoux.in,False,ALLOW,identity-assertion,,-1,,False,False,False,,0.0005,0,5760,28478078,True,False,True,True,False,False,False
AIP:V9-024,A3,AIP:V9:swap-own-rap,S12,stablecoin,False,B4,brand:ziostaidoux.in,False,DENY,did-wallet,wallet-not-bound,-1,,False,False,False,,0.0007,0,5760,28478078,False,False,False,False,False,False,False
AIP:V9-024,A3,AIP:V9:swap-own-rap,S12,stablecoin,False,B5,brand:ziostaidoux.in,False,ALLOW,vop,not-applicable,-1,,False,False,False,,0.0005,0,5760,28478078,True,False,True,True,False,False,False
AIP:V9-024,A3,AIP:V9:swap-own-rap,S12,stablecoin,False,B6,brand:ziostaidoux.in,False,ALLOW,lists,,-1,,False,False,False,,0.0005,0,5760,28478078,True,False,True,True,False,False,False
AIP:V9-024,A3,AIP:V9:swap-own-rap,S12,stablecoin,False,B7,brand:ziostaidoux.in,False,DENY,did-wallet,wallet-not-bound,-1,,False,False,False,,0.0027,0,5760,28478078,False,False,False,False,False,False,False
AIP:V9-024,A3,AIP:V9:swap-own-rap,S12,stablecoin,False,M1-G1,brand:ziostaidoux.in,False,DENY,pav,path-to-different-entity,-1,,False,False,False,,0.6642,7,5760,28478078,False,False,False,False,False,False,False
AIP:V9-024,A3,AIP:V9:swap-own-rap,S12,stablecoin,False,M1,brand:ziostaidoux.in,False,DENY,route/pav,path-to-different-entity,-1,,False,False,False,,0.611,7,5760,28478078,False,False,False,False,False,False,False
AIP:V9-024,A3,AIP:V9:swap-own-rap,S12,stablecoin,False,M2,brand:ziostaidoux.in,False,DENY,route/pav,path-to-different-entity,-1,,False,False,False,,1.3273,7,5760,28478078,False,False,False,False,False,False,False
AIP:V9-024,A3,AIP:V9:swap-own-rap,S12,stablecoin,False,M3,brand:ziostaidoux.in,False,DENY,route/pav,path-to-different-entity,-1,,False,False,False,,1.3,7,5760,28478078,False,False,False,False,False,False,False
AIP:F-1-011,A4,AIP:F-1:swap-no-rap,S2,a2a_instant,False,B1,brand:broudiion.in,False,ALLOW,curation,,-1,,False,False,False,,0.0008,0,5837,28480383,True,False,True,True,False,False,False
AIP:F-1-011,A4,AIP:F-1:swap-no-rap,S2,a2a_instant,False,B2,brand:broudiion.in,False,ALLOW,mandate,,-1,,False,False,False,,0.0005,0,5837,28480383,True,False,True,True,False,False,False
AIP:F-1-011,A4,AIP:F-1:swap-no-rap,S2,a2a_instant,False,B3,brand:broudiion.in,False,ALLOW,identity-assertion,,-1,,False,False,False,,0.0005,0,5837,28480383,True,False,True,True,False,False,False
AIP:F-1-011,A4,AIP:F-1:swap-no-rap,S2,a2a_instant,False,B4,brand:broudiion.in,False,ALLOW,did-wallet,not-applicable,-1,,False,False,False,,0.0005,0,5837,28480383,True,False,True,True,False,False,False
AIP:F-1-011,A4,AIP:F-1:swap-no-rap,S2,a2a_instant,False,B5,brand:broudiion.in,False,ALLOW,vop,,-1,,False,False,False,,0.0023,0,5837,28480383,True,False,True,True,False,False,False
AIP:F-1-011,A4,AIP:F-1:swap-no-rap,S2,a2a_instant,False,B6,brand:broudiion.in,False,ALLOW,lists,,-1,,False,False,False,,0.0005,0,5837,28480383,True,False,True,True,False,False,False
AIP:F-1-011,A4,AIP:F-1:swap-no-rap,S2,a2a_instant,False,B7,brand:broudiion.in,False,DENY,vop-lei,no_match,-1,,False,False,False,,0.0036,0,5837,28480383,False,False,False,False,False,False,False
AIP:F-1-011,A4,AIP:F-1:swap-no-rap,S2,a2a_instant,False,M1-G1,brand:broudiion.in,False,STEP-UP,pav,no-path,-1,,False,False,False,,0.0025,0,5837,28480383,False,False,False,False,False,True,True
AIP:F-1-011,A4,AIP:F-1:swap-no-rap,S2,a2a_instant,False,M1,brand:broudiion.in,False,STEP-UP,route,no-path,-1,,False,False,False,,0.0012,0,5837,28480383,False,False,False,False,False,True,True
AIP:F-1-011,A4,AIP:F-1:swap-no-rap,S2,a2a_instant,False,M2,brand:broudiion.in,False,STEP-UP,route,no-path,-1,,False,False,False,,0.6362,0,5837,28480383,False,False,False,False,False,True,True
AIP:F-1-011,A4,AIP:F-1:swap-no-rap,S2,a2a_instant,False,M3,brand:broudiion.in,False,STEP-UP,route,no-path,-1,,False,False,False,,0.6357,0,5837,28480383,False,False,False,False,False,True,True
AIP:F-1-022,A4,AIP:F-1:swap-own-rap,S9,card,False,B1,brand:brobilo.com,True,ALLOW,curation,,-1,,False,False,False,,0.001,0,6654,28490952,True,False,True,True,False,False,False
AIP:F-1-022,A4,AIP:F-1:swap-own-rap,S9,card,False,B2,brand:brobilo.com,True,ALLOW,mandate,,-1,,False,False,False,,0.0005,0,6654,28490952,True,False,True,True,False,False,False
AIP:F-1-022,A4,AIP:F-1:swap-own-rap,S9,card,False,B3,brand:brobilo.com,True,ALLOW,identity-assertion,,-1,,False,False,False,,0.0005,0,6654,28490952,True,False,True,True,False,False,False
AIP:F-1-022,A4,AIP:F-1:swap-own-rap,S9,card,False,B4,brand:brobilo.com,True,ALLOW,did-wallet,not-applicable,-1,,False,False,False,,0.0005,0,6654,28490952,True,False,True,True,False,False,False
AIP:F-1-022,A4,AIP:F-1:swap-own-rap,S9,card,False,B5,brand:brobilo.com,True,ALLOW,vop,not-applicable,-1,,False,False,False,,0.0004,0,6654,28490952,True,False,True,True,False,False,False
AIP:F-1-022,A4,AIP:F-1:swap-own-rap,S9,card,False,B6,brand:brobilo.com,True,ALLOW,lists,,-1,,False,False,False,,0.0005,0,6654,28490952,True,False,True,True,False,False,False
AIP:F-1-022,A4,AIP:F-1:swap-own-rap,S9,card,False,B7,brand:brobilo.com,True,STEP-UP,delegation,no-delegation-from-asserted-entity,-1,,False,False,False,,0.0045,0,6654,28490952,False,False,False,False,False,True,True
AIP:F-1-022,A4,AIP:F-1:swap-own-rap,S9,card,False,M1-G1,brand:brobilo.com,True,DENY,pav,path-to-different-entity,-1,,False,False,False,,0.6415,7,6654,28490952,False,False,False,False,False,False,False
AIP:F-1-022,A4,AIP:F-1:swap-own-rap,S9,card,False,M1,brand:brobilo.com,True,DENY,route/pav,path-to-different-entity,-1,,False,False,False,,0.6299,7,6654,28490952,False,False,False,False,False,False,False
AIP:F-1-022,A4,AIP:F-1:swap-own-rap,S9,card,False,M2,brand:brobilo.com,True,DENY,route/pav,path-to-different-entity,-1,,False,False,False,,1.0707,7,6654,28490952,False,False,False,False,False,False,False
AIP:F-1-022,A4,AIP:F-1:swap-own-rap,S9,card,False,M3,brand:brobilo.com,True,DENY,route/pav,path-to-different-entity,-1,,False,False,False,,1.108,7,6654,28490952,False,False,False,False,False,False,False
AIP:V5-014,A3,AIP:V5:swap-own-rap,S1,wallet,False,B1,brand:rocul.com,False,ALLOW,curation,,-1,,False,False,False,,0.0017,0,7120,28498741,True,False,True,True,False,False,False
AIP:V5-014,A3,AIP:V5:swap-own-rap,S1,wallet,False,B2,brand:rocul.com,False,ALLOW,mandate,,-1,,False,False,False,,0.0005,0,7120,28498741,True,False,True,True,False,False,False
AIP:V5-014,A3,AIP:V5:swap-own-rap,S1,wallet,False,B3,brand:rocul.com,False,ALLOW,identity-assertion,,-1,,False,False,False,,0.0005,0,7120,28498741,True,False,True,True,False,False,False
AIP:V5-014,A3,AIP:V5:swap-own-rap,S1,wallet,False,B4,brand:rocul.com,False,ALLOW,did-wallet,not-applicable,-1,,False,False,False,,0.0005,0,7120,28498741,True,False,True,True,False,False,False
AIP:V5-014,A3,AIP:V5:swap-own-rap,S1,wallet,False,B5,brand:rocul.com,False,ALLOW,vop,not-applicable,-1,,False,False,False,,0.0005,0,7120,28498741,True,False,True,True,False,False,False
AIP:V5-014,A3,AIP:V5:swap-own-rap,S1,wallet,False,B6,brand:rocul.com,False,ALLOW,lists,,-1,,False,False,False,,0.0006,0,7120,28498741,True,False,True,True,False,False,False
AIP:V5-014,A3,AIP:V5:swap-own-rap,S1,wallet,False,B7,brand:rocul.com,False,STEP-UP,delegation,no-delegation-from-asserted-entity,-1,,False,False,False,,0.0036,0,7120,28498741,False,False,False,False,False,True,True
AIP:V5-014,A3,AIP:V5:swap-own-rap,S1,wallet,False,M1-G1,brand:rocul.com,False,DENY,pav,path-to-different-entity,-1,,False,False,False,,0.6419,7,7120,28498741,False,False,False,False,False,False,False
AIP:V5-014,A3,AIP:V5:swap-own-rap,S1,wallet,False,M1,brand:rocul.com,False,DENY,route/pav,path-to-different-entity,-1,,False,False,False,,0.6128,7,7120,28498741,False,False,False,False,False,False,False
AIP:V5-014,A3,AIP:V5:swap-own-rap,S1,wallet,False,M2,brand:rocul.com,False,DENY,route/pav,path-to-different-entity,-1,,False,False,False,,0.7169,7,7120,28498741,False,False,False,False,False,False,False
AIP:V5-014,A3,AIP:V5:swap-own-rap,S1,wallet,False,M3,brand:rocul.com,False,DENY,route/pav,path-to-different-entity,-1,,False,False,False,,0.8029,7,7120,28498741,False,False,False,False,False,False,False
AIP:V9-028,A3,AIP:V9:swap-own-rap,S12,stablecoin,False,B1,brand:dapoclirk.com,True,ALLOW,curation,,-1,,False,False,False,,0.0013,0,4120,28505621,True,False,True,True,False,False,False
AIP:V9-028,A3,AIP:V9:swap-own-rap,S12,stablecoin,False,B2,brand:dapoclirk.com,True,ALLOW,mandate,,-1,,False,False,False,,0.0005,0,4120,28505621,True,False,True,True,False,False,False
AIP:V9-028,A3,AIP:V9:swap-own-rap,S12,stablecoin,False,B3,brand:dapoclirk.com,True,ALLOW,identity-assertion,,-1,,False,False,False,,0.0007,0,4120,28505621,True,False,True,True,False,False,False
AIP:V9-028,A3,AIP:V9:swap-own-rap,S12,stablecoin,False,B4,brand:dapoclirk.com,True,DENY,did-wallet,wallet-not-bound,-1,,False,False,False,,0.0006,0,4120,28505621,False,False,False,False,False,False,False
AIP:V9-028,A3,AIP:V9:swap-own-rap,S12,stablecoin,False,B5,brand:dapoclirk.com,True,ALLOW,vop,not-applicable,-1,,False,False,False,,0.0006,0,4120,28505621,True,False,True,True,False,False,False
AIP:V9-028,A3,AIP:V9:swap-own-rap,S12,stablecoin,False,B6,brand:dapoclirk.com,True,ALLOW,lists,,-1,,False,False,False,,0.0005,0,4120,28505621,True,False,True,True,False,False,False
AIP:V9-028,A3,AIP:V9:swap-own-rap,S12,stablecoin,False,B7,brand:dapoclirk.com,True,DENY,did-wallet,wallet-not-bound,-1,,False,False,False,,0.0034,0,4120,28505621,False,False,False,False,False,False,False
AIP:V9-028,A3,AIP:V9:swap-own-rap,S12,stablecoin,False,M1-G1,brand:dapoclirk.com,True,DENY,pav,path-to-different-entity,-1,,False,False,False,,0.7086,7,4120,28505621,False,False,False,False,False,False,False
AIP:V9-028,A3,AIP:V9:swap-own-rap,S12,stablecoin,False,M1,brand:dapoclirk.com,True,DENY,route/pav,path-to-different-entity,-1,,False,False,False,,0.6485,7,4120,28505621,False,False,False,False,False,False,False
AIP:V9-028,A3,AIP:V9:swap-own-rap,S12,stablecoin,False,M2,brand:dapoclirk.com,True,DENY,route/pav,path-to-different-entity,-1,,False,False,False,,1.232,7,4120,28505621,False,False,False,False,False,False,False
AIP:V9-028,A3,AIP:V9:swap-own-rap,S12,stablecoin,False,M3,brand:dapoclirk.com,True,DENY,route/pav,path-to-different-entity,-1,,False,False,False,,1.245,7,4120,28505621,False,False,False,False,False,False,False
