case_id,kind,variant,structure,rail,premise_violation,config,intended,impersonated,verdict,stage,reasons,level,mode,undone,detected,breach_certificate,detect_reason,decision_ms,sig_checks,amount,t,executed,lands_legit_if_paid,diverted,loss,false_block,step_up,stepup_would_divert
benign-S6-027,benign,S6,S6,bnpl,False,B1,brand:dricoion.co.uk,False,ALLOW,curation,,-1,,False,False,False,,0.0028,0,4142,25928769,True,True,False,False,False,False,False
benign-S6-027,benign,S6,S6,bnpl,False,B2,brand:dricoion.co.uk,False,ALLOW,mandate,,-1,,False,False,False,,0.0007,0,4142,25928769,True,True,False,False,False,False,False
benign-S6-027,benign,S6,S6,bnpl,False,B3,brand:dricoion.co.uk,False,ALLOW,identity-assertion,,-1,,False,False,False,,0.0009,0,4142,25928769,True,True,False,False,False,False,False
benign-S6-027,benign,S6,S6,bnpl,False,B4,brand:dricoion.co.uk,False,ALLOW,did-wallet,not-applicable,-1,,False,False,False,,0.0007,0,4142,25928769,True,True,False,False,False,False,False
benign-S6-027,benign,S6,S6,bnpl,False,B5,brand:dricoion.co.uk,False,ALLOW,vop,not-applicable,-1,,False,False,False,,0.0007,0,4142,25928769,True,True,False,False,False,False,False
benign-S6-027,benign,S6,S6,bnpl,False,B6,brand:dricoion.co.uk,False,ALLOW,lists,,-1,,False,False,False,,0.001,0,4142,25928769,True,True,False,False,False,False,False
benign-S6-027,benign,S6,S6,bnpl,False,B7,brand:dricoion.co.uk,False,ALLOW,b7,,-1,,False,False,False,,0.6113,6,4142,25928769,True,True,False,False,False,False,False
benign-S6-027,benign,S6,S6,bnpl,False,M1-G1,brand:dricoion.co.uk,False,ALLOW,pav,,1,,False,False,False,,0.913,10,4142,25928769,True,True,False,False,False,False,False
benign-S6-027,benign,S6,S6,bnpl,False,M1,brand:dricoion.co.uk,False,ALLOW,route,,2,,False,False,False,,1.2454,14,4142,25928769,True,True,False,False,False,False,False
benign-S6-027,benign,S6,S6,bnpl,False,M2,brand:dricoion.co.uk,False,ALLOW,route,,2,,False,False,False,,2.3195,14,4142,25928769,True,True,False,False,False,False,False
benign-S6-027,benign,S6,S6,bnpl,False,M3,brand:dricoion.co.uk,False,ALLOW,route,,2,PRE,False,False,False,,2.2237,14,4142,25928769,True,True,False,False,False,False,False
benign-S6-061,benign,S6,S6,bnpl,False,B1,brand:pronubior.com,False,ALLOW,curation,,-1,,False,False,False,,0.001,0,6931,25940486,True,True,False,False,False,False,False
benign-S6-061,benign,S6,S6,bnpl,False,B2,brand:pronubior.com,False,ALLOW,mandate,,-1,,False,False,False,,0.0006,0,6931,25940486,True,True,False,False,False,False,False
benign-S6-061,benign,S6,S6,bnpl,False,B3,brand:pronubior.com,False,ALLOW,identity-assertion,,-1,,False,False,False,,0.0006,0,6931,25940486,True,True,False,False,False,False,False
benign-S6-061,benign,S6,S6,bnpl,False,B4,brand:pronubior.com,False,ALLOW,did-wallet,not-applicable,-1,,False,False,False,,0.0005,0,6931,25940486,True,True,False,False,False,False,False
benign-S6-061,benign,S6,S6,bnpl,False,B5,brand:pronubior.com,False,ALLOW,vop,not-applicable,-1,,False,False,False,,0.0005,0,6931,25940486,True,True,False,False,False,False,False
benign-S6-061,benign,S6,S6,bnpl,False,B6,brand:pronubior.com,False,ALLOW,lists,,-1,,False,False,False,,0.0006,0,6931,25940486,True,True,False,False,False,False,False
benign-S6-061,benign,S6,S6,bnpl,False,B7,brand:pronubior.com,False,ALLOW,b7,,-1,,False,False,False,,0.5462,6,6931,25940486,True,True,False,False,False,False,False
benign-S6-061,benign,S6,S6,bnpl,False,M1-G1,brand:pronubior.com,False,ALLOW,pav,,1,,False,False,False,,0.8794,10,6931,25940486,True,True,False,False,False,False,False
benign-S6-061,benign,S6,S6,bnpl,False,M1,brand:pronubior.com,False,ALLOW,route,,2,,False,False,False,,1.2162,14,6931,25940486,True,True,False,False,False,False,False
benign-S6-061,benign,S6,S6,bnpl,False,M2,brand:pronubior.com,False,ALLOW,route,,2,,False,False,False,,2.2833,14,6931,25940486,True,True,False,False,False,False,False
benign-S6-061,benign,S6,S6,bnpl,False,M3,brand:pronubior.com,False,ALLOW,route,,2,PRE,False,False,False,,2.1927,14,6931,25940486,True,True,False,False,False,False,False
BNPL-A13-007,A13,bnpl:custodian-deviates,S6,bnpl,False,B1,brand:haizeal.com,False,ALLOW,curation,,-1,,False,False,False,,0.001,0,1873,25942440,True,False,True,True,False,False,False
BNPL-A13-007,A13,bnpl:custodian-deviates,S6,bnpl,False,B2,brand:haizeal.com,False,ALLOW,mandate,,-1,,False,False,False,,0.0005,0,1873,25942440,True,False,True,True,False,False,False
BNPL-A13-007,A13,bnpl:custodian-deviates,S6,bnpl,False,B3,brand:haizeal.com,False,ALLOW,identity-assertion,,-1,,False,False,False,,0.0007,0,1873,25942440,True,False,True,True,False,False,False
BNPL-A13-007,A13,bnpl:custodian-deviates,S6,bnpl,False,B4,brand:haizeal.com,False,ALLOW,did-wallet,not-applicable,-1,,False,False,False,,0.0006,0,1873,25942440,True,False,True,True,False,False,False
BNPL-A13-007,A13,bnpl:custodian-deviates,S6,bnpl,False,B5,brand:haizeal.com,False,ALLOW,vop,not-applicable,-1,,False,False,False,,0.0005,0,1873,25942440,True,False,True,True,False,False,False
BNPL-A13-007,A13,bnpl:custodian-deviates,S6,bnpl,False,B6,brand:haizeal.com,False,ALLOW,lists,,-1,,False,False,False,,0.0006,0,1873,25942440,True,False,True,True,False,False,False
BNPL-A13-007,A13,bnpl:custodian-deviates,S6,bnpl,False,B7,brand:haizeal.com,False,ALLOW,b7,,-1,,False,False,False,,0.5596,6,1873,25942440,True,False,True,True,False,False,False
BNPL-A13-007,A13,bnpl:custodian-deviates,S6,bnpl,False,M1-G1,brand:haizeal.com,False,ALLOW,pav,,1,,False,False,False,,0.8676,10,1873,25942440,True,False,True,True,False,False,False
BNPL-A13-007,A13,bnpl:custodian-deviates,S6,bnpl,False,M1,brand:haizeal.com,False,ALLOW,route,,2,,False,False,False,,1.2175,14,1873,25942440,True,False,True,True,False,False,False
BNPL-A13-007,A13,bnpl:custodian-deviates,S6,bnpl,False,M2,brand:haizeal.com,False,ALLOW,route,,2,,False,False,False,,1.886,14,1873,25942440,True,False,True,True,False,False,False
BNPL-A13-007,A13,bnpl:custodian-deviates,S6,bnpl,False,M3,brand:haizeal.com,False,ALLOW,route,,2,PRE,False,True,True,arrival,2.0719,14,1873,25942440,True,False,True,True,False,False,False
benign-S6-041,benign,S6,S6,bnpl,False,B1,brand:bugror.com,False,ALLOW,curation,,-1,,False,False,False,,0.001,0,7672,25968783,True,True,False,False,False,False,False
benign-S6-041,benign,S6,S6,bnpl,False,B2,brand:bugror.com,False,ALLOW,mandate,,-1,,False,False,False,,0.0005,0,7672,25968783,True,True,False,False,False,False,False
benign-S6-041,benign,S6,S6,bnpl,False,B3,brand:bugror.com,False,ALLOW,identity-assertion,,-1,,False,False,False,,0.0005,0,7672,25968783,True,True,False,False,False,False,False
benign-S6-041,benign,S6,S6,bnpl,False,B4,brand:bugror.com,False,ALLOW,did-wallet,not-applicable,-1,,False,False,False,,0.0005,0,7672,25968783,True,True,False,False,False,False,False
benign-S6-041,benign,S6,S6,bnpl,False,B5,brand:bugror.com,False,ALLOW,vop,not-applicable,-1,,False,False,False,,0.0005,0,7672,25968783,True,True,False,False,False,False,False
benign-S6-041,benign,S6,S6,bnpl,False,B6,brand:bugror.com,False,ALLOW,lists,,-1,,False,False,False,,0.0005,0,7672,25968783,True,True,False,False,False,False,False
benign-S6-041,benign,S6,S6,bnpl,False,B7,brand:bugror.com,False,ALLOW,b7,,-1,,False,False,False,,0.5395,6,7672,25968783,True,True,False,False,False,False,False
benign-S6-041,benign,S6,S6,bnpl,False,M1-G1,brand:bugror.com,False,ALLOW,pav,,1,,False,False,False,,0.8906,10,7672,25968783,True,True,False,False,False,False,False
benign-S6-041,benign,S6,S6,bnpl,False,M1,brand:bugror.com,False,ALLOW,route,,2,,False,False,False,,1.2556,14,7672,25968783,True,True,False,False,False,False,False
benign-S6-041,benign,S6,S6,bnpl,False,M2,brand:bugror.com,False,ALLOW,route,,2,,False,False,False,,1.8971,14,7672,25968783,True,True,False,False,False,False,False
benign-S6-041,benign,S6,S6,bnpl,False,M3,brand:bugror.com,False,ALLOW,route,,2,PRE,False,False,False,,1.8276,14,7672,25968783,True,True,False,False,False,False,False
benign-S6-076,benign,S6,S6,bnpl,False,B1,brand:briogem.com,True,ALLOW,curation,,-1,,False,False,False,,0.0008,0,2532,25971838,True,True,False,False,False,False,False
benign-S6-076,benign,S6,S6,bnpl,False,B2,brand:briogem.com,True,ALLOW,mandate,,-1,,False,False,False,,0.0005,0,2532,25971838,True,True,False,False,False,False,False
benign-S6-076,benign,S6,S6,bnpl,False,B3,brand:briogem.com,True,ALLOW,identity-assertion,,-1,,False,False,False,,0.0005,0,2532,25971838,True,True,False,False,False,False,False
benign-S6-076,benign,S6,S6,bnpl,False,B4,brand:briogem.com,True,ALLOW,did-wallet,not-applicable,-1,,False,False,False,,0.0006,0,2532,25971838,True,True,False,False,False,False,False
benign-S6-076,benign,S6,S6,bnpl,False,B5,brand:briogem.com,True,ALLOW,vop,not-applicable,-1,,False,False,False,,0.0005,0,2532,25971838,True,True,False,False,False,False,False
benign-S6-076,benign,S6,S6,bnpl,False,B6,brand:briogem.com,True,ALLOW,lists,,-1,,False,False,False,,0.0005,0,2532,25971838,True,True,False,False,False,False,False
benign-S6-076,benign,S6,S6,bnpl,False,B7,brand:briogem.com,True,ALLOW,b7,,-1,,False,False,False,,0.5549,6,2532,25971838,True,True,False,False,False,False,False
benign-S6-076,benign,S6,S6,bnpl,False,M1-G1,brand:briogem.com,True,ALLOW,pav,,1,,False,False,False,,0.8761,10,2532,25971838,True,True,False,False,False,False,False
benign-S6-076,benign,S6,S6,bnpl,False,M1,brand:briogem.com,True,ALLOW,route,,2,,False,False,False,,1.2214,14,2532,25971838,True,True,False,False,False,False,False
benign-S6-076,benign,S6,S6,bnpl,False,M2,brand:briogem.com,True,ALLOW,route,,2,,False,False,False,,2.2203,14,2532,25971838,True,True,False,False,False,False,False
benign-S6-076,benign,S6,S6,bnpl,False,M3,brand:briogem.com,True,ALLOW,route,,2,PRE,False,False,False,,2.1184,14,2532,25971838,True,True,False,False,False,False,False
BNPL-A11-008,A11,bnpl:transaction-laundering,S6,bnpl,False,B1,brand:neabi.com,False,ALLOW,curation,,-1,,False,False,False,,0.0009,0,1896,25972996,True,False,True,True,False,False,False
BNPL-A11-008,A11,bnpl:transaction-laundering,S6,bnpl,False,B2,brand:neabi.com,False,ALLOW,mandate,,-1,,False,False,False,,0.0005,0,1896,25972996,True,False,True,True,False,False,False
BNPL-A11-008,A11,bnpl:transaction-laundering,S6,bnpl,False,B3,brand:neabi.com,False,ALLOW,identity-assertion,,-1,,False,False,False,,0.0005,0,1896,25972996,True,False,True,True,False,False,False
BNPL-A11-008,A11,bnpl:transaction-laundering,S6,bnpl,False,B4,brand:neabi.com,False,ALLOW,did-wallet,not-applicable,-1,,False,False,False,,0.0005,0,1896,25972996,True,False,True,True,False,False,False
BNPL-A11-008,A11,bnpl:transaction-laundering,S6,bnpl,False,B5,brand:neabi.com,False,ALLOW,vop,not-applicable,-1,,False,False,False,,0.0005,0,1896,25972996,True,False,True,True,False,False,False
BNPL-A11-008,A11,bnpl:transaction-laundering,S6,bnpl,False,B6,brand:neabi.com,False,ALLOW,lists,,-1,,False,False,False,,0.0004,0,1896,25972996,True,False,True,True,False,False,False
BNPL-A11-008,A11,bnpl:transaction-laundering,S6,bnpl,False,B7,brand:neabi.com,False,ALLOW,b7,,-1,,True,True,False,receipt-first-hop,0.5355,6,1896,25972996,True,False,True,False,False,False,False
BNPL-A11-008,A11,bnpl:transaction-laundering,S6,bnpl,False,M1-G1,brand:neabi.com,False,ALLOW,pav,,1,,False,False,False,,0.8749,10,1896,25972996,True,False,True,True,False,False,False
BNPL-A11-008,A11,bnpl:transaction-laundering,S6,bnpl,False,M1,brand:neabi.com,False,ALLOW,route,,2,,False,False,False,,1.2145,14,1896,25972996,True,False,True,True,False,False,False
BNPL-A11-008,A11,bnpl:transaction-laundering,S6,bnpl,False,M2,brand:neabi.com,False,ALLOW,route,,2,,False,False,False,,1.7884,14,1896,25972996,True,False,True,True,False,False,False
BNPL-A11-008,A11,bnpl:transaction-laundering,S6,bnpl,False,M3,brand:neabi.com,False,ALLOW,route,,2,PRE,False,True,False,first-hop,1.7911,14,1896,25972996,True,False,True,True,False,False,False
benign-S6-064,benign,S6,S6,bnpl,False,B1,brand:bugror.com,False,ALLOW,curation,,-1,,False,False,False,,0.001,0,17207,25983552,True,True,False,False,False,False,False
benign-S6-064,benign,S6,S6,bnpl,False,B2,brand:bugror.com,False,ALLOW,mandate,,-1,,False,False,False,,0.0005,0,17207,25983552,True,True,False,False,False,False,False
benign-S6-064,benign,S6,S6,bnpl,False,B3,brand:bugror.com,False,ALLOW,identity-assertion,,-1,,False,False,False,,0.0005,0,17207,25983552,True,True,False,False,False,False,False
benign-S6-064,benign,S6,S6,bnpl,False,B4,brand:bugror.com,False,ALLOW,did-wallet,not-applicable,-1,,False,False,False,,0.0005,0,17207,25983552,True,True,False,False,False,False,False
benign-S6-064,benign,S6,S6,bnpl,False,B5,brand:bugror.com,False,ALLOW,vop,not-applicable,-1,,False,False,False,,0.0005,0,17207,25983552,True,True,False,False,False,False,False
benign-S6-064,benign,S6,S6,bnpl,False,B6,brand:bugror.com,False,ALLOW,lists,,-1,,False,False,False,,0.0005,0,17207,25983552,True,True,False,False,False,False,False
benign-S6-064,benign,S6,S6,bnpl,False,B7,brand:bugror.com,False,ALLOW,b7,,-1,,False,False,False,,0.536,6,17207,25983552,True,True,False,False,False,False,False
benign-S6-064,benign,S6,S6,bnpl,False,M1-G1,brand:bugror.com,False,ALLOW,pav,,1,,False,False,False,,0.9025,10,17207,25983552,True,True,False,False,False,False,False
benign-S6-064,benign,S6,S6,bnpl,False,M1,brand:bugror.com,False,ALLOW,route,,2,,False,False,False,,1.2199,14,17207,25983552,True,True,False,False,False,False,False
benign-S6-064,benign,S6,S6,bnpl,False,M2,brand:bugror.com,False,ALLOW,route,,2,,False,False,False,,1.8968,14,17207,25983552,True,True,False,False,False,False,False
benign-S6-064,benign,S6,S6,bnpl,False,M3,brand:bugror.com,False,ALLOW,route,,2,PRE,False,False,False,,1.8276,14,17207,25983552,True,True,False,False,False,False,False
BNPL-A13-010,A13,bnpl:custodian-deviates,S6,bnpl,False,B1,brand:haizeal.com,False,ALLOW,curation,,-1,,False,False,False,,0.0009,0,6817,25992215,True,False,True,True,False,False,False
BNPL-A13-010,A13,bnpl:custodian-deviates,S6,bnpl,False,B2,brand:haizeal.com,False,ALLOW,mandate,,-1,,False,False,False,,0.0005,0,6817,25992215,True,False,True,True,False,False,False
BNPL-A13-010,A13,bnpl:custodian-deviates,S6,bnpl,False,B3,brand:haizeal.com,False,ALLOW,identity-assertion,,-1,,False,False,False,,0.0006,0,6817,25992215,True,False,True,True,False,False,False
BNPL-A13-010,A13,bnpl:custodian-deviates,S6,bnpl,False,B4,brand:haizeal.com,False,ALLOW,did-wallet,not-applicable,-1,,False,False,False,,0.0005,0,6817,25992215,True,False,True,True,False,False,False
BNPL-A13-010,A13,bnpl:custodian-deviates,S6,bnpl,False,B5,brand:haizeal.com,False,ALLOW,vop,not-applicable,-1,,False,False,False,,0.0005,0,6817,25992215,True,False,True,True,False,False,False
BNPL-A13-010,A13,bnpl:custodian-deviates,S6,bnpl,False,B6,brand:haizeal.com,False,ALLOW,lists,,-1,,False,False,False,,0.0005,0,6817,25992215,True,False,True,True,False,False,False
BNPL-A13-010,A13,bnpl:custodian-deviates,S6,bnpl,False,B7,brand:haizeal.com,False,ALLOW,b7,,-1,,False,False,False,,0.5398,6,6817,25992215,True,False,True,True,False,False,False
BNPL-A13-010,A13,bnpl:custodian-deviates,S6,bnpl,False,M1-G1,brand:haizeal.com,False,ALLOW,pav,,1,,False,False,False,,0.8963,10,6817,25992215,True,False,True,True,False,False,False
BNPL-A13-010,A13,bnpl:custodian-deviates,S6,bnpl,False,M1,brand:haizeal.com,False,ALLOW,route,,2,,False,False,False,,1.2162,14,6817,25992215,True,False,True,True,False,False,False
BNPL-A13-010,A13,bnpl:custodian-deviates,S6,bnpl,False,M2,brand:haizeal.com,False,ALLOW,route,,2,,False,False,False,,1.9146,14,6817,25992215,True,False,True,True,False,False,False
BNPL-A13-010,A13,bnpl:custodian-deviates,S6,bnpl,False,M3,brand:haizeal.com,False,ALLOW,route,,2,PRE,False,True,True,arrival,2.161,14,6817,25992215,True,False,True,True,False,False,False
benign-S6-046,benign,S6,S6,bnpl,False,B1,brand:hegawilo.co.uk,False,ALLOW,curation,,-1,,False,False,False,,0.001,0,2372,26031409,True,True,False,False,False,False,False
benign-S6-046,benign,S6,S6,bnpl,False,B2,brand:hegawilo.co.uk,False,ALLOW,mandate,,-1,,False,False,False,,0.0006,0,2372,26031409,True,True,False,False,False,False,False
benign-S6-046,benign,S6,S6,bnpl,False,B3,brand:hegawilo.co.uk,False,ALLOW,identity-assertion,,-1,,False,False,False,,0.0006,0,2372,26031409,True,True,False,False,False,False,False
benign-S6-046,benign,S6,S6,bnpl,False,B4,brand:hegawilo.co.uk,False,ALLOW,did-wallet,not-applicable,-1,,False,False,False,,0.0005,0,2372,26031409,True,True,False,False,False,False,False
benign-S6-046,benign,S6,S6,bnpl,False,B5,brand:hegawilo.co.uk,False,ALLOW,vop,not-applicable,-1,,False,False,False,,0.0006,0,2372,26031409,True,True,False,False,False,False,False
benign-S6-046,benign,S6,S6,bnpl,False,B6,brand:hegawilo.co.uk,False,ALLOW,lists,,-1,,False,False,False,,0.0007,0,2372,26031409,True,True,False,False,False,False,False
benign-S6-046,benign,S6,S6,bnpl,False,B7,brand:hegawilo.co.uk,False,ALLOW,b7,,-1,,False,False,False,,0.5744,6,2372,26031409,True,True,False,False,False,False,False
benign-S6-046,benign,S6,S6,bnpl,False,M1-G1,brand:hegawilo.co.uk,False,ALLOW,pav,,1,,False,False,False,,0.9185,10,2372,26031409,True,True,False,False,False,False,False
benign-S6-046,benign,S6,S6,bnpl,False,M1,brand:hegawilo.co.uk,False,ALLOW,route,,2,,False,False,False,,1.2753,14,2372,26031409,True,True,False,False,False,False,False
benign-S6-046,benign,S6,S6,bnpl,False,M2,brand:hegawilo.co.uk,False,ALLOW,route,,2,,False,False,False,,2.2052,14,2372,26031409,True,True,False,False,False,False,False
benign-S6-046,benign,S6,S6,bnpl,False,M3,brand:hegawilo.co.uk,False,ALLOW,route,,2,PRE,False,False,False,,2.0943,14,2372,26031409,True,True,False,False,False,False,False
benign-S6-014,benign,S6,S6,bnpl,False,B1,brand:haizeal.com,False,ALLOW,curation,,-1,,False,False,False,,0.0009,0,4274,26047549,True,True,False,False,False,False,False
benign-S6-014,benign,S6,S6,bnpl,False,B2,brand:haizeal.com,False,ALLOW,mandate,,-1,,False,False,False,,0.0005,0,4274,26047549,True,True,False,False,False,False,False
benign-S6-014,benign,S6,S6,bnpl,False,B3,brand:haizeal.com,False,ALLOW,identity-assertion,,-1,,False,False,False,,0.0005,0,4274,26047549,True,True,False,False,False,False,False
benign-S6-014,benign,S6,S6,bnpl,False,B4,brand:haizeal.com,False,ALLOW,did-wallet,not-applicable,-1,,False,False,False,,0.0005,0,4274,26047549,True,True,False,False,False,False,False
benign-S6-014,benign,S6,S6,bnpl,False,B5,brand:haizeal.com,False,ALLOW,vop,not-applicable,-1,,False,False,False,,0.0005,0,4274,26047549,True,True,False,False,False,False,False
benign-S6-014,benign,S6,S6,bnpl,False,B6,brand:haizeal.com,False,ALLOW,lists,,-1,,False,False,False,,0.0006,0,4274,26047549,True,True,False,False,False,False,False
benign-S6-014,benign,S6,S6,bnpl,False,B7,brand:haizeal.com,False,ALLOW,b7,,-1,,False,False,False,,0.542,6,4274,26047549,True,True,False,False,False,False,False
benign-S6-014,benign,S6,S6,bnpl,False,M1-G1,brand:haizeal.com,False,ALLOW,pav,,1,,False,False,False,,0.8691,10,4274,26047549,True,True,False,False,False,False,False
benign-S6-014,benign,S6,S6,bnpl,False,M1,brand:haizeal.com,False,ALLOW,route,,2,,False,False,False,,1.2159,14,4274,26047549,True,True,False,False,False,False,False
benign-S6-014,benign,S6,S6,bnpl,False,M2,brand:haizeal.com,False,ALLOW,route,,2,,False,False,False,,1.8858,14,4274,26047549,True,True,False,False,False,False,False
benign-S6-014,benign,S6,S6,bnpl,False,M3,brand:haizeal.com,False,ALLOW,route,,2,PRE,False,False,False,,1.8098,14,4274,26047549,True,True,False,False,False,False,False
benign-S6-071,benign,S6,S6,bnpl,False,B1,brand:hegawilo.co.uk,False,ALLOW,curation,,-1,,False,False,False,,0.001,0,2312,26056285,True,True,False,False,False,False,False
benign-S6-071,benign,S6,S6,bnpl,False,B2,brand:hegawilo.co.uk,False,ALLOW,mandate,,-1,,False,False,False,,0.0005,0,2312,26056285,True,True,False,False,False,False,False
benign-S6-071,benign,S6,S6,bnpl,False,B3,brand:hegawilo.co.uk,False,ALLOW,identity-assertion,,-1,,False,False,False,,0.0005,0,2312,26056285,True,True,False,False,False,False,False
benign-S6-071,benign,S6,S6,bnpl,False,B4,brand:hegawilo.co.uk,False,ALLOW,did-wallet,not-applicable,-1,,False,False,False,,0.0006,0,2312,26056285,True,True,False,False,False,False,False
benign-S6-071,benign,S6,S6,bnpl,False,B5,brand:hegawilo.co.uk,False,ALLOW,vop,not-applicable,-1,,False,False,False,,0.0005,0,2312,26056285,True,True,False,False,False,False,False
benign-S6-071,benign,S6,S6,bnpl,False,B6,brand:hegawilo.co.uk,False,ALLOW,lists,,-1,,False,False,False,,0.0005,0,2312,26056285,True,True,False,False,False,False,False
benign-S6-071,benign,S6,S6,bnpl,False,B7,brand:hegawilo.co.uk,False,ALLOW,b7,,-1,,False,False,False,,0.538,6,2312,26056285,True,True,False,False,False,False,False
benign-S6-071,benign,S6,S6,bnpl,False,M1-G1,brand:hegawilo.co.uk,False,ALLOW,pav,,1,,False,False,False,,0.8633,10,2312,26056285,True,True,False,False,False,False,False
benign-S6-071,benign,S6,S6,bnpl,False,M1,brand:hegawilo.co.uk,False,ALLOW,route,,2,,False,False,False,,1.2091,14,2312,26056285,True,True,False,False,False,False,False
benign-S6-071,benign,S6,S6,bnpl,False,M2,brand:hegawilo.co.uk,False,ALLOW,route,,2,,False,False,False,,2.1315,14,2312,26056285,True,True,False,False,False,False,False
benign-S6-071,benign,S6,S6,bnpl,False,M3,brand:hegawilo.co.uk,False,ALLOW,route,,2,PRE,False,False,False,,2.1056,14,2312,26056285,True,True,False,False,False,False,False
BNPL-A11-013,A11,bnpl:acquirer-level-swap,S6,bnpl,False,B1,brand:pronubior.com,False,ALLOW,curation,,-1,,False,False,False,,0.0009,0,14382,26081520,True,False,True,True,False,False,False
BNPL-A11-013,A11,bnpl:acquirer-level-swap,S6,bnpl,False,B2,brand:pronubior.com,False,ALLOW,mandate,,-1,,False,False,False,,0.0005,0,14382,26081520,True,False,True,True,False,False,False
BNPL-A11-013,A11,bnpl:acquirer-level-swap,S6,bnpl,False,B3,brand:pronubior.com,False,ALLOW,identity-assertion,,-1,,False,False,False,,0.0005,0,14382,26081520,True,False,True,True,False,False,False
BNPL-A11-013,A11,bnpl:acquirer-level-swap,S6,bnpl,False,B4,brand:pronubior.com,False,ALLOW,did-wallet,not-applicable,-1,,False,False,False,,0.0005,0,14382,26081520,True,False,True,True,False,False,False
BNPL-A11-013,A11,bnpl:acquirer-level-swap,S6,bnpl,False,B5,brand:pronubior.com,False,ALLOW,vop,not-applicable,-1,,False,False,False,,0.0006,0,14382,26081520,True,False,True,True,False,False,False
BNPL-A11-013,A11,bnpl:acquirer-level-swap,S6,bnpl,False,B6,brand:pronubior.com,False,ALLOW,lists,,-1,,False,False,False,,0.0005,0,14382,26081520,True,False,True,True,False,False,False
BNPL-A11-013,A11,bnpl:acquirer-level-swap,S6,bnpl,False,B7,brand:pronubior.com,False,ALLOW,b7,,-1,,False,False,False,,0.5384,6,14382,26081520,True,False,True,True,False,False,False
BNPL-A11-013,A11,bnpl:acquirer-level-swap,S6,bnpl,False,M1-G1,brand:pronubior.com,False,ALLOW,pav,,1,,False,False,False,,0.8672,10,14382,26081520,True,False,True,True,False,False,False
BNPL-A11-013,A11,bnpl:acquirer-level-swap,S6,bnpl,False,M1,brand:pronubior.com,False,ALLOW,route,,2,,False,False,False,,1.2149,14,14382,26081520,True,False,True,True,False,False,False
BNPL-A11-013,A11,bnpl:acquirer-level-swap,S6,bnpl,False,M2,brand:pronubior.com,False,ALLOW,route,,2,,False,False,False,,2.2713,14,14382,26081520,True,False,True,True,False,False,False
BNPL-A11-013,A11,bnpl:acquirer-level-swap,S6,bnpl,False,M3,brand:pronubior.com,False,ALLOW,route,,2,PRE,False,True,False,first-hop,2.2915,14,14382,26081520,True,False,True,True,False,False,False
BNPL-A13-014,A13,bnpl:custodian-deviates,S6,bnpl,False,B1,brand:pronubior.com,False,ALLOW,curation,,-1,,False,False,False,,0.0008,0,3308,26086964,True,False,True,True,False,False,False
BNPL-A13-014,A13,bnpl:custodian-deviates,S6,bnpl,False,B2,brand:pronubior.com,False,ALLOW,mandate,,-1,,False,False,False,,0.0005,0,3308,26086964,True,False,True,True,False,False,False
BNPL-A13-014,A13,bnpl:custodian-deviates,S6,bnpl,False,B3,brand:pronubior.com,False,ALLOW,identity-assertion,,-1,,False,False,False,,0.0005,0,3308,26086964,True,False,True,True,False,False,False
BNPL-A13-014,A13,bnpl:custodian-deviates,S6,bnpl,False,B4,brand:pronubior.com,False,ALLOW,did-wallet,not-applicable,-1,,False,False,False,,0.0006,0,3308,26086964,True,False,True,True,False,False,False
BNPL-A13-014,A13,bnpl:custodian-deviates,S6,bnpl,False,B5,brand:pronubior.com,False,ALLOW,vop,not-applicable,-1,,False,False,False,,0.0005,0,3308,26086964,True,False,True,True,False,False,False
BNPL-A13-014,A13,bnpl:custodian-deviates,S6,bnpl,False,B6,brand:pronubior.com,False,ALLOW,lists,,-1,,False,False,False,,0.0004,0,3308,26086964,True,False,True,True,False,False,False
BNPL-A13-014,A13,bnpl:custodian-deviates,S6,bnpl,False,B7,brand:pronubior.com,False,STEP-UP,name-anchor,name-mismatch,-1,,False,False,False,,0.0041,0,3308,26086964,False,False,False,False,False,True,True
BNPL-A13-014,A13,bnpl:custodian-deviates,S6,bnpl,False,M1-G1,brand:pronubior.com,False,ALLOW,pav,,1,,False,False,False,,0.8706,10,3308,26086964,True,False,True,True,False,False,False
BNPL-A13-014,A13,bnpl:custodian-deviates,S6,bnpl,False,M1,brand:pronubior.com,False,ALLOW,route,,2,,False,False,False,,1.2157,14,3308,26086964,True,False,True,True,False,False,False
BNPL-A13-014,A13,bnpl:custodian-deviates,S6,bnpl,False,M2,brand:pronubior.com,False,ALLOW,route,,2,,False,False,False,,2.1868,14,3308,26086964,True,False,True,True,False,False,False
BNPL-A13-014,A13,bnpl:custodian-deviates,S6,bnpl,False,M3,brand:pronubior.com,False,ALLOW,route,,2,PRE,False,True,True,arrival,2.3354,14,3308,26086964,True,False,True,True,False,False,False
BNPL-A11-014,A11,bnpl:transaction-laundering,S6,bnpl,False,B1,brand:bugror.com,False,ALLOW,curation,,-1,,False,False,False,,0.0009,0,1718,26100216,True,False,True,True,False,False,False
BNPL-A11-014,A11,bnpl:transaction-laundering,S6,bnpl,False,B2,brand:bugror.com,False,ALLOW,mandate,,-1,,False,False,False,,0.0005,0,1718,26100216,True,False,True,True,False,False,False
BNPL-A11-014,A11,bnpl:transaction-laundering,S6,bnpl,False,B3,brand:bugror.com,False,ALLOW,identity-assertion,,-1,,False,False,False,,0.0005,0,1718,26100216,True,False,True,True,False,False,False
BNPL-A11-014,A11,bnpl:transaction-laundering,S6,bnpl,False,B4,brand:bugror.com,False,ALLOW,did-wallet,not-applicable,-1,,False,False,False,,0.0005,0,1718,26100216,True,False,True,True,False,False,False
BNPL-A11-014,A11,bnpl:transaction-laundering,S6,bnpl,False,B5,brand:bugror.com,False,ALLOW,vop,not-applicable,-1,,False,False,False,,0.0005,0,1718,26100216,True,False,True,True,False,False,False
BNPL-A11-014,A11,bnpl:transaction-laundering,S6,bnpl,False,B6,brand:bugror.com,False,ALLOW,lists,,-1,,False,False,False,,0.0005,0,1718,26100216,True,False,True,True,False,False,False
BNPL-A11-014,A11,bnpl:transaction-laundering,S6,bnpl,False,B7,brand:bugror.com,False,ALLOW,b7,,-1,,True,True,False,receipt-first-hop,0.5882,6,1718,26100216,True,False,True,False,False,False,False
BNPL-A11-014,A11,bnpl:transaction-laundering,S6,bnpl,False,M1-G1,brand:bugror.com,False,ALLOW,pav,,1,,False,False,False,,0.9087,10,1718,26100216,True,False,True,True,False,False,False
BNPL-A11-014,A11,bnpl:transaction-laundering,S6,bnpl,False,M1,brand:bugror.com,False,ALLOW,route,,2,,False,False,False,,1.23,14,1718,26100216,True,False,True,True,False,False,False
BNPL-A11-014,A11,bnpl:transaction-laundering,S6,bnpl,False,M2,brand:bugror.com,False,ALLOW,route,,2,,False,False,False,,1.9441,14,1718,26100216,True,False,True,True,False,False,False
BNPL-A11-014,A11,bnpl:transaction-laundering,S6,bnpl,False,M3,brand:bugror.com,False,ALLOW,route,,2,PRE,False,True,False,first-hop,1.9551,14,1718,26100216,True,False,True,True,False,False,False
BNPL-A3-005,A3,bnpl:swap-no-rap,S6,bnpl,False,B1,brand:flaigo.com,True,ALLOW,curation,,-1,,False,False,False,,0.0011,0,2997,26107484,True,False,True,True,False,False,False
BNPL-A3-005,A3,bnpl:swap-no-rap,S6,bnpl,False,B2,brand:flaigo.com,True,DENY,mandate,payee-changed-after-signing,-1,,False,False,False,,0.0006,0,2997,26107484,False,False,False,False,False,False,False
BNPL-A3-005,A3,bnpl:swap-no-rap,S6,bnpl,False,B3,brand:flaigo.com,True,ALLOW,identity-assertion,,-1,,False,False,False,,0.0007,0,2997,26107484,True,False,True,True,False,False,False
BNPL-A3-005,A3,bnpl:swap-no-rap,S6,bnpl,False,B4,brand:flaigo.com,True,ALLOW,did-wallet,not-applicable,-1,,False,False,False,,0.0005,0,2997,26107484,True,False,True,True,False,False,False
BNPL-A3-005,A3,bnpl:swap-no-rap,S6,bnpl,False,B5,brand:flaigo.com,True,ALLOW,vop,not-applicable,-1,,False,False,False,,0.0004,0,2997,26107484,True,False,True,True,False,False,False
BNPL-A3-005,A3,bnpl:swap-no-rap,S6,bnpl,False,B6,brand:flaigo.com,True,ALLOW,lists,,-1,,False,False,False,,0.0005,0,2997,26107484,True,False,True,True,False,False,False
BNPL-A3-005,A3,bnpl:swap-no-rap,S6,bnpl,False,B7,brand:flaigo.com,True,DENY,mandate,payee-changed-after-signing,-1,,False,False,False,,0.0024,0,2997,26107484,False,False,False,False,False,False,False
BNPL-A3-005,A3,bnpl:swap-no-rap,S6,bnpl,False,M1-G1,brand:flaigo.com,True,STEP-UP,pav,no-path,-1,,False,False,False,,0.003,0,2997,26107484,False,False,False,False,False,True,True
BNPL-A3-005,A3,bnpl:swap-no-rap,S6,bnpl,False,M1,brand:flaigo.com,True,STEP-UP,route,no-path,-1,,False,False,False,,0.0015,0,2997,26107484,False,False,False,False,False,True,True
BNPL-A3-005,A3,bnpl:swap-no-rap,S6,bnpl,False,M2,brand:flaigo.com,True,STEP-UP,route,no-path,-1,,False,False,False,,0.4206,0,2997,26107484,False,False,False,False,False,True,True
BNPL-A3-005,A3,bnpl:swap-no-rap,S6,bnpl,False,M3,brand:flaigo.com,True,STEP-UP,route,no-path,-1,,False,False,False,,0.3997,0,2997,26107484,False,False,False,False,False,True,True
BNPL-A3-007,A3,bnpl:swap-own-rap,S6,bnpl,False,B1,brand:pronubior.com,False,ALLOW,curation,,-1,,False,False,False,,0.0011,0,13676,26147263,True,False,True,True,False,False,False
BNPL-A3-007,A3,bnpl:swap-own-rap,S6,bnpl,False,B2,brand:pronubior.com,False,DENY,mandate,payee-changed-after-signing,-1,,False,False,False,,0.0007,0,13676,26147263,False,False,False,False,False,False,False
BNPL-A3-007,A3,bnpl:swap-own-rap,S6,bnpl,False,B3,brand:pronubior.com,False,ALLOW,identity-assertion,,-1,,False,False,False,,0.0007,0,13676,26147263,True,False,True,True,False,False,False
BNPL-A3-007,A3,bnpl:swap-own-rap,S6,bnpl,False,B4,brand:pronubior.com,False,ALLOW,did-wallet,not-applicable,-1,,False,False,False,,0.0005,0,13676,26147263,True,False,True,True,False,False,False
BNPL-A3-007,A3,bnpl:swap-own-rap,S6,bnpl,False,B5,brand:pronubior.com,False,ALLOW,vop,not-applicable,-1,,False,False,False,,0.0005,0,13676,26147263,True,False,True,True,False,False,False
BNPL-A3-007,A3,bnpl:swap-own-rap,S6,bnpl,False,B6,brand:pronubior.com,False,ALLOW,lists,,-1,,False,False,False,,0.0005,0,13676,26147263,True,False,True,True,False,False,False
BNPL-A3-007,A3,bnpl:swap-own-rap,S6,bnpl,False,B7,brand:pronubior.com,False,DENY,mandate,payee-changed-after-signing,-1,,False,False,False,,0.0027,0,13676,26147263,False,False,False,False,False,False,False
BNPL-A3-007,A3,bnpl:swap-own-rap,S6,bnpl,False,M1-G1,brand:pronubior.com,False,STEP-UP,pav,scope,-1,,False,False,False,,0.6757,7,13676,26147263,False,False,False,False,False,True,True
BNPL-A3-007,A3,bnpl:swap-own-rap,S6,bnpl,False,M1,brand:pronubior.com,False,STEP-UP,route/pav,scope,-1,,False,False,False,,0.7498,7,13676,26147263,False,False,False,False,False,True,True
BNPL-A3-007,A3,bnpl:swap-own-rap,S6,bnpl,False,M2,brand:pronubior.com,False,STEP-UP,route/pav,scope,-1,,False,False,False,,1.2944,7,13676,26147263,False,False,False,False,False,True,True
BNPL-A3-007,A3,bnpl:swap-own-rap,S6,bnpl,False,M3,brand:pronubior.com,False,STEP-UP,route/pav,scope,-1,,False,False,False,,1.1925,7,13676,26147263,False,False,False,False,False,True,True
benign-S6-057,benign,S6,S6,bnpl,False,B1,brand:pronubior.com,False,ALLOW,curation,,-1,,False,False,False,,0.0012,0,4574,26166775,True,True,False,False,False,False,False
benign-S6-057,benign,S6,S6,bnpl,False,B2,brand:pronubior.com,False,ALLOW,mandate,,-1,,False,False,False,,0.0007,0,4574,26166775,True,True,False,False,False,False,False
benign-S6-057,benign,S6,S6,bnpl,False,B3,brand:pronubior.com,False,ALLOW,identity-assertion,,-1,,False,False,False,,0.0007,0,4574,26166775,True,True,False,False,False,False,False
benign-S6-057,benign,S6,S6,bnpl,False,B4,brand:pronubior.com,False,ALLOW,did-wallet,not-applicable,-1,,False,False,False,,0.0006,0,4574,26166775,True,True,False,False,False,False,False
benign-S6-057,benign,S6,S6,bnpl,False,B5,brand:pronubior.com,False,ALLOW,vop,not-applicable,-1,,False,False,False,,0.0005,0,4574,26166775,True,True,False,False,False,False,False
benign-S6-057,benign,S6,S6,bnpl,False,B6,brand:pronubior.com,False,ALLOW,lists,,-1,,False,False,False,,0.0005,0,4574,26166775,True,True,False,False,False,False,False
benign-S6-057,benign,S6,S6,bnpl,False,B7,brand:pronubior.com,False,ALLOW,b7,,-1,,False,False,False,,0.5655,6,4574,26166775,True,True,False,False,False,False,False
benign-S6-057,benign,S6,S6,bnpl,False,M1-G1,brand:pronubior.com,False,ALLOW,pav,,1,,False,False,False,,0.9081,10,4574,26166775,True,True,False,False,False,False,False
benign-S6-057,benign,S6,S6,bnpl,False,M1,brand:pronubior.com,False,ALLOW,route,,2,,False,False,False,,1.2798,14,4574,26166775,True,True,False,False,False,False,False
benign-S6-057,benign,S6,S6,bnpl,False,M2,brand:pronubior.com,False,ALLOW,route,,2,,False,False,False,,2.3444,14,4574,26166775,True,True,False,False,False,False,False
benign-S6-057,benign,S6,S6,bnpl,False,M3,brand:pronubior.com,False,ALLOW,route,,2,PRE,False,False,False,,2.3023,14,4574,26166775,True,True,False,False,False,False,False
BNPL-A13-006,A13,bnpl:custodian-deviates,S6,bnpl,False,B1,brand:neabi.com,False,ALLOW,curation,,-1,,False,False,False,,0.0009,0,6822,26178333,True,False,True,True,False,False,False
BNPL-A13-006,A13,bnpl:custodian-deviates,S6,bnpl,False,B2,brand:neabi.com,False,ALLOW,mandate,,-1,,False,False,False,,0.0006,0,6822,26178333,True,False,True,True,False,False,False
BNPL-A13-006,A13,bnpl:custodian-deviates,S6,bnpl,False,B3,brand:neabi.com,False,ALLOW,identity-assertion,,-1,,False,False,False,,0.0006,0,6822,26178333,True,False,True,True,False,False,False
BNPL-A13-006,A13,bnpl:custodian-deviates,S6,bnpl,False,B4,brand:neabi.com,False,ALLOW,did-wallet,not-applicable,-1,,False,False,False,,0.0005,0,6822,26178333,True,False,True,True,False,False,False
BNPL-A13-006,A13,bnpl:custodian-deviates,S6,bnpl,False,B5,brand:neabi.com,False,ALLOW,vop,not-applicable,-1,,False,False,False,,0.0005,0,6822,26178333,True,False,True,True,False,False,False
BNPL-A13-006,A13,bnpl:custodian-deviates,S6,bnpl,False,B6,brand:neabi.com,False,ALLOW,lists,,-1,,False,False,False,,0.0005,0,6822,26178333,True,False,True,True,False,False,False
BNPL-A13-006,A13,bnpl:custodian-deviates,S6,bnpl,False,B7,brand:neabi.com,False,ALLOW,b7,,-1,,False,False,False,,0.5728,6,6822,26178333,True,False,True,True,False,False,False
BNPL-A13-006,A13,bnpl:custodian-deviates,S6,bnpl,False,M1-G1,brand:neabi.com,False,ALLOW,pav,,1,,False,False,False,,0.8871,10,6822,26178333,True,False,True,True,False,False,False
BNPL-A13-006,A13,bnpl:custodian-deviates,S6,bnpl,False,M1,brand:neabi.com,False,ALLOW,route,,2,,False,False,False,,1.3114,14,6822,26178333,True,False,True,True,False,False,False
BNPL-A13-006,A13,bnpl:custodian-deviates,S6,bnpl,False,M2,brand:neabi.com,False,ALLOW,route,,2,,False,False,False,,1.8322,14,6822,26178333,True,False,True,True,False,False,False
BNPL-A13-006,A13,bnpl:custodian-deviates,S6,bnpl,False,M3,brand:neabi.com,False,ALLOW,route,,2,PRE,False,True,True,arrival,2.017,14,6822,26178333,True,False,True,True,False,False,False
benign-S6-036,benign,S6,S6,bnpl,False,B1,brand:hegawilo.co.uk,False,ALLOW,curation,,-1,,False,False,False,,0.0017,0,5570,26195043,True,True,False,False,False,False,False
benign-S6-036,benign,S6,S6,bnpl,False,B2,brand:hegawilo.co.uk,False,ALLOW,mandate,,-1,,False,False,False,,0.0006,0,5570,26195043,True,True,False,False,False,False,False
benign-S6-036,benign,S6,S6,bnpl,False,B3,brand:hegawilo.co.uk,False,ALLOW,identity-assertion,,-1,,False,False,False,,0.0007,0,5570,26195043,True,True,False,False,False,False,False
benign-S6-036,benign,S6,S6,bnpl,False,B4,brand:hegawilo.co.uk,False,ALLOW,did-wallet,not-applicable,-1,,False,False,False,,0.0006,0,5570,26195043,True,True,False,False,False,False,False
benign-S6-036,benign,S6,S6,bnpl,False,B5,brand:hegawilo.co.uk,False,ALLOW,vop,not-applicable,-1,,False,False,False,,0.0006,0,5570,26195043,True,True,False,False,False,False,False
benign-S6-036,benign,S6,S6,bnpl,False,B6,brand:hegawilo.co.uk,False,ALLOW,lists,,-1,,False,False,False,,0.0006,0,5570,26195043,True,True,False,False,False,False,False
benign-S6-036,benign,S6,S6,bnpl,False,B7,brand:hegawilo.co.uk,False,ALLOW,b7,,-1,,False,False,False,,0.662,6,5570,26195043,True,True,False,False,False,False,False
benign-S6-036,benign,S6,S6,bnpl,False,M1-G1,brand:hegawilo.co.uk,False,ALLOW,pav,,1,,False,False,False,,0.9775,10,5570,26195043,True,True,False,False,False,False,False
benign-S6-036,benign,S6,S6,bnpl,False,M1,brand:hegawilo.co.uk,False,ALLOW,route,,2,,False,False,False,,1.269,14,5570,26195043,True,True,False,False,False,False,False
benign-S6-036,benign,S6,S6,bnpl,False,M2,brand:hegawilo.co.uk,False,ALLOW,route,,2,,False,False,False,,2.2603,14,5570,26195043,True,True,False,False,False,False,False
benign-S6-036,benign,S6,S6,bnpl,False,M3,brand:hegawilo.co.uk,False,ALLOW,route,,2,PRE,False,False,False,,2.0891,14,5570,26195043,True,True,False,False,False,False,False
BNPL-A4-010,A4,bnpl:feed-own-rap,S6,bnpl,False,B1,brand:briogem.com,True,ALLOW,curation,,-1,,False,False,False,,0.0011,0,12152,26217818,True,False,True,True,False,False,False
BNPL-A4-010,A4,bnpl:feed-own-rap,S6,bnpl,False,B2,brand:briogem.com,True,ALLOW,mandate,,-1,,False,False,False,,0.0005,0,12152,26217818,True,False,True,True,False,False,False
BNPL-A4-010,A4,bnpl:feed-own-rap,S6,bnpl,False,B3,brand:briogem.com,True,ALLOW,identity-assertion,,-1,,False,False,False,,0.0006,0,12152,26217818,True,False,True,True,False,False,False
BNPL-A4-010,A4,bnpl:feed-own-rap,S6,bnpl,False,B4,brand:briogem.com,True,ALLOW,did-wallet,not-applicable,-1,,False,False,False,,0.0006,0,12152,26217818,True,False,True,True,False,False,False
BNPL-A4-010,A4,bnpl:feed-own-rap,S6,bnpl,False,B5,brand:briogem.com,True,ALLOW,vop,not-applicable,-1,,False,False,False,,0.0006,0,12152,26217818,True,False,True,True,False,False,False
BNPL-A4-010,A4,bnpl:feed-own-rap,S6,bnpl,False,B6,brand:briogem.com,True,ALLOW,lists,,-1,,False,False,False,,0.0005,0,12152,26217818,True,False,True,True,False,False,False
BNPL-A4-010,A4,bnpl:feed-own-rap,S6,bnpl,False,B7,brand:briogem.com,True,STEP-UP,delegation,no-delegation-from-asserted-entity,-1,,False,False,False,,0.0045,0,12152,26217818,False,False,False,False,False,True,True
BNPL-A4-010,A4,bnpl:feed-own-rap,S6,bnpl,False,M1-G1,brand:briogem.com,True,STEP-UP,pav,scope,-1,,False,False,False,,0.6361,7,12152,26217818,False,False,False,False,False,True,True
BNPL-A4-010,A4,bnpl:feed-own-rap,S6,bnpl,False,M1,brand:briogem.com,True,STEP-UP,route/pav,scope,-1,,False,False,False,,0.6073,7,12152,26217818,False,False,False,False,False,True,True
BNPL-A4-010,A4,bnpl:feed-own-rap,S6,bnpl,False,M2,brand:briogem.com,True,STEP-UP,route/pav,scope,-1,,False,False,False,,1.1233,7,12152,26217818,False,False,False,False,False,True,True
BNPL-A4-010,A4,bnpl:feed-own-rap,S6,bnpl,False,M3,brand:briogem.com,True,STEP-UP,route/pav,scope,-1,,False,False,False,,1.1372,7,12152,26217818,False,False,False,False,False,True,True
BNPL-A11-004,A11,bnpl:transaction-laundering,S6,bnpl,False,B1,brand:neabi.com,False,ALLOW,curation,,-1,,False,False,False,,0.0009,0,2557,26218420,True,False,True,True,False,False,False
BNPL-A11-004,A11,bnpl:transaction-laundering,S6,bnpl,False,B2,brand:neabi.com,False,ALLOW,mandate,,-1,,False,False,False,,0.0005,0,2557,26218420,True,False,True,True,False,False,False
BNPL-A11-004,A11,bnpl:transaction-laundering,S6,bnpl,False,B3,brand:neabi.com,False,ALLOW,identity-assertion,,-1,,False,False,False,,0.0006,0,2557,26218420,True,False,True,True,False,False,False
BNPL-A11-004,A11,bnpl:transaction-laundering,S6,bnpl,False,B4,brand:neabi.com,False,ALLOW,did-wallet,not-applicable,-1,,False,False,False,,0.0005,0,2557,26218420,True,False,True,True,False,False,False
BNPL-A11-004,A11,bnpl:transaction-laundering,S6,bnpl,False,B5,brand:neabi.com,False,ALLOW,vop,not-applicable,-1,,False,False,False,,0.0005,0,2557,26218420,True,False,True,True,False,False,False
BNPL-A11-004,A11,bnpl:transaction-laundering,S6,bnpl,False,B6,brand:neabi.com,False,ALLOW,lists,,-1,,False,False,False,,0.0005,0,2557,26218420,True,False,True,True,False,False,False
BNPL-A11-004,A11,bnpl:transaction-laundering,S6,bnpl,False,B7,brand:neabi.com,False,ALLOW,b7,,-1,,True,True,False,receipt-first-hop,0.5424,6,2557,26218420,True,False,True,False,False,False,False
BNPL-A11-004,A11,bnpl:transaction-laundering,S6,bnpl,False,M1-G1,brand:neabi.com,False,ALLOW,pav,,1,,False,False,False,,0.8928,10,2557,26218420,True,False,True,True,False,False,False
BNPL-A11-004,A11,bnpl:transaction-laundering,S6,bnpl,False,M1,brand:neabi.com,False,ALLOW,route,,2,,False,False,False,,1.22,14,2557,26218420,True,False,True,True,False,False,False
BNPL-A11-004,A11,bnpl:transaction-laundering,S6,bnpl,False,M2,brand:neabi.com,False,ALLOW,route,,2,,False,False,False,,1.8159,14,2557,26218420,True,False,True,True,False,False,False
BNPL-A11-004,A11,bnpl:transaction-laundering,S6,bnpl,False,M3,brand:neabi.com,False,ALLOW,route,,2,PRE,False,True,False,first-hop,1.8375,14,2557,26218420,True,False,True,True,False,False,False
benign-S6-060,benign,S6,S6,bnpl,False,B1,brand:pronubior.com,False,ALLOW,curation,,-1,,False,False,False,,0.001,0,5365,26239765,True,True,False,False,False,False,False
benign-S6-060,benign,S6,S6,bnpl,False,B2,brand:pronubior.com,False,ALLOW,mandate,,-1,,False,False,False,,0.0007,0,5365,26239765,True,True,False,False,False,False,False
benign-S6-060,benign,S6,S6,bnpl,False,B3,brand:pronubior.com,False,ALLOW,identity-assertion,,-1,,False,False,False,,0.0006,0,5365,26239765,True,True,False,False,False,False,False
benign-S6-060,benign,S6,S6,bnpl,False,B4,brand:pronubior.com,False,ALLOW,did-wallet,not-applicable,-1,,False,False,False,,0.0006,0,5365,26239765,True,True,False,False,False,False,False
benign-S6-060,benign,S6,S6,bnpl,False,B5,brand:pronubior.com,False,ALLOW,vop,not-applicable,-1,,False,False,False,,0.0005,0,5365,26239765,True,True,False,False,False,False,False
benign-S6-060,benign,S6,S6,bnpl,False,B6,brand:pronubior.com,False,ALLOW,lists,,-1,,False,False,False,,0.0005,0,5365,26239765,True,True,False,False,False,False,False
benign-S6-060,benign,S6,S6,bnpl,False,B7,brand:pronubior.com,False,ALLOW,b7,,-1,,False,False,False,,0.5458,6,5365,26239765,True,True,False,False,False,False,False
benign-S6-060,benign,S6,S6,bnpl,False,M1-G1,brand:pronubior.com,False,ALLOW,pav,,1,,False,False,False,,0.8678,10,5365,26239765,True,True,False,False,False,False,False
benign-S6-060,benign,S6,S6,bnpl,False,M1,brand:pronubior.com,False,ALLOW,route,,2,,False,False,False,,1.2208,14,5365,26239765,True,True,False,False,False,False,False
benign-S6-060,benign,S6,S6,bnpl,False,M2,brand:pronubior.com,False,ALLOW,route,,2,,False,False,False,,2.2747,14,5365,26239765,True,True,False,False,False,False,False
benign-S6-060,benign,S6,S6,bnpl,False,M3,brand:pronubior.com,False,ALLOW,route,,2,PRE,False,False,False,,2.215,14,5365,26239765,True,True,False,False,False,False,False
BNPL-A13-008,A13,bnpl:custodian-deviates,S6,bnpl,False,B1,brand:dricoion.co.uk,False,ALLOW,curation,,-1,,False,False,False,,0.001,0,1877,26249133,True,False,True,True,False,False,False
BNPL-A13-008,A13,bnpl:custodian-deviates,S6,bnpl,False,B2,brand:dricoion.co.uk,False,ALLOW,mandate,,-1,,False,False,False,,0.0005,0,1877,26249133,True,False,True,True,False,False,False
BNPL-A13-008,A13,bnpl:custodian-deviates,S6,bnpl,False,B3,brand:dricoion.co.uk,False,ALLOW,identity-assertion,,-1,,False,False,False,,0.0005,0,1877,26249133,True,False,True,True,False,False,False
BNPL-A13-008,A13,bnpl:custodian-deviates,S6,bnpl,False,B4,brand:dricoion.co.uk,False,ALLOW,did-wallet,not-applicable,-1,,False,False,False,,0.0005,0,1877,26249133,True,False,True,True,False,False,False
BNPL-A13-008,A13,bnpl:custodian-deviates,S6,bnpl,False,B5,brand:dricoion.co.uk,False,ALLOW,vop,not-applicable,-1,,False,False,False,,0.0005,0,1877,26249133,True,False,True,True,False,False,False
BNPL-A13-008,A13,bnpl:custodian-deviates,S6,bnpl,False,B6,brand:dricoion.co.uk,False,ALLOW,lists,,-1,,False,False,False,,0.0005,0,1877,26249133,True,False,True,True,False,False,False
BNPL-A13-008,A13,bnpl:custodian-deviates,S6,bnpl,False,B7,brand:dricoion.co.uk,False,ALLOW,b7,,-1,,False,False,False,,0.5417,6,1877,26249133,True,False,True,True,False,False,False
BNPL-A13-008,A13,bnpl:custodian-deviates,S6,bnpl,False,M1-G1,brand:dricoion.co.uk,False,ALLOW,pav,,1,,False,False,False,,0.871,10,1877,26249133,True,False,True,True,False,False,False
BNPL-A13-008,A13,bnpl:custodian-deviates,S6,bnpl,False,M1,brand:dricoion.co.uk,False,ALLOW,route,,2,,False,False,False,,1.2137,14,1877,26249133,True,False,True,True,False,False,False
BNPL-A13-008,A13,bnpl:custodian-deviates,S6,bnpl,False,M2,brand:dricoion.co.uk,False,ALLOW,route,,2,,False,False,False,,2.2408,14,1877,26249133,True,False,True,True,False,False,False
BNPL-A13-008,A13,bnpl:custodian-deviates,S6,bnpl,False,M3,brand:dricoion.co.uk,False,ALLOW,route,,2,PRE,False,True,True,arrival,2.4304,14,1877,26249133,True,False,True,True,False,False,False
benign-S6-026,benign,S6,S6,bnpl,False,B1,brand:briogem.com,True,ALLOW,curation,,-1,,False,False,False,,0.001,0,4424,26271286,True,True,False,False,False,False,False
benign-S6-026,benign,S6,S6,bnpl,False,B2,brand:briogem.com,True,ALLOW,mandate,,-1,,False,False,False,,0.0005,0,4424,26271286,True,True,False,False,False,False,False
benign-S6-026,benign,S6,S6,bnpl,False,B3,brand:briogem.com,True,ALLOW,identity-assertion,,-1,,False,False,False,,0.0005,0,4424,26271286,True,True,False,False,False,False,False
benign-S6-026,benign,S6,S6,bnpl,False,B4,brand:briogem.com,True,ALLOW,did-wallet,not-applicable,-1,,False,False,False,,0.0006,0,4424,26271286,True,True,False,False,False,False,False
benign-S6-026,benign,S6,S6,bnpl,False,B5,brand:briogem.com,True,ALLOW,vop,not-applicable,-1,,False,False,False,,0.0005,0,4424,26271286,True,True,False,False,False,False,False
benign-S6-026,benign,S6,S6,bnpl,False,B6,brand:briogem.com,True,ALLOW,lists,,-1,,False,False,False,,0.0006,0,4424,26271286,True,True,False,False,False,False,False
benign-S6-026,benign,S6,S6,bnpl,False,B7,brand:briogem.com,True,ALLOW,b7,,-1,,False,False,False,,0.5422,6,4424,26271286,True,True,False,False,False,False,False
benign-S6-026,benign,S6,S6,bnpl,False,M1-G1,brand:briogem.com,True,ALLOW,pav,,1,,False,False,False,,0.9139,10,4424,26271286,True,True,False,False,False,False,False
benign-S6-026,benign,S6,S6,bnpl,False,M1,brand:briogem.com,True,ALLOW,route,,2,,False,False,False,,1.2631,14,4424,26271286,True,True,False,False,False,False,False
benign-S6-026,benign,S6,S6,bnpl,False,M2,brand:briogem.com,True,ALLOW,route,,2,,False,False,False,,2.21,14,4424,26271286,True,True,False,False,False,False,False
benign-S6-026,benign,S6,S6,bnpl,False,M3,brand:briogem.com,True,ALLOW,route,,2,PRE,False,False,False,,2.1779,14,4424,26271286,True,True,False,False,False,False,False
benign-S6-038,benign,S6,S6,bnpl,False,B1,brand:briogem.com,True,ALLOW,curation,,-1,,False,False,False,,0.0009,0,3159,26303664,True,True,False,False,False,False,False
benign-S6-038,benign,S6,S6,bnpl,False,B2,brand:briogem.com,True,ALLOW,mandate,,-1,,False,False,False,,0.0005,0,3159,26303664,True,True,False,False,False,False,False
benign-S6-038,benign,S6,S6,bnpl,False,B3,brand:briogem.com,True,ALLOW,identity-assertion,,-1,,False,False,False,,0.0005,0,3159,26303664,True,True,False,False,False,False,False
benign-S6-038,benign,S6,S6,bnpl,False,B4,brand:briogem.com,True,ALLOW,did-wallet,not-applicable,-1,,False,False,False,,0.0007,0,3159,26303664,True,True,False,False,False,False,False
benign-S6-038,benign,S6,S6,bnpl,False,B5,brand:briogem.com,True,ALLOW,vop,not-applicable,-1,,False,False,False,,0.0005,0,3159,26303664,True,True,False,False,False,False,False
benign-S6-038,benign,S6,S6,bnpl,False,B6,brand:briogem.com,True,ALLOW,lists,,-1,,False,False,False,,0.0005,0,3159,26303664,True,True,False,False,False,False,False
benign-S6-038,benign,S6,S6,bnpl,False,B7,brand:briogem.com,True,STEP-UP,name-anchor,name-mismatch,-1,,False,False,False,,0.0038,0,3159,26303664,False,True,False,False,False,True,False
benign-S6-038,benign,S6,S6,bnpl,False,M1-G1,brand:briogem.com,True,ALLOW,pav,,1,,False,False,False,,0.9262,10,3159,26303664,True,True,False,False,False,False,False
benign-S6-038,benign,S6,S6,bnpl,False,M1,brand:briogem.com,True,ALLOW,route,,2,,False,False,False,,1.2265,14,3159,26303664,True,True,False,False,False,False,False
benign-S6-038,benign,S6,S6,bnpl,False,M2,brand:briogem.com,True,ALLOW,route,,2,,False,False,False,,2.1185,14,3159,26303664,True,True,False,False,False,False,False
benign-S6-038,benign,S6,S6,bnpl,False,M3,brand:briogem.com,True,ALLOW,route,,2,PRE,False,False,False,,2.0607,14,3159,26303664,True,True,False,False,False,False,False
benign-S6-065,benign,S6,S6,bnpl,False,B1,brand:dricoion.co.uk,False,ALLOW,curation,,-1,,False,False,False,,0.0011,0,4686,26306669,True,True,False,False,False,False,False
benign-S6-065,benign,S6,S6,bnpl,False,B2,brand:dricoion.co.uk,False,ALLOW,mandate,,-1,,False,False,False,,0.0005,0,4686,26306669,True,True,False,False,False,False,False
benign-S6-065,benign,S6,S6,bnpl,False,B3,brand:dricoion.co.uk,False,ALLOW,identity-assertion,,-1,,False,False,False,,0.0005,0,4686,26306669,True,True,False,False,False,False,False
benign-S6-065,benign,S6,S6,bnpl,False,B4,brand:dricoion.co.uk,False,ALLOW,did-wallet,not-applicable,-1,,False,False,False,,0.0005,0,4686,26306669,True,True,False,False,False,False,False
benign-S6-065,benign,S6,S6,bnpl,False,B5,brand:dricoion.co.uk,False,ALLOW,vop,not-applicable,-1,,False,False,False,,0.0005,0,4686,26306669,True,True,False,False,False,False,False
benign-S6-065,benign,S6,S6,bnpl,False,B6,brand:dricoion.co.uk,False,ALLOW,lists,,-1,,False,False,False,,0.0005,0,4686,26306669,True,True,False,False,False,False,False
benign-S6-065,benign,S6,S6,bnpl,False,B7,brand:dricoion.co.uk,False,ALLOW,b7,,-1,,False,False,False,,0.5373,6,4686,26306669,True,True,False,False,False,False,False
benign-S6-065,benign,S6,S6,bnpl,False,M1-G1,brand:dricoion.co.uk,False,ALLOW,pav,,1,,False,False,False,,0.8636,10,4686,26306669,True,True,False,False,False,False,False
benign-S6-065,benign,S6,S6,bnpl,False,M1,brand:dricoion.co.uk,False,ALLOW,route,,2,,False,False,False,,1.2167,14,4686,26306669,True,True,False,False,False,False,False
benign-S6-065,benign,S6,S6,bnpl,False,M2,brand:dricoion.co.uk,False,ALLOW,route,,2,,False,False,False,,2.3973,14,4686,26306669,True,True,False,False,False,False,False
benign-S6-065,benign,S6,S6,bnpl,False,M3,brand:dricoion.co.uk,False,ALLOW,route,,2,PRE,False,False,False,,2.2294,14,4686,26306669,True,True,False,False,False,False,False
benign-S6-025,benign,S6,S6,bnpl,False,B1,brand:bugror.com,False,ALLOW,curation,,-1,,False,False,False,,0.001,0,4110,26325418,True,True,False,False,False,False,False
benign-S6-025,benign,S6,S6,bnpl,False,B2,brand:bugror.com,False,ALLOW,mandate,,-1,,False,False,False,,0.0005,0,4110,26325418,True,True,False,False,False,False,False
benign-S6-025,benign,S6,S6,bnpl,False,B3,brand:bugror.com,False,ALLOW,identity-assertion,,-1,,False,False,False,,0.0005,0,4110,26325418,True,True,False,False,False,False,False
benign-S6-025,benign,S6,S6,bnpl,False,B4,brand:bugror.com,False,ALLOW,did-wallet,not-applicable,-1,,False,False,False,,0.0005,0,4110,26325418,True,True,False,False,False,False,False
benign-S6-025,benign,S6,S6,bnpl,False,B5,brand:bugror.com,False,ALLOW,vop,not-applicable,-1,,False,False,False,,0.0005,0,4110,26325418,True,True,False,False,False,False,False
benign-S6-025,benign,S6,S6,bnpl,False,B6,brand:bugror.com,False,ALLOW,lists,,-1,,False,False,False,,0.0005,0,4110,26325418,True,True,False,False,False,False,False
benign-S6-025,benign,S6,S6,bnpl,False,B7,brand:bugror.com,False,ALLOW,b7,,-1,,False,False,False,,0.5402,6,4110,26325418,True,True,False,False,False,False,False
benign-S6-025,benign,S6,S6,bnpl,False,M1-G1,brand:bugror.com,False,ALLOW,pav,,1,,False,False,False,,0.8687,10,4110,26325418,True,True,False,False,False,False,False
benign-S6-025,benign,S6,S6,bnpl,False,M1,brand:bugror.com,False,ALLOW,route,,2,,False,False,False,,1.2153,14,4110,26325418,True,True,False,False,False,False,False
benign-S6-025,benign,S6,S6,bnpl,False,M2,brand:bugror.com,False,ALLOW,route,,2,,False,False,False,,1.9305,14,4110,26325418,True,True,False,False,False,False,False
benign-S6-025,benign,S6,S6,bnpl,False,M3,brand:bugror.com,False,ALLOW,route,,2,PRE,False,False,False,,1.8465,14,4110,26325418,True,True,False,False,False,False,False
BNPL-A4-009,A4,bnpl:feed-no-rap,S6,bnpl,False,B1,brand:bugror.com,False,ALLOW,curation,,-1,,False,False,False,,0.0007,0,7426,26327044,True,False,True,True,False,False,False
BNPL-A4-009,A4,bnpl:feed-no-rap,S6,bnpl,False,B2,brand:bugror.com,False,ALLOW,mandate,,-1,,False,False,False,,0.0005,0,7426,26327044,True,False,True,True,False,False,False
BNPL-A4-009,A4,bnpl:feed-no-rap,S6,bnpl,False,B3,brand:bugror.com,False,ALLOW,identity-assertion,,-1,,False,False,False,,0.0006,0,7426,26327044,True,False,True,True,False,False,False
BNPL-A4-009,A4,bnpl:feed-no-rap,S6,bnpl,False,B4,brand:bugror.com,False,ALLOW,did-wallet,not-applicable,-1,,False,False,False,,0.0005,0,7426,26327044,True,False,True,True,False,False,False
BNPL-A4-009,A4,bnpl:feed-no-rap,S6,bnpl,False,B5,brand:bugror.com,False,ALLOW,vop,not-applicable,-1,,False,False,False,,0.0005,0,7426,26327044,True,False,True,True,False,False,False
BNPL-A4-009,A4,bnpl:feed-no-rap,S6,bnpl,False,B6,brand:bugror.com,False,ALLOW,lists,,-1,,False,False,False,,0.0005,0,7426,26327044,True,False,True,True,False,False,False
BNPL-A4-009,A4,bnpl:feed-no-rap,S6,bnpl,False,B7,brand:bugror.com,False,STEP-UP,delegation,no-delegation,-1,,False,False,False,,0.0029,0,7426,26327044,False,False,False,False,False,True,True
BNPL-A4-009,A4,bnpl:feed-no-rap,S6,bnpl,False,M1-G1,brand:bugror.com,False,STEP-UP,pav,no-path,-1,,False,False,False,,0.0029,0,7426,26327044,False,False,False,False,False,True,True
BNPL-A4-009,A4,bnpl:feed-no-rap,S6,bnpl,False,M1,brand:bugror.com,False,STEP-UP,route,no-path,-1,,False,False,False,,0.0015,0,7426,26327044,False,False,False,False,False,True,True
BNPL-A4-009,A4,bnpl:feed-no-rap,S6,bnpl,False,M2,brand:bugror.com,False,STEP-UP,route,no-path,-1,,False,False,False,,0.2487,0,7426,26327044,False,False,False,False,False,True,True
BNPL-A4-009,A4,bnpl:feed-no-rap,S6,bnpl,False,M3,brand:bugror.com,False,STEP-UP,route,no-path,-1,,False,False,False,,0.2136,0,7426,26327044,False,False,False,False,False,True,True
BNPL-A13-011,A13,bnpl:custodian-deviates,S6,bnpl,False,B1,brand:dricoion.co.uk,False,ALLOW,curation,,-1,,False,False,False,,0.001,0,5778,26330851,True,False,True,True,False,False,False
BNPL-A13-011,A13,bnpl:custodian-deviates,S6,bnpl,False,B2,brand:dricoion.co.uk,False,ALLOW,mandate,,-1,,False,False,False,,0.0005,0,5778,26330851,True,False,True,True,False,False,False
BNPL-A13-011,A13,bnpl:custodian-deviates,S6,bnpl,False,B3,brand:dricoion.co.uk,False,ALLOW,identity-assertion,,-1,,False,False,False,,0.0006,0,5778,26330851,True,False,True,True,False,False,False
BNPL-A13-011,A13,bnpl:custodian-deviates,S6,bnpl,False,B4,brand:dricoion.co.uk,False,ALLOW,did-wallet,not-applicable,-1,,False,False,False,,0.0005,0,5778,26330851,True,False,True,True,False,False,False
BNPL-A13-011,A13,bnpl:custodian-deviates,S6,bnpl,False,B5,brand:dricoion.co.uk,False,ALLOW,vop,not-applicable,-1,,False,False,False,,0.0005,0,5778,26330851,True,False,True,True,False,False,False
BNPL-A13-011,A13,bnpl:custodian-deviates,S6,bnpl,False,B6,brand:dricoion.co.uk,False,ALLOW,lists,,-1,,False,False,False,,0.0005,0,5778,26330851,True,False,True,True,False,False,False
BNPL-A13-011,A13,bnpl:custodian-deviates,S6,bnpl,False,B7,brand:dricoion.co.uk,False,ALLOW,b7,,-1,,False,False,False,,0.5573,6,5778,26330851,True,False,True,True,False,False,False
BNPL-A13-011,A13,bnpl:custodian-deviates,S6,bnpl,False,M1-G1,brand:dricoion.co.uk,False,ALLOW,pav,,1,,False,False,False,,0.8937,10,5778,26330851,True,False,True,True,False,False,False
BNPL-A13-011,A13,bnpl:custodian-deviates,S6,bnpl,False,M1,brand:dricoion.co.uk,False,ALLOW,route,,2,,False,False,False,,1.2093,14,5778,26330851,True,False,True,True,False,False,False
BNPL-A13-011,A13,bnpl:custodian-deviates,S6,bnpl,False,M2,brand:dricoion.co.uk,False,ALLOW,route,,2,,False,False,False,,2.2284,14,5778,26330851,True,False,True,True,False,False,False
BNPL-A13-011,A13,bnpl:custodian-deviates,S6,bnpl,False,M3,brand:dricoion.co.uk,False,ALLOW,route,,2,PRE,False,True,True,arrival,2.511,14,5778,26330851,True,False,True,True,False,False,False
benign-S6-077,benign,S6,S6,bnpl,False,B1,brand:haizeal.com,False,ALLOW,curation,,-1,,False,False,False,,0.0009,0,11102,26353724,True,True,False,False,False,False,False
benign-S6-077,benign,S6,S6,bnpl,False,B2,brand:haizeal.com,False,ALLOW,mandate,,-1,,False,False,False,,0.0005,0,11102,26353724,True,True,False,False,False,False,False
benign-S6-077,benign,S6,S6,bnpl,False,B3,brand:haizeal.com,False,ALLOW,identity-assertion,,-1,,False,False,False,,0.0005,0,11102,26353724,True,True,False,False,False,False,False
benign-S6-077,benign,S6,S6,bnpl,False,B4,brand:haizeal.com,False,ALLOW,did-wallet,not-applicable,-1,,False,False,False,,0.0005,0,11102,26353724,True,True,False,False,False,False,False
benign-S6-077,benign,S6,S6,bnpl,False,B5,brand:haizeal.com,False,ALLOW,vop,not-applicable,-1,,False,False,False,,0.0005,0,11102,26353724,True,True,False,False,False,False,False
benign-S6-077,benign,S6,S6,bnpl,False,B6,brand:haizeal.com,False,ALLOW,lists,,-1,,False,False,False,,0.0005,0,11102,26353724,True,True,False,False,False,False,False
benign-S6-077,benign,S6,S6,bnpl,False,B7,brand:haizeal.com,False,STEP-UP,name-anchor,name-mismatch,-1,,False,False,False,,0.0039,0,11102,26353724,False,True,False,False,False,True,False
benign-S6-077,benign,S6,S6,bnpl,False,M1-G1,brand:haizeal.com,False,ALLOW,pav,,1,,False,False,False,,0.8788,10,11102,26353724,True,True,False,False,False,False,False
benign-S6-077,benign,S6,S6,bnpl,False,M1,brand:haizeal.com,False,ALLOW,route,,2,,False,False,False,,1.2212,14,11102,26353724,True,True,False,False,False,False,False
benign-S6-077,benign,S6,S6,bnpl,False,M2,brand:haizeal.com,False,ALLOW,route,,2,,False,False,False,,1.893,14,11102,26353724,True,True,False,False,False,False,False
benign-S6-077,benign,S6,S6,bnpl,False,M3,brand:haizeal.com,False,ALLOW,route,,2,PRE,False,False,False,,1.8013,14,11102,26353724,True,True,False,False,False,False,False
benign-S6-078,benign,S6,S6,bnpl,False,B1,brand:bugror.com,False,ALLOW,curation,,-1,,False,False,False,,0.0008,0,33302,26377500,True,True,False,False,False,False,False
benign-S6-078,benign,S6,S6,bnpl,False,B2,brand:bugror.com,False,ALLOW,mandate,,-1,,False,False,False,,0.0005,0,33302,26377500,True,True,False,False,False,False,False
benign-S6-078,benign,S6,S6,bnpl,False,B3,brand:bugror.com,False,ALLOW,identity-assertion,,-1,,False,False,False,,0.0005,0,33302,26377500,True,True,False,False,False,False,False
benign-S6-078,benign,S6,S6,bnpl,False,B4,brand:bugror.com,False,ALLOW,did-wallet,not-applicable,-1,,False,False,False,,0.0005,0,33302,26377500,True,True,False,False,False,False,False
benign-S6-078,benign,S6,S6,bnpl,False,B5,brand:bugror.com,False,ALLOW,vop,not-applicable,-1,,False,False,False,,0.0005,0,33302,26377500,True,True,False,False,False,False,False
benign-S6-078,benign,S6,S6,bnpl,False,B6,brand:bugror.com,False,ALLOW,lists,,-1,,False,False,False,,0.0005,0,33302,26377500,True,True,False,False,False,False,False
benign-S6-078,benign,S6,S6,bnpl,False,B7,brand:bugror.com,False,ALLOW,b7,,-1,,False,False,False,,0.5505,6,33302,26377500,True,True,False,False,False,False,False
benign-S6-078,benign,S6,S6,bnpl,False,M1-G1,brand:bugror.com,False,ALLOW,pav,,1,,False,False,False,,0.8664,10,33302,26377500,True,True,False,False,False,False,False
benign-S6-078,benign,S6,S6,bnpl,False,M1,brand:bugror.com,False,ALLOW,route,,2,,False,False,False,,1.2168,14,33302,26377500,True,True,False,False,False,False,False
benign-S6-078,benign,S6,S6,bnpl,False,M2,brand:bugror.com,False,ALLOW,route,,2,,False,False,False,,1.919,14,33302,26377500,True,True,False,False,False,False,False
benign-S6-078,benign,S6,S6,bnpl,False,M3,brand:bugror.com,False,ALLOW,route,,2,PRE,False,False,False,,1.836,14,33302,26377500,True,True,False,False,False,False,False
benign-S6-050,benign,S6,S6,bnpl,False,B1,brand:haizeal.com,False,ALLOW,curation,,-1,,False,False,False,,0.0011,0,822,26380305,True,True,False,False,False,False,False
benign-S6-050,benign,S6,S6,bnpl,False,B2,brand:haizeal.com,False,ALLOW,mandate,,-1,,False,False,False,,0.0005,0,822,26380305,True,True,False,False,False,False,False
benign-S6-050,benign,S6,S6,bnpl,False,B3,brand:haizeal.com,False,ALLOW,identity-assertion,,-1,,False,False,False,,0.0005,0,822,26380305,True,True,False,False,False,False,False
benign-S6-050,benign,S6,S6,bnpl,False,B4,brand:haizeal.com,False,ALLOW,did-wallet,not-applicable,-1,,False,False,False,,0.0005,0,822,26380305,True,True,False,False,False,False,False
benign-S6-050,benign,S6,S6,bnpl,False,B5,brand:haizeal.com,False,ALLOW,vop,not-applicable,-1,,False,False,False,,0.0005,0,822,26380305,True,True,False,False,False,False,False
benign-S6-050,benign,S6,S6,bnpl,False,B6,brand:haizeal.com,False,ALLOW,lists,,-1,,False,False,False,,0.0005,0,822,26380305,True,True,False,False,False,False,False
benign-S6-050,benign,S6,S6,bnpl,False,B7,brand:haizeal.com,False,ALLOW,b7,,-1,,False,False,False,,0.5404,6,822,26380305,True,True,False,False,False,False,False
benign-S6-050,benign,S6,S6,bnpl,False,M1-G1,brand:haizeal.com,False,ALLOW,pav,,1,,False,False,False,,0.8718,10,822,26380305,True,True,False,False,False,False,False
benign-S6-050,benign,S6,S6,bnpl,False,M1,brand:haizeal.com,False,ALLOW,route,,2,,False,False,False,,1.222,14,822,26380305,True,True,False,False,False,False,False
benign-S6-050,benign,S6,S6,bnpl,False,M2,brand:haizeal.com,False,ALLOW,route,,2,,False,False,False,,1.9407,14,822,26380305,True,True,False,False,False,False,False
benign-S6-050,benign,S6,S6,bnpl,False,M3,brand:haizeal.com,False,ALLOW,route,,2,PRE,False,False,False,,1.8023,14,822,26380305,True,True,False,False,False,False,False
BNPL-A4-004,A4,bnpl:feed-own-rap,S6,bnpl,False,B1,brand:briogem.com,True,ALLOW,curation,,-1,,False,False,False,,0.001,0,2281,26384047,True,False,True,True,False,False,False
BNPL-A4-004,A4,bnpl:feed-own-rap,S6,bnpl,False,B2,brand:briogem.com,True,ALLOW,mandate,,-1,,False,False,False,,0.0005,0,2281,26384047,True,False,True,True,False,False,False
BNPL-A4-004,A4,bnpl:feed-own-rap,S6,bnpl,False,B3,brand:briogem.com,True,ALLOW,identity-assertion,,-1,,False,False,False,,0.0005,0,2281,26384047,True,False,True,True,False,False,False
BNPL-A4-004,A4,bnpl:feed-own-rap,S6,bnpl,False,B4,brand:briogem.com,True,ALLOW,did-wallet,not-applicable,-1,,False,False,False,,0.0005,0,2281,26384047,True,False,True,True,False,False,False
BNPL-A4-004,A4,bnpl:feed-own-rap,S6,bnpl,False,B5,brand:briogem.com,True,ALLOW,vop,not-applicable,-1,,False,False,False,,0.0005,0,2281,26384047,True,False,True,True,False,False,False
BNPL-A4-004,A4,bnpl:feed-own-rap,S6,bnpl,False,B6,brand:briogem.com,True,ALLOW,lists,,-1,,False,False,False,,0.0005,0,2281,26384047,True,False,True,True,False,False,False
BNPL-A4-004,A4,bnpl:feed-own-rap,S6,bnpl,False,B7,brand:briogem.com,True,STEP-UP,delegation,no-delegation-from-asserted-entity,-1,,False,False,False,,0.0041,0,2281,26384047,False,False,False,False,False,True,True
BNPL-A4-004,A4,bnpl:feed-own-rap,S6,bnpl,False,M1-G1,brand:briogem.com,True,STEP-UP,pav,scope,-1,,False,False,False,,0.624,7,2281,26384047,False,False,False,False,False,True,True
BNPL-A4-004,A4,bnpl:feed-own-rap,S6,bnpl,False,M1,brand:briogem.com,True,STEP-UP,route/pav,scope,-1,,False,False,False,,0.6051,7,2281,26384047,False,False,False,False,False,True,True
BNPL-A4-004,A4,bnpl:feed-own-rap,S6,bnpl,False,M2,brand:briogem.com,True,STEP-UP,route/pav,scope,-1,,False,False,False,,1.1144,7,2281,26384047,False,False,False,False,False,True,True
BNPL-A4-004,A4,bnpl:feed-own-rap,S6,bnpl,False,M3,brand:briogem.com,True,STEP-UP,route/pav,scope,-1,,False,False,False,,1.1037,7,2281,26384047,False,False,False,False,False,True,True
benign-S6-039,benign,S6,S6,bnpl,False,B1,brand:haizeal.com,False,ALLOW,curation,,-1,,False,False,False,,0.0012,0,12022,26389155,True,True,False,False,False,False,False
benign-S6-039,benign,S6,S6,bnpl,False,B2,brand:haizeal.com,False,ALLOW,mandate,,-1,,False,False,False,,0.0005,0,12022,26389155,True,True,False,False,False,False,False
benign-S6-039,benign,S6,S6,bnpl,False,B3,brand:haizeal.com,False,ALLOW,identity-assertion,,-1,,False,False,False,,0.0005,0,12022,26389155,True,True,False,False,False,False,False
benign-S6-039,benign,S6,S6,bnpl,False,B4,brand:haizeal.com,False,ALLOW,did-wallet,not-applicable,-1,,False,False,False,,0.0005,0,12022,26389155,True,True,False,False,False,False,False
benign-S6-039,benign,S6,S6,bnpl,False,B5,brand:haizeal.com,False,ALLOW,vop,not-applicable,-1,,False,False,False,,0.0005,0,12022,26389155,True,True,False,False,False,False,False
benign-S6-039,benign,S6,S6,bnpl,False,B6,brand:haizeal.com,False,ALLOW,lists,,-1,,False,False,False,,0.0005,0,12022,26389155,True,True,False,False,False,False,False
benign-S6-039,benign,S6,S6,bnpl,False,B7,brand:haizeal.com,False,ALLOW,b7,,-1,,False,False,False,,0.5483,6,12022,26389155,True,True,False,False,False,False,False
benign-S6-039,benign,S6,S6,bnpl,False,M1-G1,brand:haizeal.com,False,ALLOW,pav,,1,,False,False,False,,0.8725,10,12022,26389155,True,True,False,False,False,False,False
benign-S6-039,benign,S6,S6,bnpl,False,M1,brand:haizeal.com,False,ALLOW,route,,2,,False,False,False,,1.2154,14,12022,26389155,True,True,False,False,False,False,False
benign-S6-039,benign,S6,S6,bnpl,False,M2,brand:haizeal.com,False,ALLOW,route,,2,,False,False,False,,1.8669,14,12022,26389155,True,True,False,False,False,False,False
benign-S6-039,benign,S6,S6,bnpl,False,M3,brand:haizeal.com,False,ALLOW,route,,2,PRE,False,False,False,,1.8163,14,12022,26389155,True,True,False,False,False,False,False
benign-S6-011,benign,S6,S6,bnpl,False,B1,brand:pronubior.com,False,ALLOW,curation,,-1,,False,False,False,,0.001,0,5681,26425666,True,True,False,False,False,False,False
benign-S6-011,benign,S6,S6,bnpl,False,B2,brand:pronubior.com,False,ALLOW,mandate,,-1,,False,False,False,,0.0005,0,5681,26425666,True,True,False,False,False,False,False
benign-S6-011,benign,S6,S6,bnpl,False,B3,brand:pronubior.com,False,ALLOW,identity-assertion,,-1,,False,False,False,,0.0006,0,5681,26425666,True,True,False,False,False,False,False
benign-S6-011,benign,S6,S6,bnpl,False,B4,brand:pronubior.com,False,ALLOW,did-wallet,not-applicable,-1,,False,False,False,,0.0005,0,5681,26425666,True,True,False,False,False,False,False
benign-S6-011,benign,S6,S6,bnpl,False,B5,brand:pronubior.com,False,ALLOW,vop,not-applicable,-1,,False,False,False,,0.0005,0,5681,26425666,True,True,False,False,False,False,False
benign-S6-011,benign,S6,S6,bnpl,False,B6,brand:pronubior.com,False,ALLOW,lists,,-1,,False,False,False,,0.0005,0,5681,26425666,True,True,False,False,False,False,False
benign-S6-011,benign,S6,S6,bnpl,False,B7,brand:pronubior.com,False,ALLOW,b7,,-1,,False,False,False,,0.5419,6,5681,26425666,True,True,False,False,False,False,False
benign-S6-011,benign,S6,S6,bnpl,False,M1-G1,brand:pronubior.com,False,ALLOW,pav,,1,,False,False,False,,0.8678,10,5681,26425666,True,True,False,False,False,False,False
benign-S6-011,benign,S6,S6,bnpl,False,M1,brand:pronubior.com,False,ALLOW,route,,2,,False,False,False,,1.2219,14,5681,26425666,True,True,False,False,False,False,False
benign-S6-011,benign,S6,S6,bnpl,False,M2,brand:pronubior.com,False,ALLOW,route,,2,,False,False,False,,2.5925,14,5681,26425666,True,True,False,False,False,False,False
benign-S6-011,benign,S6,S6,bnpl,False,M3,brand:pronubior.com,False,ALLOW,route,,2,PRE,False,False,False,,2.218,14,5681,26425666,True,True,False,False,False,False,False
benign-S6-024,benign,S6,S6,bnpl,False,B1,brand:bugror.com,False,ALLOW,curation,,-1,,False,False,False,,0.0008,0,1895,26438815,True,True,False,False,False,False,False
benign-S6-024,benign,S6,S6,bnpl,False,B2,brand:bugror.com,False,ALLOW,mandate,,-1,,False,False,False,,0.0006,0,1895,26438815,True,True,False,False,False,False,False
benign-S6-024,benign,S6,S6,bnpl,False,B3,brand:bugror.com,False,ALLOW,identity-assertion,,-1,,False,False,False,,0.0005,0,1895,26438815,True,True,False,False,False,False,False
benign-S6-024,benign,S6,S6,bnpl,False,B4,brand:bugror.com,False,ALLOW,did-wallet,not-applicable,-1,,False,False,False,,0.0005,0,1895,26438815,True,True,False,False,False,False,False
benign-S6-024,benign,S6,S6,bnpl,False,B5,brand:bugror.com,False,ALLOW,vop,not-applicable,-1,,False,False,False,,0.0005,0,1895,26438815,True,True,False,False,False,False,False
benign-S6-024,benign,S6,S6,bnpl,False,B6,brand:bugror.com,False,ALLOW,lists,,-1,,False,False,False,,0.0005,0,1895,26438815,True,True,False,False,False,False,False
benign-S6-024,benign,S6,S6,bnpl,False,B7,brand:bugror.com,False,STEP-UP,name-anchor,name-mismatch,-1,,False,False,False,,0.0037,0,1895,26438815,False,True,False,False,False,True,False
benign-S6-024,benign,S6,S6,bnpl,False,M1-G1,brand:bugror.com,False,ALLOW,pav,,1,,False,False,False,,0.8838,10,1895,26438815,True,True,False,False,False,False,False
benign-S6-024,benign,S6,S6,bnpl,False,M1,brand:bugror.com,False,ALLOW,route,,2,,False,False,False,,1.2173,14,1895,26438815,True,True,False,False,False,False,False
benign-S6-024,benign,S6,S6,bnpl,False,M2,brand:bugror.com,False,ALLOW,route,,2,,False,False,False,,1.9242,14,1895,26438815,True,True,False,False,False,False,False
benign-S6-024,benign,S6,S6,bnpl,False,M3,brand:bugror.com,False,ALLOW,route,,2,PRE,False,False,False,,1.8313,14,1895,26438815,True,True,False,False,False,False,False
benign-S6-085,benign,S6,S6,bnpl,False,B1,brand:pronubior.com,False,ALLOW,curation,,-1,,False,False,False,,0.001,0,10701,26474496,True,True,False,False,False,False,False
benign-S6-085,benign,S6,S6,bnpl,False,B2,brand:pronubior.com,False,ALLOW,mandate,,-1,,False,False,False,,0.0005,0,10701,26474496,True,True,False,False,False,False,False
benign-S6-085,benign,S6,S6,bnpl,False,B3,brand:pronubior.com,False,ALLOW,identity-assertion,,-1,,False,False,False,,0.0005,0,10701,26474496,True,True,False,False,False,False,False
benign-S6-085,benign,S6,S6,bnpl,False,B4,brand:pronubior.com,False,ALLOW,did-wallet,not-applicable,-1,,False,False,False,,0.0005,0,10701,26474496,True,True,False,False,False,False,False
benign-S6-085,benign,S6,S6,bnpl,False,B5,brand:pronubior.com,False,ALLOW,vop,not-applicable,-1,,False,False,False,,0.0005,0,10701,26474496,True,True,False,False,False,False,False
benign-S6-085,benign,S6,S6,bnpl,False,B6,brand:pronubior.com,False,ALLOW,lists,,-1,,False,False,False,,0.0005,0,10701,26474496,True,True,False,False,False,False,False
benign-S6-085,benign,S6,S6,bnpl,False,B7,brand:pronubior.com,False,ALLOW,b7,,-1,,False,False,False,,0.5687,6,10701,26474496,True,True,False,False,False,False,False
benign-S6-085,benign,S6,S6,bnpl,False,M1-G1,brand:pronubior.com,False,ALLOW,pav,,1,,False,False,False,,0.9004,10,10701,26474496,True,True,False,False,False,False,False
benign-S6-085,benign,S6,S6,bnpl,False,M1,brand:pronubior.com,False,ALLOW,route,,2,,False,False,False,,1.2139,14,10701,26474496,True,True,False,False,False,False,False
benign-S6-085,benign,S6,S6,bnpl,False,M2,brand:pronubior.com,False,ALLOW,route,,2,,False,False,False,,2.2706,14,10701,26474496,True,True,False,False,False,False,False
benign-S6-085,benign,S6,S6,bnpl,False,M3,brand:pronubior.com,False,ALLOW,route,,2,PRE,False,False,False,,2.3035,14,10701,26474496,True,True,False,False,False,False,False
benign-S6-028,benign,S6,S6,bnpl,False,B1,brand:haizeal.com,False,ALLOW,curation,,-1,,False,False,False,,0.0009,0,8475,26493399,True,True,False,False,False,False,False
benign-S6-028,benign,S6,S6,bnpl,False,B2,brand:haizeal.com,False,ALLOW,mandate,,-1,,False,False,False,,0.0005,0,8475,26493399,True,True,False,False,False,False,False
benign-S6-028,benign,S6,S6,bnpl,False,B3,brand:haizeal.com,False,ALLOW,identity-assertion,,-1,,False,False,False,,0.0006,0,8475,26493399,True,True,False,False,False,False,False
benign-S6-028,benign,S6,S6,bnpl,False,B4,brand:haizeal.com,False,ALLOW,did-wallet,not-applicable,-1,,False,False,False,,0.0005,0,8475,26493399,True,True,False,False,False,False,False
benign-S6-028,benign,S6,S6,bnpl,False,B5,brand:haizeal.com,False,ALLOW,vop,not-applicable,-1,,False,False,False,,0.0005,0,8475,26493399,True,True,False,False,False,False,False
benign-S6-028,benign,S6,S6,bnpl,False,B6,brand:haizeal.com,False,ALLOW,lists,,-1,,False,False,False,,0.0005,0,8475,26493399,True,True,False,False,False,False,False
benign-S6-028,benign,S6,S6,bnpl,False,B7,brand:haizeal.com,False,ALLOW,b7,,-1,,False,False,False,,0.5672,6,8475,26493399,True,True,False,False,False,False,False
benign-S6-028,benign,S6,S6,bnpl,False,M1-G1,brand:haizeal.com,False,ALLOW,pav,,1,,False,False,False,,0.8765,10,8475,26493399,True,True,False,False,False,False,False
benign-S6-028,benign,S6,S6,bnpl,False,M1,brand:haizeal.com,False,ALLOW,route,,2,,False,False,False,,1.2466,14,8475,26493399,True,True,False,False,False,False,False
benign-S6-028,benign,S6,S6,bnpl,False,M2,brand:haizeal.com,False,ALLOW,route,,2,,False,False,False,,1.8972,14,8475,26493399,True,True,False,False,False,False,False
benign-S6-028,benign,S6,S6,bnpl,False,M3,brand:haizeal.com,False,ALLOW,route,,2,PRE,False,False,False,,1.8503,14,8475,26493399,True,True,False,False,False,False,False
BNPL-A3-004,A3,bnpl:swap-own-rap,S6,bnpl,False,B1,brand:neabi.com,False,ALLOW,curation,,-1,,False,False,False,,0.0007,0,8264,26503705,True,False,True,True,False,False,False
BNPL-A3-004,A3,bnpl:swap-own-rap,S6,bnpl,False,B2,brand:neabi.com,False,DENY,mandate,payee-changed-after-signing,-1,,False,False,False,,0.0005,0,8264,26503705,False,False,False,False,False,False,False
BNPL-A3-004,A3,bnpl:swap-own-rap,S6,bnpl,False,B3,brand:neabi.com,False,ALLOW,identity-assertion,,-1,,False,False,False,,0.0005,0,8264,26503705,True,False,True,True,False,False,False
BNPL-A3-004,A3,bnpl:swap-own-rap,S6,bnpl,False,B4,brand:neabi.com,False,ALLOW,did-wallet,not-applicable,-1,,False,False,False,,0.0005,0,8264,26503705,True,False,True,True,False,False,False
BNPL-A3-004,A3,bnpl:swap-own-rap,S6,bnpl,False,B5,brand:neabi.com,False,ALLOW,vop,not-applicable,-1,,False,False,False,,0.0005,0,8264,26503705,True,False,True,True,False,False,False
BNPL-A3-004,A3,bnpl:swap-own-rap,S6,bnpl,False,B6,brand:neabi.com,False,ALLOW,lists,,-1,,False,False,False,,0.0005,0,8264,26503705,True,False,True,True,False,False,False
BNPL-A3-004,A3,bnpl:swap-own-rap,S6,bnpl,False,B7,brand:neabi.com,False,DENY,mandate,payee-changed-after-signing,-1,,False,False,False,,0.0026,0,8264,26503705,False,False,False,False,False,False,False
BNPL-A3-004,A3,bnpl:swap-own-rap,S6,bnpl,False,M1-G1,brand:neabi.com,False,STEP-UP,pav,scope,-1,,False,False,False,,0.637,7,8264,26503705,False,False,False,False,False,True,True
BNPL-A3-004,A3,bnpl:swap-own-rap,S6,bnpl,False,M1,brand:neabi.com,False,STEP-UP,route/pav,scope,-1,,False,False,False,,0.6103,7,8264,26503705,False,False,False,False,False,True,True
BNPL-A3-004,A3,bnpl:swap-own-rap,S6,bnpl,False,M2,brand:neabi.com,False,STEP-UP,route/pav,scope,-1,,False,False,False,,0.6931,7,8264,26503705,False,False,False,False,False,True,True
BNPL-A3-004,A3,bnpl:swap-own-rap,S6,bnpl,False,M3,brand:neabi.com,False,STEP-UP,route/pav,scope,-1,,False,False,False,,0.6889,7,8264,26503705,False,False,False,False,False,True,True
benign-S6-088,benign,S6,S6,bnpl,False,B1,brand:neabi.com,False,ALLOW,curation,,-1,,False,False,False,,0.001,0,4359,26518330,True,True,False,False,False,False,False
benign-S6-088,benign,S6,S6,bnpl,False,B2,brand:neabi.com,False,ALLOW,mandate,,-1,,False,False,False,,0.0005,0,4359,26518330,True,True,False,False,False,False,False
benign-S6-088,benign,S6,S6,bnpl,False,B3,brand:neabi.com,False,ALLOW,identity-assertion,,-1,,False,False,False,,0.0005,0,4359,26518330,True,True,False,False,False,False,False
benign-S6-088,benign,S6,S6,bnpl,False,B4,brand:neabi.com,False,ALLOW,did-wallet,not-applicable,-1,,False,False,False,,0.0005,0,4359,26518330,True,True,False,False,False,False,False
benign-S6-088,benign,S6,S6,bnpl,False,B5,brand:neabi.com,False,ALLOW,vop,not-applicable,-1,,False,False,False,,0.0007,0,4359,26518330,True,True,False,False,False,False,False
benign-S6-088,benign,S6,S6,bnpl,False,B6,brand:neabi.com,False,ALLOW,lists,,-1,,False,False,False,,0.0005,0,4359,26518330,True,True,False,False,False,False,False
benign-S6-088,benign,S6,S6,bnpl,False,B7,brand:neabi.com,False,ALLOW,b7,,-1,,False,False,False,,0.5511,6,4359,26518330,True,True,False,False,False,False,False
benign-S6-088,benign,S6,S6,bnpl,False,M1-G1,brand:neabi.com,False,ALLOW,pav,,1,,False,False,False,,0.8662,10,4359,26518330,True,True,False,False,False,False,False
benign-S6-088,benign,S6,S6,bnpl,False,M1,brand:neabi.com,False,ALLOW,route,,2,,False,False,False,,1.2187,14,4359,26518330,True,True,False,False,False,False,False
benign-S6-088,benign,S6,S6,bnpl,False,M2,brand:neabi.com,False,ALLOW,route,,2,,False,False,False,,1.7879,14,4359,26518330,True,True,False,False,False,False,False
benign-S6-088,benign,S6,S6,bnpl,False,M3,brand:neabi.com,False,ALLOW,route,,2,PRE,False,False,False,,1.7894,14,4359,26518330,True,True,False,False,False,False,False
benign-S6-080,benign,S6,S6,bnpl,False,B1,brand:haizeal.com,False,ALLOW,curation,,-1,,False,False,False,,0.0011,0,1845,26537254,True,True,False,False,False,False,False
benign-S6-080,benign,S6,S6,bnpl,False,B2,brand:haizeal.com,False,ALLOW,mandate,,-1,,False,False,False,,0.0005,0,1845,26537254,True,True,False,False,False,False,False
benign-S6-080,benign,S6,S6,bnpl,False,B3,brand:haizeal.com,False,ALLOW,identity-assertion,,-1,,False,False,False,,0.0005,0,1845,26537254,True,True,False,False,False,False,False
benign-S6-080,benign,S6,S6,bnpl,False,B4,brand:haizeal.com,False,ALLOW,did-wallet,not-applicable,-1,,False,False,False,,0.0005,0,1845,26537254,True,True,False,False,False,False,False
benign-S6-080,benign,S6,S6,bnpl,False,B5,brand:haizeal.com,False,ALLOW,vop,not-applicable,-1,,False,False,False,,0.0005,0,1845,26537254,True,True,False,False,False,False,False
benign-S6-080,benign,S6,S6,bnpl,False,B6,brand:haizeal.com,False,ALLOW,lists,,-1,,False,False,False,,0.0006,0,1845,26537254,True,True,False,False,False,False,False
benign-S6-080,benign,S6,S6,bnpl,False,B7,brand:haizeal.com,False,ALLOW,b7,,-1,,False,False,False,,0.536,6,1845,26537254,True,True,False,False,False,False,False
benign-S6-080,benign,S6,S6,bnpl,False,M1-G1,brand:haizeal.com,False,ALLOW,pav,,1,,False,False,False,,0.8791,10,1845,26537254,True,True,False,False,False,False,False
benign-S6-080,benign,S6,S6,bnpl,False,M1,brand:haizeal.com,False,ALLOW,route,,2,,False,False,False,,1.2122,14,1845,26537254,True,True,False,False,False,False,False
benign-S6-080,benign,S6,S6,bnpl,False,M2,brand:haizeal.com,False,ALLOW,route,,2,,False,False,False,,1.9066,14,1845,26537254,True,True,False,False,False,False,False
benign-S6-080,benign,S6,S6,bnpl,False,M3,brand:haizeal.com,False,ALLOW,route,,2,PRE,False,False,False,,1.8035,14,1845,26537254,True,True,False,False,False,False,False
benign-S6-079,benign,S6,S6,bnpl,False,B1,brand:dricoion.co.uk,False,ALLOW,curation,,-1,,False,False,False,,0.0008,0,2112,26540712,True,True,False,False,False,False,False
benign-S6-079,benign,S6,S6,bnpl,False,B2,brand:dricoion.co.uk,False,ALLOW,mandate,,-1,,False,False,False,,0.0005,0,2112,26540712,True,True,False,False,False,False,False
benign-S6-079,benign,S6,S6,bnpl,False,B3,brand:dricoion.co.uk,False,ALLOW,identity-assertion,,-1,,False,False,False,,0.0005,0,2112,26540712,True,True,False,False,False,False,False
benign-S6-079,benign,S6,S6,bnpl,False,B4,brand:dricoion.co.uk,False,ALLOW,did-wallet,not-applicable,-1,,False,False,False,,0.0005,0,2112,26540712,True,True,False,False,False,False,False
benign-S6-079,benign,S6,S6,bnpl,False,B5,brand:dricoion.co.uk,False,ALLOW,vop,not-applicable,-1,,False,False,False,,0.0005,0,2112,26540712,True,True,False,False,False,False,False
benign-S6-079,benign,S6,S6,bnpl,False,B6,brand:dricoion.co.uk,False,ALLOW,lists,,-1,,False,False,False,,0.0005,0,2112,26540712,True,True,False,False,False,False,False
benign-S6-079,benign,S6,S6,bnpl,False,B7,brand:dricoion.co.uk,False,ALLOW,b7,,-1,,False,False,False,,0.5432,6,2112,26540712,True,True,False,False,False,False,False
benign-S6-079,benign,S6,S6,bnpl,False,M1-G1,brand:dricoion.co.uk,False,ALLOW,pav,,1,,False,False,False,,0.8884,10,2112,26540712,True,True,False,False,False,False,False
benign-S6-079,benign,S6,S6,bnpl,False,M1,brand:dricoion.co.uk,False,ALLOW,route,,2,,False,False,False,,1.215,14,2112,26540712,True,True,False,False,False,False,False
benign-S6-079,benign,S6,S6,bnpl,False,M2,brand:dricoion.co.uk,False,ALLOW,route,,2,,False,False,False,,2.2637,14,2112,26540712,True,True,False,False,False,False,False
benign-S6-079,benign,S6,S6,bnpl,False,M3,brand:dricoion.co.uk,False,ALLOW,route,,2,PRE,False,False,False,,2.173,14,2112,26540712,True,True,False,False,False,False,False
BNPL-A13-004,A13,bnpl:custodian-deviates,S6,bnpl,False,B1,brand:hegawilo.co.uk,False,ALLOW,curation,,-1,,False,False,False,,0.0011,0,1554,26546338,True,False,True,True,False,False,False
BNPL-A13-004,A13,bnpl:custodian-deviates,S6,bnpl,False,B2,brand:hegawilo.co.uk,False,ALLOW,mandate,,-1,,False,False,False,,0.0005,0,1554,26546338,True,False,True,True,False,False,False
BNPL-A13-004,A13,bnpl:custodian-deviates,S6,bnpl,False,B3,brand:hegawilo.co.uk,False,ALLOW,identity-assertion,,-1,,False,False,False,,0.0005,0,1554,26546338,True,False,True,True,False,False,False
BNPL-A13-004,A13,bnpl:custodian-deviates,S6,bnpl,False,B4,brand:hegawilo.co.uk,False,ALLOW,did-wallet,not-applicable,-1,,False,False,False,,0.0005,0,1554,26546338,True,False,True,True,False,False,False
BNPL-A13-004,A13,bnpl:custodian-deviates,S6,bnpl,False,B5,brand:hegawilo.co.uk,False,ALLOW,vop,not-applicable,-1,,False,False,False,,0.0005,0,1554,26546338,True,False,True,True,False,False,False
BNPL-A13-004,A13,bnpl:custodian-deviates,S6,bnpl,False,B6,brand:hegawilo.co.uk,False,ALLOW,lists,,-1,,False,False,False,,0.0005,0,1554,26546338,True,False,True,True,False,False,False
BNPL-A13-004,A13,bnpl:custodian-deviates,S6,bnpl,False,B7,brand:hegawilo.co.uk,False,ALLOW,b7,,-1,,False,False,False,,0.5355,6,1554,26546338,True,False,True,True,False,False,False
BNPL-A13-004,A13,bnpl:custodian-deviates,S6,bnpl,False,M1-G1,brand:hegawilo.co.uk,False,ALLOW,pav,,1,,False,False,False,,0.9908,10,1554,26546338,True,False,True,True,False,False,False
BNPL-A13-004,A13,bnpl:custodian-deviates,S6,bnpl,False,M1,brand:hegawilo.co.uk,False,ALLOW,route,,2,,False,False,False,,1.3613,14,1554,26546338,True,False,True,True,False,False,False
BNPL-A13-004,A13,bnpl:custodian-deviates,S6,bnpl,False,M2,brand:hegawilo.co.uk,False,ALLOW,route,,2,,False,False,False,,2.4779,14,1554,26546338,True,False,True,True,False,False,False
BNPL-A13-004,A13,bnpl:custodian-deviates,S6,bnpl,False,M3,brand:hegawilo.co.uk,False,ALLOW,route,,2,PRE,False,True,True,arrival,2.3504,14,1554,26546338,True,False,True,True,False,False,False
benign-S6-020,benign,S6,S6,bnpl,False,B1,brand:neabi.com,False,ALLOW,curation,,-1,,False,False,False,,0.0009,0,2914,26550680,True,True,False,False,False,False,False
benign-S6-020,benign,S6,S6,bnpl,False,B2,brand:neabi.com,False,ALLOW,mandate,,-1,,False,False,False,,0.0005,0,2914,26550680,True,True,False,False,False,False,False
benign-S6-020,benign,S6,S6,bnpl,False,B3,brand:neabi.com,False,ALLOW,identity-assertion,,-1,,False,False,False,,0.0005,0,2914,26550680,True,True,False,False,False,False,False
benign-S6-020,benign,S6,S6,bnpl,False,B4,brand:neabi.com,False,ALLOW,did-wallet,not-applicable,-1,,False,False,False,,0.0005,0,2914,26550680,True,True,False,False,False,False,False
benign-S6-020,benign,S6,S6,bnpl,False,B5,brand:neabi.com,False,ALLOW,vop,not-applicable,-1,,False,False,False,,0.0005,0,2914,26550680,True,True,False,False,False,False,False
benign-S6-020,benign,S6,S6,bnpl,False,B6,brand:neabi.com,False,ALLOW,lists,,-1,,False,False,False,,0.0005,0,2914,26550680,True,True,False,False,False,False,False
benign-S6-020,benign,S6,S6,bnpl,False,B7,brand:neabi.com,False,STEP-UP,name-anchor,name-mismatch,-1,,False,False,False,,0.0036,0,2914,26550680,False,True,False,False,False,True,False
benign-S6-020,benign,S6,S6,bnpl,False,M1-G1,brand:neabi.com,False,ALLOW,pav,,1,,False,False,False,,0.8823,10,2914,26550680,True,True,False,False,False,False,False
benign-S6-020,benign,S6,S6,bnpl,False,M1,brand:neabi.com,False,ALLOW,route,,2,,False,False,False,,1.2566,14,2914,26550680,True,True,False,False,False,False,False
benign-S6-020,benign,S6,S6,bnpl,False,M2,brand:neabi.com,False,ALLOW,route,,2,,False,False,False,,1.8725,14,2914,26550680,True,True,False,False,False,False,False
benign-S6-020,benign,S6,S6,bnpl,False,M3,brand:neabi.com,False,ALLOW,route,,2,PRE,False,False,False,,1.7975,14,2914,26550680,True,True,False,False,False,False,False
BNPL-A4-005,A4,bnpl:feed-no-rap,S6,bnpl,False,B1,brand:pronubior.com,False,ALLOW,curation,,-1,,False,False,False,,0.001,0,10460,26552739,True,False,True,True,False,False,False
BNPL-A4-005,A4,bnpl:feed-no-rap,S6,bnpl,False,B2,brand:pronubior.com,False,ALLOW,mandate,,-1,,False,False,False,,0.0005,0,10460,26552739,True,False,True,True,False,False,False
BNPL-A4-005,A4,bnpl:feed-no-rap,S6,bnpl,False,B3,brand:pronubior.com,False,ALLOW,identity-assertion,,-1,,False,False,False,,0.0006,0,10460,26552739,True,False,True,True,False,False,False
BNPL-A4-005,A4,bnpl:feed-no-rap,S6,bnpl,False,B4,brand:pronubior.com,False,ALLOW,did-wallet,not-applicable,-1,,False,False,False,,0.0006,0,10460,26552739,True,False,True,True,False,False,False
BNPL-A4-005,A4,bnpl:feed-no-rap,S6,bnpl,False,B5,brand:pronubior.com,False,ALLOW,vop,not-applicable,-1,,False,False,False,,0.0005,0,10460,26552739,True,False,True,True,False,False,False
BNPL-A4-005,A4,bnpl:feed-no-rap,S6,bnpl,False,B6,brand:pronubior.com,False,ALLOW,lists,,-1,,False,False,False,,0.0005,0,10460,26552739,True,False,True,True,False,False,False
BNPL-A4-005,A4,bnpl:feed-no-rap,S6,bnpl,False,B7,brand:pronubior.com,False,STEP-UP,delegation,no-delegation,-1,,False,False,False,,0.0031,0,10460,26552739,False,False,False,False,False,True,True
BNPL-A4-005,A4,bnpl:feed-no-rap,S6,bnpl,False,M1-G1,brand:pronubior.com,False,STEP-UP,pav,no-path,-1,,False,False,False,,0.0029,0,10460,26552739,False,False,False,False,False,True,True
BNPL-A4-005,A4,bnpl:feed-no-rap,S6,bnpl,False,M1,brand:pronubior.com,False,STEP-UP,route,no-path,-1,,False,False,False,,0.0016,0,10460,26552739,False,False,False,False,False,True,True
BNPL-A4-005,A4,bnpl:feed-no-rap,S6,bnpl,False,M2,brand:pronubior.com,False,STEP-UP,route,no-path,-1,,False,False,False,,0.6115,0,10460,26552739,False,False,False,False,False,True,True
BNPL-A4-005,A4,bnpl:feed-no-rap,S6,bnpl,False,M3,brand:pronubior.com,False,STEP-UP,route,no-path,-1,,False,False,False,,0.5729,0,10460,26552739,False,False,False,False,False,True,True
BNPL-A13-003,A13,bnpl:custodian-deviates,S6,bnpl,False,B1,brand:haizeal.com,False,ALLOW,curation,,-1,,False,False,False,,0.0009,0,3936,26562739,True,False,True,True,False,False,False
BNPL-A13-003,A13,bnpl:custodian-deviates,S6,bnpl,False,B2,brand:haizeal.com,False,ALLOW,mandate,,-1,,False,False,False,,0.0007,0,3936,26562739,True,False,True,True,False,False,False
BNPL-A13-003,A13,bnpl:custodian-deviates,S6,bnpl,False,B3,brand:haizeal.com,False,ALLOW,identity-assertion,,-1,,False,False,False,,0.0005,0,3936,26562739,True,False,True,True,False,False,False
BNPL-A13-003,A13,bnpl:custodian-deviates,S6,bnpl,False,B4,brand:haizeal.com,False,ALLOW,did-wallet,not-applicable,-1,,False,False,False,,0.0005,0,3936,26562739,True,False,True,True,False,False,False
BNPL-A13-003,A13,bnpl:custodian-deviates,S6,bnpl,False,B5,brand:haizeal.com,False,ALLOW,vop,not-applicable,-1,,False,False,False,,0.0005,0,3936,26562739,True,False,True,True,False,False,False
BNPL-A13-003,A13,bnpl:custodian-deviates,S6,bnpl,False,B6,brand:haizeal.com,False,ALLOW,lists,,-1,,False,False,False,,0.0005,0,3936,26562739,True,False,True,True,False,False,False
BNPL-A13-003,A13,bnpl:custodian-deviates,S6,bnpl,False,B7,brand:haizeal.com,False,ALLOW,b7,,-1,,False,False,False,,0.5415,6,3936,26562739,True,False,True,True,False,False,False
BNPL-A13-003,A13,bnpl:custodian-deviates,S6,bnpl,False,M1-G1,brand:haizeal.com,False,ALLOW,pav,,1,,False,False,False,,0.8661,10,3936,26562739,True,False,True,True,False,False,False
BNPL-A13-003,A13,bnpl:custodian-deviates,S6,bnpl,False,M1,brand:haizeal.com,False,ALLOW,route,,2,,False,False,False,,1.2159,14,3936,26562739,True,False,True,True,False,False,False
BNPL-A13-003,A13,bnpl:custodian-deviates,S6,bnpl,False,M2,brand:haizeal.com,False,ALLOW,route,,2,,False,False,False,,1.894,14,3936,26562739,True,False,True,True,False,False,False
BNPL-A13-003,A13,bnpl:custodian-deviates,S6,bnpl,False,M3,brand:haizeal.com,False,ALLOW,route,,2,PRE,False,True,True,arrival,2.1516,14,3936,26562739,True,False,True,True,False,False,False
benign-S6-084,benign,S6,S6,bnpl,False,B1,brand:hegawilo.co.uk,False,ALLOW,curation,,-1,,False,False,False,,0.0013,0,4043,26648815,True,True,False,False,False,False,False
benign-S6-084,benign,S6,S6,bnpl,False,B2,brand:hegawilo.co.uk,False,ALLOW,mandate,,-1,,False,False,False,,0.0005,0,4043,26648815,True,True,False,False,False,False,False
benign-S6-084,benign,S6,S6,bnpl,False,B3,brand:hegawilo.co.uk,False,ALLOW,identity-assertion,,-1,,False,False,False,,0.0006,0,4043,26648815,True,True,False,False,False,False,False
benign-S6-084,benign,S6,S6,bnpl,False,B4,brand:hegawilo.co.uk,False,ALLOW,did-wallet,not-applicable,-1,,False,False,False,,0.0006,0,4043,26648815,True,True,False,False,False,False,False
benign-S6-084,benign,S6,S6,bnpl,False,B5,brand:hegawilo.co.uk,False,ALLOW,vop,not-applicable,-1,,False,False,False,,0.0006,0,4043,26648815,True,True,False,False,False,False,False
benign-S6-084,benign,S6,S6,bnpl,False,B6,brand:hegawilo.co.uk,False,ALLOW,lists,,-1,,False,False,False,,0.0006,0,4043,26648815,True,True,False,False,False,False,False
benign-S6-084,benign,S6,S6,bnpl,False,B7,brand:hegawilo.co.uk,False,ALLOW,b7,,-1,,False,False,False,,0.5406,6,4043,26648815,True,True,False,False,False,False,False
benign-S6-084,benign,S6,S6,bnpl,False,M1-G1,brand:hegawilo.co.uk,False,ALLOW,pav,,1,,False,False,False,,0.8919,10,4043,26648815,True,True,False,False,False,False,False
benign-S6-084,benign,S6,S6,bnpl,False,M1,brand:hegawilo.co.uk,False,ALLOW,route,,2,,False,False,False,,1.2189,14,4043,26648815,True,True,False,False,False,False,False
benign-S6-084,benign,S6,S6,bnpl,False,M2,brand:hegawilo.co.uk,False,ALLOW,route,,2,,False,False,False,,2.2099,14,4043,26648815,True,True,False,False,False,False,False
benign-S6-084,benign,S6,S6,bnpl,False,M3,brand:hegawilo.co.uk,False,ALLOW,route,,2,PRE,False,False,False,,2.179,14,4043,26648815,True,True,False,False,False,False,False
benign-S6-074,benign,S6,S6,bnpl,False,B1,brand:pronubior.com,False,ALLOW,curation,,-1,,False,False,False,,0.0009,0,9214,26655850,True,True,False,False,False,False,False
benign-S6-074,benign,S6,S6,bnpl,False,B2,brand:pronubior.com,False,ALLOW,mandate,,-1,,False,False,False,,0.0005,0,9214,26655850,True,True,False,False,False,False,False
benign-S6-074,benign,S6,S6,bnpl,False,B3,brand:pronubior.com,False,ALLOW,identity-assertion,,-1,,False,False,False,,0.0006,0,9214,26655850,True,True,False,False,False,False,False
benign-S6-074,benign,S6,S6,bnpl,False,B4,brand:pronubior.com,False,ALLOW,did-wallet,not-applicable,-1,,False,False,False,,0.0005,0,9214,26655850,True,True,False,False,False,False,False
benign-S6-074,benign,S6,S6,bnpl,False,B5,brand:pronubior.com,False,ALLOW,vop,not-applicable,-1,,False,False,False,,0.0006,0,9214,26655850,True,True,False,False,False,False,False
benign-S6-074,benign,S6,S6,bnpl,False,B6,brand:pronubior.com,False,ALLOW,lists,,-1,,False,False,False,,0.0005,0,9214,26655850,True,True,False,False,False,False,False
benign-S6-074,benign,S6,S6,bnpl,False,B7,brand:pronubior.com,False,ALLOW,b7,,-1,,False,False,False,,0.5479,6,9214,26655850,True,True,False,False,False,False,False
benign-S6-074,benign,S6,S6,bnpl,False,M1-G1,brand:pronubior.com,False,ALLOW,pav,,1,,False,False,False,,0.8742,10,9214,26655850,True,True,False,False,False,False,False
benign-S6-074,benign,S6,S6,bnpl,False,M1,brand:pronubior.com,False,ALLOW,route,,2,,False,False,False,,1.2199,14,9214,26655850,True,True,False,False,False,False,False
benign-S6-074,benign,S6,S6,bnpl,False,M2,brand:pronubior.com,False,ALLOW,route,,2,,False,False,False,,2.2746,14,9214,26655850,True,True,False,False,False,False,False
benign-S6-074,benign,S6,S6,bnpl,False,M3,brand:pronubior.com,False,ALLOW,route,,2,PRE,False,False,False,,2.3136,14,9214,26655850,True,True,False,False,False,False,False
benign-S6-022,benign,S6,S6,bnpl,False,B1,brand:dricoion.co.uk,False,ALLOW,curation,,-1,,False,False,False,,0.001,0,20074,26673740,True,True,False,False,False,False,False
benign-S6-022,benign,S6,S6,bnpl,False,B2,brand:dricoion.co.uk,False,ALLOW,mandate,,-1,,False,False,False,,0.0005,0,20074,26673740,True,True,False,False,False,False,False
benign-S6-022,benign,S6,S6,bnpl,False,B3,brand:dricoion.co.uk,False,ALLOW,identity-assertion,,-1,,False,False,False,,0.0006,0,20074,26673740,True,True,False,False,False,False,False
benign-S6-022,benign,S6,S6,bnpl,False,B4,brand:dricoion.co.uk,False,ALLOW,did-wallet,not-applicable,-1,,False,False,False,,0.0005,0,20074,26673740,True,True,False,False,False,False,False
benign-S6-022,benign,S6,S6,bnpl,False,B5,brand:dricoion.co.uk,False,ALLOW,vop,not-applicable,-1,,False,False,False,,0.0005,0,20074,26673740,True,True,False,False,False,False,False
benign-S6-022,benign,S6,S6,bnpl,False,B6,brand:dricoion.co.uk,False,ALLOW,lists,,-1,,False,False,False,,0.0005,0,20074,26673740,True,True,False,False,False,False,False
benign-S6-022,benign,S6,S6,bnpl,False,B7,brand:dricoion.co.uk,False,ALLOW,b7,,-1,,False,False,False,,0.5455,6,20074,26673740,True,True,False,False,False,False,False
benign-S6-022,benign,S6,S6,bnpl,False,M1-G1,brand:dricoion.co.uk,False,ALLOW,pav,,1,,False,False,False,,0.8749,10,20074,26673740,True,True,False,False,False,False,False
benign-S6-022,benign,S6,S6,bnpl,False,M1,brand:dricoion.co.uk,False,ALLOW,route,,2,,False,False,False,,1.2168,14,20074,26673740,True,True,False,False,False,False,False
benign-S6-022,benign,S6,S6,bnpl,False,M2,brand:dricoion.co.uk,False,ALLOW,route,,2,,False,False,False,,2.2506,14,20074,26673740,True,True,False,False,False,False,False
benign-S6-022,benign,S6,S6,bnpl,False,M3,brand:dricoion.co.uk,False,ALLOW,route,,2,PRE,False,False,False,,2.1966,14,20074,26673740,True,True,False,False,False,False,False
BNPL-A4-011,A4,bnpl:feed-no-rap,S6,bnpl,False,B1,brand:flaigo.com,True,ALLOW,curation,,-1,,False,False,False,,0.001,0,2601,26681888,True,False,True,True,False,False,False
BNPL-A4-011,A4,bnpl:feed-no-rap,S6,bnpl,False,B2,brand:flaigo.com,True,ALLOW,mandate,,-1,,False,False,False,,0.0005,0,2601,26681888,True,False,True,True,False,False,False
BNPL-A4-011,A4,bnpl:feed-no-rap,S6,bnpl,False,B3,brand:flaigo.com,True,ALLOW,identity-assertion,,-1,,False,False,False,,0.0005,0,2601,26681888,True,False,True,True,False,False,False
BNPL-A4-011,A4,bnpl:feed-no-rap,S6,bnpl,False,B4,brand:flaigo.com,True,ALLOW,did-wallet,not-applicable,-1,,False,False,False,,0.0005,0,2601,26681888,True,False,True,True,False,False,False
BNPL-A4-011,A4,bnpl:feed-no-rap,S6,bnpl,False,B5,brand:flaigo.com,True,ALLOW,vop,not-applicable,-1,,False,False,False,,0.0005,0,2601,26681888,True,False,True,True,False,False,False
BNPL-A4-011,A4,bnpl:feed-no-rap,S6,bnpl,False,B6,brand:flaigo.com,True,ALLOW,lists,,-1,,False,False,False,,0.0005,0,2601,26681888,True,False,True,True,False,False,False
BNPL-A4-011,A4,bnpl:feed-no-rap,S6,bnpl,False,B7,brand:flaigo.com,True,STEP-UP,delegation,no-delegation,-1,,False,False,False,,0.0027,0,2601,26681888,False,False,False,False,False,True,True
BNPL-A4-011,A4,bnpl:feed-no-rap,S6,bnpl,False,M1-G1,brand:flaigo.com,True,STEP-UP,pav,no-path,-1,,False,False,False,,0.003,0,2601,26681888,False,False,False,False,False,True,True
BNPL-A4-011,A4,bnpl:feed-no-rap,S6,bnpl,False,M1,brand:flaigo.com,True,STEP-UP,route,no-path,-1,,False,False,False,,0.0014,0,2601,26681888,False,False,False,False,False,True,True
BNPL-A4-011,A4,bnpl:feed-no-rap,S6,bnpl,False,M2,brand:flaigo.com,True,STEP-UP,route,no-path,-1,,False,False,False,,0.409,0,2601,26681888,False,False,False,False,False,True,True
BNPL-A4-011,A4,bnpl:feed-no-rap,S6,bnpl,False,M3,brand:flaigo.com,True,STEP-UP,route,no-path,-1,,False,False,False,,0.3978,0,2601,26681888,False,False,False,False,False,True,True
benign-S6-010,benign,S6,S6,bnpl,False,B1,brand:bugror.com,False,ALLOW,curation,,-1,,False,False,False,,0.0009,0,23174,26686792,True,True,False,False,False,False,False
benign-S6-010,benign,S6,S6,bnpl,False,B2,brand:bugror.com,False,ALLOW,mandate,,-1,,False,False,False,,0.0004,0,23174,26686792,True,True,False,False,False,False,False
benign-S6-010,benign,S6,S6,bnpl,False,B3,brand:bugror.com,False,ALLOW,identity-assertion,,-1,,False,False,False,,0.0005,0,23174,26686792,True,True,False,False,False,False,False
benign-S6-010,benign,S6,S6,bnpl,False,B4,brand:bugror.com,False,ALLOW,did-wallet,not-applicable,-1,,False,False,False,,0.0005,0,23174,26686792,True,True,False,False,False,False,False
benign-S6-010,benign,S6,S6,bnpl,False,B5,brand:bugror.com,False,ALLOW,vop,not-applicable,-1,,False,False,False,,0.0005,0,23174,26686792,True,True,False,False,False,False,False
benign-S6-010,benign,S6,S6,bnpl,False,B6,brand:bugror.com,False,ALLOW,lists,,-1,,False,False,False,,0.0005,0,23174,26686792,True,True,False,False,False,False,False
benign-S6-010,benign,S6,S6,bnpl,False,B7,brand:bugror.com,False,ALLOW,b7,,-1,,False,False,False,,0.5455,6,23174,26686792,True,True,False,False,False,False,False
benign-S6-010,benign,S6,S6,bnpl,False,M1-G1,brand:bugror.com,False,ALLOW,pav,,1,,False,False,False,,0.8688,10,23174,26686792,True,True,False,False,False,False,False
benign-S6-010,benign,S6,S6,bnpl,False,M1,brand:bugror.com,False,ALLOW,route,,2,,False,False,False,,1.2164,14,23174,26686792,True,True,False,False,False,False,False
benign-S6-010,benign,S6,S6,bnpl,False,M2,brand:bugror.com,False,ALLOW,route,,2,,False,False,False,,1.9711,14,23174,26686792,True,True,False,False,False,False,False
benign-S6-010,benign,S6,S6,bnpl,False,M3,brand:bugror.com,False,ALLOW,route,,2,PRE,False,False,False,,1.8945,14,23174,26686792,True,True,False,False,False,False,False
benign-S6-058,benign,S6,S6,bnpl,False,B1,brand:flaigo.com,True,ALLOW,curation,,-1,,False,False,False,,0.0009,0,2575,26701730,True,True,False,False,False,False,False
benign-S6-058,benign,S6,S6,bnpl,False,B2,brand:flaigo.com,True,ALLOW,mandate,,-1,,False,False,False,,0.0005,0,2575,26701730,True,True,False,False,False,False,False
benign-S6-058,benign,S6,S6,bnpl,False,B3,brand:flaigo.com,True,ALLOW,identity-assertion,,-1,,False,False,False,,0.0005,0,2575,26701730,True,True,False,False,False,False,False
benign-S6-058,benign,S6,S6,bnpl,False,B4,brand:flaigo.com,True,ALLOW,did-wallet,not-applicable,-1,,False,False,False,,0.0005,0,2575,26701730,True,True,False,False,False,False,False
benign-S6-058,benign,S6,S6,bnpl,False,B5,brand:flaigo.com,True,ALLOW,vop,not-applicable,-1,,False,False,False,,0.0005,0,2575,26701730,True,True,False,False,False,False,False
benign-S6-058,benign,S6,S6,bnpl,False,B6,brand:flaigo.com,True,ALLOW,lists,,-1,,False,False,False,,0.0005,0,2575,26701730,True,True,False,False,False,False,False
benign-S6-058,benign,S6,S6,bnpl,False,B7,brand:flaigo.com,True,ALLOW,b7,,-1,,False,False,False,,0.5437,6,2575,26701730,True,True,False,False,False,False,False
benign-S6-058,benign,S6,S6,bnpl,False,M1-G1,brand:flaigo.com,True,ALLOW,pav,,1,,False,False,False,,0.8786,10,2575,26701730,True,True,False,False,False,False,False
benign-S6-058,benign,S6,S6,bnpl,False,M1,brand:flaigo.com,True,ALLOW,route,,2,,False,False,False,,1.3752,14,2575,26701730,True,True,False,False,False,False,False
benign-S6-058,benign,S6,S6,bnpl,False,M2,brand:flaigo.com,True,ALLOW,route,,2,,False,False,False,,2.233,14,2575,26701730,True,True,False,False,False,False,False
benign-S6-058,benign,S6,S6,bnpl,False,M3,brand:flaigo.com,True,ALLOW,route,,2,PRE,False,False,False,,2.0508,14,2575,26701730,True,True,False,False,False,False,False
benign-S6-059,benign,S6,S6,bnpl,False,B1,brand:bugror.com,False,ALLOW,curation,,-1,,False,False,False,,0.0011,0,1768,26718063,True,True,False,False,False,False,False
benign-S6-059,benign,S6,S6,bnpl,False,B2,brand:bugror.com,False,ALLOW,mandate,,-1,,False,False,False,,0.0005,0,1768,26718063,True,True,False,False,False,False,False
benign-S6-059,benign,S6,S6,bnpl,False,B3,brand:bugror.com,False,ALLOW,identity-assertion,,-1,,False,False,False,,0.0006,0,1768,26718063,True,True,False,False,False,False,False
benign-S6-059,benign,S6,S6,bnpl,False,B4,brand:bugror.com,False,ALLOW,did-wallet,not-applicable,-1,,False,False,False,,0.0006,0,1768,26718063,True,True,False,False,False,False,False
benign-S6-059,benign,S6,S6,bnpl,False,B5,brand:bugror.com,False,ALLOW,vop,not-applicable,-1,,False,False,False,,0.0005,0,1768,26718063,True,True,False,False,False,False,False
benign-S6-059,benign,S6,S6,bnpl,False,B6,brand:bugror.com,False,ALLOW,lists,,-1,,False,False,False,,0.0005,0,1768,26718063,True,True,False,False,False,False,False
benign-S6-059,benign,S6,S6,bnpl,False,B7,brand:bugror.com,False,ALLOW,b7,,-1,,False,False,False,,0.5442,6,1768,26718063,True,True,False,False,False,False,False
benign-S6-059,benign,S6,S6,bnpl,False,M1-G1,brand:bugror.com,False,ALLOW,pav,,1,,False,False,False,,0.8698,10,1768,26718063,True,True,False,False,False,False,False
benign-S6-059,benign,S6,S6,bnpl,False,M1,brand:bugror.com,False,ALLOW,route,,2,,False,False,False,,1.2456,14,1768,26718063,True,True,False,False,False,False,False
benign-S6-059,benign,S6,S6,bnpl,False,M2,brand:bugror.com,False,ALLOW,route,,2,,False,False,False,,1.9849,14,1768,26718063,True,True,False,False,False,False,False
benign-S6-059,benign,S6,S6,bnpl,False,M3,brand:bugror.com,False,ALLOW,route,,2,PRE,False,False,False,,1.9392,14,1768,26718063,True,True,False,False,False,False,False
BNPL-A3-011,A3,bnpl:swap-no-rap,S6,bnpl,False,B1,brand:bugror.com,False,ALLOW,curation,,-1,,False,False,False,,0.0012,0,23738,26728588,True,False,True,True,False,False,False
BNPL-A3-011,A3,bnpl:swap-no-rap,S6,bnpl,False,B2,brand:bugror.com,False,ALLOW,mandate,,-1,,False,False,False,,0.0005,0,23738,26728588,True,False,True,True,False,False,False
BNPL-A3-011,A3,bnpl:swap-no-rap,S6,bnpl,False,B3,brand:bugror.com,False,ALLOW,identity-assertion,,-1,,False,False,False,,0.0006,0,23738,26728588,True,False,True,True,False,False,False
BNPL-A3-011,A3,bnpl:swap-no-rap,S6,bnpl,False,B4,brand:bugror.com,False,ALLOW,did-wallet,not-applicable,-1,,False,False,False,,0.0005,0,23738,26728588,True,False,True,True,False,False,False
BNPL-A3-011,A3,bnpl:swap-no-rap,S6,bnpl,False,B5,brand:bugror.com,False,ALLOW,vop,not-applicable,-1,,False,False,False,,0.0005,0,23738,26728588,True,False,True,True,False,False,False
BNPL-A3-011,A3,bnpl:swap-no-rap,S6,bnpl,False,B6,brand:bugror.com,False,ALLOW,lists,,-1,,False,False,False,,0.0005,0,23738,26728588,True,False,True,True,False,False,False
BNPL-A3-011,A3,bnpl:swap-no-rap,S6,bnpl,False,B7,brand:bugror.com,False,STEP-UP,delegation,no-delegation,-1,,False,False,False,,0.003,0,23738,26728588,False,False,False,False,False,True,True
BNPL-A3-011,A3,bnpl:swap-no-rap,S6,bnpl,False,M1-G1,brand:bugror.com,False,STEP-UP,pav,no-path,-1,,False,False,False,,0.003,0,23738,26728588,False,False,False,False,False,True,True
BNPL-A3-011,A3,bnpl:swap-no-rap,S6,bnpl,False,M1,brand:bugror.com,False,STEP-UP,route,no-path,-1,,False,False,False,,0.0014,0,23738,26728588,False,False,False,False,False,True,True
BNPL-A3-011,A3,bnpl:swap-no-rap,S6,bnpl,False,M2,brand:bugror.com,False,STEP-UP,route,no-path,-1,,False,False,False,,0.2632,0,23738,26728588,False,False,False,False,False,True,True
BNPL-A3-011,A3,bnpl:swap-no-rap,S6,bnpl,False,M3,brand:bugror.com,False,STEP-UP,route,no-path,-1,,False,False,False,,0.2572,0,23738,26728588,False,False,False,False,False,True,True
BNPL-A13-013,A13,bnpl:custodian-deviates,S6,bnpl,False,B1,brand:dricoion.co.uk,False,ALLOW,curation,,-1,,False,False,False,,0.0008,0,3517,26731245,True,False,True,True,False,False,False
BNPL-A13-013,A13,bnpl:custodian-deviates,S6,bnpl,False,B2,brand:dricoion.co.uk,False,ALLOW,mandate,,-1,,False,False,False,,0.0005,0,3517,26731245,True,False,True,True,False,False,False
BNPL-A13-013,A13,bnpl:custodian-deviates,S6,bnpl,False,B3,brand:dricoion.co.uk,False,ALLOW,identity-assertion,,-1,,False,False,False,,0.0005,0,3517,26731245,True,False,True,True,False,False,False
BNPL-A13-013,A13,bnpl:custodian-deviates,S6,bnpl,False,B4,brand:dricoion.co.uk,False,ALLOW,did-wallet,not-applicable,-1,,False,False,False,,0.0005,0,3517,26731245,True,False,True,True,False,False,False
BNPL-A13-013,A13,bnpl:custodian-deviates,S6,bnpl,False,B5,brand:dricoion.co.uk,False,ALLOW,vop,not-applicable,-1,,False,False,False,,0.0005,0,3517,26731245,True,False,True,True,False,False,False
BNPL-A13-013,A13,bnpl:custodian-deviates,S6,bnpl,False,B6,brand:dricoion.co.uk,False,ALLOW,lists,,-1,,False,False,False,,0.0005,0,3517,26731245,True,False,True,True,False,False,False
BNPL-A13-013,A13,bnpl:custodian-deviates,S6,bnpl,False,B7,brand:dricoion.co.uk,False,ALLOW,b7,,-1,,False,False,False,,0.5403,6,3517,26731245,True,False,True,True,False,False,False
BNPL-A13-013,A13,bnpl:custodian-deviates,S6,bnpl,False,M1-G1,brand:dricoion.co.uk,False,ALLOW,pav,,1,,False,False,False,,0.8702,10,3517,26731245,True,False,True,True,False,False,False
BNPL-A13-013,A13,bnpl:custodian-deviates,S6,bnpl,False,M1,brand:dricoion.co.uk,False,ALLOW,route,,2,,False,False,False,,1.2153,14,3517,26731245,True,False,True,True,False,False,False
BNPL-A13-013,A13,bnpl:custodian-deviates,S6,bnpl,False,M2,brand:dricoion.co.uk,False,ALLOW,route,,2,,False,False,False,,2.2944,14,3517,26731245,True,False,True,True,False,False,False
BNPL-A13-013,A13,bnpl:custodian-deviates,S6,bnpl,False,M3,brand:dricoion.co.uk,False,ALLOW,route,,2,PRE,False,True,True,arrival,2.4683,14,3517,26731245,True,False,True,True,False,False,False
BNPL-A3-002,A3,bnpl:swap-no-rap,S6,bnpl,False,B1,brand:briogem.com,True,ALLOW,curation,,-1,,False,False,False,,0.0008,0,10285,26787746,True,False,True,True,False,False,False
BNPL-A3-002,A3,bnpl:swap-no-rap,S6,bnpl,False,B2,brand:briogem.com,True,ALLOW,mandate,,-1,,False,False,False,,0.0005,0,10285,26787746,True,False,True,True,False,False,False
BNPL-A3-002,A3,bnpl:swap-no-rap,S6,bnpl,False,B3,brand:briogem.com,True,ALLOW,identity-assertion,,-1,,False,False,False,,0.0006,0,10285,26787746,True,False,True,True,False,False,False
BNPL-A3-002,A3,bnpl:swap-no-rap,S6,bnpl,False,B4,brand:briogem.com,True,ALLOW,did-wallet,not-applicable,-1,,False,False,False,,0.0006,0,10285,26787746,True,False,True,True,False,False,False
BNPL-A3-002,A3,bnpl:swap-no-rap,S6,bnpl,False,B5,brand:briogem.com,True,ALLOW,vop,not-applicable,-1,,False,False,False,,0.0005,0,10285,26787746,True,False,True,True,False,False,False
BNPL-A3-002,A3,bnpl:swap-no-rap,S6,bnpl,False,B6,brand:briogem.com,True,ALLOW,lists,,-1,,False,False,False,,0.0005,0,10285,26787746,True,False,True,True,False,False,False
BNPL-A3-002,A3,bnpl:swap-no-rap,S6,bnpl,False,B7,brand:briogem.com,True,STEP-UP,delegation,no-delegation,-1,,False,False,False,,0.0028,0,10285,26787746,False,False,False,False,False,True,True
BNPL-A3-002,A3,bnpl:swap-no-rap,S6,bnpl,False,M1-G1,brand:briogem.com,True,STEP-UP,pav,no-path,-1,,False,False,False,,0.0027,0,10285,26787746,False,False,False,False,False,True,True
BNPL-A3-002,A3,bnpl:swap-no-rap,S6,bnpl,False,M1,brand:briogem.com,True,STEP-UP,route,no-path,-1,,False,False,False,,0.0012,0,10285,26787746,False,False,False,False,False,True,True
BNPL-A3-002,A3,bnpl:swap-no-rap,S6,bnpl,False,M2,brand:briogem.com,True,STEP-UP,route,no-path,-1,,False,False,False,,0.5105,0,10285,26787746,False,False,False,False,False,True,True
BNPL-A3-002,A3,bnpl:swap-no-rap,S6,bnpl,False,M3,brand:briogem.com,True,STEP-UP,route,no-path,-1,,False,False,False,,0.5035,0,10285,26787746,False,False,False,False,False,True,True
benign-S6-053,benign,S6,S6,bnpl,False,B1,brand:bugror.com,False,ALLOW,curation,,-1,,False,False,False,,0.001,0,7061,26825376,True,True,False,False,False,False,False
benign-S6-053,benign,S6,S6,bnpl,False,B2,brand:bugror.com,False,ALLOW,mandate,,-1,,False,False,False,,0.0007,0,7061,26825376,True,True,False,False,False,False,False
benign-S6-053,benign,S6,S6,bnpl,False,B3,brand:bugror.com,False,ALLOW,identity-assertion,,-1,,False,False,False,,0.0007,0,7061,26825376,True,True,False,False,False,False,False
benign-S6-053,benign,S6,S6,bnpl,False,B4,brand:bugror.com,False,ALLOW,did-wallet,not-applicable,-1,,False,False,False,,0.0007,0,7061,26825376,True,True,False,False,False,False,False
benign-S6-053,benign,S6,S6,bnpl,False,B5,brand:bugror.com,False,ALLOW,vop,not-applicable,-1,,False,False,False,,0.0006,0,7061,26825376,True,True,False,False,False,False,False
benign-S6-053,benign,S6,S6,bnpl,False,B6,brand:bugror.com,False,ALLOW,lists,,-1,,False,False,False,,0.0007,0,7061,26825376,True,True,False,False,False,False,False
benign-S6-053,benign,S6,S6,bnpl,False,B7,brand:bugror.com,False,ALLOW,b7,,-1,,False,False,False,,0.5555,6,7061,26825376,True,True,False,False,False,False,False
benign-S6-053,benign,S6,S6,bnpl,False,M1-G1,brand:bugror.com,False,ALLOW,pav,,1,,False,False,False,,0.8698,10,7061,26825376,True,True,False,False,False,False,False
benign-S6-053,benign,S6,S6,bnpl,False,M1,brand:bugror.com,False,ALLOW,route,,2,,False,False,False,,1.2263,14,7061,26825376,True,True,False,False,False,False,False
benign-S6-053,benign,S6,S6,bnpl,False,M2,brand:bugror.com,False,ALLOW,route,,2,,False,False,False,,1.9598,14,7061,26825376,True,True,False,False,False,False,False
benign-S6-053,benign,S6,S6,bnpl,False,M3,brand:bugror.com,False,ALLOW,route,,2,PRE,False,False,False,,1.91,14,7061,26825376,True,True,False,False,False,False,False
BNPL-A4-012,A4,bnpl:feed-own-rap,S6,bnpl,False,B1,brand:hegawilo.co.uk,False,ALLOW,curation,,-1,,False,False,False,,0.001,0,2826,26831534,True,False,True,True,False,False,False
BNPL-A4-012,A4,bnpl:feed-own-rap,S6,bnpl,False,B2,brand:hegawilo.co.uk,False,ALLOW,mandate,,-1,,False,False,False,,0.0005,0,2826,26831534,True,False,True,True,False,False,False
BNPL-A4-012,A4,bnpl:feed-own-rap,S6,bnpl,False,B3,brand:hegawilo.co.uk,False,ALLOW,identity-assertion,,-1,,False,False,False,,0.0005,0,2826,26831534,True,False,True,True,False,False,False
BNPL-A4-012,A4,bnpl:feed-own-rap,S6,bnpl,False,B4,brand:hegawilo.co.uk,False,ALLOW,did-wallet,not-applicable,-1,,False,False,False,,0.0006,0,2826,26831534,True,False,True,True,False,False,False
BNPL-A4-012,A4,bnpl:feed-own-rap,S6,bnpl,False,B5,brand:hegawilo.co.uk,False,ALLOW,vop,not-applicable,-1,,False,False,False,,0.0005,0,2826,26831534,True,False,True,True,False,False,False
BNPL-A4-012,A4,bnpl:feed-own-rap,S6,bnpl,False,B6,brand:hegawilo.co.uk,False,ALLOW,lists,,-1,,False,False,False,,0.0005,0,2826,26831534,True,False,True,True,False,False,False
BNPL-A4-012,A4,bnpl:feed-own-rap,S6,bnpl,False,B7,brand:hegawilo.co.uk,False,STEP-UP,delegation,no-delegation-from-asserted-entity,-1,,False,False,False,,0.004,0,2826,26831534,False,False,False,False,False,True,True
BNPL-A4-012,A4,bnpl:feed-own-rap,S6,bnpl,False,M1-G1,brand:hegawilo.co.uk,False,STEP-UP,pav,scope,-1,,False,False,False,,0.6273,7,2826,26831534,False,False,False,False,False,True,True
BNPL-A4-012,A4,bnpl:feed-own-rap,S6,bnpl,False,M1,brand:hegawilo.co.uk,False,STEP-UP,route/pav,scope,-1,,False,False,False,,0.6069,7,2826,26831534,False,False,False,False,False,True,True
BNPL-A4-012,A4,bnpl:feed-own-rap,S6,bnpl,False,M2,brand:hegawilo.co.uk,False,STEP-UP,route/pav,scope,-1,,False,False,False,,1.0722,7,2826,26831534,False,False,False,False,False,True,True
BNPL-A4-012,A4,bnpl:feed-own-rap,S6,bnpl,False,M3,brand:hegawilo.co.uk,False,STEP-UP,route/pav,scope,-1,,False,False,False,,1.067,7,2826,26831534,False,False,False,False,False,True,True
benign-S6-040,benign,S6,S6,bnpl,False,B1,brand:flaigo.com,True,ALLOW,curation,,-1,,False,False,False,,0.0011,0,5159,26866291,True,True,False,False,False,False,False
benign-S6-040,benign,S6,S6,bnpl,False,B2,brand:flaigo.com,True,ALLOW,mandate,,-1,,False,False,False,,0.0005,0,5159,26866291,True,True,False,False,False,False,False
benign-S6-040,benign,S6,S6,bnpl,False,B3,brand:flaigo.com,True,ALLOW,identity-assertion,,-1,,False,False,False,,0.0005,0,5159,26866291,True,True,False,False,False,False,False
benign-S6-040,benign,S6,S6,bnpl,False,B4,brand:flaigo.com,True,ALLOW,did-wallet,not-applicable,-1,,False,False,False,,0.0006,0,5159,26866291,True,True,False,False,False,False,False
benign-S6-040,benign,S6,S6,bnpl,False,B5,brand:flaigo.com,True,ALLOW,vop,not-applicable,-1,,False,False,False,,0.0005,0,5159,26866291,True,True,False,False,False,False,False
benign-S6-040,benign,S6,S6,bnpl,False,B6,brand:flaigo.com,True,ALLOW,lists,,-1,,False,False,False,,0.0005,0,5159,26866291,True,True,False,False,False,False,False
benign-S6-040,benign,S6,S6,bnpl,False,B7,brand:flaigo.com,True,ALLOW,b7,,-1,,False,False,False,,0.5436,6,5159,26866291,True,True,False,False,False,False,False
benign-S6-040,benign,S6,S6,bnpl,False,M1-G1,brand:flaigo.com,True,ALLOW,pav,,1,,False,False,False,,0.8935,10,5159,26866291,True,True,False,False,False,False,False
benign-S6-040,benign,S6,S6,bnpl,False,M1,brand:flaigo.com,True,ALLOW,route,,2,,False,False,False,,1.411,14,5159,26866291,True,True,False,False,False,False,False
benign-S6-040,benign,S6,S6,bnpl,False,M2,brand:flaigo.com,True,ALLOW,route,,2,,False,False,False,,2.1363,14,5159,26866291,True,True,False,False,False,False,False
benign-S6-040,benign,S6,S6,bnpl,False,M3,brand:flaigo.com,True,ALLOW,route,,2,PRE,False,False,False,,2.0373,14,5159,26866291,True,True,False,False,False,False,False
benign-S6-087,benign,S6,S6,bnpl,False,B1,brand:neabi.com,False,ALLOW,curation,,-1,,False,False,False,,0.001,0,8292,26896761,True,True,False,False,False,False,False
benign-S6-087,benign,S6,S6,bnpl,False,B2,brand:neabi.com,False,ALLOW,mandate,,-1,,False,False,False,,0.0006,0,8292,26896761,True,True,False,False,False,False,False
benign-S6-087,benign,S6,S6,bnpl,False,B3,brand:neabi.com,False,ALLOW,identity-assertion,,-1,,False,False,False,,0.0006,0,8292,26896761,True,True,False,False,False,False,False
benign-S6-087,benign,S6,S6,bnpl,False,B4,brand:neabi.com,False,ALLOW,did-wallet,not-applicable,-1,,False,False,False,,0.0005,0,8292,26896761,True,True,False,False,False,False,False
benign-S6-087,benign,S6,S6,bnpl,False,B5,brand:neabi.com,False,ALLOW,vop,not-applicable,-1,,False,False,False,,0.0005,0,8292,26896761,True,True,False,False,False,False,False
benign-S6-087,benign,S6,S6,bnpl,False,B6,brand:neabi.com,False,ALLOW,lists,,-1,,False,False,False,,0.0005,0,8292,26896761,True,True,False,False,False,False,False
benign-S6-087,benign,S6,S6,bnpl,False,B7,brand:neabi.com,False,ALLOW,b7,,-1,,False,False,False,,0.5514,6,8292,26896761,True,True,False,False,False,False,False
benign-S6-087,benign,S6,S6,bnpl,False,M1-G1,brand:neabi.com,False,ALLOW,pav,,1,,False,False,False,,0.8898,10,8292,26896761,True,True,False,False,False,False,False
benign-S6-087,benign,S6,S6,bnpl,False,M1,brand:neabi.com,False,ALLOW,route,,2,,False,False,False,,1.254,14,8292,26896761,True,True,False,False,False,False,False
benign-S6-087,benign,S6,S6,bnpl,False,M2,brand:neabi.com,False,ALLOW,route,,2,,False,False,False,,1.8209,14,8292,26896761,True,True,False,False,False,False,False
benign-S6-087,benign,S6,S6,bnpl,False,M3,brand:neabi.com,False,ALLOW,route,,2,PRE,False,False,False,,1.7712,14,8292,26896761,True,True,False,False,False,False,False
benign-S6-083,benign,S6,S6,bnpl,False,B1,brand:neabi.com,False,ALLOW,curation,,-1,,False,False,False,,0.001,0,3664,26897930,True,True,False,False,False,False,False
benign-S6-083,benign,S6,S6,bnpl,False,B2,brand:neabi.com,False,ALLOW,mandate,,-1,,False,False,False,,0.0005,0,3664,26897930,True,True,False,False,False,False,False
benign-S6-083,benign,S6,S6,bnpl,False,B3,brand:neabi.com,False,ALLOW,identity-assertion,,-1,,False,False,False,,0.0005,0,3664,26897930,True,True,False,False,False,False,False
benign-S6-083,benign,S6,S6,bnpl,False,B4,brand:neabi.com,False,ALLOW,did-wallet,not-applicable,-1,,False,False,False,,0.0005,0,3664,26897930,True,True,False,False,False,False,False
benign-S6-083,benign,S6,S6,bnpl,False,B5,brand:neabi.com,False,ALLOW,vop,not-applicable,-1,,False,False,False,,0.0005,0,3664,26897930,True,True,False,False,False,False,False
benign-S6-083,benign,S6,S6,bnpl,False,B6,brand:neabi.com,False,ALLOW,lists,,-1,,False,False,False,,0.0005,0,3664,26897930,True,True,False,False,False,False,False
benign-S6-083,benign,S6,S6,bnpl,False,B7,brand:neabi.com,False,ALLOW,b7,,-1,,False,False,False,,0.5399,6,3664,26897930,True,True,False,False,False,False,False
benign-S6-083,benign,S6,S6,bnpl,False,M1-G1,brand:neabi.com,False,ALLOW,pav,,1,,False,False,False,,0.8675,10,3664,26897930,True,True,False,False,False,False,False
benign-S6-083,benign,S6,S6,bnpl,False,M1,brand:neabi.com,False,ALLOW,route,,2,,False,False,False,,1.2182,14,3664,26897930,True,True,False,False,False,False,False
benign-S6-083,benign,S6,S6,bnpl,False,M2,brand:neabi.com,False,ALLOW,route,,2,,False,False,False,,1.825,14,3664,26897930,True,True,False,False,False,False,False
benign-S6-083,benign,S6,S6,bnpl,False,M3,brand:neabi.com,False,ALLOW,route,,2,PRE,False,False,False,,1.9372,14,3664,26897930,True,True,False,False,False,False,False
BNPL-A13-001,A13,bnpl:custodian-deviates,S6,bnpl,False,B1,brand:pronubior.com,False,ALLOW,curation,,-1,,False,False,False,,0.0009,0,2161,26912606,True,False,True,True,False,False,False
BNPL-A13-001,A13,bnpl:custodian-deviates,S6,bnpl,False,B2,brand:pronubior.com,False,ALLOW,mandate,,-1,,False,False,False,,0.0005,0,2161,26912606,True,False,True,True,False,False,False
BNPL-A13-001,A13,bnpl:custodian-deviates,S6,bnpl,False,B3,brand:pronubior.com,False,ALLOW,identity-assertion,,-1,,False,False,False,,0.0005,0,2161,26912606,True,False,True,True,False,False,False
BNPL-A13-001,A13,bnpl:custodian-deviates,S6,bnpl,False,B4,brand:pronubior.com,False,ALLOW,did-wallet,not-applicable,-1,,False,False,False,,0.0005,0,2161,26912606,True,False,True,True,False,False,False
BNPL-A13-001,A13,bnpl:custodian-deviates,S6,bnpl,False,B5,brand:pronubior.com,False,ALLOW,vop,not-applicable,-1,,False,False,False,,0.0005,0,2161,26912606,True,False,True,True,False,False,False
BNPL-A13-001,A13,bnpl:custodian-deviates,S6,bnpl,False,B6,brand:pronubior.com,False,ALLOW,lists,,-1,,False,False,False,,0.0005,0,2161,26912606,True,False,True,True,False,False,False
BNPL-A13-001,A13,bnpl:custodian-deviates,S6,bnpl,False,B7,brand:pronubior.com,False,ALLOW,b7,,-1,,False,False,False,,0.5412,6,2161,26912606,True,False,True,True,False,False,False
BNPL-A13-001,A13,bnpl:custodian-deviates,S6,bnpl,False,M1-G1,brand:pronubior.com,False,ALLOW,pav,,1,,False,False,False,,0.8712,10,2161,26912606,True,False,True,True,False,False,False
BNPL-A13-001,A13,bnpl:custodian-deviates,S6,bnpl,False,M1,brand:pronubior.com,False,ALLOW,route,,2,,False,False,False,,1.2218,14,2161,26912606,True,False,True,True,False,False,False
BNPL-A13-001,A13,bnpl:custodian-deviates,S6,bnpl,False,M2,brand:pronubior.com,False,ALLOW,route,,2,,False,False,False,,2.2918,14,2161,26912606,True,False,True,True,False,False,False
BNPL-A13-001,A13,bnpl:custodian-deviates,S6,bnpl,False,M3,brand:pronubior.com,False,ALLOW,route,,2,PRE,False,True,True,arrival,2.4977,14,2161,26912606,True,False,True,True,False,False,False
benign-S6-006,benign,S6,S6,bnpl,False,B1,brand:dricoion.co.uk,False,ALLOW,curation,,-1,,False,False,False,,0.0009,0,4222,26926516,True,True,False,False,False,False,False
benign-S6-006,benign,S6,S6,bnpl,False,B2,brand:dricoion.co.uk,False,ALLOW,mandate,,-1,,False,False,False,,0.0005,0,4222,26926516,True,True,False,False,False,False,False
benign-S6-006,benign,S6,S6,bnpl,False,B3,brand:dricoion.co.uk,False,ALLOW,identity-assertion,,-1,,False,False,False,,0.0006,0,4222,26926516,True,True,False,False,False,False,False
benign-S6-006,benign,S6,S6,bnpl,False,B4,brand:dricoion.co.uk,False,ALLOW,did-wallet,not-applicable,-1,,False,False,False,,0.0005,0,4222,26926516,True,True,False,False,False,False,False
benign-S6-006,benign,S6,S6,bnpl,False,B5,brand:dricoion.co.uk,False,ALLOW,vop,not-applicable,-1,,False,False,False,,0.0005,0,4222,26926516,True,True,False,False,False,False,False
benign-S6-006,benign,S6,S6,bnpl,False,B6,brand:dricoion.co.uk,False,ALLOW,lists,,-1,,False,False,False,,0.0005,0,4222,26926516,True,True,False,False,False,False,False
benign-S6-006,benign,S6,S6,bnpl,False,B7,brand:dricoion.co.uk,False,STEP-UP,name-anchor,name-mismatch,-1,,False,False,False,,0.004,0,4222,26926516,False,True,False,False,False,True,False
benign-S6-006,benign,S6,S6,bnpl,False,M1-G1,brand:dricoion.co.uk,False,ALLOW,pav,,1,,False,False,False,,0.9112,10,4222,26926516,True,True,False,False,False,False,False
benign-S6-006,benign,S6,S6,bnpl,False,M1,brand:dricoion.co.uk,False,ALLOW,route,,2,,False,False,False,,1.2565,14,4222,26926516,True,True,False,False,False,False,False
benign-S6-006,benign,S6,S6,bnpl,False,M2,brand:dricoion.co.uk,False,ALLOW,route,,2,,False,False,False,,1.894,14,4222,26926516,True,True,False,False,False,False,False
benign-S6-006,benign,S6,S6,bnpl,False,M3,brand:dricoion.co.uk,False,ALLOW,route,,2,PRE,False,False,False,,1.8288,14,4222,26926516,True,True,False,False,False,False,False
benign-S6-062,benign,S6,S6,bnpl,False,B1,brand:bugror.com,False,ALLOW,curation,,-1,,False,False,False,,0.0008,0,8429,26927186,True,True,False,False,False,False,False
benign-S6-062,benign,S6,S6,bnpl,False,B2,brand:bugror.com,False,ALLOW,mandate,,-1,,False,False,False,,0.0005,0,8429,26927186,True,True,False,False,False,False,False
benign-S6-062,benign,S6,S6,bnpl,False,B3,brand:bugror.com,False,ALLOW,identity-assertion,,-1,,False,False,False,,0.0005,0,8429,26927186,True,True,False,False,False,False,False
benign-S6-062,benign,S6,S6,bnpl,False,B4,brand:bugror.com,False,ALLOW,did-wallet,not-applicable,-1,,False,False,False,,0.0005,0,8429,26927186,True,True,False,False,False,False,False
benign-S6-062,benign,S6,S6,bnpl,False,B5,brand:bugror.com,False,ALLOW,vop,not-applicable,-1,,False,False,False,,0.0005,0,8429,26927186,True,True,False,False,False,False,False
benign-S6-062,benign,S6,S6,bnpl,False,B6,brand:bugror.com,False,ALLOW,lists,,-1,,False,False,False,,0.0005,0,8429,26927186,True,True,False,False,False,False,False
benign-S6-062,benign,S6,S6,bnpl,False,B7,brand:bugror.com,False,STEP-UP,name-anchor,name-mismatch,-1,,False,False,False,,0.0036,0,8429,26927186,False,True,False,False,False,True,False
benign-S6-062,benign,S6,S6,bnpl,False,M1-G1,brand:bugror.com,False,ALLOW,pav,,1,,False,False,False,,0.8956,10,8429,26927186,True,True,False,False,False,False,False
benign-S6-062,benign,S6,S6,bnpl,False,M1,brand:bugror.com,False,ALLOW,route,,2,,False,False,False,,1.357,14,8429,26927186,True,True,False,False,False,False,False
benign-S6-062,benign,S6,S6,bnpl,False,M2,brand:bugror.com,False,ALLOW,route,,2,,False,False,False,,1.9021,14,8429,26927186,True,True,False,False,False,False,False
benign-S6-062,benign,S6,S6,bnpl,False,M3,brand:bugror.com,False,ALLOW,route,,2,PRE,False,False,False,,1.8236,14,8429,26927186,True,True,False,False,False,False,False
BNPL-A3-014,A3,bnpl:swap-no-rap,S6,bnpl,False,B1,brand:hegawilo.co.uk,False,ALLOW,curation,,-1,,False,False,False,,0.0013,0,31213,26953185,True,False,True,True,False,False,False
BNPL-A3-014,A3,bnpl:swap-no-rap,S6,bnpl,False,B2,brand:hegawilo.co.uk,False,ALLOW,mandate,,-1,,False,False,False,,0.0005,0,31213,26953185,True,False,True,True,False,False,False
BNPL-A3-014,A3,bnpl:swap-no-rap,S6,bnpl,False,B3,brand:hegawilo.co.uk,False,ALLOW,identity-assertion,,-1,,False,False,False,,0.0006,0,31213,26953185,True,False,True,True,False,False,False
BNPL-A3-014,A3,bnpl:swap-no-rap,S6,bnpl,False,B4,brand:hegawilo.co.uk,False,ALLOW,did-wallet,not-applicable,-1,,False,False,False,,0.0006,0,31213,26953185,True,False,True,True,False,False,False
BNPL-A3-014,A3,bnpl:swap-no-rap,S6,bnpl,False,B5,brand:hegawilo.co.uk,False,ALLOW,vop,not-applicable,-1,,False,False,False,,0.0005,0,31213,26953185,True,False,True,True,False,False,False
BNPL-A3-014,A3,bnpl:swap-no-rap,S6,bnpl,False,B6,brand:hegawilo.co.uk,False,ALLOW,lists,,-1,,False,False,False,,0.0005,0,31213,26953185,True,False,True,True,False,False,False
BNPL-A3-014,A3,bnpl:swap-no-rap,S6,bnpl,False,B7,brand:hegawilo.co.uk,False,STEP-UP,delegation,no-delegation,-1,,False,False,False,,0.0032,0,31213,26953185,False,False,False,False,False,True,True
BNPL-A3-014,A3,bnpl:swap-no-rap,S6,bnpl,False,M1-G1,brand:hegawilo.co.uk,False,STEP-UP,pav,no-path,-1,,False,False,False,,0.0033,0,31213,26953185,False,False,False,False,False,True,True
BNPL-A3-014,A3,bnpl:swap-no-rap,S6,bnpl,False,M1,brand:hegawilo.co.uk,False,STEP-UP,route,no-path,-1,,False,False,False,,0.0069,0,31213,26953185,False,False,False,False,False,True,True
BNPL-A3-014,A3,bnpl:swap-no-rap,S6,bnpl,False,M2,brand:hegawilo.co.uk,False,STEP-UP,route,no-path,-1,,False,False,False,,0.4709,0,31213,26953185,False,False,False,False,False,True,True
BNPL-A3-014,A3,bnpl:swap-no-rap,S6,bnpl,False,M3,brand:hegawilo.co.uk,False,STEP-UP,route,no-path,-1,,False,False,False,,0.4556,0,31213,26953185,False,False,False,False,False,True,True
benign-S6-002,benign,S6,S6,bnpl,False,B1,brand:pronubior.com,False,ALLOW,curation,,-1,,False,False,False,,0.0007,0,24329,26961480,True,True,False,False,False,False,False
benign-S6-002,benign,S6,S6,bnpl,False,B2,brand:pronubior.com,False,ALLOW,mandate,,-1,,False,False,False,,0.0005,0,24329,26961480,True,True,False,False,False,False,False
benign-S6-002,benign,S6,S6,bnpl,False,B3,brand:pronubior.com,False,ALLOW,identity-assertion,,-1,,False,False,False,,0.0005,0,24329,26961480,True,True,False,False,False,False,False
benign-S6-002,benign,S6,S6,bnpl,False,B4,brand:pronubior.com,False,ALLOW,did-wallet,not-applicable,-1,,False,False,False,,0.0005,0,24329,26961480,True,True,False,False,False,False,False
benign-S6-002,benign,S6,S6,bnpl,False,B5,brand:pronubior.com,False,ALLOW,vop,not-applicable,-1,,False,False,False,,0.0005,0,24329,26961480,True,True,False,False,False,False,False
benign-S6-002,benign,S6,S6,bnpl,False,B6,brand:pronubior.com,False,ALLOW,lists,,-1,,False,False,False,,0.0005,0,24329,26961480,True,True,False,False,False,False,False
benign-S6-002,benign,S6,S6,bnpl,False,B7,brand:pronubior.com,False,ALLOW,b7,,-1,,False,False,False,,0.548,6,24329,26961480,True,True,False,False,False,False,False
benign-S6-002,benign,S6,S6,bnpl,False,M1-G1,brand:pronubior.com,False,ALLOW,pav,,1,,False,False,False,,0.8916,10,24329,26961480,True,True,False,False,False,False,False
benign-S6-002,benign,S6,S6,bnpl,False,M1,brand:pronubior.com,False,ALLOW,route,,2,,False,False,False,,1.254,14,24329,26961480,True,True,False,False,False,False,False
benign-S6-002,benign,S6,S6,bnpl,False,M2,brand:pronubior.com,False,ALLOW,route,,2,,False,False,False,,2.31,14,24329,26961480,True,True,False,False,False,False,False
benign-S6-002,benign,S6,S6,bnpl,False,M3,brand:pronubior.com,False,ALLOW,route,,2,PRE,False,False,False,,2.2185,14,24329,26961480,True,True,False,False,False,False,False
benign-S6-081,benign,S6,S6,bnpl,False,B1,brand:hegawilo.co.uk,False,ALLOW,curation,,-1,,False,False,False,,0.001,0,16609,27064180,True,True,False,False,False,False,False
benign-S6-081,benign,S6,S6,bnpl,False,B2,brand:hegawilo.co.uk,False,ALLOW,mandate,,-1,,False,False,False,,0.0005,0,16609,27064180,True,True,False,False,False,False,False
benign-S6-081,benign,S6,S6,bnpl,False,B3,brand:hegawilo.co.uk,False,ALLOW,identity-assertion,,-1,,False,False,False,,0.0006,0,16609,27064180,True,True,False,False,False,False,False
benign-S6-081,benign,S6,S6,bnpl,False,B4,brand:hegawilo.co.uk,False,ALLOW,did-wallet,not-applicable,-1,,False,False,False,,0.0005,0,16609,27064180,True,True,False,False,False,False,False
benign-S6-081,benign,S6,S6,bnpl,False,B5,brand:hegawilo.co.uk,False,ALLOW,vop,not-applicable,-1,,False,False,False,,0.0005,0,16609,27064180,True,True,False,False,False,False,False
benign-S6-081,benign,S6,S6,bnpl,False,B6,brand:hegawilo.co.uk,False,ALLOW,lists,,-1,,False,False,False,,0.0005,0,16609,27064180,True,True,False,False,False,False,False
benign-S6-081,benign,S6,S6,bnpl,False,B7,brand:hegawilo.co.uk,False,ALLOW,b7,,-1,,False,False,False,,0.5632,6,16609,27064180,True,True,False,False,False,False,False
benign-S6-081,benign,S6,S6,bnpl,False,M1-G1,brand:hegawilo.co.uk,False,ALLOW,pav,,1,,False,False,False,,0.8706,10,16609,27064180,True,True,False,False,False,False,False
benign-S6-081,benign,S6,S6,bnpl,False,M1,brand:hegawilo.co.uk,False,ALLOW,route,,2,,False,False,False,,1.2557,14,16609,27064180,True,True,False,False,False,False,False
benign-S6-081,benign,S6,S6,bnpl,False,M2,brand:hegawilo.co.uk,False,ALLOW,route,,2,,False,False,False,,2.2348,14,16609,27064180,True,True,False,False,False,False,False
benign-S6-081,benign,S6,S6,bnpl,False,M3,brand:hegawilo.co.uk,False,ALLOW,route,,2,PRE,False,False,False,,2.0903,14,16609,27064180,True,True,False,False,False,False,False
BNPL-A3-013,A3,bnpl:swap-own-rap,S6,bnpl,False,B1,brand:dricoion.co.uk,False,ALLOW,curation,,-1,,False,False,False,,0.0008,0,1381,27075243,True,False,True,True,False,False,False
BNPL-A3-013,A3,bnpl:swap-own-rap,S6,bnpl,False,B2,brand:dricoion.co.uk,False,ALLOW,mandate,,-1,,False,False,False,,0.0005,0,1381,27075243,True,False,True,True,False,False,False
BNPL-A3-013,A3,bnpl:swap-own-rap,S6,bnpl,False,B3,brand:dricoion.co.uk,False,ALLOW,identity-assertion,,-1,,False,False,False,,0.0006,0,1381,27075243,True,False,True,True,False,False,False
BNPL-A3-013,A3,bnpl:swap-own-rap,S6,bnpl,False,B4,brand:dricoion.co.uk,False,ALLOW,did-wallet,not-applicable,-1,,False,False,False,,0.0005,0,1381,27075243,True,False,True,True,False,False,False
BNPL-A3-013,A3,bnpl:swap-own-rap,S6,bnpl,False,B5,brand:dricoion.co.uk,False,ALLOW,vop,not-applicable,-1,,False,False,False,,0.0005,0,1381,27075243,True,False,True,True,False,False,False
BNPL-A3-013,A3,bnpl:swap-own-rap,S6,bnpl,False,B6,brand:dricoion.co.uk,False,ALLOW,lists,,-1,,False,False,False,,0.0005,0,1381,27075243,True,False,True,True,False,False,False
BNPL-A3-013,A3,bnpl:swap-own-rap,S6,bnpl,False,B7,brand:dricoion.co.uk,False,STEP-UP,delegation,no-delegation-from-asserted-entity,-1,,False,False,False,,0.0039,0,1381,27075243,False,False,False,False,False,True,True
BNPL-A3-013,A3,bnpl:swap-own-rap,S6,bnpl,False,M1-G1,brand:dricoion.co.uk,False,STEP-UP,pav,scope,-1,,False,False,False,,0.6284,7,1381,27075243,False,False,False,False,False,True,True
BNPL-A3-013,A3,bnpl:swap-own-rap,S6,bnpl,False,M1,brand:dricoion.co.uk,False,STEP-UP,route/pav,scope,-1,,False,False,False,,0.6065,7,1381,27075243,False,False,False,False,False,True,True
BNPL-A3-013,A3,bnpl:swap-own-rap,S6,bnpl,False,M2,brand:dricoion.co.uk,False,STEP-UP,route/pav,scope,-1,,False,False,False,,1.1672,7,1381,27075243,False,False,False,False,False,True,True
BNPL-A3-013,A3,bnpl:swap-own-rap,S6,bnpl,False,M3,brand:dricoion.co.uk,False,STEP-UP,route/pav,scope,-1,,False,False,False,,1.1633,7,1381,27075243,False,False,False,False,False,True,True
BNPL-A13-009,A13,bnpl:custodian-deviates,S6,bnpl,False,B1,brand:bugror.com,False,ALLOW,curation,,-1,,False,False,False,,0.001,0,4502,27094290,True,False,True,True,False,False,False
BNPL-A13-009,A13,bnpl:custodian-deviates,S6,bnpl,False,B2,brand:bugror.com,False,ALLOW,mandate,,-1,,False,False,False,,0.0005,0,4502,27094290,True,False,True,True,False,False,False
BNPL-A13-009,A13,bnpl:custodian-deviates,S6,bnpl,False,B3,brand:bugror.com,False,ALLOW,identity-assertion,,-1,,False,False,False,,0.0005,0,4502,27094290,True,False,True,True,False,False,False
BNPL-A13-009,A13,bnpl:custodian-deviates,S6,bnpl,False,B4,brand:bugror.com,False,ALLOW,did-wallet,not-applicable,-1,,False,False,False,,0.0005,0,4502,27094290,True,False,True,True,False,False,False
BNPL-A13-009,A13,bnpl:custodian-deviates,S6,bnpl,False,B5,brand:bugror.com,False,ALLOW,vop,not-applicable,-1,,False,False,False,,0.0005,0,4502,27094290,True,False,True,True,False,False,False
BNPL-A13-009,A13,bnpl:custodian-deviates,S6,bnpl,False,B6,brand:bugror.com,False,ALLOW,lists,,-1,,False,False,False,,0.0005,0,4502,27094290,True,False,True,True,False,False,False
BNPL-A13-009,A13,bnpl:custodian-deviates,S6,bnpl,False,B7,brand:bugror.com,False,ALLOW,b7,,-1,,False,False,False,,0.5447,6,4502,27094290,True,False,True,True,False,False,False
BNPL-A13-009,A13,bnpl:custodian-deviates,S6,bnpl,False,M1-G1,brand:bugror.com,False,ALLOW,pav,,1,,False,False,False,,0.9093,10,4502,27094290,True,False,True,True,False,False,False
BNPL-A13-009,A13,bnpl:custodian-deviates,S6,bnpl,False,M1,brand:bugror.com,False,ALLOW,route,,2,,False,False,False,,1.2438,14,4502,27094290,True,False,True,True,False,False,False
BNPL-A13-009,A13,bnpl:custodian-deviates,S6,bnpl,False,M2,brand:bugror.com,False,ALLOW,route,,2,,False,False,False,,1.9639,14,4502,27094290,True,False,True,True,False,False,False
BNPL-A13-009,A13,bnpl:custodian-deviates,S6,bnpl,False,M3,brand:bugror.com,False,ALLOW,route,,2,PRE,False,True,True,arrival,2.1466,14,4502,27094290,True,False,True,True,False,False,False
BNPL-A11-003,A11,bnpl:acquirer-level-swap,S6,bnpl,False,B1,brand:haizeal.com,False,ALLOW,curation,,-1,,False,False,False,,0.001,0,12857,27098254,True,False,True,True,False,False,False
BNPL-A11-003,A11,bnpl:acquirer-level-swap,S6,bnpl,False,B2,brand:haizeal.com,False,ALLOW,mandate,,-1,,False,False,False,,0.0005,0,12857,27098254,True,False,True,True,False,False,False
BNPL-A11-003,A11,bnpl:acquirer-level-swap,S6,bnpl,False,B3,brand:haizeal.com,False,ALLOW,identity-assertion,,-1,,False,False,False,,0.0005,0,12857,27098254,True,False,True,True,False,False,False
BNPL-A11-003,A11,bnpl:acquirer-level-swap,S6,bnpl,False,B4,brand:haizeal.com,False,ALLOW,did-wallet,not-applicable,-1,,False,False,False,,0.0005,0,12857,27098254,True,False,True,True,False,False,False
BNPL-A11-003,A11,bnpl:acquirer-level-swap,S6,bnpl,False,B5,brand:haizeal.com,False,ALLOW,vop,not-applicable,-1,,False,False,False,,0.0005,0,12857,27098254,True,False,True,True,False,False,False
BNPL-A11-003,A11,bnpl:acquirer-level-swap,S6,bnpl,False,B6,brand:haizeal.com,False,ALLOW,lists,,-1,,False,False,False,,0.0005,0,12857,27098254,True,False,True,True,False,False,False
BNPL-A11-003,A11,bnpl:acquirer-level-swap,S6,bnpl,False,B7,brand:haizeal.com,False,ALLOW,b7,,-1,,False,False,False,,0.5501,6,12857,27098254,True,False,True,True,False,False,False
BNPL-A11-003,A11,bnpl:acquirer-level-swap,S6,bnpl,False,M1-G1,brand:haizeal.com,False,ALLOW,pav,,1,,False,False,False,,0.882,10,12857,27098254,True,False,True,True,False,False,False
BNPL-A11-003,A11,bnpl:acquirer-level-swap,S6,bnpl,False,M1,brand:haizeal.com,False,ALLOW,route,,2,,False,False,False,,1.2972,14,12857,27098254,True,False,True,True,False,False,False
BNPL-A11-003,A11,bnpl:acquirer-level-swap,S6,bnpl,False,M2,brand:haizeal.com,False,ALLOW,route,,2,,False,False,False,,2.0376,14,12857,27098254,True,False,True,True,False,False,False
BNPL-A11-003,A11,bnpl:acquirer-level-swap,S6,bnpl,False,M3,brand:haizeal.com,False,ALLOW,route,,2,PRE,False,True,False,first-hop,1.93,14,12857,27098254,True,False,True,True,False,False,False
benign-S6-019,benign,S6,S6,bnpl,False,B1,brand:briogem.com,True,ALLOW,curation,,-1,,False,False,False,,0.0013,0,1937,27119164,True,True,False,False,False,False,False
benign-S6-019,benign,S6,S6,bnpl,False,B2,brand:briogem.com,True,ALLOW,mandate,,-1,,False,False,False,,0.0006,0,1937,27119164,True,True,False,False,False,False,False
benign-S6-019,benign,S6,S6,bnpl,False,B3,brand:briogem.com,True,ALLOW,identity-assertion,,-1,,False,False,False,,0.0007,0,1937,27119164,True,True,False,False,False,False,False
benign-S6-019,benign,S6,S6,bnpl,False,B4,brand:briogem.com,True,ALLOW,did-wallet,not-applicable,-1,,False,False,False,,0.0006,0,1937,27119164,True,True,False,False,False,False,False
benign-S6-019,benign,S6,S6,bnpl,False,B5,brand:briogem.com,True,ALLOW,vop,not-applicable,-1,,False,False,False,,0.0005,0,1937,27119164,True,True,False,False,False,False,False
benign-S6-019,benign,S6,S6,bnpl,False,B6,brand:briogem.com,True,ALLOW,lists,,-1,,False,False,False,,0.0005,0,1937,27119164,True,True,False,False,False,False,False
benign-S6-019,benign,S6,S6,bnpl,False,B7,brand:briogem.com,True,ALLOW,b7,,-1,,False,False,False,,0.5466,6,1937,27119164,True,True,False,False,False,False,False
benign-S6-019,benign,S6,S6,bnpl,False,M1-G1,brand:briogem.com,True,ALLOW,pav,,1,,False,False,False,,0.8924,10,1937,27119164,True,True,False,False,False,False,False
benign-S6-019,benign,S6,S6,bnpl,False,M1,brand:briogem.com,True,ALLOW,route,,2,,False,False,False,,1.2304,14,1937,27119164,True,True,False,False,False,False,False
benign-S6-019,benign,S6,S6,bnpl,False,M2,brand:briogem.com,True,ALLOW,route,,2,,False,False,False,,2.2377,14,1937,27119164,True,True,False,False,False,False,False
benign-S6-019,benign,S6,S6,bnpl,False,M3,brand:briogem.com,True,ALLOW,route,,2,PRE,False,False,False,,2.2291,14,1937,27119164,True,True,False,False,False,False,False
benign-S6-015,benign,S6,S6,bnpl,False,B1,brand:bugror.com,False,ALLOW,curation,,-1,,False,False,False,,0.001,0,1588,27128428,True,True,False,False,False,False,False
benign-S6-015,benign,S6,S6,bnpl,False,B2,brand:bugror.com,False,ALLOW,mandate,,-1,,False,False,False,,0.0005,0,1588,27128428,True,True,False,False,False,False,False
benign-S6-015,benign,S6,S6,bnpl,False,B3,brand:bugror.com,False,ALLOW,identity-assertion,,-1,,False,False,False,,0.0007,0,1588,27128428,True,True,False,False,False,False,False
benign-S6-015,benign,S6,S6,bnpl,False,B4,brand:bugror.com,False,ALLOW,did-wallet,not-applicable,-1,,False,False,False,,0.0005,0,1588,27128428,True,True,False,False,False,False,False
benign-S6-015,benign,S6,S6,bnpl,False,B5,brand:bugror.com,False,ALLOW,vop,not-applicable,-1,,False,False,False,,0.0006,0,1588,27128428,True,True,False,False,False,False,False
benign-S6-015,benign,S6,S6,bnpl,False,B6,brand:bugror.com,False,ALLOW,lists,,-1,,False,False,False,,0.0005,0,1588,27128428,True,True,False,False,False,False,False
benign-S6-015,benign,S6,S6,bnpl,False,B7,brand:bugror.com,False,ALLOW,b7,,-1,,False,False,False,,0.5416,6,1588,27128428,True,True,False,False,False,False,False
benign-S6-015,benign,S6,S6,bnpl,False,M1-G1,brand:bugror.com,False,ALLOW,pav,,1,,False,False,False,,0.869,10,1588,27128428,True,True,False,False,False,False,False
benign-S6-015,benign,S6,S6,bnpl,False,M1,brand:bugror.com,False,ALLOW,route,,2,,False,False,False,,1.2134,14,1588,27128428,True,True,False,False,False,False,False
benign-S6-015,benign,S6,S6,bnpl,False,M2,brand:bugror.com,False,ALLOW,route,,2,,False,False,False,,1.9775,14,1588,27128428,True,True,False,False,False,False,False
benign-S6-015,benign,S6,S6,bnpl,False,M3,brand:bugror.com,False,ALLOW,route,,2,PRE,False,False,False,,1.969,14,1588,27128428,True,True,False,False,False,False,False
benign-S6-056,benign,S6,S6,bnpl,False,B1,brand:dricoion.co.uk,False,ALLOW,curation,,-1,,False,False,False,,0.0011,0,1178,27134478,True,True,False,False,False,False,False
benign-S6-056,benign,S6,S6,bnpl,False,B2,brand:dricoion.co.uk,False,ALLOW,mandate,,-1,,False,False,False,,0.0005,0,1178,27134478,True,True,False,False,False,False,False
benign-S6-056,benign,S6,S6,bnpl,False,B3,brand:dricoion.co.uk,False,ALLOW,identity-assertion,,-1,,False,False,False,,0.0006,0,1178,27134478,True,True,False,False,False,False,False
benign-S6-056,benign,S6,S6,bnpl,False,B4,brand:dricoion.co.uk,False,ALLOW,did-wallet,not-applicable,-1,,False,False,False,,0.0005,0,1178,27134478,True,True,False,False,False,False,False
benign-S6-056,benign,S6,S6,bnpl,False,B5,brand:dricoion.co.uk,False,ALLOW,vop,not-applicable,-1,,False,False,False,,0.0005,0,1178,27134478,True,True,False,False,False,False,False
benign-S6-056,benign,S6,S6,bnpl,False,B6,brand:dricoion.co.uk,False,ALLOW,lists,,-1,,False,False,False,,0.0005,0,1178,27134478,True,True,False,False,False,False,False
benign-S6-056,benign,S6,S6,bnpl,False,B7,brand:dricoion.co.uk,False,ALLOW,b7,,-1,,False,False,False,,0.5459,6,1178,27134478,True,True,False,False,False,False,False
benign-S6-056,benign,S6,S6,bnpl,False,M1-G1,brand:dricoion.co.uk,False,ALLOW,pav,,1,,False,False,False,,0.8671,10,1178,27134478,True,True,False,False,False,False,False
benign-S6-056,benign,S6,S6,bnpl,False,M1,brand:dricoion.co.uk,False,ALLOW,route,,2,,False,False,False,,1.2819,14,1178,27134478,True,True,False,False,False,False,False
benign-S6-056,benign,S6,S6,bnpl,False,M2,brand:dricoion.co.uk,False,ALLOW,route,,2,,False,False,False,,2.2591,14,1178,27134478,True,True,False,False,False,False,False
benign-S6-056,benign,S6,S6,bnpl,False,M3,brand:dricoion.co.uk,False,ALLOW,route,,2,PRE,False,False,False,,2.229,14,1178,27134478,True,True,False,False,False,False,False
BNPL-A4-014,A4,bnpl:feed-own-rap,S6,bnpl,False,B1,brand:pronubior.com,False,ALLOW,curation,,-1,,False,False,False,,0.0011,0,11007,27136929,True,False,True,True,False,False,False
BNPL-A4-014,A4,bnpl:feed-own-rap,S6,bnpl,False,B2,brand:pronubior.com,False,ALLOW,mandate,,-1,,False,False,False,,0.0005,0,11007,27136929,True,False,True,True,False,False,False
BNPL-A4-014,A4,bnpl:feed-own-rap,S6,bnpl,False,B3,brand:pronubior.com,False,ALLOW,identity-assertion,,-1,,False,False,False,,0.0006,0,11007,27136929,True,False,True,True,False,False,False
BNPL-A4-014,A4,bnpl:feed-own-rap,S6,bnpl,False,B4,brand:pronubior.com,False,ALLOW,did-wallet,not-applicable,-1,,False,False,False,,0.0005,0,11007,27136929,True,False,True,True,False,False,False
BNPL-A4-014,A4,bnpl:feed-own-rap,S6,bnpl,False,B5,brand:pronubior.com,False,ALLOW,vop,not-applicable,-1,,False,False,False,,0.0005,0,11007,27136929,True,False,True,True,False,False,False
BNPL-A4-014,A4,bnpl:feed-own-rap,S6,bnpl,False,B6,brand:pronubior.com,False,ALLOW,lists,,-1,,False,False,False,,0.0005,0,11007,27136929,True,False,True,True,False,False,False
BNPL-A4-014,A4,bnpl:feed-own-rap,S6,bnpl,False,B7,brand:pronubior.com,False,STEP-UP,delegation,no-delegation-from-asserted-entity,-1,,False,False,False,,0.0043,0,11007,27136929,False,False,False,False,False,True,True
BNPL-A4-014,A4,bnpl:feed-own-rap,S6,bnpl,False,M1-G1,brand:pronubior.com,False,STEP-UP,pav,scope,-1,,False,False,False,,0.6226,7,11007,27136929,False,False,False,False,False,True,True
BNPL-A4-014,A4,bnpl:feed-own-rap,S6,bnpl,False,M1,brand:pronubior.com,False,STEP-UP,route/pav,scope,-1,,False,False,False,,0.6106,7,11007,27136929,False,False,False,False,False,True,True
BNPL-A4-014,A4,bnpl:feed-own-rap,S6,bnpl,False,M2,brand:pronubior.com,False,STEP-UP,route/pav,scope,-1,,False,False,False,,1.1859,7,11007,27136929,False,False,False,False,False,True,True
BNPL-A4-014,A4,bnpl:feed-own-rap,S6,bnpl,False,M3,brand:pronubior.com,False,STEP-UP,route/pav,scope,-1,,False,False,False,,1.1912,7,11007,27136929,False,False,False,False,False,True,True
benign-S6-008,benign,S6,S6,bnpl,False,B1,brand:bugror.com,False,ALLOW,curation,,-1,,False,False,False,,0.001,0,3328,27140061,True,True,False,False,False,False,False
benign-S6-008,benign,S6,S6,bnpl,False,B2,brand:bugror.com,False,ALLOW,mandate,,-1,,False,False,False,,0.0005,0,3328,27140061,True,True,False,False,False,False,False
benign-S6-008,benign,S6,S6,bnpl,False,B3,brand:bugror.com,False,ALLOW,identity-assertion,,-1,,False,False,False,,0.0005,0,3328,27140061,True,True,False,False,False,False,False
benign-S6-008,benign,S6,S6,bnpl,False,B4,brand:bugror.com,False,ALLOW,did-wallet,not-applicable,-1,,False,False,False,,0.0005,0,3328,27140061,True,True,False,False,False,False,False
benign-S6-008,benign,S6,S6,bnpl,False,B5,brand:bugror.com,False,ALLOW,vop,not-applicable,-1,,False,False,False,,0.0005,0,3328,27140061,True,True,False,False,False,False,False
benign-S6-008,benign,S6,S6,bnpl,False,B6,brand:bugror.com,False,ALLOW,lists,,-1,,False,False,False,,0.0005,0,3328,27140061,True,True,False,False,False,False,False
benign-S6-008,benign,S6,S6,bnpl,False,B7,brand:bugror.com,False,ALLOW,b7,,-1,,False,False,False,,0.5398,6,3328,27140061,True,True,False,False,False,False,False
benign-S6-008,benign,S6,S6,bnpl,False,M1-G1,brand:bugror.com,False,ALLOW,pav,,1,,False,False,False,,0.8723,10,3328,27140061,True,True,False,False,False,False,False
benign-S6-008,benign,S6,S6,bnpl,False,M1,brand:bugror.com,False,ALLOW,route,,2,,False,False,False,,1.2168,14,3328,27140061,True,True,False,False,False,False,False
benign-S6-008,benign,S6,S6,bnpl,False,M2,brand:bugror.com,False,ALLOW,route,,2,,False,False,False,,1.9993,14,3328,27140061,True,True,False,False,False,False,False
benign-S6-008,benign,S6,S6,bnpl,False,M3,brand:bugror.com,False,ALLOW,route,,2,PRE,False,False,False,,1.9241,14,3328,27140061,True,True,False,False,False,False,False
BNPL-A3-001,A3,bnpl:swap-own-rap,S6,bnpl,False,B1,brand:haizeal.com,False,ALLOW,curation,,-1,,False,False,False,,0.001,0,13395,27144002,True,False,True,True,False,False,False
BNPL-A3-001,A3,bnpl:swap-own-rap,S6,bnpl,False,B2,brand:haizeal.com,False,DENY,mandate,payee-changed-after-signing,-1,,False,False,False,,0.0006,0,13395,27144002,False,False,False,False,False,False,False
BNPL-A3-001,A3,bnpl:swap-own-rap,S6,bnpl,False,B3,brand:haizeal.com,False,ALLOW,identity-assertion,,-1,,False,False,False,,0.0005,0,13395,27144002,True,False,True,True,False,False,False
BNPL-A3-001,A3,bnpl:swap-own-rap,S6,bnpl,False,B4,brand:haizeal.com,False,ALLOW,did-wallet,not-applicable,-1,,False,False,False,,0.0005,0,13395,27144002,True,False,True,True,False,False,False
BNPL-A3-001,A3,bnpl:swap-own-rap,S6,bnpl,False,B5,brand:haizeal.com,False,ALLOW,vop,not-applicable,-1,,False,False,False,,0.0005,0,13395,27144002,True,False,True,True,False,False,False
BNPL-A3-001,A3,bnpl:swap-own-rap,S6,bnpl,False,B6,brand:haizeal.com,False,ALLOW,lists,,-1,,False,False,False,,0.0005,0,13395,27144002,True,False,True,True,False,False,False
BNPL-A3-001,A3,bnpl:swap-own-rap,S6,bnpl,False,B7,brand:haizeal.com,False,DENY,mandate,payee-changed-after-signing,-1,,False,False,False,,0.0026,0,13395,27144002,False,False,False,False,False,False,False
BNPL-A3-001,A3,bnpl:swap-own-rap,S6,bnpl,False,M1-G1,brand:haizeal.com,False,STEP-UP,pav,scope,-1,,False,False,False,,0.6266,7,13395,27144002,False,False,False,False,False,True,True
BNPL-A3-001,A3,bnpl:swap-own-rap,S6,bnpl,False,M1,brand:haizeal.com,False,STEP-UP,route/pav,scope,-1,,False,False,False,,0.6075,7,13395,27144002,False,False,False,False,False,True,True
BNPL-A3-001,A3,bnpl:swap-own-rap,S6,bnpl,False,M2,brand:haizeal.com,False,STEP-UP,route/pav,scope,-1,,False,False,False,,0.7871,7,13395,27144002,False,False,False,False,False,True,True
BNPL-A3-001,A3,bnpl:swap-own-rap,S6,bnpl,False,M3,brand:haizeal.com,False,STEP-UP,route/pav,scope,-1,,False,False,False,,0.811,7,13395,27144002,False,False,False,False,False,True,True
benign-S6-068,benign,S6,S6,bnpl,False,B1,brand:haizeal.com,False,ALLOW,curation,,-1,,False,False,False,,0.001,0,12778,27153630,True,True,False,False,False,False,False
benign-S6-068,benign,S6,S6,bnpl,False,B2,brand:haizeal.com,False,ALLOW,mandate,,-1,,False,False,False,,0.0005,0,12778,27153630,True,True,False,False,False,False,False
benign-S6-068,benign,S6,S6,bnpl,False,B3,brand:haizeal.com,False,ALLOW,identity-assertion,,-1,,False,False,False,,0.0005,0,12778,27153630,True,True,False,False,False,False,False
benign-S6-068,benign,S6,S6,bnpl,False,B4,brand:haizeal.com,False,ALLOW,did-wallet,not-applicable,-1,,False,False,False,,0.0006,0,12778,27153630,True,True,False,False,False,False,False
benign-S6-068,benign,S6,S6,bnpl,False,B5,brand:haizeal.com,False,ALLOW,vop,not-applicable,-1,,False,False,False,,0.0005,0,12778,27153630,True,True,False,False,False,False,False
benign-S6-068,benign,S6,S6,bnpl,False,B6,brand:haizeal.com,False,ALLOW,lists,,-1,,False,False,False,,0.0005,0,12778,27153630,True,True,False,False,False,False,False
benign-S6-068,benign,S6,S6,bnpl,False,B7,brand:haizeal.com,False,ALLOW,b7,,-1,,False,False,False,,0.5369,6,12778,27153630,True,True,False,False,False,False,False
benign-S6-068,benign,S6,S6,bnpl,False,M1-G1,brand:haizeal.com,False,ALLOW,pav,,1,,False,False,False,,0.8789,10,12778,27153630,True,True,False,False,False,False,False
benign-S6-068,benign,S6,S6,bnpl,False,M1,brand:haizeal.com,False,ALLOW,route,,2,,False,False,False,,1.2701,14,12778,27153630,True,True,False,False,False,False,False
benign-S6-068,benign,S6,S6,bnpl,False,M2,brand:haizeal.com,False,ALLOW,route,,2,,False,False,False,,1.8769,14,12778,27153630,True,True,False,False,False,False,False
benign-S6-068,benign,S6,S6,bnpl,False,M3,brand:haizeal.com,False,ALLOW,route,,2,PRE,False,False,False,,1.8085,14,12778,27153630,True,True,False,False,False,False,False
benign-S6-004,benign,S6,S6,bnpl,False,B1,brand:neabi.com,False,ALLOW,curation,,-1,,False,False,False,,0.001,0,1312,27172174,True,True,False,False,False,False,False
benign-S6-004,benign,S6,S6,bnpl,False,B2,brand:neabi.com,False,ALLOW,mandate,,-1,,False,False,False,,0.0005,0,1312,27172174,True,True,False,False,False,False,False
benign-S6-004,benign,S6,S6,bnpl,False,B3,brand:neabi.com,False,ALLOW,identity-assertion,,-1,,False,False,False,,0.0005,0,1312,27172174,True,True,False,False,False,False,False
benign-S6-004,benign,S6,S6,bnpl,False,B4,brand:neabi.com,False,ALLOW,did-wallet,not-applicable,-1,,False,False,False,,0.0006,0,1312,27172174,True,True,False,False,False,False,False
benign-S6-004,benign,S6,S6,bnpl,False,B5,brand:neabi.com,False,ALLOW,vop,not-applicable,-1,,False,False,False,,0.0005,0,1312,27172174,True,True,False,False,False,False,False
benign-S6-004,benign,S6,S6,bnpl,False,B6,brand:neabi.com,False,ALLOW,lists,,-1,,False,False,False,,0.0005,0,1312,27172174,True,True,False,False,False,False,False
benign-S6-004,benign,S6,S6,bnpl,False,B7,brand:neabi.com,False,ALLOW,b7,,-1,,False,False,False,,0.5413,6,1312,27172174,True,True,False,False,False,False,False
benign-S6-004,benign,S6,S6,bnpl,False,M1-G1,brand:neabi.com,False,ALLOW,pav,,1,,False,False,False,,0.8727,10,1312,27172174,True,True,False,False,False,False,False
benign-S6-004,benign,S6,S6,bnpl,False,M1,brand:neabi.com,False,ALLOW,route,,2,,False,False,False,,1.2165,14,1312,27172174,True,True,False,False,False,False,False
benign-S6-004,benign,S6,S6,bnpl,False,M2,brand:neabi.com,False,ALLOW,route,,2,,False,False,False,,1.7873,14,1312,27172174,True,True,False,False,False,False,False
benign-S6-004,benign,S6,S6,bnpl,False,M3,brand:neabi.com,False,ALLOW,route,,2,PRE,False,False,False,,1.9685,14,1312,27172174,True,True,False,False,False,False,False
BNPL-A3-008,A3,bnpl:swap-no-rap,S6,bnpl,False,B1,brand:hegawilo.co.uk,False,ALLOW,curation,,-1,,False,False,False,,0.0011,0,4540,27209597,True,False,True,True,False,False,False
BNPL-A3-008,A3,bnpl:swap-no-rap,S6,bnpl,False,B2,brand:hegawilo.co.uk,False,DENY,mandate,payee-changed-after-signing,-1,,False,False,False,,0.0006,0,4540,27209597,False,False,False,False,False,False,False
BNPL-A3-008,A3,bnpl:swap-no-rap,S6,bnpl,False,B3,brand:hegawilo.co.uk,False,ALLOW,identity-assertion,,-1,,False,False,False,,0.0006,0,4540,27209597,True,False,True,True,False,False,False
BNPL-A3-008,A3,bnpl:swap-no-rap,S6,bnpl,False,B4,brand:hegawilo.co.uk,False,ALLOW,did-wallet,not-applicable,-1,,False,False,False,,0.0005,0,4540,27209597,True,False,True,True,False,False,False
BNPL-A3-008,A3,bnpl:swap-no-rap,S6,bnpl,False,B5,brand:hegawilo.co.uk,False,ALLOW,vop,not-applicable,-1,,False,False,False,,0.0006,0,4540,27209597,True,False,True,True,False,False,False
BNPL-A3-008,A3,bnpl:swap-no-rap,S6,bnpl,False,B6,brand:hegawilo.co.uk,False,ALLOW,lists,,-1,,False,False,False,,0.0005,0,4540,27209597,True,False,True,True,False,False,False
BNPL-A3-008,A3,bnpl:swap-no-rap,S6,bnpl,False,B7,brand:hegawilo.co.uk,False,DENY,mandate,payee-changed-after-signing,-1,,False,False,False,,0.0031,0,4540,27209597,False,False,False,False,False,False,False
BNPL-A3-008,A3,bnpl:swap-no-rap,S6,bnpl,False,M1-G1,brand:hegawilo.co.uk,False,STEP-UP,pav,no-path,-1,,False,False,False,,0.0033,0,4540,27209597,False,False,False,False,False,True,True
BNPL-A3-008,A3,bnpl:swap-no-rap,S6,bnpl,False,M1,brand:hegawilo.co.uk,False,STEP-UP,route,no-path,-1,,False,False,False,,0.0014,0,4540,27209597,False,False,False,False,False,True,True
BNPL-A3-008,A3,bnpl:swap-no-rap,S6,bnpl,False,M2,brand:hegawilo.co.uk,False,STEP-UP,route,no-path,-1,,False,False,False,,0.4743,0,4540,27209597,False,False,False,False,False,True,True
BNPL-A3-008,A3,bnpl:swap-no-rap,S6,bnpl,False,M3,brand:hegawilo.co.uk,False,STEP-UP,route,no-path,-1,,False,False,False,,0.4578,0,4540,27209597,False,False,False,False,False,True,True
benign-S6-021,benign,S6,S6,bnpl,False,B1,brand:bugror.com,False,ALLOW,curation,,-1,,False,False,False,,0.0009,0,5256,27233386,True,True,False,False,False,False,False
benign-S6-021,benign,S6,S6,bnpl,False,B2,brand:bugror.com,False,ALLOW,mandate,,-1,,False,False,False,,0.0005,0,5256,27233386,True,True,False,False,False,False,False
benign-S6-021,benign,S6,S6,bnpl,False,B3,brand:bugror.com,False,ALLOW,identity-assertion,,-1,,False,False,False,,0.0005,0,5256,27233386,True,True,False,False,False,False,False
benign-S6-021,benign,S6,S6,bnpl,False,B4,brand:bugror.com,False,ALLOW,did-wallet,not-applicable,-1,,False,False,False,,0.0005,0,5256,27233386,True,True,False,False,False,False,False
benign-S6-021,benign,S6,S6,bnpl,False,B5,brand:bugror.com,False,ALLOW,vop,not-applicable,-1,,False,False,False,,0.0005,0,5256,27233386,True,True,False,False,False,False,False
benign-S6-021,benign,S6,S6,bnpl,False,B6,brand:bugror.com,False,ALLOW,lists,,-1,,False,False,False,,0.0005,0,5256,27233386,True,True,False,False,False,False,False
benign-S6-021,benign,S6,S6,bnpl,False,B7,brand:bugror.com,False,ALLOW,b7,,-1,,False,False,False,,0.548,6,5256,27233386,True,True,False,False,False,False,False
benign-S6-021,benign,S6,S6,bnpl,False,M1-G1,brand:bugror.com,False,ALLOW,pav,,1,,False,False,False,,0.9229,10,5256,27233386,True,True,False,False,False,False,False
benign-S6-021,benign,S6,S6,bnpl,False,M1,brand:bugror.com,False,ALLOW,route,,2,,False,False,False,,1.2205,14,5256,27233386,True,True,False,False,False,False,False
benign-S6-021,benign,S6,S6,bnpl,False,M2,brand:bugror.com,False,ALLOW,route,,2,,False,False,False,,1.989,14,5256,27233386,True,True,False,False,False,False,False
benign-S6-021,benign,S6,S6,bnpl,False,M3,brand:bugror.com,False,ALLOW,route,,2,PRE,False,False,False,,1.9092,14,5256,27233386,True,True,False,False,False,False,False
benign-S6-017,benign,S6,S6,bnpl,False,B1,brand:bugror.com,False,ALLOW,curation,,-1,,False,False,False,,0.001,0,3434,27247084,True,True,False,False,False,False,False
benign-S6-017,benign,S6,S6,bnpl,False,B2,brand:bugror.com,False,ALLOW,mandate,,-1,,False,False,False,,0.0005,0,3434,27247084,True,True,False,False,False,False,False
benign-S6-017,benign,S6,S6,bnpl,False,B3,brand:bugror.com,False,ALLOW,identity-assertion,,-1,,False,False,False,,0.0005,0,3434,27247084,True,True,False,False,False,False,False
benign-S6-017,benign,S6,S6,bnpl,False,B4,brand:bugror.com,False,ALLOW,did-wallet,not-applicable,-1,,False,False,False,,0.0006,0,3434,27247084,True,True,False,False,False,False,False
benign-S6-017,benign,S6,S6,bnpl,False,B5,brand:bugror.com,False,ALLOW,vop,not-applicable,-1,,False,False,False,,0.0005,0,3434,27247084,True,True,False,False,False,False,False
benign-S6-017,benign,S6,S6,bnpl,False,B6,brand:bugror.com,False,ALLOW,lists,,-1,,False,False,False,,0.0005,0,3434,27247084,True,True,False,False,False,False,False
benign-S6-017,benign,S6,S6,bnpl,False,B7,brand:bugror.com,False,ALLOW,b7,,-1,,False,False,False,,0.5698,6,3434,27247084,True,True,False,False,False,False,False
benign-S6-017,benign,S6,S6,bnpl,False,M1-G1,brand:bugror.com,False,ALLOW,pav,,1,,False,False,False,,0.9195,10,3434,27247084,True,True,False,False,False,False,False
benign-S6-017,benign,S6,S6,bnpl,False,M1,brand:bugror.com,False,ALLOW,route,,2,,False,False,False,,1.217,14,3434,27247084,True,True,False,False,False,False,False
benign-S6-017,benign,S6,S6,bnpl,False,M2,brand:bugror.com,False,ALLOW,route,,2,,False,False,False,,1.9686,14,3434,27247084,True,True,False,False,False,False,False
benign-S6-017,benign,S6,S6,bnpl,False,M3,brand:bugror.com,False,ALLOW,route,,2,PRE,False,False,False,,1.9224,14,3434,27247084,True,True,False,False,False,False,False
benign-S6-013,benign,S6,S6,bnpl,False,B1,brand:flaigo.com,True,ALLOW,curation,,-1,,False,False,False,,0.0009,0,6378,27266554,True,True,False,False,False,False,False
benign-S6-013,benign,S6,S6,bnpl,False,B2,brand:flaigo.com,True,ALLOW,mandate,,-1,,False,False,False,,0.0005,0,6378,27266554,True,True,False,False,False,False,False
benign-S6-013,benign,S6,S6,bnpl,False,B3,brand:flaigo.com,True,ALLOW,identity-assertion,,-1,,False,False,False,,0.0005,0,6378,27266554,True,True,False,False,False,False,False
benign-S6-013,benign,S6,S6,bnpl,False,B4,brand:flaigo.com,True,ALLOW,did-wallet,not-applicable,-1,,False,False,False,,0.0005,0,6378,27266554,True,True,False,False,False,False,False
benign-S6-013,benign,S6,S6,bnpl,False,B5,brand:flaigo.com,True,ALLOW,vop,not-applicable,-1,,False,False,False,,0.0005,0,6378,27266554,True,True,False,False,False,False,False
benign-S6-013,benign,S6,S6,bnpl,False,B6,brand:flaigo.com,True,ALLOW,lists,,-1,,False,False,False,,0.0005,0,6378,27266554,True,True,False,False,False,False,False
benign-S6-013,benign,S6,S6,bnpl,False,B7,brand:flaigo.com,True,STEP-UP,name-anchor,name-mismatch,-1,,False,False,False,,0.0039,0,6378,27266554,False,True,False,False,False,True,False
benign-S6-013,benign,S6,S6,bnpl,False,M1-G1,brand:flaigo.com,True,ALLOW,pav,,1,,False,False,False,,0.9221,10,6378,27266554,True,True,False,False,False,False,False
benign-S6-013,benign,S6,S6,bnpl,False,M1,brand:flaigo.com,True,ALLOW,route,,2,,False,False,False,,1.2239,14,6378,27266554,True,True,False,False,False,False,False
benign-S6-013,benign,S6,S6,bnpl,False,M2,brand:flaigo.com,True,ALLOW,route,,2,,False,False,False,,2.1579,14,6378,27266554,True,True,False,False,False,False,False
benign-S6-013,benign,S6,S6,bnpl,False,M3,brand:flaigo.com,True,ALLOW,route,,2,PRE,False,False,False,,2.0666,14,6378,27266554,True,True,False,False,False,False,False
benign-S6-016,benign,S6,S6,bnpl,False,B1,brand:pronubior.com,False,ALLOW,curation,,-1,,False,False,False,,0.001,0,14070,27266966,True,True,False,False,False,False,False
benign-S6-016,benign,S6,S6,bnpl,False,B2,brand:pronubior.com,False,ALLOW,mandate,,-1,,False,False,False,,0.0008,0,14070,27266966,True,True,False,False,False,False,False
benign-S6-016,benign,S6,S6,bnpl,False,B3,brand:pronubior.com,False,ALLOW,identity-assertion,,-1,,False,False,False,,0.0008,0,14070,27266966,True,True,False,False,False,False,False
benign-S6-016,benign,S6,S6,bnpl,False,B4,brand:pronubior.com,False,ALLOW,did-wallet,not-applicable,-1,,False,False,False,,0.0008,0,14070,27266966,True,True,False,False,False,False,False
benign-S6-016,benign,S6,S6,bnpl,False,B5,brand:pronubior.com,False,ALLOW,vop,not-applicable,-1,,False,False,False,,0.0005,0,14070,27266966,True,True,False,False,False,False,False
benign-S6-016,benign,S6,S6,bnpl,False,B6,brand:pronubior.com,False,ALLOW,lists,,-1,,False,False,False,,0.0005,0,14070,27266966,True,True,False,False,False,False,False
benign-S6-016,benign,S6,S6,bnpl,False,B7,brand:pronubior.com,False,ALLOW,b7,,-1,,False,False,False,,0.5498,6,14070,27266966,True,True,False,False,False,False,False
benign-S6-016,benign,S6,S6,bnpl,False,M1-G1,brand:pronubior.com,False,ALLOW,pav,,1,,False,False,False,,0.9052,10,14070,27266966,True,True,False,False,False,False,False
benign-S6-016,benign,S6,S6,bnpl,False,M1,brand:pronubior.com,False,ALLOW,route,,2,,False,False,False,,1.2211,14,14070,27266966,True,True,False,False,False,False,False
benign-S6-016,benign,S6,S6,bnpl,False,M2,brand:pronubior.com,False,ALLOW,route,,2,,False,False,False,,2.2817,14,14070,27266966,True,True,False,False,False,False,False
benign-S6-016,benign,S6,S6,bnpl,False,M3,brand:pronubior.com,False,ALLOW,route,,2,PRE,False,False,False,,2.2363,14,14070,27266966,True,True,False,False,False,False,False
BNPL-A13-005,A13,bnpl:custodian-deviates,S6,bnpl,False,B1,brand:pronubior.com,False,ALLOW,curation,,-1,,False,False,False,,0.0009,0,3655,27267030,True,False,True,True,False,False,False
BNPL-A13-005,A13,bnpl:custodian-deviates,S6,bnpl,False,B2,brand:pronubior.com,False,ALLOW,mandate,,-1,,False,False,False,,0.0005,0,3655,27267030,True,False,True,True,False,False,False
BNPL-A13-005,A13,bnpl:custodian-deviates,S6,bnpl,False,B3,brand:pronubior.com,False,ALLOW,identity-assertion,,-1,,False,False,False,,0.0006,0,3655,27267030,True,False,True,True,False,False,False
BNPL-A13-005,A13,bnpl:custodian-deviates,S6,bnpl,False,B4,brand:pronubior.com,False,ALLOW,did-wallet,not-applicable,-1,,False,False,False,,0.0005,0,3655,27267030,True,False,True,True,False,False,False
BNPL-A13-005,A13,bnpl:custodian-deviates,S6,bnpl,False,B5,brand:pronubior.com,False,ALLOW,vop,not-applicable,-1,,False,False,False,,0.0005,0,3655,27267030,True,False,True,True,False,False,False
BNPL-A13-005,A13,bnpl:custodian-deviates,S6,bnpl,False,B6,brand:pronubior.com,False,ALLOW,lists,,-1,,False,False,False,,0.0005,0,3655,27267030,True,False,True,True,False,False,False
BNPL-A13-005,A13,bnpl:custodian-deviates,S6,bnpl,False,B7,brand:pronubior.com,False,ALLOW,b7,,-1,,False,False,False,,0.536,6,3655,27267030,True,False,True,True,False,False,False
BNPL-A13-005,A13,bnpl:custodian-deviates,S6,bnpl,False,M1-G1,brand:pronubior.com,False,ALLOW,pav,,1,,False,False,False,,0.8648,10,3655,27267030,True,False,True,True,False,False,False
BNPL-A13-005,A13,bnpl:custodian-deviates,S6,bnpl,False,M1,brand:pronubior.com,False,ALLOW,route,,2,,False,False,False,,1.2235,14,3655,27267030,True,False,True,True,False,False,False
BNPL-A13-005,A13,bnpl:custodian-deviates,S6,bnpl,False,M2,brand:pronubior.com,False,ALLOW,route,,2,,False,False,False,,2.3274,14,3655,27267030,True,False,True,True,False,False,False
BNPL-A13-005,A13,bnpl:custodian-deviates,S6,bnpl,False,M3,brand:pronubior.com,False,ALLOW,route,,2,PRE,False,True,True,arrival,2.453,14,3655,27267030,True,False,True,True,False,False,False
benign-S6-030,benign,S6,S6,bnpl,False,B1,brand:hegawilo.co.uk,False,ALLOW,curation,,-1,,False,False,False,,0.0008,0,1283,27278857,True,True,False,False,False,False,False
benign-S6-030,benign,S6,S6,bnpl,False,B2,brand:hegawilo.co.uk,False,ALLOW,mandate,,-1,,False,False,False,,0.0005,0,1283,27278857,True,True,False,False,False,False,False
benign-S6-030,benign,S6,S6,bnpl,False,B3,brand:hegawilo.co.uk,False,ALLOW,identity-assertion,,-1,,False,False,False,,0.0005,0,1283,27278857,True,True,False,False,False,False,False
benign-S6-030,benign,S6,S6,bnpl,False,B4,brand:hegawilo.co.uk,False,ALLOW,did-wallet,not-applicable,-1,,False,False,False,,0.0005,0,1283,27278857,True,True,False,False,False,False,False
benign-S6-030,benign,S6,S6,bnpl,False,B5,brand:hegawilo.co.uk,False,ALLOW,vop,not-applicable,-1,,False,False,False,,0.0005,0,1283,27278857,True,True,False,False,False,False,False
benign-S6-030,benign,S6,S6,bnpl,False,B6,brand:hegawilo.co.uk,False,ALLOW,lists,,-1,,False,False,False,,0.0005,0,1283,27278857,True,True,False,False,False,False,False
benign-S6-030,benign,S6,S6,bnpl,False,B7,brand:hegawilo.co.uk,False,ALLOW,b7,,-1,,False,False,False,,0.5395,6,1283,27278857,True,True,False,False,False,False,False
benign-S6-030,benign,S6,S6,bnpl,False,M1-G1,brand:hegawilo.co.uk,False,ALLOW,pav,,1,,False,False,False,,0.8653,10,1283,27278857,True,True,False,False,False,False,False
benign-S6-030,benign,S6,S6,bnpl,False,M1,brand:hegawilo.co.uk,False,ALLOW,route,,2,,False,False,False,,1.2341,14,1283,27278857,True,True,False,False,False,False,False
benign-S6-030,benign,S6,S6,bnpl,False,M2,brand:hegawilo.co.uk,False,ALLOW,route,,2,,False,False,False,,2.2279,14,1283,27278857,True,True,False,False,False,False,False
benign-S6-030,benign,S6,S6,bnpl,False,M3,brand:hegawilo.co.uk,False,ALLOW,route,,2,PRE,False,False,False,,2.1246,14,1283,27278857,True,True,False,False,False,False,False
benign-S6-066,benign,S6,S6,bnpl,False,B1,brand:hegawilo.co.uk,False,ALLOW,curation,,-1,,False,False,False,,0.001,0,9105,27299826,True,True,False,False,False,False,False
benign-S6-066,benign,S6,S6,bnpl,False,B2,brand:hegawilo.co.uk,False,ALLOW,mandate,,-1,,False,False,False,,0.0005,0,9105,27299826,True,True,False,False,False,False,False
benign-S6-066,benign,S6,S6,bnpl,False,B3,brand:hegawilo.co.uk,False,ALLOW,identity-assertion,,-1,,False,False,False,,0.0005,0,9105,27299826,True,True,False,False,False,False,False
benign-S6-066,benign,S6,S6,bnpl,False,B4,brand:hegawilo.co.uk,False,ALLOW,did-wallet,not-applicable,-1,,False,False,False,,0.0005,0,9105,27299826,True,True,False,False,False,False,False
benign-S6-066,benign,S6,S6,bnpl,False,B5,brand:hegawilo.co.uk,False,ALLOW,vop,not-applicable,-1,,False,False,False,,0.0005,0,9105,27299826,True,True,False,False,False,False,False
benign-S6-066,benign,S6,S6,bnpl,False,B6,brand:hegawilo.co.uk,False,ALLOW,lists,,-1,,False,False,False,,0.0005,0,9105,27299826,True,True,False,False,False,False,False
benign-S6-066,benign,S6,S6,bnpl,False,B7,brand:hegawilo.co.uk,False,ALLOW,b7,,-1,,False,False,False,,0.5346,6,9105,27299826,True,True,False,False,False,False,False
benign-S6-066,benign,S6,S6,bnpl,False,M1-G1,brand:hegawilo.co.uk,False,ALLOW,pav,,1,,False,False,False,,0.8715,10,9105,27299826,True,True,False,False,False,False,False
benign-S6-066,benign,S6,S6,bnpl,False,M1,brand:hegawilo.co.uk,False,ALLOW,route,,2,,False,False,False,,1.2089,14,9105,27299826,True,True,False,False,False,False,False
benign-S6-066,benign,S6,S6,bnpl,False,M2,brand:hegawilo.co.uk,False,ALLOW,route,,2,,False,False,False,,2.2151,14,9105,27299826,True,True,False,False,False,False,False
benign-S6-066,benign,S6,S6,bnpl,False,M3,brand:hegawilo.co.uk,False,ALLOW,route,,2,PRE,False,False,False,,2.3215,14,9105,27299826,True,True,False,False,False,False,False
BNPL-A3-003,A3,bnpl:swap-keep-rap,S6,bnpl,False,B1,brand:dricoion.co.uk,False,ALLOW,curation,,-1,,False,False,False,,0.0011,0,2798,27316669,True,False,True,True,False,False,False
BNPL-A3-003,A3,bnpl:swap-keep-rap,S6,bnpl,False,B2,brand:dricoion.co.uk,False,DENY,mandate,payee-changed-after-signing,-1,,False,False,False,,0.0005,0,2798,27316669,False,False,False,False,False,False,False
BNPL-A3-003,A3,bnpl:swap-keep-rap,S6,bnpl,False,B3,brand:dricoion.co.uk,False,ALLOW,identity-assertion,,-1,,False,False,False,,0.0006,0,2798,27316669,True,False,True,True,False,False,False
BNPL-A3-003,A3,bnpl:swap-keep-rap,S6,bnpl,False,B4,brand:dricoion.co.uk,False,ALLOW,did-wallet,not-applicable,-1,,False,False,False,,0.0006,0,2798,27316669,True,False,True,True,False,False,False
BNPL-A3-003,A3,bnpl:swap-keep-rap,S6,bnpl,False,B5,brand:dricoion.co.uk,False,ALLOW,vop,not-applicable,-1,,False,False,False,,0.0005,0,2798,27316669,True,False,True,True,False,False,False
BNPL-A3-003,A3,bnpl:swap-keep-rap,S6,bnpl,False,B6,brand:dricoion.co.uk,False,ALLOW,lists,,-1,,False,False,False,,0.0005,0,2798,27316669,True,False,True,True,False,False,False
BNPL-A3-003,A3,bnpl:swap-keep-rap,S6,bnpl,False,B7,brand:dricoion.co.uk,False,DENY,mandate,payee-changed-after-signing,-1,,False,False,False,,0.0032,0,2798,27316669,False,False,False,False,False,False,False
BNPL-A3-003,A3,bnpl:swap-keep-rap,S6,bnpl,False,M1-G1,brand:dricoion.co.uk,False,DENY,pav,payee-mismatch,-1,,False,False,False,,0.8073,9,2798,27316669,False,False,False,False,False,False,False
BNPL-A3-003,A3,bnpl:swap-keep-rap,S6,bnpl,False,M1,brand:dricoion.co.uk,False,DENY,route/pav,payee-mismatch,-1,,False,False,False,,0.8067,9,2798,27316669,False,False,False,False,False,False,False
BNPL-A3-003,A3,bnpl:swap-keep-rap,S6,bnpl,False,M2,brand:dricoion.co.uk,False,DENY,route/pav,payee-mismatch,-1,,False,False,False,,1.35,9,2798,27316669,False,False,False,False,False,False,False
BNPL-A3-003,A3,bnpl:swap-keep-rap,S6,bnpl,False,M3,brand:dricoion.co.uk,False,DENY,route/pav,payee-mismatch,-1,,False,False,False,,1.3331,9,2798,27316669,False,False,False,False,False,False,False
benign-S6-042,benign,S6,S6,bnpl,False,B1,brand:pronubior.com,False,ALLOW,curation,,-1,,False,False,False,,0.0011,0,35819,27324343,True,True,False,False,False,False,False
benign-S6-042,benign,S6,S6,bnpl,False,B2,brand:pronubior.com,False,ALLOW,mandate,,-1,,False,False,False,,0.0005,0,35819,27324343,True,True,False,False,False,False,False
benign-S6-042,benign,S6,S6,bnpl,False,B3,brand:pronubior.com,False,ALLOW,identity-assertion,,-1,,False,False,False,,0.0006,0,35819,27324343,True,True,False,False,False,False,False
benign-S6-042,benign,S6,S6,bnpl,False,B4,brand:pronubior.com,False,ALLOW,did-wallet,not-applicable,-1,,False,False,False,,0.0005,0,35819,27324343,True,True,False,False,False,False,False
benign-S6-042,benign,S6,S6,bnpl,False,B5,brand:pronubior.com,False,ALLOW,vop,not-applicable,-1,,False,False,False,,0.0005,0,35819,27324343,True,True,False,False,False,False,False
benign-S6-042,benign,S6,S6,bnpl,False,B6,brand:pronubior.com,False,ALLOW,lists,,-1,,False,False,False,,0.0005,0,35819,27324343,True,True,False,False,False,False,False
benign-S6-042,benign,S6,S6,bnpl,False,B7,brand:pronubior.com,False,ALLOW,b7,,-1,,False,False,False,,0.553,6,35819,27324343,True,True,False,False,False,False,False
benign-S6-042,benign,S6,S6,bnpl,False,M1-G1,brand:pronubior.com,False,ALLOW,pav,,1,,False,False,False,,0.869,10,35819,27324343,True,True,False,False,False,False,False
benign-S6-042,benign,S6,S6,bnpl,False,M1,brand:pronubior.com,False,ALLOW,route,,2,,False,False,False,,1.219,14,35819,27324343,True,True,False,False,False,False,False
benign-S6-042,benign,S6,S6,bnpl,False,M2,brand:pronubior.com,False,ALLOW,route,,2,,False,False,False,,2.3983,14,35819,27324343,True,True,False,False,False,False,False
benign-S6-042,benign,S6,S6,bnpl,False,M3,brand:pronubior.com,False,ALLOW,route,,2,PRE,False,False,False,,2.2167,14,35819,27324343,True,True,False,False,False,False,False
BNPL-A11-010,A11,bnpl:transaction-laundering,S6,bnpl,False,B1,brand:haizeal.com,False,ALLOW,curation,,-1,,False,False,False,,0.001,0,1860,27341321,True,False,True,True,False,False,False
BNPL-A11-010,A11,bnpl:transaction-laundering,S6,bnpl,False,B2,brand:haizeal.com,False,ALLOW,mandate,,-1,,False,False,False,,0.0005,0,1860,27341321,True,False,True,True,False,False,False
BNPL-A11-010,A11,bnpl:transaction-laundering,S6,bnpl,False,B3,brand:haizeal.com,False,ALLOW,identity-assertion,,-1,,False,False,False,,0.0006,0,1860,27341321,True,False,True,True,False,False,False
BNPL-A11-010,A11,bnpl:transaction-laundering,S6,bnpl,False,B4,brand:haizeal.com,False,ALLOW,did-wallet,not-applicable,-1,,False,False,False,,0.0005,0,1860,27341321,True,False,True,True,False,False,False
BNPL-A11-010,A11,bnpl:transaction-laundering,S6,bnpl,False,B5,brand:haizeal.com,False,ALLOW,vop,not-applicable,-1,,False,False,False,,0.0005,0,1860,27341321,True,False,True,True,False,False,False
BNPL-A11-010,A11,bnpl:transaction-laundering,S6,bnpl,False,B6,brand:haizeal.com,False,ALLOW,lists,,-1,,False,False,False,,0.0005,0,1860,27341321,True,False,True,True,False,False,False
BNPL-A11-010,A11,bnpl:transaction-laundering,S6,bnpl,False,B7,brand:haizeal.com,False,ALLOW,b7,,-1,,True,True,False,receipt-first-hop,0.5393,6,1860,27341321,True,False,True,False,False,False,False
BNPL-A11-010,A11,bnpl:transaction-laundering,S6,bnpl,False,M1-G1,brand:haizeal.com,False,ALLOW,pav,,1,,False,False,False,,0.8717,10,1860,27341321,True,False,True,True,False,False,False
BNPL-A11-010,A11,bnpl:transaction-laundering,S6,bnpl,False,M1,brand:haizeal.com,False,ALLOW,route,,2,,False,False,False,,1.282,14,1860,27341321,True,False,True,True,False,False,False
BNPL-A11-010,A11,bnpl:transaction-laundering,S6,bnpl,False,M2,brand:haizeal.com,False,ALLOW,route,,2,,False,False,False,,1.942,14,1860,27341321,True,False,True,True,False,False,False
BNPL-A11-010,A11,bnpl:transaction-laundering,S6,bnpl,False,M3,brand:haizeal.com,False,ALLOW,route,,2,PRE,False,True,False,first-hop,1.9123,14,1860,27341321,True,False,True,True,False,False,False
benign-S6-037,benign,S6,S6,bnpl,False,B1,brand:briogem.com,True,ALLOW,curation,,-1,,False,False,False,,0.0008,0,3115,27372330,True,True,False,False,False,False,False
benign-S6-037,benign,S6,S6,bnpl,False,B2,brand:briogem.com,True,ALLOW,mandate,,-1,,False,False,False,,0.0005,0,3115,27372330,True,True,False,False,False,False,False
benign-S6-037,benign,S6,S6,bnpl,False,B3,brand:briogem.com,True,ALLOW,identity-assertion,,-1,,False,False,False,,0.0006,0,3115,27372330,True,True,False,False,False,False,False
benign-S6-037,benign,S6,S6,bnpl,False,B4,brand:briogem.com,True,ALLOW,did-wallet,not-applicable,-1,,False,False,False,,0.0005,0,3115,27372330,True,True,False,False,False,False,False
benign-S6-037,benign,S6,S6,bnpl,False,B5,brand:briogem.com,True,ALLOW,vop,not-applicable,-1,,False,False,False,,0.0005,0,3115,27372330,True,True,False,False,False,False,False
benign-S6-037,benign,S6,S6,bnpl,False,B6,brand:briogem.com,True,ALLOW,lists,,-1,,False,False,False,,0.0005,0,3115,27372330,True,True,False,False,False,False,False
benign-S6-037,benign,S6,S6,bnpl,False,B7,brand:briogem.com,True,ALLOW,b7,,-1,,False,False,False,,0.5383,6,3115,27372330,True,True,False,False,False,False,False
benign-S6-037,benign,S6,S6,bnpl,False,M1-G1,brand:briogem.com,True,ALLOW,pav,,1,,False,False,False,,0.8668,10,3115,27372330,True,True,False,False,False,False,False
benign-S6-037,benign,S6,S6,bnpl,False,M1,brand:briogem.com,True,ALLOW,route,,2,,False,False,False,,1.215,14,3115,27372330,True,True,False,False,False,False,False
benign-S6-037,benign,S6,S6,bnpl,False,M2,brand:briogem.com,True,ALLOW,route,,2,,False,False,False,,2.214,14,3115,27372330,True,True,False,False,False,False,False
benign-S6-037,benign,S6,S6,bnpl,False,M3,brand:briogem.com,True,ALLOW,route,,2,PRE,False,False,False,,2.1234,14,3115,27372330,True,True,False,False,False,False,False
benign-S6-023,benign,S6,S6,bnpl,False,B1,brand:neabi.com,False,ALLOW,curation,,-1,,False,False,False,,0.0011,0,10712,27398926,True,True,False,False,False,False,False
benign-S6-023,benign,S6,S6,bnpl,False,B2,brand:neabi.com,False,ALLOW,mandate,,-1,,False,False,False,,0.0005,0,10712,27398926,True,True,False,False,False,False,False
benign-S6-023,benign,S6,S6,bnpl,False,B3,brand:neabi.com,False,ALLOW,identity-assertion,,-1,,False,False,False,,0.0006,0,10712,27398926,True,True,False,False,False,False,False
benign-S6-023,benign,S6,S6,bnpl,False,B4,brand:neabi.com,False,ALLOW,did-wallet,not-applicable,-1,,False,False,False,,0.0005,0,10712,27398926,True,True,False,False,False,False,False
benign-S6-023,benign,S6,S6,bnpl,False,B5,brand:neabi.com,False,ALLOW,vop,not-applicable,-1,,False,False,False,,0.0005,0,10712,27398926,True,True,False,False,False,False,False
benign-S6-023,benign,S6,S6,bnpl,False,B6,brand:neabi.com,False,ALLOW,lists,,-1,,False,False,False,,0.0005,0,10712,27398926,True,True,False,False,False,False,False
benign-S6-023,benign,S6,S6,bnpl,False,B7,brand:neabi.com,False,ALLOW,b7,,-1,,False,False,False,,0.5408,6,10712,27398926,True,True,False,False,False,False,False
benign-S6-023,benign,S6,S6,bnpl,False,M1-G1,brand:neabi.com,False,ALLOW,pav,,1,,False,False,False,,0.8902,10,10712,27398926,True,True,False,False,False,False,False
benign-S6-023,benign,S6,S6,bnpl,False,M1,brand:neabi.com,False,ALLOW,route,,2,,False,False,False,,1.2181,14,10712,27398926,True,True,False,False,False,False,False
benign-S6-023,benign,S6,S6,bnpl,False,M2,brand:neabi.com,False,ALLOW,route,,2,,False,False,False,,1.7978,14,10712,27398926,True,True,False,False,False,False,False
benign-S6-023,benign,S6,S6,bnpl,False,M3,brand:neabi.com,False,ALLOW,route,,2,PRE,False,False,False,,1.7712,14,10712,27398926,True,True,False,False,False,False,False
benign-S6-052,benign,S6,S6,bnpl,False,B1,brand:briogem.com,True,ALLOW,curation,,-1,,False,False,False,,0.0008,0,6464,27421858,True,True,False,False,False,False,False
benign-S6-052,benign,S6,S6,bnpl,False,B2,brand:briogem.com,True,ALLOW,mandate,,-1,,False,False,False,,0.0005,0,6464,27421858,True,True,False,False,False,False,False
benign-S6-052,benign,S6,S6,bnpl,False,B3,brand:briogem.com,True,ALLOW,identity-assertion,,-1,,False,False,False,,0.0006,0,6464,27421858,True,True,False,False,False,False,False
benign-S6-052,benign,S6,S6,bnpl,False,B4,brand:briogem.com,True,ALLOW,did-wallet,not-applicable,-1,,False,False,False,,0.0005,0,6464,27421858,True,True,False,False,False,False,False
benign-S6-052,benign,S6,S6,bnpl,False,B5,brand:briogem.com,True,ALLOW,vop,not-applicable,-1,,False,False,False,,0.0005,0,6464,27421858,True,True,False,False,False,False,False
benign-S6-052,benign,S6,S6,bnpl,False,B6,brand:briogem.com,True,ALLOW,lists,,-1,,False,False,False,,0.0005,0,6464,27421858,True,True,False,False,False,False,False
benign-S6-052,benign,S6,S6,bnpl,False,B7,brand:briogem.com,True,ALLOW,b7,,-1,,False,False,False,,0.5408,6,6464,27421858,True,True,False,False,False,False,False
benign-S6-052,benign,S6,S6,bnpl,False,M1-G1,brand:briogem.com,True,ALLOW,pav,,1,,False,False,False,,0.8747,10,6464,27421858,True,True,False,False,False,False,False
benign-S6-052,benign,S6,S6,bnpl,False,M1,brand:briogem.com,True,ALLOW,route,,2,,False,False,False,,1.2189,14,6464,27421858,True,True,False,False,False,False,False
benign-S6-052,benign,S6,S6,bnpl,False,M2,brand:briogem.com,True,ALLOW,route,,2,,False,False,False,,2.196,14,6464,27421858,True,True,False,False,False,False,False
benign-S6-052,benign,S6,S6,bnpl,False,M3,brand:briogem.com,True,ALLOW,route,,2,PRE,False,False,False,,2.1305,14,6464,27421858,True,True,False,False,False,False,False
BNPL-A11-001,A11,bnpl:acquirer-level-swap,S6,bnpl,False,B1,brand:dricoion.co.uk,False,ALLOW,curation,,-1,,False,False,False,,0.0012,0,6442,27424532,True,False,True,True,False,False,False
BNPL-A11-001,A11,bnpl:acquirer-level-swap,S6,bnpl,False,B2,brand:dricoion.co.uk,False,ALLOW,mandate,,-1,,False,False,False,,0.0005,0,6442,27424532,True,False,True,True,False,False,False
BNPL-A11-001,A11,bnpl:acquirer-level-swap,S6,bnpl,False,B3,brand:dricoion.co.uk,False,ALLOW,identity-assertion,,-1,,False,False,False,,0.0006,0,6442,27424532,True,False,True,True,False,False,False
BNPL-A11-001,A11,bnpl:acquirer-level-swap,S6,bnpl,False,B4,brand:dricoion.co.uk,False,ALLOW,did-wallet,not-applicable,-1,,False,False,False,,0.0006,0,6442,27424532,True,False,True,True,False,False,False
BNPL-A11-001,A11,bnpl:acquirer-level-swap,S6,bnpl,False,B5,brand:dricoion.co.uk,False,ALLOW,vop,not-applicable,-1,,False,False,False,,0.0005,0,6442,27424532,True,False,True,True,False,False,False
BNPL-A11-001,A11,bnpl:acquirer-level-swap,S6,bnpl,False,B6,brand:dricoion.co.uk,False,ALLOW,lists,,-1,,False,False,False,,0.0005,0,6442,27424532,True,False,True,True,False,False,False
BNPL-A11-001,A11,bnpl:acquirer-level-swap,S6,bnpl,False,B7,brand:dricoion.co.uk,False,ALLOW,b7,,-1,,False,False,False,,0.5586,6,6442,27424532,True,False,True,True,False,False,False
BNPL-A11-001,A11,bnpl:acquirer-level-swap,S6,bnpl,False,M1-G1,brand:dricoion.co.uk,False,ALLOW,pav,,1,,False,False,False,,0.8673,10,6442,27424532,True,False,True,True,False,False,False
BNPL-A11-001,A11,bnpl:acquirer-level-swap,S6,bnpl,False,M1,brand:dricoion.co.uk,False,ALLOW,route,,2,,False,False,False,,1.2205,14,6442,27424532,True,False,True,True,False,False,False
BNPL-A11-001,A11,bnpl:acquirer-level-swap,S6,bnpl,False,M2,brand:dricoion.co.uk,False,ALLOW,route,,2,,False,False,False,,2.252,14,6442,27424532,True,False,True,True,False,False,False
BNPL-A11-001,A11,bnpl:acquirer-level-swap,S6,bnpl,False,M3,brand:dricoion.co.uk,False,ALLOW,route,,2,PRE,False,True,False,first-hop,2.2691,14,6442,27424532,True,False,True,True,False,False,False
benign-S6-034,benign,S6,S6,bnpl,False,B1,brand:haizeal.com,False,ALLOW,curation,,-1,,False,False,False,,0.001,0,5088,27432389,True,True,False,False,False,False,False
benign-S6-034,benign,S6,S6,bnpl,False,B2,brand:haizeal.com,False,ALLOW,mandate,,-1,,False,False,False,,0.0005,0,5088,27432389,True,True,False,False,False,False,False
benign-S6-034,benign,S6,S6,bnpl,False,B3,brand:haizeal.com,False,ALLOW,identity-assertion,,-1,,False,False,False,,0.0006,0,5088,27432389,True,True,False,False,False,False,False
benign-S6-034,benign,S6,S6,bnpl,False,B4,brand:haizeal.com,False,ALLOW,did-wallet,not-applicable,-1,,False,False,False,,0.0005,0,5088,27432389,True,True,False,False,False,False,False
benign-S6-034,benign,S6,S6,bnpl,False,B5,brand:haizeal.com,False,ALLOW,vop,not-applicable,-1,,False,False,False,,0.0005,0,5088,27432389,True,True,False,False,False,False,False
benign-S6-034,benign,S6,S6,bnpl,False,B6,brand:haizeal.com,False,ALLOW,lists,,-1,,False,False,False,,0.0005,0,5088,27432389,True,True,False,False,False,False,False
benign-S6-034,benign,S6,S6,bnpl,False,B7,brand:haizeal.com,False,ALLOW,b7,,-1,,False,False,False,,0.5445,6,5088,27432389,True,True,False,False,False,False,False
benign-S6-034,benign,S6,S6,bnpl,False,M1-G1,brand:haizeal.com,False,ALLOW,pav,,1,,False,False,False,,0.8857,10,5088,27432389,True,True,False,False,False,False,False
benign-S6-034,benign,S6,S6,bnpl,False,M1,brand:haizeal.com,False,ALLOW,route,,2,,False,False,False,,1.3852,14,5088,27432389,True,True,False,False,False,False,False
benign-S6-034,benign,S6,S6,bnpl,False,M2,brand:haizeal.com,False,ALLOW,route,,2,,False,False,False,,1.8884,14,5088,27432389,True,True,False,False,False,False,False
benign-S6-034,benign,S6,S6,bnpl,False,M3,brand:haizeal.com,False,ALLOW,route,,2,PRE,False,False,False,,1.8333,14,5088,27432389,True,True,False,False,False,False,False
BNPL-A4-000,A4,bnpl:feed-own-rap,S6,bnpl,False,B1,brand:dricoion.co.uk,False,ALLOW,curation,,-1,,False,False,False,,0.0011,0,31434,27438195,True,False,True,True,False,False,False
BNPL-A4-000,A4,bnpl:feed-own-rap,S6,bnpl,False,B2,brand:dricoion.co.uk,False,ALLOW,mandate,,-1,,False,False,False,,0.0005,0,31434,27438195,True,False,True,True,False,False,False
BNPL-A4-000,A4,bnpl:feed-own-rap,S6,bnpl,False,B3,brand:dricoion.co.uk,False,ALLOW,identity-assertion,,-1,,False,False,False,,0.0006,0,31434,27438195,True,False,True,True,False,False,False
BNPL-A4-000,A4,bnpl:feed-own-rap,S6,bnpl,False,B4,brand:dricoion.co.uk,False,ALLOW,did-wallet,not-applicable,-1,,False,False,False,,0.0005,0,31434,27438195,True,False,True,True,False,False,False
BNPL-A4-000,A4,bnpl:feed-own-rap,S6,bnpl,False,B5,brand:dricoion.co.uk,False,ALLOW,vop,not-applicable,-1,,False,False,False,,0.0005,0,31434,27438195,True,False,True,True,False,False,False
BNPL-A4-000,A4,bnpl:feed-own-rap,S6,bnpl,False,B6,brand:dricoion.co.uk,False,ALLOW,lists,,-1,,False,False,False,,0.0005,0,31434,27438195,True,False,True,True,False,False,False
BNPL-A4-000,A4,bnpl:feed-own-rap,S6,bnpl,False,B7,brand:dricoion.co.uk,False,STEP-UP,delegation,no-delegation-from-asserted-entity,-1,,False,False,False,,0.0043,0,31434,27438195,False,False,False,False,False,True,True
BNPL-A4-000,A4,bnpl:feed-own-rap,S6,bnpl,False,M1-G1,brand:dricoion.co.uk,False,STEP-UP,pav,scope,-1,,False,False,False,,0.6274,7,31434,27438195,False,False,False,False,False,True,True
BNPL-A4-000,A4,bnpl:feed-own-rap,S6,bnpl,False,M1,brand:dricoion.co.uk,False,STEP-UP,route/pav,scope,-1,,False,False,False,,0.6054,7,31434,27438195,False,False,False,False,False,True,True
BNPL-A4-000,A4,bnpl:feed-own-rap,S6,bnpl,False,M2,brand:dricoion.co.uk,False,STEP-UP,route/pav,scope,-1,,False,False,False,,1.1818,7,31434,27438195,False,False,False,False,False,True,True
BNPL-A4-000,A4,bnpl:feed-own-rap,S6,bnpl,False,M3,brand:dricoion.co.uk,False,STEP-UP,route/pav,scope,-1,,False,False,False,,1.1498,7,31434,27438195,False,False,False,False,False,True,True
benign-S6-018,benign,S6,S6,bnpl,False,B1,brand:neabi.com,False,ALLOW,curation,,-1,,False,False,False,,0.001,0,5303,27495403,True,True,False,False,False,False,False
benign-S6-018,benign,S6,S6,bnpl,False,B2,brand:neabi.com,False,ALLOW,mandate,,-1,,False,False,False,,0.0005,0,5303,27495403,True,True,False,False,False,False,False
benign-S6-018,benign,S6,S6,bnpl,False,B3,brand:neabi.com,False,ALLOW,identity-assertion,,-1,,False,False,False,,0.0005,0,5303,27495403,True,True,False,False,False,False,False
benign-S6-018,benign,S6,S6,bnpl,False,B4,brand:neabi.com,False,ALLOW,did-wallet,not-applicable,-1,,False,False,False,,0.0005,0,5303,27495403,True,True,False,False,False,False,False
benign-S6-018,benign,S6,S6,bnpl,False,B5,brand:neabi.com,False,ALLOW,vop,not-applicable,-1,,False,False,False,,0.0005,0,5303,27495403,True,True,False,False,False,False,False
benign-S6-018,benign,S6,S6,bnpl,False,B6,brand:neabi.com,False,ALLOW,lists,,-1,,False,False,False,,0.0005,0,5303,27495403,True,True,False,False,False,False,False
benign-S6-018,benign,S6,S6,bnpl,False,B7,brand:neabi.com,False,ALLOW,b7,,-1,,False,False,False,,0.5393,6,5303,27495403,True,True,False,False,False,False,False
benign-S6-018,benign,S6,S6,bnpl,False,M1-G1,brand:neabi.com,False,ALLOW,pav,,1,,False,False,False,,0.9282,10,5303,27495403,True,True,False,False,False,False,False
benign-S6-018,benign,S6,S6,bnpl,False,M1,brand:neabi.com,False,ALLOW,route,,2,,False,False,False,,1.2576,14,5303,27495403,True,True,False,False,False,False,False
benign-S6-018,benign,S6,S6,bnpl,False,M2,brand:neabi.com,False,ALLOW,route,,2,,False,False,False,,1.8161,14,5303,27495403,True,True,False,False,False,False,False
benign-S6-018,benign,S6,S6,bnpl,False,M3,brand:neabi.com,False,ALLOW,route,,2,PRE,False,False,False,,1.719,14,5303,27495403,True,True,False,False,False,False,False
BNPL-A3-010,A3,bnpl:swap-own-rap,S6,bnpl,False,B1,brand:flaigo.com,True,ALLOW,curation,,-1,,False,False,False,,0.001,0,14953,27516825,True,False,True,True,False,False,False
BNPL-A3-010,A3,bnpl:swap-own-rap,S6,bnpl,False,B2,brand:flaigo.com,True,ALLOW,mandate,,-1,,False,False,False,,0.0005,0,14953,27516825,True,False,True,True,False,False,False
BNPL-A3-010,A3,bnpl:swap-own-rap,S6,bnpl,False,B3,brand:flaigo.com,True,ALLOW,identity-assertion,,-1,,False,False,False,,0.0005,0,14953,27516825,True,False,True,True,False,False,False
BNPL-A3-010,A3,bnpl:swap-own-rap,S6,bnpl,False,B4,brand:flaigo.com,True,ALLOW,did-wallet,not-applicable,-1,,False,False,False,,0.0006,0,14953,27516825,True,False,True,True,False,False,False
BNPL-A3-010,A3,bnpl:swap-own-rap,S6,bnpl,False,B5,brand:flaigo.com,True,ALLOW,vop,not-applicable,-1,,False,False,False,,0.0005,0,14953,27516825,True,False,True,True,False,False,False
BNPL-A3-010,A3,bnpl:swap-own-rap,S6,bnpl,False,B6,brand:flaigo.com,True,ALLOW,lists,,-1,,False,False,False,,0.0005,0,14953,27516825,True,False,True,True,False,False,False
BNPL-A3-010,A3,bnpl:swap-own-rap,S6,bnpl,False,B7,brand:flaigo.com,True,STEP-UP,delegation,no-delegation-from-asserted-entity,-1,,False,False,False,,0.004,0,14953,27516825,False,False,False,False,False,True,True
BNPL-A3-010,A3,bnpl:swap-own-rap,S6,bnpl,False,M1-G1,brand:flaigo.com,True,STEP-UP,pav,scope,-1,,False,False,False,,0.6258,7,14953,27516825,False,False,False,False,False,True,True
BNPL-A3-010,A3,bnpl:swap-own-rap,S6,bnpl,False,M1,brand:flaigo.com,True,STEP-UP,route/pav,scope,-1,,False,False,False,,0.6804,7,14953,27516825,False,False,False,False,False,True,True
BNPL-A3-010,A3,bnpl:swap-own-rap,S6,bnpl,False,M2,brand:flaigo.com,True,STEP-UP,route/pav,scope,-1,,False,False,False,,1.0165,7,14953,27516825,False,False,False,False,False,True,True
BNPL-A3-010,A3,bnpl:swap-own-rap,S6,bnpl,False,M3,brand:flaigo.com,True,STEP-UP,route/pav,scope,-1,,False,False,False,,1.0108,7,14953,27516825,False,False,False,False,False,True,True
benign-S6-032,benign,S6,S6,bnpl,False,B1,brand:hegawilo.co.uk,False,ALLOW,curation,,-1,,False,False,False,,0.0008,0,3000,27520307,True,True,False,False,False,False,False
benign-S6-032,benign,S6,S6,bnpl,False,B2,brand:hegawilo.co.uk,False,ALLOW,mandate,,-1,,False,False,False,,0.0005,0,3000,27520307,True,True,False,False,False,False,False
benign-S6-032,benign,S6,S6,bnpl,False,B3,brand:hegawilo.co.uk,False,ALLOW,identity-assertion,,-1,,False,False,False,,0.0005,0,3000,27520307,True,True,False,False,False,False,False
benign-S6-032,benign,S6,S6,bnpl,False,B4,brand:hegawilo.co.uk,False,ALLOW,did-wallet,not-applicable,-1,,False,False,False,,0.0005,0,3000,27520307,True,True,False,False,False,False,False
benign-S6-032,benign,S6,S6,bnpl,False,B5,brand:hegawilo.co.uk,False,ALLOW,vop,not-applicable,-1,,False,False,False,,0.0005,0,3000,27520307,True,True,False,False,False,False,False
benign-S6-032,benign,S6,S6,bnpl,False,B6,brand:hegawilo.co.uk,False,ALLOW,lists,,-1,,False,False,False,,0.0005,0,3000,27520307,True,True,False,False,False,False,False
benign-S6-032,benign,S6,S6,bnpl,False,B7,brand:hegawilo.co.uk,False,ALLOW,b7,,-1,,False,False,False,,0.546,6,3000,27520307,True,True,False,False,False,False,False
benign-S6-032,benign,S6,S6,bnpl,False,M1-G1,brand:hegawilo.co.uk,False,ALLOW,pav,,1,,False,False,False,,0.8688,10,3000,27520307,True,True,False,False,False,False,False
benign-S6-032,benign,S6,S6,bnpl,False,M1,brand:hegawilo.co.uk,False,ALLOW,route,,2,,False,False,False,,1.2188,14,3000,27520307,True,True,False,False,False,False,False
benign-S6-032,benign,S6,S6,bnpl,False,M2,brand:hegawilo.co.uk,False,ALLOW,route,,2,,False,False,False,,2.2035,14,3000,27520307,True,True,False,False,False,False,False
benign-S6-032,benign,S6,S6,bnpl,False,M3,brand:hegawilo.co.uk,False,ALLOW,route,,2,PRE,False,False,False,,2.1448,14,3000,27520307,True,True,False,False,False,False,False
BNPL-A4-007,A4,bnpl:feed-no-rap,S6,bnpl,False,B1,brand:haizeal.com,False,ALLOW,curation,,-1,,False,False,False,,0.001,0,4503,27527064,True,False,True,True,False,False,False
BNPL-A4-007,A4,bnpl:feed-no-rap,S6,bnpl,False,B2,brand:haizeal.com,False,ALLOW,mandate,,-1,,False,False,False,,0.0005,0,4503,27527064,True,False,True,True,False,False,False
BNPL-A4-007,A4,bnpl:feed-no-rap,S6,bnpl,False,B3,brand:haizeal.com,False,ALLOW,identity-assertion,,-1,,False,False,False,,0.0005,0,4503,27527064,True,False,True,True,False,False,False
BNPL-A4-007,A4,bnpl:feed-no-rap,S6,bnpl,False,B4,brand:haizeal.com,False,ALLOW,did-wallet,not-applicable,-1,,False,False,False,,0.0005,0,4503,27527064,True,False,True,True,False,False,False
BNPL-A4-007,A4,bnpl:feed-no-rap,S6,bnpl,False,B5,brand:haizeal.com,False,ALLOW,vop,not-applicable,-1,,False,False,False,,0.0005,0,4503,27527064,True,False,True,True,False,False,False
BNPL-A4-007,A4,bnpl:feed-no-rap,S6,bnpl,False,B6,brand:haizeal.com,False,ALLOW,lists,,-1,,False,False,False,,0.0005,0,4503,27527064,True,False,True,True,False,False,False
BNPL-A4-007,A4,bnpl:feed-no-rap,S6,bnpl,False,B7,brand:haizeal.com,False,STEP-UP,delegation,no-delegation,-1,,False,False,False,,0.0028,0,4503,27527064,False,False,False,False,False,True,True
BNPL-A4-007,A4,bnpl:feed-no-rap,S6,bnpl,False,M1-G1,brand:haizeal.com,False,STEP-UP,pav,no-path,-1,,False,False,False,,0.0027,0,4503,27527064,False,False,False,False,False,True,True
BNPL-A4-007,A4,bnpl:feed-no-rap,S6,bnpl,False,M1,brand:haizeal.com,False,STEP-UP,route,no-path,-1,,False,False,False,,0.0015,0,4503,27527064,False,False,False,False,False,True,True
BNPL-A4-007,A4,bnpl:feed-no-rap,S6,bnpl,False,M2,brand:haizeal.com,False,STEP-UP,route,no-path,-1,,False,False,False,,0.1845,0,4503,27527064,False,False,False,False,False,True,True
BNPL-A4-007,A4,bnpl:feed-no-rap,S6,bnpl,False,M3,brand:haizeal.com,False,STEP-UP,route,no-path,-1,,False,False,False,,0.1787,0,4503,27527064,False,False,False,False,False,True,True
BNPL-A13-002,A13,bnpl:custodian-deviates,S6,bnpl,False,B1,brand:dricoion.co.uk,False,ALLOW,curation,,-1,,False,False,False,,0.0012,0,40141,27567496,True,False,True,True,False,False,False
BNPL-A13-002,A13,bnpl:custodian-deviates,S6,bnpl,False,B2,brand:dricoion.co.uk,False,ALLOW,mandate,,-1,,False,False,False,,0.0005,0,40141,27567496,True,False,True,True,False,False,False
BNPL-A13-002,A13,bnpl:custodian-deviates,S6,bnpl,False,B3,brand:dricoion.co.uk,False,ALLOW,identity-assertion,,-1,,False,False,False,,0.0005,0,40141,27567496,True,False,True,True,False,False,False
BNPL-A13-002,A13,bnpl:custodian-deviates,S6,bnpl,False,B4,brand:dricoion.co.uk,False,ALLOW,did-wallet,not-applicable,-1,,False,False,False,,0.0005,0,40141,27567496,True,False,True,True,False,False,False
BNPL-A13-002,A13,bnpl:custodian-deviates,S6,bnpl,False,B5,brand:dricoion.co.uk,False,ALLOW,vop,not-applicable,-1,,False,False,False,,0.0005,0,40141,27567496,True,False,True,True,False,False,False
BNPL-A13-002,A13,bnpl:custodian-deviates,S6,bnpl,False,B6,brand:dricoion.co.uk,False,ALLOW,lists,,-1,,False,False,False,,0.0005,0,40141,27567496,True,False,True,True,False,False,False
BNPL-A13-002,A13,bnpl:custodian-deviates,S6,bnpl,False,B7,brand:dricoion.co.uk,False,ALLOW,b7,,-1,,False,False,False,,0.5366,6,40141,27567496,True,False,True,True,False,False,False
BNPL-A13-002,A13,bnpl:custodian-deviates,S6,bnpl,False,M1-G1,brand:dricoion.co.uk,False,ALLOW,pav,,1,,False,False,False,,0.8673,10,40141,27567496,True,False,True,True,False,False,False
BNPL-A13-002,A13,bnpl:custodian-deviates,S6,bnpl,False,M1,brand:dricoion.co.uk,False,ALLOW,route,,2,,False,False,False,,1.246,14,40141,27567496,True,False,True,True,False,False,False
BNPL-A13-002,A13,bnpl:custodian-deviates,S6,bnpl,False,M2,brand:dricoion.co.uk,False,ALLOW,route,,2,,False,False,False,,2.2565,14,40141,27567496,True,False,True,True,False,False,False
BNPL-A13-002,A13,bnpl:custodian-deviates,S6,bnpl,False,M3,brand:dricoion.co.uk,False,ALLOW,route,,2,PRE,False,True,True,arrival,2.525,14,40141,27567496,True,False,True,True,False,False,False
BNPL-A3-012,A3,bnpl:swap-keep-rap,S6,bnpl,False,B1,brand:dricoion.co.uk,False,ALLOW,curation,,-1,,False,False,False,,0.0014,0,14259,27602063,True,False,True,True,False,False,False
BNPL-A3-012,A3,bnpl:swap-keep-rap,S6,bnpl,False,B2,brand:dricoion.co.uk,False,DENY,mandate,payee-changed-after-signing,-1,,False,False,False,,0.0007,0,14259,27602063,False,False,False,False,False,False,False
BNPL-A3-012,A3,bnpl:swap-keep-rap,S6,bnpl,False,B3,brand:dricoion.co.uk,False,ALLOW,identity-assertion,,-1,,False,False,False,,0.0005,0,14259,27602063,True,False,True,True,False,False,False
BNPL-A3-012,A3,bnpl:swap-keep-rap,S6,bnpl,False,B4,brand:dricoion.co.uk,False,ALLOW,did-wallet,not-applicable,-1,,False,False,False,,0.0005,0,14259,27602063,True,False,True,True,False,False,False
BNPL-A3-012,A3,bnpl:swap-keep-rap,S6,bnpl,False,B5,brand:dricoion.co.uk,False,ALLOW,vop,not-applicable,-1,,False,False,False,,0.0005,0,14259,27602063,True,False,True,True,False,False,False
BNPL-A3-012,A3,bnpl:swap-keep-rap,S6,bnpl,False,B6,brand:dricoion.co.uk,False,ALLOW,lists,,-1,,False,False,False,,0.0005,0,14259,27602063,True,False,True,True,False,False,False
BNPL-A3-012,A3,bnpl:swap-keep-rap,S6,bnpl,False,B7,brand:dricoion.co.uk,False,DENY,mandate,payee-changed-after-signing,-1,,False,False,False,,0.0034,0,14259,27602063,False,False,False,False,False,False,False
BNPL-A3-012,A3,bnpl:swap-keep-rap,S6,bnpl,False,M1-G1,brand:dricoion.co.uk,False,DENY,pav,payee-mismatch,-1,,False,False,False,,0.8247,9,14259,27602063,False,False,False,False,False,False,False
BNPL-A3-012,A3,bnpl:swap-keep-rap,S6,bnpl,False,M1,brand:dricoion.co.uk,False,DENY,route/pav,payee-mismatch,-1,,False,False,False,,0.7887,9,14259,27602063,False,False,False,False,False,False,False
BNPL-A3-012,A3,bnpl:swap-keep-rap,S6,bnpl,False,M2,brand:dricoion.co.uk,False,DENY,route/pav,payee-mismatch,-1,,False,False,False,,1.3493,9,14259,27602063,False,False,False,False,False,False,False
BNPL-A3-012,A3,bnpl:swap-keep-rap,S6,bnpl,False,M3,brand:dricoion.co.uk,False,DENY,route/pav,payee-mismatch,-1,,False,False,False,,1.3328,9,14259,27602063,False,False,False,False,False,False,False
BNPL-A4-002,A4,bnpl:feed-own-rap,S6,bnpl,False,B1,brand:haizeal.com,False,ALLOW,curation,,-1,,False,False,False,,0.0009,0,15601,27613411,True,False,True,True,False,False,False
BNPL-A4-002,A4,bnpl:feed-own-rap,S6,bnpl,False,B2,brand:haizeal.com,False,ALLOW,mandate,,-1,,False,False,False,,0.0005,0,15601,27613411,True,False,True,True,False,False,False
BNPL-A4-002,A4,bnpl:feed-own-rap,S6,bnpl,False,B3,brand:haizeal.com,False,ALLOW,identity-assertion,,-1,,False,False,False,,0.0005,0,15601,27613411,True,False,True,True,False,False,False
BNPL-A4-002,A4,bnpl:feed-own-rap,S6,bnpl,False,B4,brand:haizeal.com,False,ALLOW,did-wallet,not-applicable,-1,,False,False,False,,0.0005,0,15601,27613411,True,False,True,True,False,False,False
BNPL-A4-002,A4,bnpl:feed-own-rap,S6,bnpl,False,B5,brand:haizeal.com,False,ALLOW,vop,not-applicable,-1,,False,False,False,,0.0005,0,15601,27613411,True,False,True,True,False,False,False
BNPL-A4-002,A4,bnpl:feed-own-rap,S6,bnpl,False,B6,brand:haizeal.com,False,ALLOW,lists,,-1,,False,False,False,,0.0005,0,15601,27613411,True,False,True,True,False,False,False
BNPL-A4-002,A4,bnpl:feed-own-rap,S6,bnpl,False,B7,brand:haizeal.com,False,STEP-UP,delegation,no-delegation-from-asserted-entity,-1,,False,False,False,,0.004,0,15601,27613411,False,False,False,False,False,True,True
BNPL-A4-002,A4,bnpl:feed-own-rap,S6,bnpl,False,M1-G1,brand:haizeal.com,False,STEP-UP,pav,scope,-1,,False,False,False,,0.6286,7,15601,27613411,False,False,False,False,False,True,True
BNPL-A4-002,A4,bnpl:feed-own-rap,S6,bnpl,False,M1,brand:haizeal.com,False,STEP-UP,route/pav,scope,-1,,False,False,False,,0.6046,7,15601,27613411,False,False,False,False,False,True,True
BNPL-A4-002,A4,bnpl:feed-own-rap,S6,bnpl,False,M2,brand:haizeal.com,False,STEP-UP,route/pav,scope,-1,,False,False,False,,0.8234,7,15601,27613411,False,False,False,False,False,True,True
BNPL-A4-002,A4,bnpl:feed-own-rap,S6,bnpl,False,M3,brand:haizeal.com,False,STEP-UP,route/pav,scope,-1,,False,False,False,,0.8088,7,15601,27613411,False,False,False,False,False,True,True
benign-S6-073,benign,S6,S6,bnpl,False,B1,brand:neabi.com,False,ALLOW,curation,,-1,,False,False,False,,0.0008,0,5832,27615201,True,True,False,False,False,False,False
benign-S6-073,benign,S6,S6,bnpl,False,B2,brand:neabi.com,False,ALLOW,mandate,,-1,,False,False,False,,0.0005,0,5832,27615201,True,True,False,False,False,False,False
benign-S6-073,benign,S6,S6,bnpl,False,B3,brand:neabi.com,False,ALLOW,identity-assertion,,-1,,False,False,False,,0.0006,0,5832,27615201,True,True,False,False,False,False,False
benign-S6-073,benign,S6,S6,bnpl,False,B4,brand:neabi.com,False,ALLOW,did-wallet,not-applicable,-1,,False,False,False,,0.0005,0,5832,27615201,True,True,False,False,False,False,False
benign-S6-073,benign,S6,S6,bnpl,False,B5,brand:neabi.com,False,ALLOW,vop,not-applicable,-1,,False,False,False,,0.0005,0,5832,27615201,True,True,False,False,False,False,False
benign-S6-073,benign,S6,S6,bnpl,False,B6,brand:neabi.com,False,ALLOW,lists,,-1,,False,False,False,,0.0005,0,5832,27615201,True,True,False,False,False,False,False
benign-S6-073,benign,S6,S6,bnpl,False,B7,brand:neabi.com,False,ALLOW,b7,,-1,,False,False,False,,0.542,6,5832,27615201,True,True,False,False,False,False,False
benign-S6-073,benign,S6,S6,bnpl,False,M1-G1,brand:neabi.com,False,ALLOW,pav,,1,,False,False,False,,0.8737,10,5832,27615201,True,True,False,False,False,False,False
benign-S6-073,benign,S6,S6,bnpl,False,M1,brand:neabi.com,False,ALLOW,route,,2,,False,False,False,,1.2285,14,5832,27615201,True,True,False,False,False,False,False
benign-S6-073,benign,S6,S6,bnpl,False,M2,brand:neabi.com,False,ALLOW,route,,2,,False,False,False,,1.8192,14,5832,27615201,True,True,False,False,False,False,False
benign-S6-073,benign,S6,S6,bnpl,False,M3,brand:neabi.com,False,ALLOW,route,,2,PRE,False,False,False,,1.7535,14,5832,27615201,True,True,False,False,False,False,False
benign-S6-063,benign,S6,S6,bnpl,False,B1,brand:haizeal.com,False,ALLOW,curation,,-1,,False,False,False,,0.001,0,1237,27654100,True,True,False,False,False,False,False
benign-S6-063,benign,S6,S6,bnpl,False,B2,brand:haizeal.com,False,ALLOW,mandate,,-1,,False,False,False,,0.0006,0,1237,27654100,True,True,False,False,False,False,False
benign-S6-063,benign,S6,S6,bnpl,False,B3,brand:haizeal.com,False,ALLOW,identity-assertion,,-1,,False,False,False,,0.0007,0,1237,27654100,True,True,False,False,False,False,False
benign-S6-063,benign,S6,S6,bnpl,False,B4,brand:haizeal.com,False,ALLOW,did-wallet,not-applicable,-1,,False,False,False,,0.0005,0,1237,27654100,True,True,False,False,False,False,False
benign-S6-063,benign,S6,S6,bnpl,False,B5,brand:haizeal.com,False,ALLOW,vop,not-applicable,-1,,False,False,False,,0.0005,0,1237,27654100,True,True,False,False,False,False,False
benign-S6-063,benign,S6,S6,bnpl,False,B6,brand:haizeal.com,False,ALLOW,lists,,-1,,False,False,False,,0.0005,0,1237,27654100,True,True,False,False,False,False,False
benign-S6-063,benign,S6,S6,bnpl,False,B7,brand:haizeal.com,False,ALLOW,b7,,-1,,False,False,False,,0.6233,6,1237,27654100,True,True,False,False,False,False,False
benign-S6-063,benign,S6,S6,bnpl,False,M1-G1,brand:haizeal.com,False,ALLOW,pav,,1,,False,False,False,,0.9465,10,1237,27654100,True,True,False,False,False,False,False
benign-S6-063,benign,S6,S6,bnpl,False,M1,brand:haizeal.com,False,ALLOW,route,,2,,False,False,False,,1.4392,14,1237,27654100,True,True,False,False,False,False,False
benign-S6-063,benign,S6,S6,bnpl,False,M2,brand:haizeal.com,False,ALLOW,route,,2,,False,False,False,,2.2359,14,1237,27654100,True,True,False,False,False,False,False
benign-S6-063,benign,S6,S6,bnpl,False,M3,brand:haizeal.com,False,ALLOW,route,,2,PRE,False,False,False,,2.0643,14,1237,27654100,True,True,False,False,False,False,False
benign-S6-000,benign,S6,S6,bnpl,False,B1,brand:hegawilo.co.uk,False,ALLOW,curation,,-1,,False,False,False,,0.0013,0,994,27677194,True,True,False,False,False,False,False
benign-S6-000,benign,S6,S6,bnpl,False,B2,brand:hegawilo.co.uk,False,ALLOW,mandate,,-1,,False,False,False,,0.0007,0,994,27677194,True,True,False,False,False,False,False
benign-S6-000,benign,S6,S6,bnpl,False,B3,brand:hegawilo.co.uk,False,ALLOW,identity-assertion,,-1,,False,False,False,,0.0008,0,994,27677194,True,True,False,False,False,False,False
benign-S6-000,benign,S6,S6,bnpl,False,B4,brand:hegawilo.co.uk,False,ALLOW,did-wallet,not-applicable,-1,,False,False,False,,0.0007,0,994,27677194,True,True,False,False,False,False,False
benign-S6-000,benign,S6,S6,bnpl,False,B5,brand:hegawilo.co.uk,False,ALLOW,vop,not-applicable,-1,,False,False,False,,0.0006,0,994,27677194,True,True,False,False,False,False,False
benign-S6-000,benign,S6,S6,bnpl,False,B6,brand:hegawilo.co.uk,False,ALLOW,lists,,-1,,False,False,False,,0.0008,0,994,27677194,True,True,False,False,False,False,False
benign-S6-000,benign,S6,S6,bnpl,False,B7,brand:hegawilo.co.uk,False,ALLOW,b7,,-1,,False,False,False,,0.5967,6,994,27677194,True,True,False,False,False,False,False
benign-S6-000,benign,S6,S6,bnpl,False,M1-G1,brand:hegawilo.co.uk,False,ALLOW,pav,,1,,False,False,False,,0.9485,10,994,27677194,True,True,False,False,False,False,False
benign-S6-000,benign,S6,S6,bnpl,False,M1,brand:hegawilo.co.uk,False,ALLOW,route,,2,,False,False,False,,1.3258,14,994,27677194,True,True,False,False,False,False,False
benign-S6-000,benign,S6,S6,bnpl,False,M2,brand:hegawilo.co.uk,False,ALLOW,route,,2,,False,False,False,,2.424,14,994,27677194,True,True,False,False,False,False,False
benign-S6-000,benign,S6,S6,bnpl,False,M3,brand:hegawilo.co.uk,False,ALLOW,route,,2,PRE,False,False,False,,2.521,14,994,27677194,True,True,False,False,False,False,False
BNPL-A11-002,A11,bnpl:transaction-laundering,S6,bnpl,False,B1,brand:briogem.com,True,ALLOW,curation,,-1,,False,False,False,,0.0014,0,15714,27720881,True,False,True,True,False,False,False
BNPL-A11-002,A11,bnpl:transaction-laundering,S6,bnpl,False,B2,brand:briogem.com,True,ALLOW,mandate,,-1,,False,False,False,,0.0006,0,15714,27720881,True,False,True,True,False,False,False
BNPL-A11-002,A11,bnpl:transaction-laundering,S6,bnpl,False,B3,brand:briogem.com,True,ALLOW,identity-assertion,,-1,,False,False,False,,0.0007,0,15714,27720881,True,False,True,True,False,False,False
BNPL-A11-002,A11,bnpl:transaction-laundering,S6,bnpl,False,B4,brand:briogem.com,True,ALLOW,did-wallet,not-applicable,-1,,False,False,False,,0.0006,0,15714,27720881,True,False,True,True,False,False,False
BNPL-A11-002,A11,bnpl:transaction-laundering,S6,bnpl,False,B5,brand:briogem.com,True,ALLOW,vop,not-applicable,-1,,False,False,False,,0.0006,0,15714,27720881,True,False,True,True,False,False,False
BNPL-A11-002,A11,bnpl:transaction-laundering,S6,bnpl,False,B6,brand:briogem.com,True,ALLOW,lists,,-1,,False,False,False,,0.0006,0,15714,27720881,True,False,True,True,False,False,False
BNPL-A11-002,A11,bnpl:transaction-laundering,S6,bnpl,False,B7,brand:briogem.com,True,ALLOW,b7,,-1,,True,True,False,receipt-first-hop,0.6107,6,15714,27720881,True,False,True,False,False,False,False
BNPL-A11-002,A11,bnpl:transaction-laundering,S6,bnpl,False,M1-G1,brand:briogem.com,True,ALLOW,pav,,1,,False,False,False,,0.9649,10,15714,27720881,True,False,True,True,False,False,False
BNPL-A11-002,A11,bnpl:transaction-laundering,S6,bnpl,False,M1,brand:briogem.com,True,ALLOW,route,,2,,False,False,False,,1.3734,14,15714,27720881,True,False,True,True,False,False,False
BNPL-A11-002,A11,bnpl:transaction-laundering,S6,bnpl,False,M2,brand:briogem.com,True,ALLOW,route,,2,,False,False,False,,2.6098,14,15714,27720881,True,False,True,True,False,False,False
BNPL-A11-002,A11,bnpl:transaction-laundering,S6,bnpl,False,M3,brand:briogem.com,True,ALLOW,route,,2,PRE,False,True,False,first-hop,2.4954,14,15714,27720881,True,False,True,True,False,False,False
BNPL-A11-011,A11,bnpl:acquirer-level-swap,S6,bnpl,False,B1,brand:flaigo.com,True,ALLOW,curation,,-1,,False,False,False,,0.0013,0,12365,27765543,True,False,True,True,False,False,False
BNPL-A11-011,A11,bnpl:acquirer-level-swap,S6,bnpl,False,B2,brand:flaigo.com,True,ALLOW,mandate,,-1,,False,False,False,,0.0006,0,12365,27765543,True,False,True,True,False,False,False
BNPL-A11-011,A11,bnpl:acquirer-level-swap,S6,bnpl,False,B3,brand:flaigo.com,True,ALLOW,identity-assertion,,-1,,False,False,False,,0.0007,0,12365,27765543,True,False,True,True,False,False,False
BNPL-A11-011,A11,bnpl:acquirer-level-swap,S6,bnpl,False,B4,brand:flaigo.com,True,ALLOW,did-wallet,not-applicable,-1,,False,False,False,,0.0006,0,12365,27765543,True,False,True,True,False,False,False
BNPL-A11-011,A11,bnpl:acquirer-level-swap,S6,bnpl,False,B5,brand:flaigo.com,True,ALLOW,vop,not-applicable,-1,,False,False,False,,0.0006,0,12365,27765543,True,False,True,True,False,False,False
BNPL-A11-011,A11,bnpl:acquirer-level-swap,S6,bnpl,False,B6,brand:flaigo.com,True,ALLOW,lists,,-1,,False,False,False,,0.0006,0,12365,27765543,True,False,True,True,False,False,False
BNPL-A11-011,A11,bnpl:acquirer-level-swap,S6,bnpl,False,B7,brand:flaigo.com,True,ALLOW,b7,,-1,,False,False,False,,0.6905,6,12365,27765543,True,False,True,True,False,False,False
BNPL-A11-011,A11,bnpl:acquirer-level-swap,S6,bnpl,False,M1-G1,brand:flaigo.com,True,ALLOW,pav,,1,,False,False,False,,0.9623,10,12365,27765543,True,False,True,True,False,False,False
BNPL-A11-011,A11,bnpl:acquirer-level-swap,S6,bnpl,False,M1,brand:flaigo.com,True,ALLOW,route,,2,,False,False,False,,1.3385,14,12365,27765543,True,False,True,True,False,False,False
BNPL-A11-011,A11,bnpl:acquirer-level-swap,S6,bnpl,False,M2,brand:flaigo.com,True,ALLOW,route,,2,,False,False,False,,2.3747,14,12365,27765543,True,False,True,True,False,False,False
BNPL-A11-011,A11,bnpl:acquirer-level-swap,S6,bnpl,False,M3,brand:flaigo.com,True,ALLOW,route,,2,PRE,False,True,False,first-hop,2.3495,14,12365,27765543,True,False,True,True,False,False,False
benign-S6-075,benign,S6,S6,bnpl,False,B1,brand:briogem.com,True,ALLOW,curation,,-1,,False,False,False,,0.0012,0,2378,27773700,True,True,False,False,False,False,False
benign-S6-075,benign,S6,S6,bnpl,False,B2,brand:briogem.com,True,ALLOW,mandate,,-1,,False,False,False,,0.0006,0,2378,27773700,True,True,False,False,False,False,False
benign-S6-075,benign,S6,S6,bnpl,False,B3,brand:briogem.com,True,ALLOW,identity-assertion,,-1,,False,False,False,,0.0008,0,2378,27773700,True,True,False,False,False,False,False
benign-S6-075,benign,S6,S6,bnpl,False,B4,brand:briogem.com,True,ALLOW,did-wallet,not-applicable,-1,,False,False,False,,0.0007,0,2378,27773700,True,True,False,False,False,False,False
benign-S6-075,benign,S6,S6,bnpl,False,B5,brand:briogem.com,True,ALLOW,vop,not-applicable,-1,,False,False,False,,0.0005,0,2378,27773700,True,True,False,False,False,False,False
benign-S6-075,benign,S6,S6,bnpl,False,B6,brand:briogem.com,True,ALLOW,lists,,-1,,False,False,False,,0.0005,0,2378,27773700,True,True,False,False,False,False,False
benign-S6-075,benign,S6,S6,bnpl,False,B7,brand:briogem.com,True,ALLOW,b7,,-1,,False,False,False,,0.5955,6,2378,27773700,True,True,False,False,False,False,False
benign-S6-075,benign,S6,S6,bnpl,False,M1-G1,brand:briogem.com,True,ALLOW,pav,,1,,False,False,False,,0.9609,10,2378,27773700,True,True,False,False,False,False,False
benign-S6-075,benign,S6,S6,bnpl,False,M1,brand:briogem.com,True,ALLOW,route,,2,,False,False,False,,1.4616,14,2378,27773700,True,True,False,False,False,False,False
benign-S6-075,benign,S6,S6,bnpl,False,M2,brand:briogem.com,True,ALLOW,route,,2,,False,False,False,,2.6102,14,2378,27773700,True,True,False,False,False,False,False
benign-S6-075,benign,S6,S6,bnpl,False,M3,brand:briogem.com,True,ALLOW,route,,2,PRE,False,False,False,,2.5602,14,2378,27773700,True,True,False,False,False,False,False
benign-S6-031,benign,S6,S6,bnpl,False,B1,brand:haizeal.com,False,ALLOW,curation,,-1,,False,False,False,,0.0013,0,17446,27783269,True,True,False,False,False,False,False
benign-S6-031,benign,S6,S6,bnpl,False,B2,brand:haizeal.com,False,ALLOW,mandate,,-1,,False,False,False,,0.0005,0,17446,27783269,True,True,False,False,False,False,False
benign-S6-031,benign,S6,S6,bnpl,False,B3,brand:haizeal.com,False,ALLOW,identity-assertion,,-1,,False,False,False,,0.0007,0,17446,27783269,True,True,False,False,False,False,False
benign-S6-031,benign,S6,S6,bnpl,False,B4,brand:haizeal.com,False,ALLOW,did-wallet,not-applicable,-1,,False,False,False,,0.0006,0,17446,27783269,True,True,False,False,False,False,False
benign-S6-031,benign,S6,S6,bnpl,False,B5,brand:haizeal.com,False,ALLOW,vop,not-applicable,-1,,False,False,False,,0.0006,0,17446,27783269,True,True,False,False,False,False,False
benign-S6-031,benign,S6,S6,bnpl,False,B6,brand:haizeal.com,False,ALLOW,lists,,-1,,False,False,False,,0.0005,0,17446,27783269,True,True,False,False,False,False,False
benign-S6-031,benign,S6,S6,bnpl,False,B7,brand:haizeal.com,False,ALLOW,b7,,-1,,False,False,False,,0.579,6,17446,27783269,True,True,False,False,False,False,False
benign-S6-031,benign,S6,S6,bnpl,False,M1-G1,brand:haizeal.com,False,ALLOW,pav,,1,,False,False,False,,0.9326,10,17446,27783269,True,True,False,False,False,False,False
benign-S6-031,benign,S6,S6,bnpl,False,M1,brand:haizeal.com,False,ALLOW,route,,2,,False,False,False,,1.329,14,17446,27783269,True,True,False,False,False,False,False
benign-S6-031,benign,S6,S6,bnpl,False,M2,brand:haizeal.com,False,ALLOW,route,,2,,False,False,False,,2.8714,14,17446,27783269,True,True,False,False,False,False,False
benign-S6-031,benign,S6,S6,bnpl,False,M3,brand:haizeal.com,False,ALLOW,route,,2,PRE,False,False,False,,2.2179,14,17446,27783269,True,True,False,False,False,False,False
benign-S6-044,benign,S6,S6,bnpl,False,B1,brand:flaigo.com,True,ALLOW,curation,,-1,,False,False,False,,0.0012,0,5866,27801560,True,True,False,False,False,False,False
benign-S6-044,benign,S6,S6,bnpl,False,B2,brand:flaigo.com,True,ALLOW,mandate,,-1,,False,False,False,,0.0006,0,5866,27801560,True,True,False,False,False,False,False
benign-S6-044,benign,S6,S6,bnpl,False,B3,brand:flaigo.com,True,ALLOW,identity-assertion,,-1,,False,False,False,,0.0008,0,5866,27801560,True,True,False,False,False,False,False
benign-S6-044,benign,S6,S6,bnpl,False,B4,brand:flaigo.com,True,ALLOW,did-wallet,not-applicable,-1,,False,False,False,,0.0006,0,5866,27801560,True,True,False,False,False,False,False
benign-S6-044,benign,S6,S6,bnpl,False,B5,brand:flaigo.com,True,ALLOW,vop,not-applicable,-1,,False,False,False,,0.0006,0,5866,27801560,True,True,False,False,False,False,False
benign-S6-044,benign,S6,S6,bnpl,False,B6,brand:flaigo.com,True,ALLOW,lists,,-1,,False,False,False,,0.0007,0,5866,27801560,True,True,False,False,False,False,False
benign-S6-044,benign,S6,S6,bnpl,False,B7,brand:flaigo.com,True,ALLOW,b7,,-1,,False,False,False,,0.5697,6,5866,27801560,True,True,False,False,False,False,False
benign-S6-044,benign,S6,S6,bnpl,False,M1-G1,brand:flaigo.com,True,ALLOW,pav,,1,,False,False,False,,0.9034,10,5866,27801560,True,True,False,False,False,False,False
benign-S6-044,benign,S6,S6,bnpl,False,M1,brand:flaigo.com,True,ALLOW,route,,2,,False,False,False,,1.2221,14,5866,27801560,True,True,False,False,False,False,False
benign-S6-044,benign,S6,S6,bnpl,False,M2,brand:flaigo.com,True,ALLOW,route,,2,,False,False,False,,2.3188,14,5866,27801560,True,True,False,False,False,False,False
benign-S6-044,benign,S6,S6,bnpl,False,M3,brand:flaigo.com,True,ALLOW,route,,2,PRE,False,False,False,,2.3729,14,5866,27801560,True,True,False,False,False,False,False
benign-S6-045,benign,S6,S6,bnpl,False,B1,brand:dricoion.co.uk,False,ALLOW,curation,,-1,,False,False,False,,0.0013,0,5154,27845160,True,True,False,False,False,False,False
benign-S6-045,benign,S6,S6,bnpl,False,B2,brand:dricoion.co.uk,False,ALLOW,mandate,,-1,,False,False,False,,0.0006,0,5154,27845160,True,True,False,False,False,False,False
benign-S6-045,benign,S6,S6,bnpl,False,B3,brand:dricoion.co.uk,False,ALLOW,identity-assertion,,-1,,False,False,False,,0.0006,0,5154,27845160,True,True,False,False,False,False,False
benign-S6-045,benign,S6,S6,bnpl,False,B4,brand:dricoion.co.uk,False,ALLOW,did-wallet,not-applicable,-1,,False,False,False,,0.0005,0,5154,27845160,True,True,False,False,False,False,False
benign-S6-045,benign,S6,S6,bnpl,False,B5,brand:dricoion.co.uk,False,ALLOW,vop,not-applicable,-1,,False,False,False,,0.0005,0,5154,27845160,True,True,False,False,False,False,False
benign-S6-045,benign,S6,S6,bnpl,False,B6,brand:dricoion.co.uk,False,ALLOW,lists,,-1,,False,False,False,,0.0005,0,5154,27845160,True,True,False,False,False,False,False
benign-S6-045,benign,S6,S6,bnpl,False,B7,brand:dricoion.co.uk,False,ALLOW,b7,,-1,,False,False,False,,0.5545,6,5154,27845160,True,True,False,False,False,False,False
benign-S6-045,benign,S6,S6,bnpl,False,M1-G1,brand:dricoion.co.uk,False,ALLOW,pav,,1,,False,False,False,,0.886,10,5154,27845160,True,True,False,False,False,False,False
benign-S6-045,benign,S6,S6,bnpl,False,M1,brand:dricoion.co.uk,False,ALLOW,route,,2,,False,False,False,,1.2203,14,5154,27845160,True,True,False,False,False,False,False
benign-S6-045,benign,S6,S6,bnpl,False,M2,brand:dricoion.co.uk,False,ALLOW,route,,2,,False,False,False,,2.3029,14,5154,27845160,True,True,False,False,False,False,False
benign-S6-045,benign,S6,S6,bnpl,False,M3,brand:dricoion.co.uk,False,ALLOW,route,,2,PRE,False,False,False,,2.2027,14,5154,27845160,True,True,False,False,False,False,False
BNPL-A4-013,A4,bnpl:feed-no-rap,S6,bnpl,False,B1,brand:hegawilo.co.uk,False,ALLOW,curation,,-1,,False,False,False,,0.0011,0,4131,27856203,True,False,True,True,False,False,False
BNPL-A4-013,A4,bnpl:feed-no-rap,S6,bnpl,False,B2,brand:hegawilo.co.uk,False,ALLOW,mandate,,-1,,False,False,False,,0.0006,0,4131,27856203,True,False,True,True,False,False,False
BNPL-A4-013,A4,bnpl:feed-no-rap,S6,bnpl,False,B3,brand:hegawilo.co.uk,False,ALLOW,identity-assertion,,-1,,False,False,False,,0.0006,0,4131,27856203,True,False,True,True,False,False,False
BNPL-A4-013,A4,bnpl:feed-no-rap,S6,bnpl,False,B4,brand:hegawilo.co.uk,False,ALLOW,did-wallet,not-applicable,-1,,False,False,False,,0.0006,0,4131,27856203,True,False,True,True,False,False,False
BNPL-A4-013,A4,bnpl:feed-no-rap,S6,bnpl,False,B5,brand:hegawilo.co.uk,False,ALLOW,vop,not-applicable,-1,,False,False,False,,0.0006,0,4131,27856203,True,False,True,True,False,False,False
BNPL-A4-013,A4,bnpl:feed-no-rap,S6,bnpl,False,B6,brand:hegawilo.co.uk,False,ALLOW,lists,,-1,,False,False,False,,0.0005,0,4131,27856203,True,False,True,True,False,False,False
BNPL-A4-013,A4,bnpl:feed-no-rap,S6,bnpl,False,B7,brand:hegawilo.co.uk,False,STEP-UP,delegation,no-delegation,-1,,False,False,False,,0.0031,0,4131,27856203,False,False,False,False,False,True,True
BNPL-A4-013,A4,bnpl:feed-no-rap,S6,bnpl,False,M1-G1,brand:hegawilo.co.uk,False,STEP-UP,pav,no-path,-1,,False,False,False,,0.0032,0,4131,27856203,False,False,False,False,False,True,True
BNPL-A4-013,A4,bnpl:feed-no-rap,S6,bnpl,False,M1,brand:hegawilo.co.uk,False,STEP-UP,route,no-path,-1,,False,False,False,,0.0015,0,4131,27856203,False,False,False,False,False,True,True
BNPL-A4-013,A4,bnpl:feed-no-rap,S6,bnpl,False,M2,brand:hegawilo.co.uk,False,STEP-UP,route,no-path,-1,,False,False,False,,0.5285,0,4131,27856203,False,False,False,False,False,True,True
BNPL-A4-013,A4,bnpl:feed-no-rap,S6,bnpl,False,M3,brand:hegawilo.co.uk,False,STEP-UP,route,no-path,-1,,False,False,False,,0.5215,0,4131,27856203,False,False,False,False,False,True,True
BNPL-A4-006,A4,bnpl:feed-own-rap,S6,bnpl,False,B1,brand:bugror.com,False,ALLOW,curation,,-1,,False,False,False,,0.001,0,7939,27865656,True,False,True,True,False,False,False
BNPL-A4-006,A4,bnpl:feed-own-rap,S6,bnpl,False,B2,brand:bugror.com,False,ALLOW,mandate,,-1,,False,False,False,,0.0005,0,7939,27865656,True,False,True,True,False,False,False
BNPL-A4-006,A4,bnpl:feed-own-rap,S6,bnpl,False,B3,brand:bugror.com,False,ALLOW,identity-assertion,,-1,,False,False,False,,0.0005,0,7939,27865656,True,False,True,True,False,False,False
BNPL-A4-006,A4,bnpl:feed-own-rap,S6,bnpl,False,B4,brand:bugror.com,False,ALLOW,did-wallet,not-applicable,-1,,False,False,False,,0.0005,0,7939,27865656,True,False,True,True,False,False,False
BNPL-A4-006,A4,bnpl:feed-own-rap,S6,bnpl,False,B5,brand:bugror.com,False,ALLOW,vop,not-applicable,-1,,False,False,False,,0.0005,0,7939,27865656,True,False,True,True,False,False,False
BNPL-A4-006,A4,bnpl:feed-own-rap,S6,bnpl,False,B6,brand:bugror.com,False,ALLOW,lists,,-1,,False,False,False,,0.0005,0,7939,27865656,True,False,True,True,False,False,False
BNPL-A4-006,A4,bnpl:feed-own-rap,S6,bnpl,False,B7,brand:bugror.com,False,STEP-UP,delegation,no-delegation-from-asserted-entity,-1,,False,False,False,,0.0051,0,7939,27865656,False,False,False,False,False,True,True
BNPL-A4-006,A4,bnpl:feed-own-rap,S6,bnpl,False,M1-G1,brand:bugror.com,False,STEP-UP,pav,scope,-1,,False,False,False,,0.6476,7,7939,27865656,False,False,False,False,False,True,True
BNPL-A4-006,A4,bnpl:feed-own-rap,S6,bnpl,False,M1,brand:bugror.com,False,STEP-UP,route/pav,scope,-1,,False,False,False,,0.6245,7,7939,27865656,False,False,False,False,False,True,True
BNPL-A4-006,A4,bnpl:feed-own-rap,S6,bnpl,False,M2,brand:bugror.com,False,STEP-UP,route/pav,scope,-1,,False,False,False,,0.9135,7,7939,27865656,False,False,False,False,False,True,True
BNPL-A4-006,A4,bnpl:feed-own-rap,S6,bnpl,False,M3,brand:bugror.com,False,STEP-UP,route/pav,scope,-1,,False,False,False,,0.8641,7,7939,27865656,False,False,False,False,False,True,True
benign-S6-009,benign,S6,S6,bnpl,False,B1,brand:bugror.com,False,ALLOW,curation,,-1,,False,False,False,,0.001,0,2455,27872898,True,True,False,False,False,False,False
benign-S6-009,benign,S6,S6,bnpl,False,B2,brand:bugror.com,False,ALLOW,mandate,,-1,,False,False,False,,0.0005,0,2455,27872898,True,True,False,False,False,False,False
benign-S6-009,benign,S6,S6,bnpl,False,B3,brand:bugror.com,False,ALLOW,identity-assertion,,-1,,False,False,False,,0.0006,0,2455,27872898,True,True,False,False,False,False,False
benign-S6-009,benign,S6,S6,bnpl,False,B4,brand:bugror.com,False,ALLOW,did-wallet,not-applicable,-1,,False,False,False,,0.0005,0,2455,27872898,True,True,False,False,False,False,False
benign-S6-009,benign,S6,S6,bnpl,False,B5,brand:bugror.com,False,ALLOW,vop,not-applicable,-1,,False,False,False,,0.0005,0,2455,27872898,True,True,False,False,False,False,False
benign-S6-009,benign,S6,S6,bnpl,False,B6,brand:bugror.com,False,ALLOW,lists,,-1,,False,False,False,,0.0005,0,2455,27872898,True,True,False,False,False,False,False
benign-S6-009,benign,S6,S6,bnpl,False,B7,brand:bugror.com,False,ALLOW,b7,,-1,,False,False,False,,0.5413,6,2455,27872898,True,True,False,False,False,False,False
benign-S6-009,benign,S6,S6,bnpl,False,M1-G1,brand:bugror.com,False,ALLOW,pav,,1,,False,False,False,,0.8722,10,2455,27872898,True,True,False,False,False,False,False
benign-S6-009,benign,S6,S6,bnpl,False,M1,brand:bugror.com,False,ALLOW,route,,2,,False,False,False,,1.3263,14,2455,27872898,True,True,False,False,False,False,False
benign-S6-009,benign,S6,S6,bnpl,False,M2,brand:bugror.com,False,ALLOW,route,,2,,False,False,False,,2.0151,14,2455,27872898,True,True,False,False,False,False,False
benign-S6-009,benign,S6,S6,bnpl,False,M3,brand:bugror.com,False,ALLOW,route,,2,PRE,False,False,False,,1.9248,14,2455,27872898,True,True,False,False,False,False,False
BNPL-A11-000,A11,bnpl:transaction-laundering,S6,bnpl,False,B1,brand:neabi.com,False,ALLOW,curation,,-1,,False,False,False,,0.0011,0,3277,27923696,True,False,True,True,False,False,False
BNPL-A11-000,A11,bnpl:transaction-laundering,S6,bnpl,False,B2,brand:neabi.com,False,ALLOW,mandate,,-1,,False,False,False,,0.0005,0,3277,27923696,True,False,True,True,False,False,False
BNPL-A11-000,A11,bnpl:transaction-laundering,S6,bnpl,False,B3,brand:neabi.com,False,ALLOW,identity-assertion,,-1,,False,False,False,,0.0006,0,3277,27923696,True,False,True,True,False,False,False
BNPL-A11-000,A11,bnpl:transaction-laundering,S6,bnpl,False,B4,brand:neabi.com,False,ALLOW,did-wallet,not-applicable,-1,,False,False,False,,0.0005,0,3277,27923696,True,False,True,True,False,False,False
BNPL-A11-000,A11,bnpl:transaction-laundering,S6,bnpl,False,B5,brand:neabi.com,False,ALLOW,vop,not-applicable,-1,,False,False,False,,0.0006,0,3277,27923696,True,False,True,True,False,False,False
BNPL-A11-000,A11,bnpl:transaction-laundering,S6,bnpl,False,B6,brand:neabi.com,False,ALLOW,lists,,-1,,False,False,False,,0.0005,0,3277,27923696,True,False,True,True,False,False,False
BNPL-A11-000,A11,bnpl:transaction-laundering,S6,bnpl,False,B7,brand:neabi.com,False,ALLOW,b7,,-1,,True,True,False,receipt-first-hop,0.546,6,3277,27923696,True,False,True,False,False,False,False
BNPL-A11-000,A11,bnpl:transaction-laundering,S6,bnpl,False,M1-G1,brand:neabi.com,False,ALLOW,pav,,1,,False,False,False,,0.8704,10,3277,27923696,True,False,True,True,False,False,False
BNPL-A11-000,A11,bnpl:transaction-laundering,S6,bnpl,False,M1,brand:neabi.com,False,ALLOW,route,,2,,False,False,False,,1.238,14,3277,27923696,True,False,True,True,False,False,False
BNPL-A11-000,A11,bnpl:transaction-laundering,S6,bnpl,False,M2,brand:neabi.com,False,ALLOW,route,,2,,False,False,False,,1.851,14,3277,27923696,True,False,True,True,False,False,False
BNPL-A11-000,A11,bnpl:transaction-laundering,S6,bnpl,False,M3,brand:neabi.com,False,ALLOW,route,,2,PRE,False,True,False,first-hop,1.8335,14,3277,27923696,True,False,True,True,False,False,False
benign-S6-049,benign,S6,S6,bnpl,False,B1,brand:haizeal.com,False,ALLOW,curation,,-1,,False,False,False,,0.0009,0,14716,27931497,True,True,False,False,False,False,False
benign-S6-049,benign,S6,S6,bnpl,False,B2,brand:haizeal.com,False,ALLOW,mandate,,-1,,False,False,False,,0.0005,0,14716,27931497,True,True,False,False,False,False,False
benign-S6-049,benign,S6,S6,bnpl,False,B3,brand:haizeal.com,False,ALLOW,identity-assertion,,-1,,False,False,False,,0.0006,0,14716,27931497,True,True,False,False,False,False,False
benign-S6-049,benign,S6,S6,bnpl,False,B4,brand:haizeal.com,False,ALLOW,did-wallet,not-applicable,-1,,False,False,False,,0.0005,0,14716,27931497,True,True,False,False,False,False,False
benign-S6-049,benign,S6,S6,bnpl,False,B5,brand:haizeal.com,False,ALLOW,vop,not-applicable,-1,,False,False,False,,0.0005,0,14716,27931497,True,True,False,False,False,False,False
benign-S6-049,benign,S6,S6,bnpl,False,B6,brand:haizeal.com,False,ALLOW,lists,,-1,,False,False,False,,0.0005,0,14716,27931497,True,True,False,False,False,False,False
benign-S6-049,benign,S6,S6,bnpl,False,B7,brand:haizeal.com,False,ALLOW,b7,,-1,,False,False,False,,0.5436,6,14716,27931497,True,True,False,False,False,False,False
benign-S6-049,benign,S6,S6,bnpl,False,M1-G1,brand:haizeal.com,False,ALLOW,pav,,1,,False,False,False,,0.886,10,14716,27931497,True,True,False,False,False,False,False
benign-S6-049,benign,S6,S6,bnpl,False,M1,brand:haizeal.com,False,ALLOW,route,,2,,False,False,False,,1.2169,14,14716,27931497,True,True,False,False,False,False,False
benign-S6-049,benign,S6,S6,bnpl,False,M2,brand:haizeal.com,False,ALLOW,route,,2,,False,False,False,,1.9291,14,14716,27931497,True,True,False,False,False,False,False
benign-S6-049,benign,S6,S6,bnpl,False,M3,brand:haizeal.com,False,ALLOW,route,,2,PRE,False,False,False,,2.1084,14,14716,27931497,True,True,False,False,False,False,False
benign-S6-003,benign,S6,S6,bnpl,False,B1,brand:briogem.com,True,ALLOW,curation,,-1,,False,False,False,,0.0015,0,8533,27940632,True,True,False,False,False,False,False
benign-S6-003,benign,S6,S6,bnpl,False,B2,brand:briogem.com,True,ALLOW,mandate,,-1,,False,False,False,,0.0006,0,8533,27940632,True,True,False,False,False,False,False
benign-S6-003,benign,S6,S6,bnpl,False,B3,brand:briogem.com,True,ALLOW,identity-assertion,,-1,,False,False,False,,0.0007,0,8533,27940632,True,True,False,False,False,False,False
benign-S6-003,benign,S6,S6,bnpl,False,B4,brand:briogem.com,True,ALLOW,did-wallet,not-applicable,-1,,False,False,False,,0.0006,0,8533,27940632,True,True,False,False,False,False,False
benign-S6-003,benign,S6,S6,bnpl,False,B5,brand:briogem.com,True,ALLOW,vop,not-applicable,-1,,False,False,False,,0.0005,0,8533,27940632,True,True,False,False,False,False,False
benign-S6-003,benign,S6,S6,bnpl,False,B6,brand:briogem.com,True,ALLOW,lists,,-1,,False,False,False,,0.0005,0,8533,27940632,True,True,False,False,False,False,False
benign-S6-003,benign,S6,S6,bnpl,False,B7,brand:briogem.com,True,ALLOW,b7,,-1,,False,False,False,,0.5562,6,8533,27940632,True,True,False,False,False,False,False
benign-S6-003,benign,S6,S6,bnpl,False,M1-G1,brand:briogem.com,True,ALLOW,pav,,1,,False,False,False,,0.8841,10,8533,27940632,True,True,False,False,False,False,False
benign-S6-003,benign,S6,S6,bnpl,False,M1,brand:briogem.com,True,ALLOW,route,,2,,False,False,False,,1.219,14,8533,27940632,True,True,False,False,False,False,False
benign-S6-003,benign,S6,S6,bnpl,False,M2,brand:briogem.com,True,ALLOW,route,,2,,False,False,False,,2.2362,14,8533,27940632,True,True,False,False,False,False,False
benign-S6-003,benign,S6,S6,bnpl,False,M3,brand:briogem.com,True,ALLOW,route,,2,PRE,False,False,False,,2.173,14,8533,27940632,True,True,False,False,False,False,False
benign-S6-082,benign,S6,S6,bnpl,False,B1,brand:dricoion.co.uk,False,ALLOW,curation,,-1,,False,False,False,,0.002,0,5300,27977868,True,True,False,False,False,False,False
benign-S6-082,benign,S6,S6,bnpl,False,B2,brand:dricoion.co.uk,False,ALLOW,mandate,,-1,,False,False,False,,0.0005,0,5300,27977868,True,True,False,False,False,False,False
benign-S6-082,benign,S6,S6,bnpl,False,B3,brand:dricoion.co.uk,False,ALLOW,identity-assertion,,-1,,False,False,False,,0.0006,0,5300,27977868,True,True,False,False,False,False,False
benign-S6-082,benign,S6,S6,bnpl,False,B4,brand:dricoion.co.uk,False,ALLOW,did-wallet,not-applicable,-1,,False,False,False,,0.0005,0,5300,27977868,True,True,False,False,False,False,False
benign-S6-082,benign,S6,S6,bnpl,False,B5,brand:dricoion.co.uk,False,ALLOW,vop,not-applicable,-1,,False,False,False,,0.0005,0,5300,27977868,True,True,False,False,False,False,False
benign-S6-082,benign,S6,S6,bnpl,False,B6,brand:dricoion.co.uk,False,ALLOW,lists,,-1,,False,False,False,,0.0005,0,5300,27977868,True,True,False,False,False,False,False
benign-S6-082,benign,S6,S6,bnpl,False,B7,brand:dricoion.co.uk,False,ALLOW,b7,,-1,,False,False,False,,0.5392,6,5300,27977868,True,True,False,False,False,False,False
benign-S6-082,benign,S6,S6,bnpl,False,M1-G1,brand:dricoion.co.uk,False,ALLOW,pav,,1,,False,False,False,,0.8651,10,5300,27977868,True,True,False,False,False,False,False
benign-S6-082,benign,S6,S6,bnpl,False,M1,brand:dricoion.co.uk,False,ALLOW,route,,2,,False,False,False,,1.2511,14,5300,27977868,True,True,False,False,False,False,False
benign-S6-082,benign,S6,S6,bnpl,False,M2,brand:dricoion.co.uk,False,ALLOW,route,,2,,False,False,False,,2.3014,14,5300,27977868,True,True,False,False,False,False,False
benign-S6-082,benign,S6,S6,bnpl,False,M3,brand:dricoion.co.uk,False,ALLOW,route,,2,PRE,False,False,False,,2.1929,14,5300,27977868,True,True,False,False,False,False,False
benign-S6-067,benign,S6,S6,bnpl,False,B1,brand:briogem.com,True,ALLOW,curation,,-1,,False,False,False,,0.001,0,3942,27981490,True,True,False,False,False,False,False
benign-S6-067,benign,S6,S6,bnpl,False,B2,brand:briogem.com,True,ALLOW,mandate,,-1,,False,False,False,,0.0005,0,3942,27981490,True,True,False,False,False,False,False
benign-S6-067,benign,S6,S6,bnpl,False,B3,brand:briogem.com,True,ALLOW,identity-assertion,,-1,,False,False,False,,0.0006,0,3942,27981490,True,True,False,False,False,False,False
benign-S6-067,benign,S6,S6,bnpl,False,B4,brand:briogem.com,True,ALLOW,did-wallet,not-applicable,-1,,False,False,False,,0.0005,0,3942,27981490,True,True,False,False,False,False,False
benign-S6-067,benign,S6,S6,bnpl,False,B5,brand:briogem.com,True,ALLOW,vop,not-applicable,-1,,False,False,False,,0.0005,0,3942,27981490,True,True,False,False,False,False,False
benign-S6-067,benign,S6,S6,bnpl,False,B6,brand:briogem.com,True,ALLOW,lists,,-1,,False,False,False,,0.0006,0,3942,27981490,True,True,False,False,False,False,False
benign-S6-067,benign,S6,S6,bnpl,False,B7,brand:briogem.com,True,ALLOW,b7,,-1,,False,False,False,,0.5406,6,3942,27981490,True,True,False,False,False,False,False
benign-S6-067,benign,S6,S6,bnpl,False,M1-G1,brand:briogem.com,True,ALLOW,pav,,1,,False,False,False,,0.9499,10,3942,27981490,True,True,False,False,False,False,False
benign-S6-067,benign,S6,S6,bnpl,False,M1,brand:briogem.com,True,ALLOW,route,,2,,False,False,False,,1.3707,14,3942,27981490,True,True,False,False,False,False,False
benign-S6-067,benign,S6,S6,bnpl,False,M2,brand:briogem.com,True,ALLOW,route,,2,,False,False,False,,2.2332,14,3942,27981490,True,True,False,False,False,False,False
benign-S6-067,benign,S6,S6,bnpl,False,M3,brand:briogem.com,True,ALLOW,route,,2,PRE,False,False,False,,2.1472,14,3942,27981490,True,True,False,False,False,False,False
benign-S6-089,benign,S6,S6,bnpl,False,B1,brand:neabi.com,False,ALLOW,curation,,-1,,False,False,False,,0.0009,0,5457,27983621,True,True,False,False,False,False,False
benign-S6-089,benign,S6,S6,bnpl,False,B2,brand:neabi.com,False,ALLOW,mandate,,-1,,False,False,False,,0.0006,0,5457,27983621,True,True,False,False,False,False,False
benign-S6-089,benign,S6,S6,bnpl,False,B3,brand:neabi.com,False,ALLOW,identity-assertion,,-1,,False,False,False,,0.0006,0,5457,27983621,True,True,False,False,False,False,False
benign-S6-089,benign,S6,S6,bnpl,False,B4,brand:neabi.com,False,ALLOW,did-wallet,not-applicable,-1,,False,False,False,,0.0006,0,5457,27983621,True,True,False,False,False,False,False
benign-S6-089,benign,S6,S6,bnpl,False,B5,brand:neabi.com,False,ALLOW,vop,not-applicable,-1,,False,False,False,,0.0005,0,5457,27983621,True,True,False,False,False,False,False
benign-S6-089,benign,S6,S6,bnpl,False,B6,brand:neabi.com,False,ALLOW,lists,,-1,,False,False,False,,0.0006,0,5457,27983621,True,True,False,False,False,False,False
benign-S6-089,benign,S6,S6,bnpl,False,B7,brand:neabi.com,False,STEP-UP,name-anchor,name-mismatch,-1,,False,False,False,,0.0037,0,5457,27983621,False,True,False,False,False,True,False
benign-S6-089,benign,S6,S6,bnpl,False,M1-G1,brand:neabi.com,False,ALLOW,pav,,1,,False,False,False,,0.8951,10,5457,27983621,True,True,False,False,False,False,False
benign-S6-089,benign,S6,S6,bnpl,False,M1,brand:neabi.com,False,ALLOW,route,,2,,False,False,False,,1.2354,14,5457,27983621,True,True,False,False,False,False,False
benign-S6-089,benign,S6,S6,bnpl,False,M2,brand:neabi.com,False,ALLOW,route,,2,,False,False,False,,1.9355,14,5457,27983621,True,True,False,False,False,False,False
benign-S6-089,benign,S6,S6,bnpl,False,M3,brand:neabi.com,False,ALLOW,route,,2,PRE,False,False,False,,1.8542,14,5457,27983621,True,True,False,False,False,False,False
BNPL-A13-012,A13,bnpl:custodian-deviates,S6,bnpl,False,B1,brand:bugror.com,False,ALLOW,curation,,-1,,False,False,False,,0.0011,0,7087,28042527,True,False,True,True,False,False,False
BNPL-A13-012,A13,bnpl:custodian-deviates,S6,bnpl,False,B2,brand:bugror.com,False,ALLOW,mandate,,-1,,False,False,False,,0.0005,0,7087,28042527,True,False,True,True,False,False,False
BNPL-A13-012,A13,bnpl:custodian-deviates,S6,bnpl,False,B3,brand:bugror.com,False,ALLOW,identity-assertion,,-1,,False,False,False,,0.0006,0,7087,28042527,True,False,True,True,False,False,False
BNPL-A13-012,A13,bnpl:custodian-deviates,S6,bnpl,False,B4,brand:bugror.com,False,ALLOW,did-wallet,not-applicable,-1,,False,False,False,,0.0005,0,7087,28042527,True,False,True,True,False,False,False
BNPL-A13-012,A13,bnpl:custodian-deviates,S6,bnpl,False,B5,brand:bugror.com,False,ALLOW,vop,not-applicable,-1,,False,False,False,,0.0005,0,7087,28042527,True,False,True,True,False,False,False
BNPL-A13-012,A13,bnpl:custodian-deviates,S6,bnpl,False,B6,brand:bugror.com,False,ALLOW,lists,,-1,,False,False,False,,0.0005,0,7087,28042527,True,False,True,True,False,False,False
BNPL-A13-012,A13,bnpl:custodian-deviates,S6,bnpl,False,B7,brand:bugror.com,False,ALLOW,b7,,-1,,False,False,False,,0.5404,6,7087,28042527,True,False,True,True,False,False,False
BNPL-A13-012,A13,bnpl:custodian-deviates,S6,bnpl,False,M1-G1,brand:bugror.com,False,ALLOW,pav,,1,,False,False,False,,0.8675,10,7087,28042527,True,False,True,True,False,False,False
BNPL-A13-012,A13,bnpl:custodian-deviates,S6,bnpl,False,M1,brand:bugror.com,False,ALLOW,route,,2,,False,False,False,,1.217,14,7087,28042527,True,False,True,True,False,False,False
BNPL-A13-012,A13,bnpl:custodian-deviates,S6,bnpl,False,M2,brand:bugror.com,False,ALLOW,route,,2,,False,False,False,,2.0384,14,7087,28042527,True,False,True,True,False,False,False
BNPL-A13-012,A13,bnpl:custodian-deviates,S6,bnpl,False,M3,brand:bugror.com,False,ALLOW,route,,2,PRE,False,True,True,arrival,2.198,14,7087,28042527,True,False,True,True,False,False,False
benign-S6-054,benign,S6,S6,bnpl,False,B1,brand:flaigo.com,True,ALLOW,curation,,-1,,False,False,False,,0.001,0,5159,28042585,True,True,False,False,False,False,False
benign-S6-054,benign,S6,S6,bnpl,False,B2,brand:flaigo.com,True,ALLOW,mandate,,-1,,False,False,False,,0.0005,0,5159,28042585,True,True,False,False,False,False,False
benign-S6-054,benign,S6,S6,bnpl,False,B3,brand:flaigo.com,True,ALLOW,identity-assertion,,-1,,False,False,False,,0.0006,0,5159,28042585,True,True,False,False,False,False,False
benign-S6-054,benign,S6,S6,bnpl,False,B4,brand:flaigo.com,True,ALLOW,did-wallet,not-applicable,-1,,False,False,False,,0.0005,0,5159,28042585,True,True,False,False,False,False,False
benign-S6-054,benign,S6,S6,bnpl,False,B5,brand:flaigo.com,True,ALLOW,vop,not-applicable,-1,,False,False,False,,0.0005,0,5159,28042585,True,True,False,False,False,False,False
benign-S6-054,benign,S6,S6,bnpl,False,B6,brand:flaigo.com,True,ALLOW,lists,,-1,,False,False,False,,0.0005,0,5159,28042585,True,True,False,False,False,False,False
benign-S6-054,benign,S6,S6,bnpl,False,B7,brand:flaigo.com,True,ALLOW,b7,,-1,,False,False,False,,0.5392,6,5159,28042585,True,True,False,False,False,False,False
benign-S6-054,benign,S6,S6,bnpl,False,M1-G1,brand:flaigo.com,True,ALLOW,pav,,1,,False,False,False,,0.8664,10,5159,28042585,True,True,False,False,False,False,False
benign-S6-054,benign,S6,S6,bnpl,False,M1,brand:flaigo.com,True,ALLOW,route,,2,,False,False,False,,1.2167,14,5159,28042585,True,True,False,False,False,False,False
benign-S6-054,benign,S6,S6,bnpl,False,M2,brand:flaigo.com,True,ALLOW,route,,2,,False,False,False,,2.1461,14,5159,28042585,True,True,False,False,False,False,False
benign-S6-054,benign,S6,S6,bnpl,False,M3,brand:flaigo.com,True,ALLOW,route,,2,PRE,False,False,False,,2.0732,14,5159,28042585,True,True,False,False,False,False,False
BNPL-A3-006,A3,bnpl:swap-keep-rap,S6,bnpl,False,B1,brand:dricoion.co.uk,False,ALLOW,curation,,-1,,False,False,False,,0.001,0,7693,28052400,True,False,True,True,False,False,False
BNPL-A3-006,A3,bnpl:swap-keep-rap,S6,bnpl,False,B2,brand:dricoion.co.uk,False,DENY,mandate,payee-changed-after-signing,-1,,False,False,False,,0.0005,0,7693,28052400,False,False,False,False,False,False,False
BNPL-A3-006,A3,bnpl:swap-keep-rap,S6,bnpl,False,B3,brand:dricoion.co.uk,False,ALLOW,identity-assertion,,-1,,False,False,False,,0.0005,0,7693,28052400,True,False,True,True,False,False,False
BNPL-A3-006,A3,bnpl:swap-keep-rap,S6,bnpl,False,B4,brand:dricoion.co.uk,False,ALLOW,did-wallet,not-applicable,-1,,False,False,False,,0.0005,0,7693,28052400,True,False,True,True,False,False,False
BNPL-A3-006,A3,bnpl:swap-keep-rap,S6,bnpl,False,B5,brand:dricoion.co.uk,False,ALLOW,vop,not-applicable,-1,,False,False,False,,0.0005,0,7693,28052400,True,False,True,True,False,False,False
BNPL-A3-006,A3,bnpl:swap-keep-rap,S6,bnpl,False,B6,brand:dricoion.co.uk,False,ALLOW,lists,,-1,,False,False,False,,0.0005,0,7693,28052400,True,False,True,True,False,False,False
BNPL-A3-006,A3,bnpl:swap-keep-rap,S6,bnpl,False,B7,brand:dricoion.co.uk,False,DENY,mandate,payee-changed-after-signing,-1,,False,False,False,,0.0026,0,7693,28052400,False,False,False,False,False,False,False
BNPL-A3-006,A3,bnpl:swap-keep-rap,S6,bnpl,False,M1-G1,brand:dricoion.co.uk,False,DENY,pav,payee-mismatch,-1,,False,False,False,,0.7993,9,7693,28052400,False,False,False,False,False,False,False
BNPL-A3-006,A3,bnpl:swap-keep-rap,S6,bnpl,False,M1,brand:dricoion.co.uk,False,DENY,route/pav,payee-mismatch,-1,,False,False,False,,0.7828,9,7693,28052400,False,False,False,False,False,False,False
BNPL-A3-006,A3,bnpl:swap-keep-rap,S6,bnpl,False,M2,brand:dricoion.co.uk,False,DENY,route/pav,payee-mismatch,-1,,False,False,False,,1.3458,9,7693,28052400,False,False,False,False,False,False,False
BNPL-A3-006,A3,bnpl:swap-keep-rap,S6,bnpl,False,M3,brand:dricoion.co.uk,False,DENY,route/pav,payee-mismatch,-1,,False,False,False,,1.3392,9,7693,28052400,False,False,False,False,False,False,False
benign-S6-012,benign,S6,S6,bnpl,False,B1,brand:flaigo.com,True,ALLOW,curation,,-1,,False,False,False,,0.0009,0,5144,28070274,True,True,False,False,False,False,False
benign-S6-012,benign,S6,S6,bnpl,False,B2,brand:flaigo.com,True,ALLOW,mandate,,-1,,False,False,False,,0.0005,0,5144,28070274,True,True,False,False,False,False,False
benign-S6-012,benign,S6,S6,bnpl,False,B3,brand:flaigo.com,True,ALLOW,identity-assertion,,-1,,False,False,False,,0.0006,0,5144,28070274,True,True,False,False,False,False,False
benign-S6-012,benign,S6,S6,bnpl,False,B4,brand:flaigo.com,True,ALLOW,did-wallet,not-applicable,-1,,False,False,False,,0.0005,0,5144,28070274,True,True,False,False,False,False,False
benign-S6-012,benign,S6,S6,bnpl,False,B5,brand:flaigo.com,True,ALLOW,vop,not-applicable,-1,,False,False,False,,0.0007,0,5144,28070274,True,True,False,False,False,False,False
benign-S6-012,benign,S6,S6,bnpl,False,B6,brand:flaigo.com,True,ALLOW,lists,,-1,,False,False,False,,0.0005,0,5144,28070274,True,True,False,False,False,False,False
benign-S6-012,benign,S6,S6,bnpl,False,B7,brand:flaigo.com,True,ALLOW,b7,,-1,,False,False,False,,0.5389,6,5144,28070274,True,True,False,False,False,False,False
benign-S6-012,benign,S6,S6,bnpl,False,M1-G1,brand:flaigo.com,True,ALLOW,pav,,1,,False,False,False,,0.866,10,5144,28070274,True,True,False,False,False,False,False
benign-S6-012,benign,S6,S6,bnpl,False,M1,brand:flaigo.com,True,ALLOW,route,,2,,False,False,False,,1.3088,14,5144,28070274,True,True,False,False,False,False,False
benign-S6-012,benign,S6,S6,bnpl,False,M2,brand:flaigo.com,True,ALLOW,route,,2,,False,False,False,,2.2124,14,5144,28070274,True,True,False,False,False,False,False
benign-S6-012,benign,S6,S6,bnpl,False,M3,brand:flaigo.com,True,ALLOW,route,,2,PRE,False,False,False,,2.1015,14,5144,28070274,True,True,False,False,False,False,False
BNPL-A13-000,A13,bnpl:custodian-deviates,S6,bnpl,False,B1,brand:hegawilo.co.uk,False,ALLOW,curation,,-1,,False,False,False,,0.0011,0,41297,28075620,True,False,True,True,False,False,False
BNPL-A13-000,A13,bnpl:custodian-deviates,S6,bnpl,False,B2,brand:hegawilo.co.uk,False,ALLOW,mandate,,-1,,False,False,False,,0.0005,0,41297,28075620,True,False,True,True,False,False,False
BNPL-A13-000,A13,bnpl:custodian-deviates,S6,bnpl,False,B3,brand:hegawilo.co.uk,False,ALLOW,identity-assertion,,-1,,False,False,False,,0.0006,0,41297,28075620,True,False,True,True,False,False,False
BNPL-A13-000,A13,bnpl:custodian-deviates,S6,bnpl,False,B4,brand:hegawilo.co.uk,False,ALLOW,did-wallet,not-applicable,-1,,False,False,False,,0.0005,0,41297,28075620,True,False,True,True,False,False,False
BNPL-A13-000,A13,bnpl:custodian-deviates,S6,bnpl,False,B5,brand:hegawilo.co.uk,False,ALLOW,vop,not-applicable,-1,,False,False,False,,0.0005,0,41297,28075620,True,False,True,True,False,False,False
BNPL-A13-000,A13,bnpl:custodian-deviates,S6,bnpl,False,B6,brand:hegawilo.co.uk,False,ALLOW,lists,,-1,,False,False,False,,0.0005,0,41297,28075620,True,False,True,True,False,False,False
BNPL-A13-000,A13,bnpl:custodian-deviates,S6,bnpl,False,B7,brand:hegawilo.co.uk,False,ALLOW,b7,,-1,,False,False,False,,0.5467,6,41297,28075620,True,False,True,True,False,False,False
BNPL-A13-000,A13,bnpl:custodian-deviates,S6,bnpl,False,M1-G1,brand:hegawilo.co.uk,False,ALLOW,pav,,1,,False,False,False,,0.8783,10,41297,28075620,True,False,True,True,False,False,False
BNPL-A13-000,A13,bnpl:custodian-deviates,S6,bnpl,False,M1,brand:hegawilo.co.uk,False,ALLOW,route,,2,,False,False,False,,1.2405,14,41297,28075620,True,False,True,True,False,False,False
BNPL-A13-000,A13,bnpl:custodian-deviates,S6,bnpl,False,M2,brand:hegawilo.co.uk,False,ALLOW,route,,2,,False,False,False,,2.411,14,41297,28075620,True,False,True,True,False,False,False
BNPL-A13-000,A13,bnpl:custodian-deviates,S6,bnpl,False,M3,brand:hegawilo.co.uk,False,ALLOW,route,,2,PRE,False,True,True,arrival,2.4669,14,41297,28075620,True,False,True,True,False,False,False
BNPL-A11-012,A11,bnpl:transaction-laundering,S6,bnpl,False,B1,brand:haizeal.com,False,ALLOW,curation,,-1,,False,False,False,,0.001,0,8133,28084108,True,False,True,True,False,False,False
BNPL-A11-012,A11,bnpl:transaction-laundering,S6,bnpl,False,B2,brand:haizeal.com,False,ALLOW,mandate,,-1,,False,False,False,,0.0005,0,8133,28084108,True,False,True,True,False,False,False
BNPL-A11-012,A11,bnpl:transaction-laundering,S6,bnpl,False,B3,brand:haizeal.com,False,ALLOW,identity-assertion,,-1,,False,False,False,,0.0007,0,8133,28084108,True,False,True,True,False,False,False
BNPL-A11-012,A11,bnpl:transaction-laundering,S6,bnpl,False,B4,brand:haizeal.com,False,ALLOW,did-wallet,not-applicable,-1,,False,False,False,,0.0005,0,8133,28084108,True,False,True,True,False,False,False
BNPL-A11-012,A11,bnpl:transaction-laundering,S6,bnpl,False,B5,brand:haizeal.com,False,ALLOW,vop,not-applicable,-1,,False,False,False,,0.0005,0,8133,28084108,True,False,True,True,False,False,False
BNPL-A11-012,A11,bnpl:transaction-laundering,S6,bnpl,False,B6,brand:haizeal.com,False,ALLOW,lists,,-1,,False,False,False,,0.0005,0,8133,28084108,True,False,True,True,False,False,False
BNPL-A11-012,A11,bnpl:transaction-laundering,S6,bnpl,False,B7,brand:haizeal.com,False,ALLOW,b7,,-1,,True,True,False,receipt-first-hop,0.5495,6,8133,28084108,True,False,True,False,False,False,False
BNPL-A11-012,A11,bnpl:transaction-laundering,S6,bnpl,False,M1-G1,brand:haizeal.com,False,ALLOW,pav,,1,,False,False,False,,0.8793,10,8133,28084108,True,False,True,True,False,False,False
BNPL-A11-012,A11,bnpl:transaction-laundering,S6,bnpl,False,M1,brand:haizeal.com,False,ALLOW,route,,2,,False,False,False,,1.2279,14,8133,28084108,True,False,True,True,False,False,False
BNPL-A11-012,A11,bnpl:transaction-laundering,S6,bnpl,False,M2,brand:haizeal.com,False,ALLOW,route,,2,,False,False,False,,2.0231,14,8133,28084108,True,False,True,True,False,False,False
BNPL-A11-012,A11,bnpl:transaction-laundering,S6,bnpl,False,M3,brand:haizeal.com,False,ALLOW,route,,2,PRE,False,True,False,first-hop,2.1579,14,8133,28084108,True,False,True,True,False,False,False
benign-S6-035,benign,S6,S6,bnpl,False,B1,brand:pronubior.com,False,ALLOW,curation,,-1,,False,False,False,,0.0012,0,1071,28117853,True,True,False,False,False,False,False
benign-S6-035,benign,S6,S6,bnpl,False,B2,brand:pronubior.com,False,ALLOW,mandate,,-1,,False,False,False,,0.0005,0,1071,28117853,True,True,False,False,False,False,False
benign-S6-035,benign,S6,S6,bnpl,False,B3,brand:pronubior.com,False,ALLOW,identity-assertion,,-1,,False,False,False,,0.0006,0,1071,28117853,True,True,False,False,False,False,False
benign-S6-035,benign,S6,S6,bnpl,False,B4,brand:pronubior.com,False,ALLOW,did-wallet,not-applicable,-1,,False,False,False,,0.0005,0,1071,28117853,True,True,False,False,False,False,False
benign-S6-035,benign,S6,S6,bnpl,False,B5,brand:pronubior.com,False,ALLOW,vop,not-applicable,-1,,False,False,False,,0.0005,0,1071,28117853,True,True,False,False,False,False,False
benign-S6-035,benign,S6,S6,bnpl,False,B6,brand:pronubior.com,False,ALLOW,lists,,-1,,False,False,False,,0.0005,0,1071,28117853,True,True,False,False,False,False,False
benign-S6-035,benign,S6,S6,bnpl,False,B7,brand:pronubior.com,False,ALLOW,b7,,-1,,False,False,False,,0.5485,6,1071,28117853,True,True,False,False,False,False,False
benign-S6-035,benign,S6,S6,bnpl,False,M1-G1,brand:pronubior.com,False,ALLOW,pav,,1,,False,False,False,,0.8752,10,1071,28117853,True,True,False,False,False,False,False
benign-S6-035,benign,S6,S6,bnpl,False,M1,brand:pronubior.com,False,ALLOW,route,,2,,False,False,False,,1.2201,14,1071,28117853,True,True,False,False,False,False,False
benign-S6-035,benign,S6,S6,bnpl,False,M2,brand:pronubior.com,False,ALLOW,route,,2,,False,False,False,,2.3153,14,1071,28117853,True,True,False,False,False,False,False
benign-S6-035,benign,S6,S6,bnpl,False,M3,brand:pronubior.com,False,ALLOW,route,,2,PRE,False,False,False,,2.2254,14,1071,28117853,True,True,False,False,False,False,False
BNPL-A4-008,A4,bnpl:feed-own-rap,S6,bnpl,False,B1,brand:haizeal.com,False,ALLOW,curation,,-1,,False,False,False,,0.0012,0,3115,28119906,True,False,True,True,False,False,False
BNPL-A4-008,A4,bnpl:feed-own-rap,S6,bnpl,False,B2,brand:haizeal.com,False,ALLOW,mandate,,-1,,False,False,False,,0.0006,0,3115,28119906,True,False,True,True,False,False,False
BNPL-A4-008,A4,bnpl:feed-own-rap,S6,bnpl,False,B3,brand:haizeal.com,False,ALLOW,identity-assertion,,-1,,False,False,False,,0.0006,0,3115,28119906,True,False,True,True,False,False,False
BNPL-A4-008,A4,bnpl:feed-own-rap,S6,bnpl,False,B4,brand:haizeal.com,False,ALLOW,did-wallet,not-applicable,-1,,False,False,False,,0.0005,0,3115,28119906,True,False,True,True,False,False,False
BNPL-A4-008,A4,bnpl:feed-own-rap,S6,bnpl,False,B5,brand:haizeal.com,False,ALLOW,vop,not-applicable,-1,,False,False,False,,0.0005,0,3115,28119906,True,False,True,True,False,False,False
BNPL-A4-008,A4,bnpl:feed-own-rap,S6,bnpl,False,B6,brand:haizeal.com,False,ALLOW,lists,,-1,,False,False,False,,0.0005,0,3115,28119906,True,False,True,True,False,False,False
BNPL-A4-008,A4,bnpl:feed-own-rap,S6,bnpl,False,B7,brand:haizeal.com,False,STEP-UP,delegation,no-delegation-from-asserted-entity,-1,,False,False,False,,0.0049,0,3115,28119906,False,False,False,False,False,True,True
BNPL-A4-008,A4,bnpl:feed-own-rap,S6,bnpl,False,M1-G1,brand:haizeal.com,False,STEP-UP,pav,scope,-1,,False,False,False,,0.6247,7,3115,28119906,False,False,False,False,False,True,True
BNPL-A4-008,A4,bnpl:feed-own-rap,S6,bnpl,False,M1,brand:haizeal.com,False,STEP-UP,route/pav,scope,-1,,False,False,False,,0.6063,7,3115,28119906,False,False,False,False,False,True,True
BNPL-A4-008,A4,bnpl:feed-own-rap,S6,bnpl,False,M2,brand:haizeal.com,False,STEP-UP,route/pav,scope,-1,,False,False,False,,0.7931,7,3115,28119906,False,False,False,False,False,True,True
BNPL-A4-008,A4,bnpl:feed-own-rap,S6,bnpl,False,M3,brand:haizeal.com,False,STEP-UP,route/pav,scope,-1,,False,False,False,,0.7853,7,3115,28119906,False,False,False,False,False,True,True
BNPL-A11-005,A11,bnpl:acquirer-level-swap,S6,bnpl,False,B1,brand:flaigo.com,True,ALLOW,curation,,-1,,False,False,False,,0.0009,0,26693,28158147,True,False,True,True,False,False,False
BNPL-A11-005,A11,bnpl:acquirer-level-swap,S6,bnpl,False,B2,brand:flaigo.com,True,ALLOW,mandate,,-1,,False,False,False,,0.0005,0,26693,28158147,True,False,True,True,False,False,False
BNPL-A11-005,A11,bnpl:acquirer-level-swap,S6,bnpl,False,B3,brand:flaigo.com,True,ALLOW,identity-assertion,,-1,,False,False,False,,0.0005,0,26693,28158147,True,False,True,True,False,False,False
BNPL-A11-005,A11,bnpl:acquirer-level-swap,S6,bnpl,False,B4,brand:flaigo.com,True,ALLOW,did-wallet,not-applicable,-1,,False,False,False,,0.0005,0,26693,28158147,True,False,True,True,False,False,False
BNPL-A11-005,A11,bnpl:acquirer-level-swap,S6,bnpl,False,B5,brand:flaigo.com,True,ALLOW,vop,not-applicable,-1,,False,False,False,,0.0005,0,26693,28158147,True,False,True,True,False,False,False
BNPL-A11-005,A11,bnpl:acquirer-level-swap,S6,bnpl,False,B6,brand:flaigo.com,True,ALLOW,lists,,-1,,False,False,False,,0.0005,0,26693,28158147,True,False,True,True,False,False,False
BNPL-A11-005,A11,bnpl:acquirer-level-swap,S6,bnpl,False,B7,brand:flaigo.com,True,ALLOW,b7,,-1,,False,False,False,,0.5373,6,26693,28158147,True,False,True,True,False,False,False
BNPL-A11-005,A11,bnpl:acquirer-level-swap,S6,bnpl,False,M1-G1,brand:flaigo.com,True,ALLOW,pav,,1,,False,False,False,,0.8669,10,26693,28158147,True,False,True,True,False,False,False
BNPL-A11-005,A11,bnpl:acquirer-level-swap,S6,bnpl,False,M1,brand:flaigo.com,True,ALLOW,route,,2,,False,False,False,,1.2349,14,26693,28158147,True,False,True,True,False,False,False
BNPL-A11-005,A11,bnpl:acquirer-level-swap,S6,bnpl,False,M2,brand:flaigo.com,True,ALLOW,route,,2,,False,False,False,,2.2047,14,26693,28158147,True,False,True,True,False,False,False
BNPL-A11-005,A11,bnpl:acquirer-level-swap,S6,bnpl,False,M3,brand:flaigo.com,True,ALLOW,route,,2,PRE,False,True,False,first-hop,2.1524,14,26693,28158147,True,False,True,True,False,False,False
benign-S6-051,benign,S6,S6,bnpl,False,B1,brand:briogem.com,True,ALLOW,curation,,-1,,False,False,False,,0.0012,0,5589,28167529,True,True,False,False,False,False,False
benign-S6-051,benign,S6,S6,bnpl,False,B2,brand:briogem.com,True,ALLOW,mandate,,-1,,False,False,False,,0.0005,0,5589,28167529,True,True,False,False,False,False,False
benign-S6-051,benign,S6,S6,bnpl,False,B3,brand:briogem.com,True,ALLOW,identity-assertion,,-1,,False,False,False,,0.0007,0,5589,28167529,True,True,False,False,False,False,False
benign-S6-051,benign,S6,S6,bnpl,False,B4,brand:briogem.com,True,ALLOW,did-wallet,not-applicable,-1,,False,False,False,,0.0005,0,5589,28167529,True,True,False,False,False,False,False
benign-S6-051,benign,S6,S6,bnpl,False,B5,brand:briogem.com,True,ALLOW,vop,not-applicable,-1,,False,False,False,,0.0005,0,5589,28167529,True,True,False,False,False,False,False
benign-S6-051,benign,S6,S6,bnpl,False,B6,brand:briogem.com,True,ALLOW,lists,,-1,,False,False,False,,0.0005,0,5589,28167529,True,True,False,False,False,False,False
benign-S6-051,benign,S6,S6,bnpl,False,B7,brand:briogem.com,True,ALLOW,b7,,-1,,False,False,False,,0.5435,6,5589,28167529,True,True,False,False,False,False,False
benign-S6-051,benign,S6,S6,bnpl,False,M1-G1,brand:briogem.com,True,ALLOW,pav,,1,,False,False,False,,0.8732,10,5589,28167529,True,True,False,False,False,False,False
benign-S6-051,benign,S6,S6,bnpl,False,M1,brand:briogem.com,True,ALLOW,route,,2,,False,False,False,,1.22,14,5589,28167529,True,True,False,False,False,False,False
benign-S6-051,benign,S6,S6,bnpl,False,M2,brand:briogem.com,True,ALLOW,route,,2,,False,False,False,,2.2148,14,5589,28167529,True,True,False,False,False,False,False
benign-S6-051,benign,S6,S6,bnpl,False,M3,brand:briogem.com,True,ALLOW,route,,2,PRE,False,False,False,,2.1644,14,5589,28167529,True,True,False,False,False,False,False
BNPL-A11-007,A11,bnpl:acquirer-level-swap,S6,bnpl,False,B1,brand:briogem.com,True,ALLOW,curation,,-1,,False,False,False,,0.0008,0,22077,28168968,True,False,True,True,False,False,False
BNPL-A11-007,A11,bnpl:acquirer-level-swap,S6,bnpl,False,B2,brand:briogem.com,True,ALLOW,mandate,,-1,,False,False,False,,0.0005,0,22077,28168968,True,False,True,True,False,False,False
BNPL-A11-007,A11,bnpl:acquirer-level-swap,S6,bnpl,False,B3,brand:briogem.com,True,ALLOW,identity-assertion,,-1,,False,False,False,,0.0006,0,22077,28168968,True,False,True,True,False,False,False
BNPL-A11-007,A11,bnpl:acquirer-level-swap,S6,bnpl,False,B4,brand:briogem.com,True,ALLOW,did-wallet,not-applicable,-1,,False,False,False,,0.0005,0,22077,28168968,True,False,True,True,False,False,False
BNPL-A11-007,A11,bnpl:acquirer-level-swap,S6,bnpl,False,B5,brand:briogem.com,True,ALLOW,vop,not-applicable,-1,,False,False,False,,0.0005,0,22077,28168968,True,False,True,True,False,False,False
BNPL-A11-007,A11,bnpl:acquirer-level-swap,S6,bnpl,False,B6,brand:briogem.com,True,ALLOW,lists,,-1,,False,False,False,,0.0005,0,22077,28168968,True,False,True,True,False,False,False
BNPL-A11-007,A11,bnpl:acquirer-level-swap,S6,bnpl,False,B7,brand:briogem.com,True,ALLOW,b7,,-1,,False,False,False,,0.5495,6,22077,28168968,True,False,True,True,False,False,False
BNPL-A11-007,A11,bnpl:acquirer-level-swap,S6,bnpl,False,M1-G1,brand:briogem.com,True,ALLOW,pav,,1,,False,False,False,,0.8677,10,22077,28168968,True,False,True,True,False,False,False
BNPL-A11-007,A11,bnpl:acquirer-level-swap,S6,bnpl,False,M1,brand:briogem.com,True,ALLOW,route,,2,,False,False,False,,1.2189,14,22077,28168968,True,False,True,True,False,False,False
BNPL-A11-007,A11,bnpl:acquirer-level-swap,S6,bnpl,False,M2,brand:briogem.com,True,ALLOW,route,,2,,False,False,False,,2.2019,14,22077,28168968,True,False,True,True,False,False,False
BNPL-A11-007,A11,bnpl:acquirer-level-swap,S6,bnpl,False,M3,brand:briogem.com,True,ALLOW,route,,2,PRE,False,True,False,first-hop,2.2837,14,22077,28168968,True,False,True,True,False,False,False
benign-S6-007,benign,S6,S6,bnpl,False,B1,brand:flaigo.com,True,ALLOW,curation,,-1,,False,False,False,,0.001,0,3577,28197301,True,True,False,False,False,False,False
benign-S6-007,benign,S6,S6,bnpl,False,B2,brand:flaigo.com,True,ALLOW,mandate,,-1,,False,False,False,,0.0005,0,3577,28197301,True,True,False,False,False,False,False
benign-S6-007,benign,S6,S6,bnpl,False,B3,brand:flaigo.com,True,ALLOW,identity-assertion,,-1,,False,False,False,,0.0006,0,3577,28197301,True,True,False,False,False,False,False
benign-S6-007,benign,S6,S6,bnpl,False,B4,brand:flaigo.com,True,ALLOW,did-wallet,not-applicable,-1,,False,False,False,,0.0005,0,3577,28197301,True,True,False,False,False,False,False
benign-S6-007,benign,S6,S6,bnpl,False,B5,brand:flaigo.com,True,ALLOW,vop,not-applicable,-1,,False,False,False,,0.0005,0,3577,28197301,True,True,False,False,False,False,False
benign-S6-007,benign,S6,S6,bnpl,False,B6,brand:flaigo.com,True,ALLOW,lists,,-1,,False,False,False,,0.0005,0,3577,28197301,True,True,False,False,False,False,False
benign-S6-007,benign,S6,S6,bnpl,False,B7,brand:flaigo.com,True,ALLOW,b7,,-1,,False,False,False,,0.538,6,3577,28197301,True,True,False,False,False,False,False
benign-S6-007,benign,S6,S6,bnpl,False,M1-G1,brand:flaigo.com,True,ALLOW,pav,,1,,False,False,False,,0.8682,10,3577,28197301,True,True,False,False,False,False,False
benign-S6-007,benign,S6,S6,bnpl,False,M1,brand:flaigo.com,True,ALLOW,route,,2,,False,False,False,,1.2195,14,3577,28197301,True,True,False,False,False,False,False
benign-S6-007,benign,S6,S6,bnpl,False,M2,brand:flaigo.com,True,ALLOW,route,,2,,False,False,False,,2.1198,14,3577,28197301,True,True,False,False,False,False,False
benign-S6-007,benign,S6,S6,bnpl,False,M3,brand:flaigo.com,True,ALLOW,route,,2,PRE,False,False,False,,2.0585,14,3577,28197301,True,True,False,False,False,False,False
BNPL-A11-006,A11,bnpl:transaction-laundering,S6,bnpl,False,B1,brand:dricoion.co.uk,False,ALLOW,curation,,-1,,False,False,False,,0.0013,0,1212,28237616,True,False,True,True,False,False,False
BNPL-A11-006,A11,bnpl:transaction-laundering,S6,bnpl,False,B2,brand:dricoion.co.uk,False,ALLOW,mandate,,-1,,False,False,False,,0.0006,0,1212,28237616,True,False,True,True,False,False,False
BNPL-A11-006,A11,bnpl:transaction-laundering,S6,bnpl,False,B3,brand:dricoion.co.uk,False,ALLOW,identity-assertion,,-1,,False,False,False,,0.0006,0,1212,28237616,True,False,True,True,False,False,False
BNPL-A11-006,A11,bnpl:transaction-laundering,S6,bnpl,False,B4,brand:dricoion.co.uk,False,ALLOW,did-wallet,not-applicable,-1,,False,False,False,,0.0005,0,1212,28237616,True,False,True,True,False,False,False
BNPL-A11-006,A11,bnpl:transaction-laundering,S6,bnpl,False,B5,brand:dricoion.co.uk,False,ALLOW,vop,not-applicable,-1,,False,False,False,,0.0005,0,1212,28237616,True,False,True,True,False,False,False
BNPL-A11-006,A11,bnpl:transaction-laundering,S6,bnpl,False,B6,brand:dricoion.co.uk,False,ALLOW,lists,,-1,,False,False,False,,0.0005,0,1212,28237616,True,False,True,True,False,False,False
BNPL-A11-006,A11,bnpl:transaction-laundering,S6,bnpl,False,B7,brand:dricoion.co.uk,False,ALLOW,b7,,-1,,True,True,False,receipt-first-hop,0.54,6,1212,28237616,True,False,True,False,False,False,False
BNPL-A11-006,A11,bnpl:transaction-laundering,S6,bnpl,False,M1-G1,brand:dricoion.co.uk,False,ALLOW,pav,,1,,False,False,False,,0.8693,10,1212,28237616,True,False,True,True,False,False,False
BNPL-A11-006,A11,bnpl:transaction-laundering,S6,bnpl,False,M1,brand:dricoion.co.uk,False,ALLOW,route,,2,,False,False,False,,1.2163,14,1212,28237616,True,False,True,True,False,False,False
BNPL-A11-006,A11,bnpl:transaction-laundering,S6,bnpl,False,M2,brand:dricoion.co.uk,False,ALLOW,route,,2,,False,False,False,,2.2698,14,1212,28237616,True,False,True,True,False,False,False
BNPL-A11-006,A11,bnpl:transaction-laundering,S6,bnpl,False,M3,brand:dricoion.co.uk,False,ALLOW,route,,2,PRE,False,True,False,first-hop,2.2858,14,1212,28237616,True,False,True,True,False,False,False
benign-S6-048,benign,S6,S6,bnpl,False,B1,brand:flaigo.com,True,ALLOW,curation,,-1,,False,False,False,,0.001,0,19969,28241008,True,True,False,False,False,False,False
benign-S6-048,benign,S6,S6,bnpl,False,B2,brand:flaigo.com,True,ALLOW,mandate,,-1,,False,False,False,,0.0005,0,19969,28241008,True,True,False,False,False,False,False
benign-S6-048,benign,S6,S6,bnpl,False,B3,brand:flaigo.com,True,ALLOW,identity-assertion,,-1,,False,False,False,,0.0005,0,19969,28241008,True,True,False,False,False,False,False
benign-S6-048,benign,S6,S6,bnpl,False,B4,brand:flaigo.com,True,ALLOW,did-wallet,not-applicable,-1,,False,False,False,,0.0005,0,19969,28241008,True,True,False,False,False,False,False
benign-S6-048,benign,S6,S6,bnpl,False,B5,brand:flaigo.com,True,ALLOW,vop,not-applicable,-1,,False,False,False,,0.0005,0,19969,28241008,True,True,False,False,False,False,False
benign-S6-048,benign,S6,S6,bnpl,False,B6,brand:flaigo.com,True,ALLOW,lists,,-1,,False,False,False,,0.0005,0,19969,28241008,True,True,False,False,False,False,False
benign-S6-048,benign,S6,S6,bnpl,False,B7,brand:flaigo.com,True,ALLOW,b7,,-1,,False,False,False,,0.5361,6,19969,28241008,True,True,False,False,False,False,False
benign-S6-048,benign,S6,S6,bnpl,False,M1-G1,brand:flaigo.com,True,ALLOW,pav,,1,,False,False,False,,0.8719,10,19969,28241008,True,True,False,False,False,False,False
benign-S6-048,benign,S6,S6,bnpl,False,M1,brand:flaigo.com,True,ALLOW,route,,2,,False,False,False,,1.3077,14,19969,28241008,True,True,False,False,False,False,False
benign-S6-048,benign,S6,S6,bnpl,False,M2,brand:flaigo.com,True,ALLOW,route,,2,,False,False,False,,2.1621,14,19969,28241008,True,True,False,False,False,False,False
benign-S6-048,benign,S6,S6,bnpl,False,M3,brand:flaigo.com,True,ALLOW,route,,2,PRE,False,False,False,,2.0643,14,19969,28241008,True,True,False,False,False,False,False
benign-S6-086,benign,S6,S6,bnpl,False,B1,brand:pronubior.com,False,ALLOW,curation,,-1,,False,False,False,,0.0012,0,2104,28289591,True,True,False,False,False,False,False
benign-S6-086,benign,S6,S6,bnpl,False,B2,brand:pronubior.com,False,ALLOW,mandate,,-1,,False,False,False,,0.0005,0,2104,28289591,True,True,False,False,False,False,False
benign-S6-086,benign,S6,S6,bnpl,False,B3,brand:pronubior.com,False,ALLOW,identity-assertion,,-1,,False,False,False,,0.0006,0,2104,28289591,True,True,False,False,False,False,False
benign-S6-086,benign,S6,S6,bnpl,False,B4,brand:pronubior.com,False,ALLOW,did-wallet,not-applicable,-1,,False,False,False,,0.0006,0,2104,28289591,True,True,False,False,False,False,False
benign-S6-086,benign,S6,S6,bnpl,False,B5,brand:pronubior.com,False,ALLOW,vop,not-applicable,-1,,False,False,False,,0.0005,0,2104,28289591,True,True,False,False,False,False,False
benign-S6-086,benign,S6,S6,bnpl,False,B6,brand:pronubior.com,False,ALLOW,lists,,-1,,False,False,False,,0.0005,0,2104,28289591,True,True,False,False,False,False,False
benign-S6-086,benign,S6,S6,bnpl,False,B7,brand:pronubior.com,False,ALLOW,b7,,-1,,False,False,False,,0.5423,6,2104,28289591,True,True,False,False,False,False,False
benign-S6-086,benign,S6,S6,bnpl,False,M1-G1,brand:pronubior.com,False,ALLOW,pav,,1,,False,False,False,,0.881,10,2104,28289591,True,True,False,False,False,False,False
benign-S6-086,benign,S6,S6,bnpl,False,M1,brand:pronubior.com,False,ALLOW,route,,2,,False,False,False,,1.2328,14,2104,28289591,True,True,False,False,False,False,False
benign-S6-086,benign,S6,S6,bnpl,False,M2,brand:pronubior.com,False,ALLOW,route,,2,,False,False,False,,2.3075,14,2104,28289591,True,True,False,False,False,False,False
benign-S6-086,benign,S6,S6,bnpl,False,M3,brand:pronubior.com,False,ALLOW,route,,2,PRE,False,False,False,,2.228,14,2104,28289591,True,True,False,False,False,False,False
benign-S6-070,benign,S6,S6,bnpl,False,B1,brand:neabi.com,False,ALLOW,curation,,-1,,False,False,False,,0.0011,0,13953,28306841,True,True,False,False,False,False,False
benign-S6-070,benign,S6,S6,bnpl,False,B2,brand:neabi.com,False,ALLOW,mandate,,-1,,False,False,False,,0.0005,0,13953,28306841,True,True,False,False,False,False,False
benign-S6-070,benign,S6,S6,bnpl,False,B3,brand:neabi.com,False,ALLOW,identity-assertion,,-1,,False,False,False,,0.0005,0,13953,28306841,True,True,False,False,False,False,False
benign-S6-070,benign,S6,S6,bnpl,False,B4,brand:neabi.com,False,ALLOW,did-wallet,not-applicable,-1,,False,False,False,,0.0005,0,13953,28306841,True,True,False,False,False,False,False
benign-S6-070,benign,S6,S6,bnpl,False,B5,brand:neabi.com,False,ALLOW,vop,not-applicable,-1,,False,False,False,,0.0005,0,13953,28306841,True,True,False,False,False,False,False
benign-S6-070,benign,S6,S6,bnpl,False,B6,brand:neabi.com,False,ALLOW,lists,,-1,,False,False,False,,0.0005,0,13953,28306841,True,True,False,False,False,False,False
benign-S6-070,benign,S6,S6,bnpl,False,B7,brand:neabi.com,False,ALLOW,b7,,-1,,False,False,False,,0.5403,6,13953,28306841,True,True,False,False,False,False,False
benign-S6-070,benign,S6,S6,bnpl,False,M1-G1,brand:neabi.com,False,ALLOW,pav,,1,,False,False,False,,0.8895,10,13953,28306841,True,True,False,False,False,False,False
benign-S6-070,benign,S6,S6,bnpl,False,M1,brand:neabi.com,False,ALLOW,route,,2,,False,False,False,,1.2175,14,13953,28306841,True,True,False,False,False,False,False
benign-S6-070,benign,S6,S6,bnpl,False,M2,brand:neabi.com,False,ALLOW,route,,2,,False,False,False,,1.9111,14,13953,28306841,True,True,False,False,False,False,False
benign-S6-070,benign,S6,S6,bnpl,False,M3,brand:neabi.com,False,ALLOW,route,,2,PRE,False,False,False,,1.8403,14,13953,28306841,True,True,False,False,False,False,False
BNPL-A4-001,A4,bnpl:feed-no-rap,S6,bnpl,False,B1,brand:flaigo.com,True,ALLOW,curation,,-1,,False,False,False,,0.001,0,6166,28312687,True,False,True,True,False,False,False
BNPL-A4-001,A4,bnpl:feed-no-rap,S6,bnpl,False,B2,brand:flaigo.com,True,ALLOW,mandate,,-1,,False,False,False,,0.0004,0,6166,28312687,True,False,True,True,False,False,False
BNPL-A4-001,A4,bnpl:feed-no-rap,S6,bnpl,False,B3,brand:flaigo.com,True,ALLOW,identity-assertion,,-1,,False,False,False,,0.0005,0,6166,28312687,True,False,True,True,False,False,False
BNPL-A4-001,A4,bnpl:feed-no-rap,S6,bnpl,False,B4,brand:flaigo.com,True,ALLOW,did-wallet,not-applicable,-1,,False,False,False,,0.0005,0,6166,28312687,True,False,True,True,False,False,False
BNPL-A4-001,A4,bnpl:feed-no-rap,S6,bnpl,False,B5,brand:flaigo.com,True,ALLOW,vop,not-applicable,-1,,False,False,False,,0.0005,0,6166,28312687,True,False,True,True,False,False,False
BNPL-A4-001,A4,bnpl:feed-no-rap,S6,bnpl,False,B6,brand:flaigo.com,True,ALLOW,lists,,-1,,False,False,False,,0.0005,0,6166,28312687,True,False,True,True,False,False,False
BNPL-A4-001,A4,bnpl:feed-no-rap,S6,bnpl,False,B7,brand:flaigo.com,True,STEP-UP,delegation,no-delegation,-1,,False,False,False,,0.0031,0,6166,28312687,False,False,False,False,False,True,True
BNPL-A4-001,A4,bnpl:feed-no-rap,S6,bnpl,False,M1-G1,brand:flaigo.com,True,STEP-UP,pav,no-path,-1,,False,False,False,,0.0032,0,6166,28312687,False,False,False,False,False,True,True
BNPL-A4-001,A4,bnpl:feed-no-rap,S6,bnpl,False,M1,brand:flaigo.com,True,STEP-UP,route,no-path,-1,,False,False,False,,0.0015,0,6166,28312687,False,False,False,False,False,True,True
BNPL-A4-001,A4,bnpl:feed-no-rap,S6,bnpl,False,M2,brand:flaigo.com,True,STEP-UP,route,no-path,-1,,False,False,False,,0.4103,0,6166,28312687,False,False,False,False,False,True,True
BNPL-A4-001,A4,bnpl:feed-no-rap,S6,bnpl,False,M3,brand:flaigo.com,True,STEP-UP,route,no-path,-1,,False,False,False,,0.3987,0,6166,28312687,False,False,False,False,False,True,True
benign-S6-029,benign,S6,S6,bnpl,False,B1,brand:haizeal.com,False,ALLOW,curation,,-1,,False,False,False,,0.001,0,5520,28324835,True,True,False,False,False,False,False
benign-S6-029,benign,S6,S6,bnpl,False,B2,brand:haizeal.com,False,ALLOW,mandate,,-1,,False,False,False,,0.0005,0,5520,28324835,True,True,False,False,False,False,False
benign-S6-029,benign,S6,S6,bnpl,False,B3,brand:haizeal.com,False,ALLOW,identity-assertion,,-1,,False,False,False,,0.0005,0,5520,28324835,True,True,False,False,False,False,False
benign-S6-029,benign,S6,S6,bnpl,False,B4,brand:haizeal.com,False,ALLOW,did-wallet,not-applicable,-1,,False,False,False,,0.0005,0,5520,28324835,True,True,False,False,False,False,False
benign-S6-029,benign,S6,S6,bnpl,False,B5,brand:haizeal.com,False,ALLOW,vop,not-applicable,-1,,False,False,False,,0.0005,0,5520,28324835,True,True,False,False,False,False,False
benign-S6-029,benign,S6,S6,bnpl,False,B6,brand:haizeal.com,False,ALLOW,lists,,-1,,False,False,False,,0.0005,0,5520,28324835,True,True,False,False,False,False,False
benign-S6-029,benign,S6,S6,bnpl,False,B7,brand:haizeal.com,False,ALLOW,b7,,-1,,False,False,False,,0.5414,6,5520,28324835,True,True,False,False,False,False,False
benign-S6-029,benign,S6,S6,bnpl,False,M1-G1,brand:haizeal.com,False,ALLOW,pav,,1,,False,False,False,,0.869,10,5520,28324835,True,True,False,False,False,False,False
benign-S6-029,benign,S6,S6,bnpl,False,M1,brand:haizeal.com,False,ALLOW,route,,2,,False,False,False,,1.2179,14,5520,28324835,True,True,False,False,False,False,False
benign-S6-029,benign,S6,S6,bnpl,False,M2,brand:haizeal.com,False,ALLOW,route,,2,,False,False,False,,1.9034,14,5520,28324835,True,True,False,False,False,False,False
benign-S6-029,benign,S6,S6,bnpl,False,M3,brand:haizeal.com,False,ALLOW,route,,2,PRE,False,False,False,,1.8465,14,5520,28324835,True,True,False,False,False,False,False
BNPL-A11-009,A11,bnpl:acquirer-level-swap,S6,bnpl,False,B1,brand:dricoion.co.uk,False,ALLOW,curation,,-1,,False,False,False,,0.0009,0,7977,28342582,True,False,True,True,False,False,False
BNPL-A11-009,A11,bnpl:acquirer-level-swap,S6,bnpl,False,B2,brand:dricoion.co.uk,False,ALLOW,mandate,,-1,,False,False,False,,0.0005,0,7977,28342582,True,False,True,True,False,False,False
BNPL-A11-009,A11,bnpl:acquirer-level-swap,S6,bnpl,False,B3,brand:dricoion.co.uk,False,ALLOW,identity-assertion,,-1,,False,False,False,,0.0006,0,7977,28342582,True,False,True,True,False,False,False
BNPL-A11-009,A11,bnpl:acquirer-level-swap,S6,bnpl,False,B4,brand:dricoion.co.uk,False,ALLOW,did-wallet,not-applicable,-1,,False,False,False,,0.0006,0,7977,28342582,True,False,True,True,False,False,False
BNPL-A11-009,A11,bnpl:acquirer-level-swap,S6,bnpl,False,B5,brand:dricoion.co.uk,False,ALLOW,vop,not-applicable,-1,,False,False,False,,0.0005,0,7977,28342582,True,False,True,True,False,False,False
BNPL-A11-009,A11,bnpl:acquirer-level-swap,S6,bnpl,False,B6,brand:dricoion.co.uk,False,ALLOW,lists,,-1,,False,False,False,,0.0005,0,7977,28342582,True,False,True,True,False,False,False
BNPL-A11-009,A11,bnpl:acquirer-level-swap,S6,bnpl,False,B7,brand:dricoion.co.uk,False,ALLOW,b7,,-1,,False,False,False,,0.5396,6,7977,28342582,True,False,True,True,False,False,False
BNPL-A11-009,A11,bnpl:acquirer-level-swap,S6,bnpl,False,M1-G1,brand:dricoion.co.uk,False,ALLOW,pav,,1,,False,False,False,,0.8676,10,7977,28342582,True,False,True,True,False,False,False
BNPL-A11-009,A11,bnpl:acquirer-level-swap,S6,bnpl,False,M1,brand:dricoion.co.uk,False,ALLOW,route,,2,,False,False,False,,1.2145,14,7977,28342582,True,False,True,True,False,False,False
BNPL-A11-009,A11,bnpl:acquirer-level-swap,S6,bnpl,False,M2,brand:dricoion.co.uk,False,ALLOW,route,,2,,False,False,False,,2.2741,14,7977,28342582,True,False,True,True,False,False,False
BNPL-A11-009,A11,bnpl:acquirer-level-swap,S6,bnpl,False,M3,brand:dricoion.co.uk,False,ALLOW,route,,2,PRE,False,True,False,first-hop,2.3612,14,7977,28342582,True,False,True,True,False,False,False
BNPL-A3-009,A3,bnpl:swap-keep-rap,S6,bnpl,False,B1,brand:dricoion.co.uk,False,ALLOW,curation,,-1,,False,False,False,,0.0009,0,5524,28353713,True,False,True,True,False,False,False
BNPL-A3-009,A3,bnpl:swap-keep-rap,S6,bnpl,False,B2,brand:dricoion.co.uk,False,ALLOW,mandate,,-1,,False,False,False,,0.0005,0,5524,28353713,True,False,True,True,False,False,False
BNPL-A3-009,A3,bnpl:swap-keep-rap,S6,bnpl,False,B3,brand:dricoion.co.uk,False,ALLOW,identity-assertion,,-1,,False,False,False,,0.0005,0,5524,28353713,True,False,True,True,False,False,False
BNPL-A3-009,A3,bnpl:swap-keep-rap,S6,bnpl,False,B4,brand:dricoion.co.uk,False,ALLOW,did-wallet,not-applicable,-1,,False,False,False,,0.0005,0,5524,28353713,True,False,True,True,False,False,False
BNPL-A3-009,A3,bnpl:swap-keep-rap,S6,bnpl,False,B5,brand:dricoion.co.uk,False,ALLOW,vop,not-applicable,-1,,False,False,False,,0.0005,0,5524,28353713,True,False,True,True,False,False,False
BNPL-A3-009,A3,bnpl:swap-keep-rap,S6,bnpl,False,B6,brand:dricoion.co.uk,False,ALLOW,lists,,-1,,False,False,False,,0.0005,0,5524,28353713,True,False,True,True,False,False,False
BNPL-A3-009,A3,bnpl:swap-keep-rap,S6,bnpl,False,B7,brand:dricoion.co.uk,False,STEP-UP,delegation,no-delegation-from-asserted-entity,-1,,False,False,False,,0.0042,0,5524,28353713,False,False,False,False,False,True,True
BNPL-A3-009,A3,bnpl:swap-keep-rap,S6,bnpl,False,M1-G1,brand:dricoion.co.uk,False,DENY,pav,payee-mismatch,-1,,False,False,False,,0.7987,9,5524,28353713,False,False,False,False,False,False,False
BNPL-A3-009,A3,bnpl:swap-keep-rap,S6,bnpl,False,M1,brand:dricoion.co.uk,False,DENY,route/pav,payee-mismatch,-1,,False,False,False,,0.783,9,5524,28353713,False,False,False,False,False,False,False
BNPL-A3-009,A3,bnpl:swap-keep-rap,S6,bnpl,False,M2,brand:dricoion.co.uk,False,DENY,route/pav,payee-mismatch,-1,,False,False,False,,1.3347,9,5524,28353713,False,False,False,False,False,False,False
BNPL-A3-009,A3,bnpl:swap-keep-rap,S6,bnpl,False,M3,brand:dricoion.co.uk,False,DENY,route/pav,payee-mismatch,-1,,False,False,False,,1.356,9,5524,28353713,False,False,False,False,False,False,False
BNPL-A4-003,A4,bnpl:feed-no-rap,S6,bnpl,False,B1,brand:neabi.com,False,ALLOW,curation,,-1,,False,False,False,,0.001,0,4929,28354284,True,False,True,True,False,False,False
BNPL-A4-003,A4,bnpl:feed-no-rap,S6,bnpl,False,B2,brand:neabi.com,False,ALLOW,mandate,,-1,,False,False,False,,0.0005,0,4929,28354284,True,False,True,True,False,False,False
BNPL-A4-003,A4,bnpl:feed-no-rap,S6,bnpl,False,B3,brand:neabi.com,False,ALLOW,identity-assertion,,-1,,False,False,False,,0.0005,0,4929,28354284,True,False,True,True,False,False,False
BNPL-A4-003,A4,bnpl:feed-no-rap,S6,bnpl,False,B4,brand:neabi.com,False,ALLOW,did-wallet,not-applicable,-1,,False,False,False,,0.0005,0,4929,28354284,True,False,True,True,False,False,False
BNPL-A4-003,A4,bnpl:feed-no-rap,S6,bnpl,False,B5,brand:neabi.com,False,ALLOW,vop,not-applicable,-1,,False,False,False,,0.0005,0,4929,28354284,True,False,True,True,False,False,False
BNPL-A4-003,A4,bnpl:feed-no-rap,S6,bnpl,False,B6,brand:neabi.com,False,ALLOW,lists,,-1,,False,False,False,,0.0005,0,4929,28354284,True,False,True,True,False,False,False
BNPL-A4-003,A4,bnpl:feed-no-rap,S6,bnpl,False,B7,brand:neabi.com,False,STEP-UP,delegation,no-delegation,-1,,False,False,False,,0.0025,0,4929,28354284,False,False,False,False,False,True,True
BNPL-A4-003,A4,bnpl:feed-no-rap,S6,bnpl,False,M1-G1,brand:neabi.com,False,STEP-UP,pav,no-path,-1,,False,False,False,,0.0028,0,4929,28354284,False,False,False,False,False,True,True
BNPL-A4-003,A4,bnpl:feed-no-rap,S6,bnpl,False,M1,brand:neabi.com,False,STEP-UP,route,no-path,-1,,False,False,False,,0.0014,0,4929,28354284,False,False,False,False,False,True,True
BNPL-A4-003,A4,bnpl:feed-no-rap,S6,bnpl,False,M2,brand:neabi.com,False,STEP-UP,route,no-path,-1,,False,False,False,,0.0841,0,4929,28354284,False,False,False,False,False,True,True
BNPL-A4-003,A4,bnpl:feed-no-rap,S6,bnpl,False,M3,brand:neabi.com,False,STEP-UP,route,no-path,-1,,False,False,False,,0.0798,0,4929,28354284,False,False,False,False,False,True,True
benign-S6-055,benign,S6,S6,bnpl,False,B1,brand:dricoion.co.uk,False,ALLOW,curation,,-1,,False,False,False,,0.0008,0,1135,28360690,True,True,False,False,False,False,False
benign-S6-055,benign,S6,S6,bnpl,False,B2,brand:dricoion.co.uk,False,ALLOW,mandate,,-1,,False,False,False,,0.0005,0,1135,28360690,True,True,False,False,False,False,False
benign-S6-055,benign,S6,S6,bnpl,False,B3,brand:dricoion.co.uk,False,ALLOW,identity-assertion,,-1,,False,False,False,,0.0005,0,1135,28360690,True,True,False,False,False,False,False
benign-S6-055,benign,S6,S6,bnpl,False,B4,brand:dricoion.co.uk,False,ALLOW,did-wallet,not-applicable,-1,,False,False,False,,0.0005,0,1135,28360690,True,True,False,False,False,False,False
benign-S6-055,benign,S6,S6,bnpl,False,B5,brand:dricoion.co.uk,False,ALLOW,vop,not-applicable,-1,,False,False,False,,0.0005,0,1135,28360690,True,True,False,False,False,False,False
benign-S6-055,benign,S6,S6,bnpl,False,B6,brand:dricoion.co.uk,False,ALLOW,lists,,-1,,False,False,False,,0.0005,0,1135,28360690,True,True,False,False,False,False,False
benign-S6-055,benign,S6,S6,bnpl,False,B7,brand:dricoion.co.uk,False,ALLOW,b7,,-1,,False,False,False,,0.535,6,1135,28360690,True,True,False,False,False,False,False
benign-S6-055,benign,S6,S6,bnpl,False,M1-G1,brand:dricoion.co.uk,False,ALLOW,pav,,1,,False,False,False,,0.8634,10,1135,28360690,True,True,False,False,False,False,False
benign-S6-055,benign,S6,S6,bnpl,False,M1,brand:dricoion.co.uk,False,ALLOW,route,,2,,False,False,False,,1.2557,14,1135,28360690,True,True,False,False,False,False,False
benign-S6-055,benign,S6,S6,bnpl,False,M2,brand:dricoion.co.uk,False,ALLOW,route,,2,,False,False,False,,2.3132,14,1135,28360690,True,True,False,False,False,False,False
benign-S6-055,benign,S6,S6,bnpl,False,M3,brand:dricoion.co.uk,False,ALLOW,route,,2,PRE,False,False,False,,2.1972,14,1135,28360690,True,True,False,False,False,False,False
benign-S6-069,benign,S6,S6,bnpl,False,B1,brand:pronubior.com,False,ALLOW,curation,,-1,,False,False,False,,0.0009,0,4244,28363849,True,True,False,False,False,False,False
benign-S6-069,benign,S6,S6,bnpl,False,B2,brand:pronubior.com,False,ALLOW,mandate,,-1,,False,False,False,,0.0005,0,4244,28363849,True,True,False,False,False,False,False
benign-S6-069,benign,S6,S6,bnpl,False,B3,brand:pronubior.com,False,ALLOW,identity-assertion,,-1,,False,False,False,,0.0005,0,4244,28363849,True,True,False,False,False,False,False
benign-S6-069,benign,S6,S6,bnpl,False,B4,brand:pronubior.com,False,ALLOW,did-wallet,not-applicable,-1,,False,False,False,,0.0005,0,4244,28363849,True,True,False,False,False,False,False
benign-S6-069,benign,S6,S6,bnpl,False,B5,brand:pronubior.com,False,ALLOW,vop,not-applicable,-1,,False,False,False,,0.0005,0,4244,28363849,True,True,False,False,False,False,False
benign-S6-069,benign,S6,S6,bnpl,False,B6,brand:pronubior.com,False,ALLOW,lists,,-1,,False,False,False,,0.0005,0,4244,28363849,True,True,False,False,False,False,False
benign-S6-069,benign,S6,S6,bnpl,False,B7,brand:pronubior.com,False,ALLOW,b7,,-1,,False,False,False,,0.5437,6,4244,28363849,True,True,False,False,False,False,False
benign-S6-069,benign,S6,S6,bnpl,False,M1-G1,brand:pronubior.com,False,ALLOW,pav,,1,,False,False,False,,0.8696,10,4244,28363849,True,True,False,False,False,False,False
benign-S6-069,benign,S6,S6,bnpl,False,M1,brand:pronubior.com,False,ALLOW,route,,2,,False,False,False,,1.2209,14,4244,28363849,True,True,False,False,False,False,False
benign-S6-069,benign,S6,S6,bnpl,False,M2,brand:pronubior.com,False,ALLOW,route,,2,,False,False,False,,2.3457,14,4244,28363849,True,True,False,False,False,False,False
benign-S6-069,benign,S6,S6,bnpl,False,M3,brand:pronubior.com,False,ALLOW,route,,2,PRE,False,False,False,,2.231,14,4244,28363849,True,True,False,False,False,False,False
benign-S6-072,benign,S6,S6,bnpl,False,B1,brand:neabi.com,False,ALLOW,curation,,-1,,False,False,False,,0.001,0,23167,28414242,True,True,False,False,False,False,False
benign-S6-072,benign,S6,S6,bnpl,False,B2,brand:neabi.com,False,ALLOW,mandate,,-1,,False,False,False,,0.0005,0,23167,28414242,True,True,False,False,False,False,False
benign-S6-072,benign,S6,S6,bnpl,False,B3,brand:neabi.com,False,ALLOW,identity-assertion,,-1,,False,False,False,,0.0005,0,23167,28414242,True,True,False,False,False,False,False
benign-S6-072,benign,S6,S6,bnpl,False,B4,brand:neabi.com,False,ALLOW,did-wallet,not-applicable,-1,,False,False,False,,0.0005,0,23167,28414242,True,True,False,False,False,False,False
benign-S6-072,benign,S6,S6,bnpl,False,B5,brand:neabi.com,False,ALLOW,vop,not-applicable,-1,,False,False,False,,0.0005,0,23167,28414242,True,True,False,False,False,False,False
benign-S6-072,benign,S6,S6,bnpl,False,B6,brand:neabi.com,False,ALLOW,lists,,-1,,False,False,False,,0.0005,0,23167,28414242,True,True,False,False,False,False,False
benign-S6-072,benign,S6,S6,bnpl,False,B7,brand:neabi.com,False,ALLOW,b7,,-1,,False,False,False,,0.5424,6,23167,28414242,True,True,False,False,False,False,False
benign-S6-072,benign,S6,S6,bnpl,False,M1-G1,brand:neabi.com,False,ALLOW,pav,,1,,False,False,False,,0.8793,10,23167,28414242,True,True,False,False,False,False,False
benign-S6-072,benign,S6,S6,bnpl,False,M1,brand:neabi.com,False,ALLOW,route,,2,,False,False,False,,1.2217,14,23167,28414242,True,True,False,False,False,False,False
benign-S6-072,benign,S6,S6,bnpl,False,M2,brand:neabi.com,False,ALLOW,route,,2,,False,False,False,,1.8491,14,23167,28414242,True,True,False,False,False,False,False
benign-S6-072,benign,S6,S6,bnpl,False,M3,brand:neabi.com,False,ALLOW,route,,2,PRE,False,False,False,,1.7468,14,23167,28414242,True,True,False,False,False,False,False
BNPL-A3-000,A3,bnpl:swap-keep-rap,S6,bnpl,False,B1,brand:flaigo.com,True,ALLOW,curation,,-1,,False,False,False,,0.0009,0,18969,28439212,True,False,True,True,False,False,False
BNPL-A3-000,A3,bnpl:swap-keep-rap,S6,bnpl,False,B2,brand:flaigo.com,True,DENY,mandate,payee-changed-after-signing,-1,,False,False,False,,0.0006,0,18969,28439212,False,False,False,False,False,False,False
BNPL-A3-000,A3,bnpl:swap-keep-rap,S6,bnpl,False,B3,brand:flaigo.com,True,ALLOW,identity-assertion,,-1,,False,False,False,,0.0005,0,18969,28439212,True,False,True,True,False,False,False
BNPL-A3-000,A3,bnpl:swap-keep-rap,S6,bnpl,False,B4,brand:flaigo.com,True,ALLOW,did-wallet,not-applicable,-1,,False,False,False,,0.0005,0,18969,28439212,True,False,True,True,False,False,False
BNPL-A3-000,A3,bnpl:swap-keep-rap,S6,bnpl,False,B5,brand:flaigo.com,True,ALLOW,vop,not-applicable,-1,,False,False,False,,0.0005,0,18969,28439212,True,False,True,True,False,False,False
BNPL-A3-000,A3,bnpl:swap-keep-rap,S6,bnpl,False,B6,brand:flaigo.com,True,ALLOW,lists,,-1,,False,False,False,,0.0005,0,18969,28439212,True,False,True,True,False,False,False
BNPL-A3-000,A3,bnpl:swap-keep-rap,S6,bnpl,False,B7,brand:flaigo.com,True,DENY,mandate,payee-changed-after-signing,-1,,False,False,False,,0.0025,0,18969,28439212,False,False,False,False,False,False,False
BNPL-A3-000,A3,bnpl:swap-keep-rap,S6,bnpl,False,M1-G1,brand:flaigo.com,True,DENY,pav,payee-mismatch,-1,,False,False,False,,0.8023,9,18969,28439212,False,False,False,False,False,False,False
BNPL-A3-000,A3,bnpl:swap-keep-rap,S6,bnpl,False,M1,brand:flaigo.com,True,DENY,route/pav,payee-mismatch,-1,,False,False,False,,0.7843,9,18969,28439212,False,False,False,False,False,False,False
BNPL-A3-000,A3,bnpl:swap-keep-rap,S6,bnpl,False,M2,brand:flaigo.com,True,DENY,route/pav,payee-mismatch,-1,,False,False,False,,1.1906,9,18969,28439212,False,False,False,False,False,False,False
BNPL-A3-000,A3,bnpl:swap-keep-rap,S6,bnpl,False,M3,brand:flaigo.com,True,DENY,route/pav,payee-mismatch,-1,,False,False,False,,1.2012,9,18969,28439212,False,False,False,False,False,False,False
benign-S6-005,benign,S6,S6,bnpl,False,B1,brand:haizeal.com,False,ALLOW,curation,,-1,,False,False,False,,0.001,0,6098,28473214,True,True,False,False,False,False,False
benign-S6-005,benign,S6,S6,bnpl,False,B2,brand:haizeal.com,False,ALLOW,mandate,,-1,,False,False,False,,0.0005,0,6098,28473214,True,True,False,False,False,False,False
benign-S6-005,benign,S6,S6,bnpl,False,B3,brand:haizeal.com,False,ALLOW,identity-assertion,,-1,,False,False,False,,0.0007,0,6098,28473214,True,True,False,False,False,False,False
benign-S6-005,benign,S6,S6,bnpl,False,B4,brand:haizeal.com,False,ALLOW,did-wallet,not-applicable,-1,,False,False,False,,0.0005,0,6098,28473214,True,True,False,False,False,False,False
benign-S6-005,benign,S6,S6,bnpl,False,B5,brand:haizeal.com,False,ALLOW,vop,not-applicable,-1,,False,False,False,,0.0005,0,6098,28473214,True,True,False,False,False,False,False
benign-S6-005,benign,S6,S6,bnpl,False,B6,brand:haizeal.com,False,ALLOW,lists,,-1,,False,False,False,,0.0005,0,6098,28473214,True,True,False,False,False,False,False
benign-S6-005,benign,S6,S6,bnpl,False,B7,brand:haizeal.com,False,ALLOW,b7,,-1,,False,False,False,,0.5377,6,6098,28473214,True,True,False,False,False,False,False
benign-S6-005,benign,S6,S6,bnpl,False,M1-G1,brand:haizeal.com,False,ALLOW,pav,,1,,False,False,False,,0.8664,10,6098,28473214,True,True,False,False,False,False,False
benign-S6-005,benign,S6,S6,bnpl,False,M1,brand:haizeal.com,False,ALLOW,route,,2,,False,False,False,,1.2171,14,6098,28473214,True,True,False,False,False,False,False
benign-S6-005,benign,S6,S6,bnpl,False,M2,brand:haizeal.com,False,ALLOW,route,,2,,False,False,False,,1.9716,14,6098,28473214,True,True,False,False,False,False,False
benign-S6-005,benign,S6,S6,bnpl,False,M3,brand:haizeal.com,False,ALLOW,route,,2,PRE,False,False,False,,1.8633,14,6098,28473214,True,True,False,False,False,False,False
benign-S6-001,benign,S6,S6,bnpl,False,B1,brand:bugror.com,False,ALLOW,curation,,-1,,False,False,False,,0.0012,0,5020,28474783,True,True,False,False,False,False,False
benign-S6-001,benign,S6,S6,bnpl,False,B2,brand:bugror.com,False,ALLOW,mandate,,-1,,False,False,False,,0.0005,0,5020,28474783,True,True,False,False,False,False,False
benign-S6-001,benign,S6,S6,bnpl,False,B3,brand:bugror.com,False,ALLOW,identity-assertion,,-1,,False,False,False,,0.0006,0,5020,28474783,True,True,False,False,False,False,False
benign-S6-001,benign,S6,S6,bnpl,False,B4,brand:bugror.com,False,ALLOW,did-wallet,not-applicable,-1,,False,False,False,,0.0005,0,5020,28474783,True,True,False,False,False,False,False
benign-S6-001,benign,S6,S6,bnpl,False,B5,brand:bugror.com,False,ALLOW,vop,not-applicable,-1,,False,False,False,,0.0005,0,5020,28474783,True,True,False,False,False,False,False
benign-S6-001,benign,S6,S6,bnpl,False,B6,brand:bugror.com,False,ALLOW,lists,,-1,,False,False,False,,0.0007,0,5020,28474783,True,True,False,False,False,False,False
benign-S6-001,benign,S6,S6,bnpl,False,B7,brand:bugror.com,False,ALLOW,b7,,-1,,False,False,False,,0.5392,6,5020,28474783,True,True,False,False,False,False,False
benign-S6-001,benign,S6,S6,bnpl,False,M1-G1,brand:bugror.com,False,ALLOW,pav,,1,,False,False,False,,0.8701,10,5020,28474783,True,True,False,False,False,False,False
benign-S6-001,benign,S6,S6,bnpl,False,M1,brand:bugror.com,False,ALLOW,route,,2,,False,False,False,,1.2147,14,5020,28474783,True,True,False,False,False,False,False
benign-S6-001,benign,S6,S6,bnpl,False,M2,brand:bugror.com,False,ALLOW,route,,2,,False,False,False,,2.0069,14,5020,28474783,True,True,False,False,False,False,False
benign-S6-001,benign,S6,S6,bnpl,False,M3,brand:bugror.com,False,ALLOW,route,,2,PRE,False,False,False,,1.9452,14,5020,28474783,True,True,False,False,False,False,False
benign-S6-033,benign,S6,S6,bnpl,False,B1,brand:neabi.com,False,ALLOW,curation,,-1,,False,False,False,,0.0009,0,5923,28492320,True,True,False,False,False,False,False
benign-S6-033,benign,S6,S6,bnpl,False,B2,brand:neabi.com,False,ALLOW,mandate,,-1,,False,False,False,,0.0005,0,5923,28492320,True,True,False,False,False,False,False
benign-S6-033,benign,S6,S6,bnpl,False,B3,brand:neabi.com,False,ALLOW,identity-assertion,,-1,,False,False,False,,0.0006,0,5923,28492320,True,True,False,False,False,False,False
benign-S6-033,benign,S6,S6,bnpl,False,B4,brand:neabi.com,False,ALLOW,did-wallet,not-applicable,-1,,False,False,False,,0.0005,0,5923,28492320,True,True,False,False,False,False,False
benign-S6-033,benign,S6,S6,bnpl,False,B5,brand:neabi.com,False,ALLOW,vop,not-applicable,-1,,False,False,False,,0.0005,0,5923,28492320,True,True,False,False,False,False,False
benign-S6-033,benign,S6,S6,bnpl,False,B6,brand:neabi.com,False,ALLOW,lists,,-1,,False,False,False,,0.0005,0,5923,28492320,True,True,False,False,False,False,False
benign-S6-033,benign,S6,S6,bnpl,False,B7,brand:neabi.com,False,ALLOW,b7,,-1,,False,False,False,,0.5408,6,5923,28492320,True,True,False,False,False,False,False
benign-S6-033,benign,S6,S6,bnpl,False,M1-G1,brand:neabi.com,False,ALLOW,pav,,1,,False,False,False,,0.8735,10,5923,28492320,True,True,False,False,False,False,False
benign-S6-033,benign,S6,S6,bnpl,False,M1,brand:neabi.com,False,ALLOW,route,,2,,False,False,False,,1.2197,14,5923,28492320,True,True,False,False,False,False,False
benign-S6-033,benign,S6,S6,bnpl,False,M2,brand:neabi.com,False,ALLOW,route,,2,,False,False,False,,1.8265,14,5923,28492320,True,True,False,False,False,False,False
benign-S6-033,benign,S6,S6,bnpl,False,M3,brand:neabi.com,False,ALLOW,route,,2,PRE,False,False,False,,1.7311,14,5923,28492320,True,True,False,False,False,False,False
benign-S6-047,benign,S6,S6,bnpl,False,B1,brand:dricoion.co.uk,False,ALLOW,curation,,-1,,False,False,False,,0.0009,0,6598,28497539,True,True,False,False,False,False,False
benign-S6-047,benign,S6,S6,bnpl,False,B2,brand:dricoion.co.uk,False,ALLOW,mandate,,-1,,False,False,False,,0.0005,0,6598,28497539,True,True,False,False,False,False,False
benign-S6-047,benign,S6,S6,bnpl,False,B3,brand:dricoion.co.uk,False,ALLOW,identity-assertion,,-1,,False,False,False,,0.0005,0,6598,28497539,True,True,False,False,False,False,False
benign-S6-047,benign,S6,S6,bnpl,False,B4,brand:dricoion.co.uk,False,ALLOW,did-wallet,not-applicable,-1,,False,False,False,,0.0005,0,6598,28497539,True,True,False,False,False,False,False
benign-S6-047,benign,S6,S6,bnpl,False,B5,brand:dricoion.co.uk,False,ALLOW,vop,not-applicable,-1,,False,False,False,,0.0005,0,6598,28497539,True,True,False,False,False,False,False
benign-S6-047,benign,S6,S6,bnpl,False,B6,brand:dricoion.co.uk,False,ALLOW,lists,,-1,,False,False,False,,0.0005,0,6598,28497539,True,True,False,False,False,False,False
benign-S6-047,benign,S6,S6,bnpl,False,B7,brand:dricoion.co.uk,False,ALLOW,b7,,-1,,False,False,False,,0.5872,6,6598,28497539,True,True,False,False,False,False,False
benign-S6-047,benign,S6,S6,bnpl,False,M1-G1,brand:dricoion.co.uk,False,ALLOW,pav,,1,,False,False,False,,0.8776,10,6598,28497539,True,True,False,False,False,False,False
benign-S6-047,benign,S6,S6,bnpl,False,M1,brand:dricoion.co.uk,False,ALLOW,route,,2,,False,False,False,,1.2252,14,6598,28497539,True,True,False,False,False,False,False
benign-S6-047,benign,S6,S6,bnpl,False,M2,brand:dricoion.co.uk,False,ALLOW,route,,2,,False,False,False,,2.2965,14,6598,28497539,True,True,False,False,False,False,False
benign-S6-047,benign,S6,S6,bnpl,False,M3,brand:dricoion.co.uk,False,ALLOW,route,,2,PRE,False,False,False,,2.207,14,6598,28497539,True,True,False,False,False,False,False
benign-S6-043,benign,S6,S6,bnpl,False,B1,brand:flaigo.com,True,ALLOW,curation,,-1,,False,False,False,,0.0015,0,4347,28506392,True,True,False,False,False,False,False
benign-S6-043,benign,S6,S6,bnpl,False,B2,brand:flaigo.com,True,ALLOW,mandate,,-1,,False,False,False,,0.0006,0,4347,28506392,True,True,False,False,False,False,False
benign-S6-043,benign,S6,S6,bnpl,False,B3,brand:flaigo.com,True,ALLOW,identity-assertion,,-1,,False,False,False,,0.0006,0,4347,28506392,True,True,False,False,False,False,False
benign-S6-043,benign,S6,S6,bnpl,False,B4,brand:flaigo.com,True,ALLOW,did-wallet,not-applicable,-1,,False,False,False,,0.0005,0,4347,28506392,True,True,False,False,False,False,False
benign-S6-043,benign,S6,S6,bnpl,False,B5,brand:flaigo.com,True,ALLOW,vop,not-applicable,-1,,False,False,False,,0.0005,0,4347,28506392,True,True,False,False,False,False,False
benign-S6-043,benign,S6,S6,bnpl,False,B6,brand:flaigo.com,True,ALLOW,lists,,-1,,False,False,False,,0.0005,0,4347,28506392,True,True,False,False,False,False,False
benign-S6-043,benign,S6,S6,bnpl,False,B7,brand:flaigo.com,True,ALLOW,b7,,-1,,False,False,False,,0.5715,6,4347,28506392,True,True,False,False,False,False,False
benign-S6-043,benign,S6,S6,bnpl,False,M1-G1,brand:flaigo.com,True,ALLOW,pav,,1,,False,False,False,,0.9015,10,4347,28506392,True,True,False,False,False,False,False
benign-S6-043,benign,S6,S6,bnpl,False,M1,brand:flaigo.com,True,ALLOW,route,,2,,False,False,False,,1.3055,14,4347,28506392,True,True,False,False,False,False,False
benign-S6-043,benign,S6,S6,bnpl,False,M2,brand:flaigo.com,True,ALLOW,route,,2,,False,False,False,,2.126,14,4347,28506392,True,True,False,False,False,False,False
benign-S6-043,benign,S6,S6,bnpl,False,M3,brand:flaigo.com,True,ALLOW,route,,2,PRE,False,False,False,,2.0542,14,4347,28506392,True,True,False,False,False,False,False
